# Blender 4.2.3 LTS
# www.blender.org
mtllib galleta.mtl
o Cube
v -0.077923 -1.218722 1.218722
v -0.077923 1.218722 1.218722
v -0.077923 -1.218722 -1.218722
v -0.077923 1.218722 -1.218722
v 0.077923 -1.218722 1.218722
v 0.077923 1.218722 1.218722
v 0.077923 -1.218722 -1.218722
v 0.077923 1.218722 -1.218722
v -0.103898 -1.238738 0.000000
v -0.103898 1.238738 -0.000000
v 0.103898 -1.238738 0.000000
v 0.103898 1.238738 -0.000000
v -0.103898 -1.238738 0.629786
v 0.103898 1.238738 0.629786
v -0.103898 1.238738 0.629786
v 0.103898 -1.238738 0.629786
v -0.103898 1.238738 -0.629786
v 0.103898 -1.238738 -0.629786
v -0.103898 -1.238738 -0.629786
v 0.103898 1.238738 -0.629786
v -0.103898 0.000000 1.238738
v -0.103898 -0.000000 -1.238738
v 0.103898 -0.000000 -1.238738
v 0.103898 0.000000 1.238738
v 0.155847 0.000000 0.000000
v -0.155847 0.000000 0.000000
v -0.155847 0.000000 0.479167
v 0.155847 0.000000 0.479167
v 0.155847 -0.000000 -0.479167
v -0.155847 -0.000000 -0.479167
v -0.103898 0.629786 1.238738
v -0.103898 0.629786 -1.238738
v 0.103898 0.629786 -1.238738
v 0.103898 0.629786 1.238738
v 0.155847 0.479167 -0.000000
v -0.155847 0.479167 -0.000000
v -0.118444 0.500000 0.500000
v 0.118444 0.500000 0.500000
v 0.118444 0.500000 -0.500000
v -0.118444 0.500000 -0.500000
v -0.103898 -0.629786 -1.238738
v 0.103898 -0.629786 -1.238738
v 0.103898 -0.629786 1.238738
v 0.155847 -0.479167 0.000000
v -0.155847 -0.479167 0.000000
v -0.118444 -0.500000 0.500000
v 0.118444 -0.500000 0.500000
v 0.118444 -0.500000 -0.500000
v -0.118444 -0.500000 -0.500000
v -0.103898 -0.629786 1.238738
v -0.103898 -1.042368 0.797401
v 0.103898 1.042368 0.797401
v -0.103898 1.042368 0.797401
v 0.103898 -1.042368 0.797401
v -0.155847 0.000000 0.791147
v 0.155847 0.000000 0.791147
v -0.155847 0.520573 0.791147
v 0.155847 0.520573 0.791147
v 0.155847 -0.520573 0.791147
v -0.155847 -0.520573 0.791147
v -0.103898 1.042368 0.265800
v 0.103898 -1.042368 0.265800
v -0.103898 -1.042368 0.265800
v 0.103898 1.042368 0.265800
v 0.155847 0.000000 0.270833
v -0.155847 0.000000 0.270833
v 0.118444 0.485000 0.250000
v -0.118444 0.485000 0.250000
v -0.118444 -0.485000 0.250000
v 0.118444 -0.485000 0.250000
v -0.103898 -1.042368 -0.265800
v 0.103898 1.042368 -0.265800
v -0.103898 1.042368 -0.265800
v 0.103898 -1.042368 -0.265800
v -0.155847 -0.000000 -0.270833
v 0.155847 -0.000000 -0.270833
v -0.118444 0.485000 -0.250000
v 0.118444 0.485000 -0.250000
v 0.118444 -0.485000 -0.250000
v -0.118444 -0.485000 -0.250000
v -0.103898 1.042368 -0.797401
v 0.103898 -1.042368 -0.797401
v -0.103898 -1.042368 -0.797401
v 0.103898 1.042368 -0.797401
v 0.155847 -0.000000 -0.791147
v -0.155847 -0.000000 -0.791147
v 0.155847 0.520573 -0.791147
v -0.155847 0.520573 -0.791147
v -0.155847 -0.520573 -0.791147
v 0.155847 -0.520573 -0.791147
v -0.103898 0.797401 1.042368
v -0.103898 0.797401 -1.042368
v 0.103898 0.797401 -1.042368
v 0.103898 0.797401 1.042368
v 0.155847 0.791147 -0.000000
v -0.155847 0.791147 -0.000000
v -0.155847 0.791147 0.520573
v 0.155847 0.791147 0.520573
v 0.155847 0.791147 -0.520573
v -0.155847 0.791147 -0.520573
v -0.155847 0.760287 0.760287
v 0.155847 0.760287 0.760287
v 0.155847 0.758229 0.252057
v -0.155847 0.758229 0.252057
v -0.155847 0.758229 -0.252057
v 0.155847 0.758229 -0.252057
v 0.155847 0.760287 -0.760287
v -0.155847 0.760287 -0.760287
v -0.103898 0.265800 -1.042368
v 0.103898 0.265800 -1.042368
v 0.103898 0.265800 1.042368
v 0.155847 0.270833 -0.000000
v -0.155847 0.270833 -0.000000
v -0.118444 0.250000 0.485000
v 0.118444 0.250000 0.485000
v 0.118444 0.250000 -0.485000
v -0.118444 0.250000 -0.485000
v -0.103898 0.265800 1.042368
v 0.155847 0.252057 0.758229
v -0.155847 0.252057 0.758229
v -0.118444 0.265000 0.265000
v 0.118444 0.265000 0.265000
v 0.118444 0.265000 -0.265000
v -0.118444 0.265000 -0.265000
v -0.155847 0.252057 -0.758229
v 0.155847 0.252057 -0.758229
v -0.103898 -0.265800 1.042368
v -0.103898 -0.265800 -1.042368
v 0.103898 -0.265800 -1.042368
v 0.103898 -0.265800 1.042368
v 0.155847 -0.270833 0.000000
v -0.155847 -0.270833 0.000000
v -0.118444 -0.250000 0.485000
v 0.118444 -0.250000 0.485000
v 0.118444 -0.250000 -0.485000
v -0.118444 -0.250000 -0.485000
v 0.155847 -0.252057 0.758229
v -0.155847 -0.252057 0.758229
v -0.118444 -0.265000 0.265000
v 0.118444 -0.265000 0.265000
v 0.118444 -0.265000 -0.265000
v -0.118444 -0.265000 -0.265000
v -0.155847 -0.252057 -0.758229
v 0.155847 -0.252057 -0.758229
v -0.103898 -0.797401 -1.042368
v 0.103898 -0.797401 -1.042368
v 0.103898 -0.797401 1.042368
v 0.155847 -0.791147 0.000000
v -0.155847 -0.791147 0.000000
v -0.155847 -0.791147 0.520573
v 0.155847 -0.791147 0.520573
v 0.155847 -0.791147 -0.520573
v -0.155847 -0.791147 -0.520573
v -0.103898 -0.797401 1.042368
v -0.155847 -0.760287 0.760287
v 0.155847 -0.760287 0.760287
v 0.155847 -0.758229 0.252057
v -0.155847 -0.758229 0.252057
v -0.155847 -0.758229 -0.252057
v 0.155847 -0.758229 -0.252057
v 0.155847 -0.760287 -0.760287
v -0.155847 -0.760287 -0.760287
v -0.103898 -1.152192 1.053032
v 0.103898 1.152192 1.053032
v 0.155847 0.000000 1.083272
v 0.155847 0.604136 1.083272
v 0.155847 -0.604136 1.083272
v -0.103898 1.152192 1.053032
v 0.103898 -1.152192 1.053032
v -0.155847 0.000000 1.083272
v -0.155847 0.604136 1.083272
v -0.155847 -0.604136 1.083272
v -0.155847 0.782934 0.918912
v 0.155847 0.782934 0.918912
v -0.155847 0.260978 0.918912
v 0.155847 0.260978 0.918912
v -0.155847 -0.260978 0.918912
v 0.155847 -0.260978 0.918912
v -0.155847 -0.782934 0.918912
v 0.155847 -0.782934 0.918912
v -0.103898 1.154661 0.707478
v 0.103898 -1.154661 0.707478
v -0.155847 0.000000 0.625000
v -0.155847 0.500000 0.625000
v -0.155847 -0.500000 0.625000
v -0.103898 -1.154661 0.707478
v 0.103898 1.154661 0.707478
v 0.155847 0.000000 0.625000
v 0.155847 0.500000 0.625000
v 0.155847 -0.500000 0.625000
v 0.155847 0.774688 0.637344
v -0.155847 0.774688 0.637344
v 0.155847 0.250000 0.625000
v -0.155847 0.250000 0.625000
v 0.155847 -0.250000 0.625000
v -0.155847 -0.250000 0.625000
v 0.155847 -0.774688 0.637344
v -0.155847 -0.774688 0.637344
v 0.103898 1.154661 0.468017
v 0.103898 0.520833 0.375000
v -0.103898 1.154661 0.468017
v -0.103898 0.520833 0.375000
v -0.155847 0.774688 0.387344
v 0.155847 0.774688 0.387344
v -0.103898 1.154661 0.119731
v 0.103898 -1.154661 0.119731
v -0.155847 0.479167 0.125000
v -0.155847 -0.479167 0.125000
v -0.103898 -1.154661 0.119731
v 0.103898 1.154661 0.119731
v 0.155847 0.479167 0.125000
v 0.155847 -0.479167 0.125000
v 0.155847 0.774688 0.125000
v -0.155847 0.774688 0.125000
v 0.155847 0.270833 0.125000
v -0.155847 0.270833 0.125000
v 0.155847 -0.270833 0.125000
v -0.155847 -0.270833 0.125000
v 0.155847 -0.774688 0.125000
v -0.155847 -0.774688 0.125000
v -0.103898 -1.154661 -0.119731
v 0.103898 1.154661 -0.119731
v 0.155847 0.479167 -0.125000
v 0.155847 -0.479167 -0.125000
v -0.103898 1.154661 -0.119731
v 0.103898 -1.154661 -0.119731
v -0.155847 0.479167 -0.125000
v -0.155847 -0.479167 -0.125000
v -0.155847 0.774688 -0.125000
v 0.155847 0.774688 -0.125000
v -0.155847 0.270833 -0.125000
v 0.155847 0.270833 -0.125000
v -0.155847 -0.270833 -0.125000
v 0.155847 -0.270833 -0.125000
v -0.155847 -0.774688 -0.125000
v 0.155847 -0.774688 -0.125000
v -0.103898 1.154661 -0.468017
v -0.103898 0.520833 -0.375000
v 0.103898 1.154661 -0.468017
v 0.103898 0.520833 -0.375000
v 0.155847 0.774688 -0.387344
v -0.155847 0.774688 -0.387344
v -0.103898 -1.154661 -0.707478
v 0.103898 1.154661 -0.707478
v 0.155847 -0.000000 -0.625000
v 0.155847 0.500000 -0.625000
v 0.155847 -0.500000 -0.625000
v -0.103898 1.154661 -0.707478
v 0.103898 -1.154661 -0.707478
v -0.155847 -0.000000 -0.625000
v -0.155847 0.500000 -0.625000
v -0.155847 -0.500000 -0.625000
v -0.155847 0.774688 -0.637344
v 0.155847 0.774688 -0.637344
v -0.155847 0.250000 -0.625000
v 0.155847 0.250000 -0.625000
v -0.155847 -0.250000 -0.625000
v 0.155847 -0.250000 -0.625000
v -0.155847 -0.774688 -0.637344
v 0.155847 -0.774688 -0.637344
v -0.103898 1.152192 -1.053032
v 0.103898 -1.152192 -1.053032
v -0.155847 -0.000000 -1.083272
v -0.155847 0.604136 -1.083272
v -0.155847 -0.604136 -1.083272
v -0.103898 -1.152192 -1.053032
v 0.103898 1.152192 -1.053032
v 0.155847 -0.000000 -1.083272
v 0.155847 0.604136 -1.083272
v 0.155847 -0.604136 -1.083272
v 0.155847 0.782934 -0.918912
v -0.155847 0.782934 -0.918912
v 0.155847 0.260978 -0.918912
v -0.155847 0.260978 -0.918912
v 0.155847 -0.260978 -0.918912
v -0.155847 -0.260978 -0.918912
v 0.155847 -0.782934 -0.918912
v -0.155847 -0.782934 -0.918912
v -0.103898 1.053032 1.152192
v -0.103898 1.053032 -1.152192
v 0.103898 1.053032 -1.152192
v 0.103898 1.053032 1.152192
v 0.155847 1.083272 -0.000000
v -0.155847 1.083272 -0.000000
v -0.155847 1.083272 0.604136
v 0.155847 1.083272 0.604136
v 0.155847 1.083272 -0.604136
v -0.155847 1.083272 -0.604136
v -0.155847 0.918912 0.782934
v 0.155847 0.918912 0.782934
v 0.155847 0.918912 0.260978
v -0.155847 0.918912 0.260978
v -0.155847 0.918912 -0.260978
v 0.155847 0.918912 -0.260978
v 0.155847 0.918912 -0.782934
v -0.155847 0.918912 -0.782934
v -0.155847 0.994039 0.994039
v 0.155847 0.994038 0.994039
v 0.155847 1.003913 0.688403
v -0.155847 1.003913 0.688403
v -0.155847 1.003913 0.440511
v 0.155847 1.003913 0.440511
v 0.155847 1.003913 0.123946
v -0.155847 1.003913 0.123946
v -0.155847 1.003913 -0.123946
v 0.155847 1.003913 -0.123946
v 0.155847 1.003913 -0.440511
v -0.155847 1.003913 -0.440511
v -0.155847 1.003913 -0.688403
v 0.155847 1.003913 -0.688403
v 0.155847 0.994039 -0.994039
v -0.155847 0.994038 -0.994039
v -0.103898 0.707478 -1.154661
v 0.103898 0.707478 -1.154661
v 0.103898 0.707478 1.154661
v 0.155847 0.625000 -0.000000
v -0.155847 0.625000 -0.000000
v -0.155847 0.625000 0.500000
v 0.155847 0.625000 0.500000
v 0.155847 0.625000 -0.500000
v -0.155847 0.625000 -0.500000
v -0.155847 0.637344 0.774688
v 0.155847 0.637344 0.774688
v 0.155847 0.625000 0.250000
v -0.155847 0.625000 0.250000
v -0.155847 0.625000 -0.250000
v 0.155847 0.625000 -0.250000
v 0.155847 0.637344 -0.774688
v -0.155847 0.637344 -0.774688
v -0.103898 0.707478 1.154661
v 0.155847 0.688403 1.003913
v -0.155847 0.688403 1.003913
v -0.155847 0.625000 0.625000
v 0.155847 0.625000 0.625000
v 0.155847 0.625000 0.375000
v -0.155847 0.625000 0.375000
v -0.155847 0.625000 0.125000
v 0.155847 0.625000 0.125000
v 0.155847 0.625000 -0.125000
v -0.155847 0.625000 -0.125000
v -0.155847 0.625000 -0.375000
v 0.155847 0.625000 -0.375000
v 0.155847 0.625000 -0.625000
v -0.155847 0.625000 -0.625000
v -0.155847 0.688403 -1.003913
v 0.155847 0.688403 -1.003913
v -0.103898 0.468017 -1.154661
v 0.103898 0.468017 -1.154661
v 0.103898 0.375000 -0.520833
v -0.103898 0.375000 -0.520833
v -0.155847 0.387344 -0.774688
v 0.155847 0.387344 -0.774688
v -0.155847 0.375000 -0.625000
v 0.155847 0.375000 -0.625000
v 0.155847 0.440511 -1.003913
v -0.155847 0.440511 -1.003913
v -0.103898 0.119731 -1.154661
v 0.103898 0.119731 -1.154661
v 0.103898 0.119731 1.154661
v -0.155847 0.125000 0.479167
v 0.155847 0.125000 0.479167
v 0.155847 0.125000 -0.479167
v -0.155847 0.125000 -0.479167
v 0.155847 0.125000 0.774688
v -0.155847 0.125000 0.774688
v -0.155847 0.125000 0.270833
v 0.155847 0.125000 0.270833
v 0.155847 0.125000 -0.270833
v -0.155847 0.125000 -0.270833
v -0.155847 0.125000 -0.774688
v 0.155847 0.125000 -0.774688
v -0.103898 0.119731 1.154661
v 0.155847 0.123946 1.003913
v -0.155847 0.123946 1.003913
v -0.155847 0.125000 0.625000
v 0.155847 0.125000 0.625000
v -0.155847 0.125000 0.125000
v 0.155847 0.125000 0.125000
v 0.155847 0.125000 -0.125000
v -0.155847 0.125000 -0.125000
v 0.155847 0.125000 -0.625000
v -0.155847 0.125000 -0.625000
v -0.155847 0.123946 -1.003913
v 0.155847 0.123946 -1.003913
v -0.103898 -0.119731 1.154661
v -0.103898 -0.119731 -1.154661
v 0.103898 -0.119731 -1.154661
v 0.103898 -0.119731 1.154661
v -0.155847 -0.125000 0.479167
v 0.155847 -0.125000 0.479167
v 0.155847 -0.125000 -0.479167
v -0.155847 -0.125000 -0.479167
v 0.155847 -0.125000 0.774688
v -0.155847 -0.125000 0.774688
v -0.155847 -0.125000 0.270833
v 0.155847 -0.125000 0.270833
v 0.155847 -0.125000 -0.270833
v -0.155847 -0.125000 -0.270833
v -0.155847 -0.125000 -0.774688
v 0.155847 -0.125000 -0.774688
v -0.155847 -0.123946 1.003913
v 0.155847 -0.123946 1.003913
v 0.155847 -0.125000 0.625000
v -0.155847 -0.125000 0.625000
v 0.155847 -0.125000 0.125000
v -0.155847 -0.125000 0.125000
v -0.155847 -0.125000 -0.125000
v 0.155847 -0.125000 -0.125000
v -0.155847 -0.125000 -0.625000
v 0.155847 -0.125000 -0.625000
v 0.155847 -0.123946 -1.003913
v -0.155847 -0.123946 -1.003913
v -0.103898 -0.468017 -1.154661
v 0.103898 -0.468017 -1.154661
v 0.103898 -0.375000 -0.520833
v -0.103898 -0.375000 -0.520833
v -0.155847 -0.387344 -0.774688
v 0.155847 -0.387344 -0.774688
v 0.155847 -0.375000 -0.625000
v -0.155847 -0.375000 -0.625000
v -0.155847 -0.440511 -1.003913
v 0.155847 -0.440511 -1.003913
v -0.103898 -0.707478 1.154661
v -0.103898 -0.707478 -1.154661
v 0.103898 -0.707478 -1.154661
v 0.103898 -0.707478 1.154661
v 0.155847 -0.625000 0.000000
v -0.155847 -0.625000 0.000000
v -0.155847 -0.625000 0.500000
v 0.155847 -0.625000 0.500000
v 0.155847 -0.625000 -0.500000
v -0.155847 -0.625000 -0.500000
v -0.155847 -0.637344 0.774688
v 0.155847 -0.637344 0.774688
v 0.155847 -0.625000 0.250000
v -0.155847 -0.625000 0.250000
v -0.155847 -0.625000 -0.250000
v 0.155847 -0.625000 -0.250000
v 0.155847 -0.637344 -0.774688
v -0.155847 -0.637344 -0.774688
v -0.155847 -0.688403 1.003913
v 0.155847 -0.688403 1.003913
v 0.155847 -0.625000 0.625000
v -0.155847 -0.625000 0.625000
v 0.155847 -0.625000 0.125000
v -0.155847 -0.625000 0.125000
v -0.155847 -0.625000 -0.125000
v 0.155847 -0.625000 -0.125000
v -0.155847 -0.625000 -0.625000
v 0.155847 -0.625000 -0.625000
v 0.155847 -0.688403 -1.003913
v -0.155847 -0.688403 -1.003913
v 0.103898 -0.468017 1.154661
v -0.103898 -0.375000 0.520833
v 0.103898 -0.375000 0.520833
v 0.155847 -0.387344 0.774688
v -0.155847 -0.387344 0.774688
v -0.103898 -0.468017 1.154661
v 0.155847 -0.440511 1.003913
v -0.155847 -0.440511 1.003913
v -0.155847 -0.375000 0.625000
v 0.155847 -0.375000 0.625000
v -0.103898 0.468017 1.154661
v 0.103898 0.468017 1.154661
v -0.103898 0.375000 0.520833
v 0.103898 0.375000 0.520833
v 0.155847 0.387344 0.774688
v -0.155847 0.387344 0.774688
v -0.155847 0.440511 1.003913
v 0.155847 0.440511 1.003913
v 0.155847 0.375000 0.625000
v -0.155847 0.375000 0.625000
v -0.103898 -1.053032 -1.152192
v 0.103898 -1.053032 -1.152192
v 0.103898 -1.053032 1.152192
v 0.155847 -1.083272 0.000000
v -0.155847 -1.083272 0.000000
v -0.155847 -1.083272 0.604136
v 0.155847 -1.083272 0.604136
v 0.155847 -1.083272 -0.604136
v -0.155847 -1.083272 -0.604136
v -0.155847 -0.918912 0.782934
v 0.155847 -0.918912 0.782934
v 0.155847 -0.918912 0.260978
v -0.155847 -0.918912 0.260978
v -0.155847 -0.918912 -0.260978
v 0.155847 -0.918912 -0.260978
v 0.155847 -0.918912 -0.782934
v -0.155847 -0.918912 -0.782934
v -0.103898 -1.053032 1.152192
v 0.155847 -0.994038 0.994039
v -0.155847 -0.994039 0.994038
v -0.155847 -1.003913 0.688403
v 0.155847 -1.003913 0.688403
v -0.155847 -1.003913 0.123946
v 0.155847 -1.003913 0.123946
v 0.155847 -1.003913 -0.123946
v -0.155847 -1.003913 -0.123946
v 0.155847 -1.003913 -0.688403
v -0.155847 -1.003913 -0.688403
v -0.155847 -0.994038 -0.994039
v 0.155847 -0.994039 -0.994038
v 0.103898 -1.154661 -0.468017
v -0.103898 -0.520833 -0.375000
v -0.103898 -1.154661 -0.468017
v 0.103898 -0.520833 -0.375000
v 0.155847 -0.774688 -0.387344
v -0.155847 -0.774688 -0.387344
v 0.155847 -0.625000 -0.375000
v -0.155847 -0.625000 -0.375000
v -0.155847 -1.003913 -0.440511
v 0.155847 -1.003913 -0.440511
v -0.103898 -1.154661 0.468017
v 0.103898 -0.520833 0.375000
v 0.103898 -1.154661 0.468017
v -0.103898 -0.520833 0.375000
v -0.155847 -0.774688 0.387344
v 0.155847 -0.774688 0.387344
v -0.155847 -0.625000 0.375000
v 0.155847 -0.625000 0.375000
v 0.155847 -1.003913 0.440511
v -0.155847 -1.003913 0.440511
v -0.103342 -1.183574 1.114717
v -0.099449 -1.205876 1.165003
v -0.103342 1.114717 1.183575
v -0.099449 1.165003 1.205875
v -0.103342 1.183575 -1.114717
v -0.099449 1.205876 -1.165003
v -0.103342 -1.114717 -1.183575
v -0.099449 -1.165002 -1.205875
v 0.099449 -1.165003 -1.205875
v 0.099449 -1.205875 -1.165003
v 0.099449 1.205876 1.165003
v 0.099449 -1.165002 1.205875
v -0.103898 -1.188509 -0.088933
v -0.103898 -1.215109 -0.058877
v -0.103898 -1.232504 -0.029315
v -0.103898 1.188509 0.088933
v -0.103898 1.215109 0.058877
v -0.103898 1.232505 0.029315
v 0.103898 -1.215109 0.058877
v 0.103898 1.215109 -0.058877
v 0.000000 1.256267 -0.000000
v 0.000000 -1.256267 0.000000
v 0.155035 -1.140284 0.000000
v 0.149353 -1.184247 0.000000
v 0.133931 -1.216589 0.000000
v -0.155035 -1.140284 0.000000
v -0.149353 -1.184247 0.000000
v -0.133931 -1.216589 0.000000
v -0.103898 -1.188509 0.515738
v -0.103898 -1.215109 0.559094
v -0.103898 -1.232504 0.597354
v 0.103898 1.215109 0.559094
v -0.103898 1.188509 0.693605
v -0.103898 1.215109 0.676849
v -0.103898 1.232505 0.655984
v 0.103898 -1.215109 0.676849
v -0.155035 -1.140285 0.617180
v -0.149353 -1.184247 0.624676
v -0.133931 -1.216589 0.628314
v 0.000000 1.256267 0.630737
v 0.000000 -1.256267 0.630737
v 0.155035 -1.140284 0.617180
v 0.149353 -1.184247 0.624676
v 0.133931 -1.216589 0.628314
v -0.103898 1.188509 -0.515738
v -0.103898 1.215109 -0.559094
v -0.103898 1.232505 -0.597354
v 0.103898 -1.215109 -0.559094
v -0.103898 -1.188509 -0.693605
v -0.103898 -1.215109 -0.676849
v -0.103898 -1.232504 -0.655984
v 0.103898 1.215109 -0.676849
v 0.155035 -1.140285 -0.617180
v 0.149353 -1.184247 -0.624676
v 0.133931 -1.216589 -0.628314
v 0.000000 -1.256267 -0.630737
v 0.000000 1.256267 -0.630737
v -0.155035 -1.140284 -0.617180
v -0.149353 -1.184247 -0.624676
v -0.133931 -1.216589 -0.628314
v -0.103898 -0.088933 1.188509
v -0.103898 -0.058877 1.215109
v -0.103898 -0.029315 1.232504
v -0.103898 0.088933 -1.188509
v -0.103898 0.058877 -1.215109
v -0.103898 0.029315 -1.232505
v 0.103898 0.058877 -1.215109
v 0.103898 0.058877 1.215109
v 0.000000 0.000000 1.256267
v 0.155035 0.000000 1.140284
v 0.149353 0.000000 1.184247
v 0.133931 0.000000 1.216589
v 0.000000 -0.000000 -1.256267
v -0.155035 -0.000000 -1.140284
v -0.149353 -0.000000 -1.184247
v -0.133931 -0.000000 -1.216589
v -0.103898 0.515738 1.188509
v -0.103898 0.559094 1.215109
v -0.103898 0.597354 1.232504
v -0.103898 0.693605 -1.188509
v -0.103898 0.676849 -1.215109
v -0.103898 0.655984 -1.232505
v 0.103898 0.676849 -1.215109
v 0.103898 0.676849 1.215109
v -0.151994 0.562934 0.500000
v -0.142420 0.532525 0.500000
v 0.151994 0.562934 0.500000
v 0.142420 0.532525 0.500000
v 0.151994 0.562934 -0.500000
v 0.142420 0.532525 -0.500000
v -0.151994 0.562934 -0.500000
v -0.142420 0.532525 -0.500000
v -0.104093 0.520562 -0.406196
v -0.105456 0.518663 -0.437066
v -0.109275 0.513292 -0.467475
v 0.151994 0.500000 -0.562934
v 0.142420 0.500000 -0.532525
v 0.105456 0.518663 0.437066
v 0.109275 0.513292 0.467475
v -0.151994 0.500000 0.562934
v -0.142420 0.500000 0.532525
v 0.000000 0.630737 1.256267
v 0.155035 0.617180 1.140284
v 0.149353 0.624676 1.184247
v 0.133931 0.628314 1.216589
v 0.000000 0.630737 -1.256267
v -0.155035 0.617180 -1.140284
v -0.149353 0.624676 -1.184247
v -0.133931 0.628314 -1.216589
v -0.103898 -0.515738 -1.188509
v -0.103898 -0.559094 -1.215109
v -0.103898 -0.597354 -1.232505
v 0.103898 -0.559094 -1.215109
v 0.103898 -0.559094 1.215109
v -0.104093 -0.406196 0.520562
v -0.105456 -0.437066 0.518663
v -0.109275 -0.467475 0.513292
v 0.105456 -0.437066 0.518663
v 0.109275 -0.467475 0.513292
v 0.105456 -0.437066 -0.518663
v 0.109275 -0.467475 -0.513292
v -0.104093 -0.406196 -0.520562
v -0.105456 -0.437066 -0.518663
v -0.109275 -0.467475 -0.513292
v -0.103898 -0.693605 1.188509
v -0.103898 -0.676849 1.215109
v -0.103898 -0.655984 1.232504
v -0.155035 -0.617180 -1.140284
v -0.149353 -0.624676 -1.184247
v -0.133931 -0.628314 -1.216589
v 0.000000 -0.630737 -1.256267
v 0.155035 -0.617180 1.140284
v 0.149353 -0.624676 1.184247
v 0.133931 -0.628314 1.216589
v 0.000000 -0.630737 1.256267
v -0.151994 -0.500000 0.562934
v 0.105456 -0.518663 0.437066
v 0.109275 -0.513292 0.467475
v 0.151994 -0.500000 -0.562934
v -0.104093 -0.520562 -0.406196
v -0.105456 -0.518663 -0.437066
v -0.109275 -0.513292 -0.467475
v -0.103898 -1.116404 0.720299
v -0.103898 -1.080105 0.736321
v -0.103898 -1.053010 0.760403
v 0.103898 1.080105 0.736321
v -0.103898 1.115363 0.984405
v -0.103898 1.079796 0.914744
v -0.103898 1.052971 0.850320
v 0.103898 -1.079796 0.914744
v -0.155847 0.561879 0.936257
v -0.155847 -0.561879 0.936257
v -0.155035 -0.957100 0.788381
v -0.149353 -0.991538 0.792482
v -0.133931 -1.020528 0.795425
v 0.155035 -0.957100 0.788381
v 0.149353 -0.991538 0.792482
v 0.133931 -1.020528 0.795425
v 0.000000 1.060066 0.798956
v 0.000000 -1.060066 0.798956
v -0.103898 1.116404 0.416938
v -0.103898 1.080105 0.364617
v -0.103898 1.053010 0.313441
v 0.103898 -1.080105 0.364617
v -0.103898 -1.116404 0.151680
v -0.103898 -1.080105 0.185852
v -0.103898 -1.053010 0.223481
v 0.103898 1.080105 0.185852
v 0.151994 0.479792 0.187066
v -0.104093 0.520369 0.343804
v -0.105456 0.517118 0.312934
v -0.109275 0.507907 0.282525
v -0.104093 -0.520369 0.343804
v -0.105456 -0.517118 0.312934
v -0.109275 -0.507907 0.282525
v 0.155365 -0.479245 0.156196
v 0.151994 -0.479792 0.187066
v 0.142420 -0.481323 0.217475
v 0.149353 -0.991538 0.264161
v 0.133931 -1.020528 0.265142
v -0.149353 -0.991538 0.264161
v -0.133931 -1.020528 0.265142
v -0.109470 -0.320133 0.242364
v -0.107015 -0.375000 0.235052
v -0.109470 -0.429867 0.237172
v 0.109470 -0.320133 0.242364
v 0.107015 -0.375000 0.235052
v 0.109470 -0.429867 0.237172
v 0.151994 0.561389 0.250000
v 0.000000 -1.060066 0.266319
v 0.000000 1.060066 0.266319
v -0.151994 0.561389 0.250000
v -0.103898 -1.116404 -0.416938
v -0.103898 -1.080105 -0.364617
v -0.103898 -1.053010 -0.313441
v 0.103898 1.080105 -0.364617
v -0.103898 1.116404 -0.151680
v -0.103898 1.080105 -0.185852
v -0.103898 1.053010 -0.223481
v 0.103898 -1.080105 -0.185852
v -0.151994 0.479792 -0.187066
v -0.142420 0.481323 -0.217475
v 0.105456 0.517118 -0.312934
v 0.109275 0.507907 -0.282525
v 0.105456 -0.517118 -0.312934
v 0.109275 -0.507907 -0.282525
v -0.151994 -0.479792 -0.187066
v -0.149353 -0.991538 -0.264161
v -0.133931 -1.020528 -0.265142
v 0.149353 -0.991538 -0.264161
v 0.133931 -1.020528 -0.265142
v 0.109470 -0.320133 -0.242364
v 0.107015 -0.375000 -0.235052
v 0.109470 -0.429867 -0.237172
v -0.109470 -0.320133 -0.242364
v -0.107015 -0.375000 -0.235052
v -0.109470 -0.429867 -0.237172
v -0.151994 0.561389 -0.250000
v -0.142420 0.527140 -0.250000
v 0.151994 0.561389 -0.250000
v 0.142420 0.527140 -0.250000
v 0.000000 -1.060066 -0.266319
v 0.000000 1.060066 -0.266319
v -0.103898 1.116404 -0.720299
v -0.103898 1.080105 -0.736321
v -0.103898 1.053010 -0.760403
v 0.103898 -1.080105 -0.736321
v -0.103898 -1.115363 -0.984405
v -0.103898 -1.079796 -0.914744
v -0.103898 -1.052971 -0.850320
v 0.103898 1.079796 -0.914744
v 0.155847 -0.000000 -0.936257
v 0.155847 0.561879 -0.936257
v 0.155035 -0.957100 -0.788381
v 0.149353 -0.991538 -0.792482
v 0.133931 -1.020528 -0.795425
v -0.155035 -0.957100 -0.788381
v -0.149353 -0.991538 -0.792482
v -0.133931 -1.020528 -0.795425
v 0.000000 1.060066 -0.798956
v 0.000000 -1.060066 -0.798956
v -0.103898 0.720299 1.116404
v -0.103898 0.736321 1.080105
v -0.103898 0.760403 1.053010
v -0.103898 0.984405 -1.115363
v -0.103898 0.914744 -1.079796
v -0.103898 0.850320 -1.052971
v 0.103898 0.914744 -1.079796
v 0.103898 0.914744 1.079796
v 0.155847 0.936257 -0.000000
v -0.155847 0.936257 -0.000000
v -0.155847 1.013265 0.584758
v -0.155847 0.936257 0.561879
v 0.155847 1.013265 0.584758
v 0.155847 0.936257 0.561879
v 0.155847 0.936257 -0.561879
v -0.155847 0.936257 -0.561879
v -0.155847 0.837791 0.769290
v 0.155847 0.837791 0.769290
v 0.155847 0.837534 0.256258
v -0.155847 0.837534 0.256258
v -0.155847 0.837534 -0.256258
v 0.155847 0.837534 -0.256258
v 0.155847 0.837791 -0.769290
v -0.155847 0.837791 -0.769290
v 0.155847 0.769290 -0.837791
v -0.155847 0.769290 0.837791
v 0.155847 0.786003 -0.580502
v 0.000000 0.798956 1.060066
v 0.155035 0.788381 0.957100
v 0.149353 0.792482 0.991538
v 0.133931 0.795425 1.020527
v 0.000000 0.798956 -1.060066
v -0.155035 0.788381 -0.957100
v -0.149353 0.792482 -0.991538
v -0.133931 0.795425 -1.020527
v -0.103898 0.416938 -1.116404
v -0.103898 0.364617 -1.080105
v -0.103898 0.313441 -1.053010
v 0.103898 0.364617 -1.080105
v 0.103898 0.364617 1.080105
v -0.104093 0.343804 0.520369
v -0.105456 0.312934 0.517118
v -0.109275 0.282525 0.507907
v 0.105456 0.312934 0.517118
v 0.109275 0.282525 0.507907
v 0.105456 0.312934 -0.517118
v 0.109275 0.282525 -0.507907
v -0.104093 0.343804 -0.520369
v -0.105456 0.312934 -0.517118
v -0.109275 0.282525 -0.507907
v -0.103898 0.151680 1.116404
v -0.103898 0.185852 1.080105
v -0.103898 0.223481 1.053010
v -0.109470 0.429867 0.237172
v -0.107015 0.375000 0.235052
v -0.109470 0.320133 0.242364
v 0.109470 0.429867 0.237172
v 0.107015 0.375000 0.235052
v 0.109470 0.320133 0.242364
v 0.109470 0.429867 -0.237172
v 0.107015 0.375000 -0.235052
v 0.109470 0.320133 -0.242364
v -0.109470 0.429867 -0.237172
v -0.107015 0.375000 -0.235052
v -0.109470 0.320133 -0.242364
v -0.151994 0.270208 -0.188611
v 0.109470 0.237172 -0.429867
v 0.107015 0.235052 -0.375000
v 0.109470 0.242364 -0.320133
v 0.151994 0.270208 0.188611
v 0.142420 0.268677 0.222860
v -0.109470 0.237172 0.429867
v -0.107015 0.235052 0.375000
v -0.109470 0.242364 0.320133
v -0.155847 0.256258 0.837534
v -0.155035 0.262794 -0.957100
v -0.149353 0.264161 -0.991538
v -0.133931 0.265142 -1.020527
v 0.000000 0.266319 -1.060066
v 0.155035 0.262794 0.957100
v 0.149353 0.264161 0.991538
v 0.133931 0.265142 1.020527
v 0.000000 0.266319 1.060066
v -0.151994 0.250000 0.561389
v 0.109470 0.242364 0.320133
v 0.107015 0.235052 0.375000
v 0.109470 0.237172 0.429867
v 0.151994 0.250000 -0.561389
v 0.142420 0.250000 -0.527140
v -0.109470 0.242364 -0.320133
v -0.107015 0.235052 -0.375000
v -0.109470 0.237172 -0.429867
v -0.103898 -0.416938 1.116404
v -0.103898 -0.364617 1.080105
v -0.103898 -0.313441 1.053010
v -0.103898 -0.151680 -1.116404
v -0.103898 -0.185852 -1.080105
v -0.103898 -0.223481 -1.053010
v 0.103898 -0.185852 -1.080105
v 0.103898 -0.185852 1.080105
v -0.151994 -0.187066 0.479792
v -0.142420 -0.217475 0.481323
v 0.151994 -0.187066 0.479792
v 0.142420 -0.217475 0.481323
v 0.151994 -0.187066 -0.479792
v 0.142420 -0.217475 -0.481323
v -0.151994 -0.187066 -0.479792
v -0.142420 -0.217475 -0.481323
v -0.151994 -0.188611 0.270208
v -0.142420 -0.222860 0.268677
v 0.151994 -0.188611 0.270208
v 0.142420 -0.222860 0.268677
v 0.151994 -0.188611 -0.270208
v 0.142420 -0.222860 -0.268677
v -0.151994 -0.188611 -0.270208
v -0.142420 -0.222860 -0.268677
v -0.151994 -0.270208 -0.188611
v -0.142420 -0.268677 -0.222860
v 0.109470 -0.237172 -0.429867
v 0.107015 -0.235052 -0.375000
v 0.109470 -0.242364 -0.320133
v 0.151994 -0.270208 0.188611
v 0.142420 -0.268677 0.222860
v -0.109470 -0.237172 0.429867
v -0.107015 -0.235052 0.375000
v -0.109470 -0.242364 0.320133
v -0.149353 -0.264161 -0.991538
v -0.133931 -0.265142 -1.020527
v 0.000000 -0.266319 -1.060066
v 0.149353 -0.264161 0.991538
v 0.133931 -0.265142 1.020527
v 0.000000 -0.266319 1.060066
v -0.151994 -0.250000 0.561389
v -0.142420 -0.250000 0.527140
v 0.109470 -0.242364 0.320133
v 0.107015 -0.235052 0.375000
v 0.109470 -0.237172 0.429867
v 0.151994 -0.250000 -0.561389
v -0.109470 -0.242364 -0.320133
v -0.107015 -0.235052 -0.375000
v -0.109470 -0.237172 -0.429867
v -0.103898 -0.720299 -1.116404
v -0.103898 -0.736321 -1.080105
v -0.103898 -0.760403 -1.053010
v 0.103898 -0.736321 -1.080105
v 0.103898 -0.736321 1.080105
v -0.103898 -0.984405 1.115363
v -0.103898 -0.914744 1.079796
v -0.103898 -0.850320 1.052971
v -0.155847 -0.769290 0.837791
v 0.000000 -0.798956 1.060066
v 0.155035 -0.788381 0.957100
v 0.149353 -0.792482 0.991538
v 0.133931 -0.795425 1.020527
v 0.000000 -0.798956 -1.060066
v -0.155035 -0.788381 -0.957100
v -0.149353 -0.792482 -0.991538
v -0.133931 -0.795425 -1.020527
v 0.000000 0.266493 -0.463924
v 0.000000 0.286076 -0.286076
v 0.000000 0.483507 -0.483507
v 0.000000 0.463924 -0.266493
v 0.000000 0.463924 0.266493
v 0.000000 0.286076 0.286076
v 0.000000 0.483507 0.483507
v 0.000000 0.266493 0.463924
v 0.000000 -0.463924 0.266493
v 0.000000 -0.483507 0.483507
v 0.000000 -0.286076 0.286076
v 0.000000 -0.266493 0.463924
v 0.000000 -0.266493 -0.463924
v 0.000000 -0.286076 -0.286076
v 0.000000 -0.483507 -0.483507
v 0.000000 -0.463924 -0.266493
v -0.103898 -1.052971 0.850320
v -0.103898 -1.079796 0.914744
v -0.103898 -1.115363 0.984405
v 0.103898 1.079796 0.914744
v 0.155847 0.561879 0.936257
v 0.155847 -0.561879 0.936257
v -0.099449 1.205876 1.165003
v -0.103342 1.183575 1.114717
v 0.099449 -1.205876 1.165003
v -0.133931 0.000000 1.216589
v -0.149353 0.000000 1.184247
v -0.155035 0.000000 1.140285
v -0.133931 0.628314 1.216589
v -0.149353 0.624676 1.184247
v -0.155035 0.617180 1.140285
v -0.133931 -0.628314 1.216589
v -0.149353 -0.624676 1.184247
v -0.155035 -0.617180 1.140285
v -0.133931 0.795425 1.020528
v -0.149353 0.792482 0.991538
v -0.155035 0.788381 0.957100
v 0.155847 0.769290 0.837791
v -0.133931 0.265142 1.020528
v -0.149353 0.264161 0.991538
v -0.155035 0.262794 0.957100
v 0.155847 0.256258 0.837534
v -0.133931 -0.265142 1.020528
v -0.149353 -0.264161 0.991538
v -0.133931 -0.795425 1.020528
v -0.149353 -0.792482 0.991538
v -0.155035 -0.788381 0.957100
v 0.155847 -0.769290 0.837791
v 0.155035 -1.045006 1.015123
v 0.149353 -1.089260 1.031768
v 0.133931 -1.125442 1.044297
v -0.155035 -1.045006 1.015123
v -0.149353 -1.089260 1.031768
v -0.133931 -1.125442 1.044297
v 0.155847 -0.486537 1.033648
v 0.155847 -0.530225 1.059001
v 0.155847 -0.569962 1.076650
v -0.155847 -0.486537 1.033648
v -0.155847 -0.530225 1.059001
v -0.155847 -0.569962 1.076650
v 0.155847 0.092787 1.033648
v 0.155847 0.061775 1.059001
v -0.155847 0.092787 1.033648
v -0.155847 0.061775 1.059001
v 0.155847 0.672111 1.033648
v 0.155847 0.653776 1.059001
v 0.155847 0.631688 1.076650
v -0.155847 0.672111 1.033648
v -0.155847 0.653776 1.059001
v -0.155847 0.631688 1.076650
v -0.155847 0.938228 0.969131
v -0.155847 0.881490 0.944770
v -0.155847 0.828250 0.926261
v -0.155847 -0.188148 0.946004
v -0.155847 0.393690 0.973297
v -0.155847 0.347354 0.946004
v -0.155847 0.302713 0.926415
v -0.155847 -0.704607 0.973297
v -0.155847 -0.723650 0.946004
v -0.155847 -0.748702 0.926415
v 0.155847 -0.704607 0.973297
v 0.155847 -0.723650 0.946004
v 0.155847 -0.748702 0.926415
v 0.155847 0.393690 0.973297
v 0.155847 0.347354 0.946004
v 0.155847 0.302713 0.926415
v 0.155847 -0.188148 0.946004
v 0.000000 1.173774 1.059976
v 0.000000 -1.173774 1.059976
v 0.155847 0.938228 0.969131
v 0.155847 0.881490 0.944770
v 0.155847 0.828250 0.926261
v -0.103898 1.053010 0.760403
v -0.103898 1.080105 0.736321
v -0.103898 1.116404 0.720299
v 0.103898 -1.080105 0.736321
v -0.103898 -1.232505 0.655984
v -0.103898 -1.215109 0.676849
v -0.103898 -1.188509 0.693605
v 0.103898 1.215109 0.676849
v 0.142420 0.500000 0.532525
v 0.151994 0.500000 0.562934
v 0.151994 -0.500000 0.562934
v 0.151994 0.250000 0.561389
v 0.142420 -0.250000 0.527140
v 0.151994 -0.250000 0.561389
v -0.155035 -1.054071 0.697064
v -0.149353 -1.096358 0.702569
v -0.133931 -1.130109 0.705760
v 0.155035 -1.054071 0.697064
v 0.149353 -1.096358 0.702569
v 0.133931 -1.130109 0.705760
v -0.155847 -0.437500 0.625000
v 0.155847 -0.437500 0.625000
v 0.155847 0.887248 0.662242
v 0.000000 -1.174391 0.708740
v 0.000000 1.174391 0.708740
v 0.155847 -0.187500 0.625000
v -0.155847 -0.187500 0.625000
v -0.155847 0.887248 0.662242
v 0.103898 1.080105 0.364617
v 0.109275 0.507907 0.282525
v 0.105456 0.517118 0.312934
v -0.103898 1.232504 0.597354
v -0.103898 1.215109 0.559094
v -0.103898 1.188509 0.515738
v -0.109275 0.513292 0.467475
v -0.105456 0.518663 0.437066
v -0.104093 0.520562 0.406196
v 0.000000 0.505208 0.375000
v 0.149353 0.565104 0.375000
v 0.133931 0.540039 0.375000
v -0.149353 0.565104 0.375000
v -0.133931 0.540039 0.375000
v -0.155847 0.887248 0.412506
v 0.155847 0.887248 0.412506
v 0.000000 1.174391 0.470859
v -0.103898 1.053010 0.223481
v -0.103898 1.080105 0.185852
v -0.103898 1.116404 0.151680
v 0.103898 -1.080105 0.185852
v -0.151994 0.479792 0.187066
v -0.142420 -0.481323 0.217475
v -0.151994 -0.479792 0.187066
v -0.155365 -0.479245 0.156196
v -0.103898 -1.232505 0.029315
v -0.103898 -1.215109 0.058877
v -0.103898 -1.188509 0.088933
v 0.103898 1.215109 0.058877
v -0.142420 0.268677 0.222860
v -0.151994 0.270208 0.188611
v -0.142420 -0.268677 0.222860
v -0.151994 -0.270208 0.188611
v -0.155035 -1.054071 0.122991
v -0.149353 -1.096358 0.121838
v -0.133931 -1.130109 0.120686
v 0.155035 -1.054071 0.122991
v 0.149353 -1.096358 0.121838
v 0.133931 -1.130109 0.120686
v -0.155847 -0.375000 0.125000
v 0.155847 -0.375000 0.125000
v 0.000000 1.174391 0.118940
v 0.000000 -1.174391 0.118940
v 0.155847 0.375000 0.125000
v -0.155847 0.375000 0.125000
v -0.103898 -1.053010 -0.223481
v -0.103898 -1.080105 -0.185852
v -0.103898 -1.116404 -0.151680
v 0.103898 1.080105 -0.185852
v 0.142420 0.481323 -0.217475
v 0.151994 0.479792 -0.187066
v 0.151994 -0.479792 -0.187066
v -0.103898 1.232504 -0.029315
v -0.103898 1.215109 -0.058877
v -0.103898 1.188509 -0.088933
v 0.103898 -1.215109 -0.058877
v 0.151994 0.270208 -0.188611
v 0.142420 -0.268677 -0.222860
v 0.151994 -0.270208 -0.188611
v 0.155035 -1.054071 -0.122991
v 0.149353 -1.096358 -0.121838
v 0.133931 -1.130109 -0.120686
v -0.155035 -1.054071 -0.122991
v -0.149353 -1.096358 -0.121838
v -0.133931 -1.130109 -0.120686
v 0.155847 -0.375000 -0.125000
v -0.155847 -0.375000 -0.125000
v -0.155847 0.887248 -0.124868
v -0.155847 0.375000 -0.125000
v 0.155847 0.375000 -0.125000
v 0.155847 0.887248 -0.124868
v 0.000000 -1.174391 -0.118940
v 0.000000 1.174391 -0.118940
v -0.103898 1.053010 -0.313441
v -0.103898 1.080105 -0.364617
v -0.103898 1.116404 -0.416939
v -0.109275 0.507907 -0.282525
v -0.105456 0.517118 -0.312934
v -0.104093 0.520369 -0.343804
v 0.103898 1.215109 -0.559094
v 0.109275 0.513292 -0.467475
v 0.105456 0.518663 -0.437066
v 0.000000 0.505208 -0.375000
v -0.155035 0.594076 -0.375000
v -0.149353 0.565104 -0.375000
v -0.133931 0.540039 -0.375000
v 0.155035 0.594076 -0.375000
v 0.149353 0.565104 -0.375000
v 0.133931 0.540039 -0.375000
v 0.000000 1.174391 -0.470859
v 0.155847 0.887248 -0.412506
v -0.155847 0.887248 -0.412506
v -0.103898 -1.053010 -0.760403
v -0.103898 -1.080105 -0.736321
v -0.103898 -1.116404 -0.720299
v 0.103898 1.080105 -0.736321
v -0.103898 1.232504 -0.655984
v -0.103898 1.215109 -0.676849
v -0.103898 1.188509 -0.693605
v 0.103898 -1.215109 -0.676849
v -0.142420 0.500000 -0.532525
v -0.151994 0.500000 -0.562934
v -0.151994 -0.500000 -0.562934
v -0.155847 0.786003 -0.580502
v -0.142420 0.250000 -0.527140
v -0.151994 0.250000 -0.561389
v -0.151994 -0.250000 -0.561389
v 0.155035 -1.054071 -0.697064
v 0.149353 -1.096358 -0.702569
v 0.133931 -1.130109 -0.705760
v -0.155035 -1.054071 -0.697064
v -0.149353 -1.096358 -0.702569
v -0.133931 -1.130109 -0.705760
v 0.155847 -0.437500 -0.625000
v -0.155847 -0.437500 -0.625000
v -0.155847 0.947126 -0.676243
v -0.155847 0.887248 -0.662242
v -0.155847 0.312500 -0.625000
v 0.155847 0.312500 -0.625000
v 0.000000 1.174391 -0.708740
v 0.000000 -1.174391 -0.708740
v 0.155847 0.947126 -0.676243
v 0.155847 0.887248 -0.662242
v -0.103898 1.052971 -0.850320
v -0.103898 1.079796 -0.914744
v -0.103898 1.115363 -0.984405
v 0.103898 -1.079796 -0.914744
v -0.155847 -0.000000 -0.936257
v -0.155847 0.561879 -0.936257
v -0.099449 -1.205875 -1.165003
v -0.103342 -1.183575 -1.114717
v 0.099449 1.205875 -1.165003
v 0.133931 -0.000000 -1.216589
v 0.149353 -0.000000 -1.184247
v 0.155035 -0.000000 -1.140285
v 0.133931 0.628314 -1.216589
v 0.149353 0.624676 -1.184247
v 0.155035 0.617180 -1.140285
v 0.133931 -0.628314 -1.216589
v 0.149353 -0.624676 -1.184247
v 0.155035 -0.617180 -1.140285
v 0.133931 0.795425 -1.020528
v 0.149353 0.792482 -0.991538
v 0.155035 0.788381 -0.957100
v -0.155847 0.769290 -0.837791
v 0.133931 0.265142 -1.020528
v 0.149353 0.264161 -0.991538
v 0.155035 0.262794 -0.957100
v 0.133931 -0.265142 -1.020528
v 0.149353 -0.264161 -0.991538
v 0.133931 -0.795425 -1.020528
v 0.149353 -0.792482 -0.991538
v 0.155035 -0.788381 -0.957100
v -0.155035 -1.045006 -1.015123
v -0.149353 -1.089260 -1.031768
v -0.133931 -1.125442 -1.044297
v 0.155035 -1.045006 -1.015123
v 0.149353 -1.089260 -1.031768
v 0.133931 -1.125442 -1.044297
v -0.155847 -0.530225 -1.059001
v 0.155847 -0.530225 -1.059001
v -0.155847 0.092787 -1.033648
v -0.155847 0.061775 -1.059001
v -0.155847 0.030863 -1.076650
v 0.155847 0.092787 -1.033648
v 0.155847 0.061775 -1.059001
v 0.155847 0.030863 -1.076650
v -0.155847 0.672111 -1.033648
v -0.155847 0.653776 -1.059001
v -0.155847 0.631688 -1.076650
v 0.155847 0.672111 -1.033648
v 0.155847 0.653776 -1.059001
v 0.155847 0.631688 -1.076650
v 0.155847 0.938228 -0.969131
v 0.155847 0.881490 -0.944770
v 0.155847 0.828250 -0.926261
v 0.000000 -1.173774 -1.059976
v 0.000000 1.173774 -1.059976
v 0.155847 -0.188148 -0.946004
v 0.155847 0.347354 -0.946004
v 0.155847 -0.704607 -0.973297
v 0.155847 -0.723650 -0.946004
v -0.155847 -0.704607 -0.973297
v -0.155847 -0.723650 -0.946004
v -0.155847 0.347354 -0.946004
v -0.155847 -0.188148 -0.946004
v -0.155847 0.938228 -0.969131
v -0.155847 0.881490 -0.944770
v -0.155847 0.828250 -0.926261
v -0.103898 0.850320 1.052971
v -0.103898 0.914744 1.079796
v -0.103898 0.984405 1.115363
v -0.099449 1.165002 -1.205875
v -0.103342 1.114717 -1.183575
v 0.099449 1.165003 -1.205875
v 0.099449 1.165002 1.205875
v 0.133931 1.216589 -0.000000
v 0.149353 1.184247 -0.000000
v 0.155035 1.140284 -0.000000
v -0.133931 1.216589 -0.000000
v -0.149353 1.184247 -0.000000
v -0.155035 1.140284 -0.000000
v -0.133931 1.216589 0.628314
v -0.149353 1.184247 0.624676
v -0.155035 1.140284 0.617180
v 0.133931 1.216589 0.628314
v 0.149353 1.184247 0.624676
v 0.155035 1.140284 0.617180
v 0.133931 1.216589 -0.628314
v 0.149353 1.184247 -0.624676
v 0.155035 1.140284 -0.617180
v -0.133931 1.216589 -0.628314
v -0.149353 1.184247 -0.624676
v -0.155035 1.140284 -0.617180
v -0.133931 1.020528 0.795425
v -0.149353 0.991538 0.792482
v -0.155035 0.957100 0.788381
v 0.133931 1.020528 0.795425
v 0.149353 0.991538 0.792482
v 0.155035 0.957100 0.788381
v 0.133931 1.020528 0.265142
v 0.149353 0.991538 0.264161
v 0.155035 0.957100 0.262794
v -0.133931 1.020528 0.265142
v -0.149353 0.991538 0.264161
v -0.155035 0.957100 0.262794
v -0.133931 1.020528 -0.265142
v -0.149353 0.991538 -0.264161
v -0.155035 0.957100 -0.262794
v 0.133931 1.020528 -0.265142
v 0.149353 0.991538 -0.264161
v 0.155035 0.957100 -0.262794
v 0.133931 1.020528 -0.795425
v 0.149353 0.991538 -0.792482
v 0.155035 0.957100 -0.788381
v -0.133931 1.020528 -0.795425
v -0.149353 0.991538 -0.792482
v -0.155035 0.957100 -0.788381
v -0.133931 1.125442 1.044297
v -0.149353 1.089260 1.031769
v -0.155035 1.045006 1.015123
v 0.133931 1.125442 1.044297
v 0.149353 1.089260 1.031768
v 0.155035 1.045006 1.015123
v 0.133931 1.130109 0.705760
v 0.149353 1.096358 0.702569
v 0.155035 1.054071 0.697064
v -0.133931 1.130110 0.705760
v -0.149353 1.096358 0.702569
v -0.155035 1.054071 0.697064
v -0.133931 1.130109 0.464389
v -0.149353 1.096358 0.458893
v -0.155035 1.054071 0.451082
v 0.133931 1.130110 0.464389
v 0.149353 1.096358 0.458893
v 0.155035 1.054071 0.451082
v 0.133931 1.130109 0.120686
v 0.149353 1.096358 0.121838
v -0.133931 1.130110 0.120686
v -0.149353 1.096358 0.121838
v -0.133931 1.130109 -0.120686
v -0.149353 1.096358 -0.121838
v -0.155035 1.054071 -0.122991
v 0.133931 1.130110 -0.120686
v 0.149353 1.096358 -0.121838
v 0.155035 1.054071 -0.122991
v 0.133931 1.130109 -0.464389
v 0.149353 1.096358 -0.458893
v 0.155035 1.054071 -0.451082
v -0.133931 1.130110 -0.464389
v -0.149353 1.096358 -0.458893
v -0.155035 1.054071 -0.451082
v -0.133931 1.130109 -0.705760
v -0.149353 1.096358 -0.702569
v -0.155035 1.054071 -0.697064
v 0.133931 1.130110 -0.705760
v 0.149353 1.096358 -0.702569
v 0.155035 1.054071 -0.697064
v 0.133931 1.125442 -1.044297
v 0.149353 1.089260 -1.031769
v 0.155035 1.045006 -1.015123
v -0.133931 1.125442 -1.044297
v -0.149353 1.089260 -1.031768
v -0.155035 1.045006 -1.015123
v -0.155847 0.926261 -0.828250
v -0.155847 0.944769 -0.881490
v -0.155847 0.969131 -0.938228
v 0.133931 1.044297 -1.125442
v 0.149353 1.031769 -1.089260
v 0.155035 1.015123 -1.045006
v 0.155847 0.926415 -0.748702
v 0.155847 0.946004 -0.723650
v 0.155847 0.973297 -0.704607
v -0.155847 1.076650 -0.631688
v -0.155847 1.059001 -0.653776
v -0.155847 1.033648 -0.672111
v -0.155847 0.926415 -0.302713
v -0.155847 0.946004 -0.347354
v -0.155847 0.973297 -0.393690
v 0.155847 1.076650 -0.569962
v 0.155847 1.059001 -0.530225
v 0.155847 1.033648 -0.486537
v 0.155847 0.926415 -0.222994
v 0.155847 0.946004 -0.188148
v 0.155847 0.973297 -0.155458
v -0.155847 1.076650 -0.030863
v -0.155847 1.059001 -0.061775
v -0.155847 1.033648 -0.092787
v -0.155847 0.926415 0.222994
v -0.155847 0.946004 0.188148
v 0.155847 1.059001 0.061775
v 0.155847 0.926415 0.302713
v 0.155847 0.946004 0.347354
v 0.155847 0.973297 0.393690
v -0.155847 1.076650 0.569962
v -0.155847 1.059001 0.530225
v -0.155847 1.033648 0.486537
v -0.155847 0.946004 0.723650
v 0.155847 1.076650 0.631688
v 0.155847 1.059001 0.653776
v 0.155847 1.033648 0.672111
v 0.155847 0.926261 0.828250
v 0.155847 0.944769 0.881490
v 0.155847 0.969131 0.938228
v -0.133931 1.044297 1.125442
v -0.149353 1.031769 1.089260
v -0.155035 1.015123 1.045006
v -0.155847 0.973297 -0.704607
v -0.155847 0.946004 -0.723650
v -0.155847 0.926415 -0.748702
v 0.155847 0.969131 -0.938228
v 0.155847 0.944769 -0.881490
v 0.155847 0.926261 -0.828250
v 0.155847 0.973297 -0.393690
v 0.155847 0.946004 -0.347354
v 0.155847 0.926415 -0.302713
v -0.155847 0.973297 -0.155458
v -0.155847 0.946004 -0.188148
v -0.155847 0.926415 -0.222994
v -0.155847 0.973297 0.393690
v -0.155847 0.946004 0.347354
v -0.155847 0.926415 0.302713
v 0.155847 0.946004 0.188148
v 0.155847 0.926415 0.222994
v 0.155847 0.946004 0.723650
v -0.155847 0.969131 0.938228
v -0.155847 0.944769 0.881490
v -0.155847 0.926261 0.828250
v -0.155847 1.033648 -0.486537
v -0.155847 1.059001 -0.530225
v -0.155847 1.076650 -0.569962
v 0.155847 1.033648 -0.672111
v 0.155847 1.059001 -0.653776
v 0.155847 1.076650 -0.631688
v 0.155847 1.033648 0.486537
v 0.155847 1.059001 0.530225
v 0.155847 1.076650 0.569962
v -0.155847 1.033648 0.672111
v -0.155847 1.059001 0.653776
v -0.155847 1.076650 0.631688
v -0.155847 1.059001 0.061775
v 0.155847 1.033648 -0.092787
v 0.155847 1.059001 -0.061775
v 0.155847 1.076650 -0.030863
v 0.000000 1.059976 1.173774
v 0.155035 1.015123 1.045006
v 0.149353 1.031769 1.089260
v 0.133931 1.044297 1.125442
v 0.000000 1.059976 -1.173774
v -0.155035 1.015123 -1.045006
v -0.149353 1.031769 -1.089260
v -0.133931 1.044297 -1.125442
v -0.103898 0.760403 -1.053010
v -0.103898 0.736321 -1.080105
v -0.103898 0.720299 -1.116404
v 0.103898 0.736321 -1.080105
v 0.103898 0.736321 1.080105
v -0.103898 0.655984 1.232505
v -0.103898 0.676849 1.215109
v -0.103898 0.693605 1.188509
v 0.155847 0.748702 0.926415
v 0.155847 0.723650 0.946004
v 0.155847 0.704607 0.973297
v -0.155847 0.748702 0.926415
v -0.155847 0.723650 0.946004
v -0.155847 0.704607 0.973297
v -0.155847 0.748702 -0.926415
v -0.155847 0.723650 -0.946004
v -0.155847 0.704607 -0.973297
v 0.155847 0.748702 -0.926415
v 0.155847 0.723650 -0.946004
v 0.155847 0.704607 -0.973297
v 0.133931 0.705760 -1.130110
v 0.149353 0.702569 -1.096358
v 0.155035 0.697064 -1.054071
v -0.155847 0.662242 -0.887248
v -0.155847 0.676243 -0.947126
v 0.155847 0.625000 -0.437500
v -0.155847 0.625000 -0.312500
v -0.133931 0.705760 1.130110
v -0.149353 0.702569 1.096358
v -0.155035 0.697064 1.054071
v 0.155847 0.662242 0.887248
v 0.155847 0.676243 0.947126
v -0.155035 0.697064 -1.054071
v -0.149353 0.702569 -1.096358
v -0.133931 0.705760 -1.130109
v 0.000000 0.708740 -1.174391
v 0.155035 0.697064 1.054071
v 0.149353 0.702569 1.096358
v 0.133931 0.705760 1.130109
v 0.000000 0.708740 1.174391
v -0.155847 0.625000 -0.437500
v -0.155847 0.676243 0.947125
v -0.155847 0.662242 0.887248
v 0.155847 0.625000 -0.312500
v 0.155847 0.676243 -0.947125
v 0.155847 0.662242 -0.887248
v -0.103898 0.597354 -1.232504
v -0.103898 0.559094 -1.215109
v -0.103898 0.515738 -1.188509
v 0.103898 0.559094 -1.215109
v 0.109275 0.467475 -0.513292
v 0.105456 0.437066 -0.518663
v -0.109275 0.467475 -0.513292
v -0.105456 0.437066 -0.518663
v -0.104093 0.406196 -0.520562
v -0.155847 0.437500 -0.625000
v 0.155847 0.437500 -0.625000
v 0.155847 0.569962 -1.076650
v 0.155847 0.530225 -1.059001
v -0.155847 0.569962 -1.076650
v -0.155847 0.530225 -1.059001
v 0.133931 0.464389 -1.130109
v 0.149353 0.458893 -1.096358
v 0.155035 0.451082 -1.054071
v -0.133931 0.375000 -0.540039
v -0.149353 0.375000 -0.565104
v 0.000000 0.375000 -0.505208
v -0.155035 0.451082 -1.054071
v -0.149353 0.458893 -1.096358
v -0.133931 0.464389 -1.130110
v 0.000000 0.470859 -1.174391
v 0.149353 0.375000 -0.565104
v 0.133931 0.375000 -0.540039
v -0.103898 0.223481 -1.053010
v -0.103898 0.185852 -1.080105
v -0.103898 0.151680 -1.116404
v 0.103898 0.185852 -1.080105
v 0.103898 0.185852 1.080105
v -0.151994 0.187066 0.479792
v 0.151994 0.187066 0.479792
v 0.142420 0.217475 -0.481323
v 0.151994 0.187066 -0.479792
v -0.142420 0.217475 -0.481323
v -0.151994 0.187066 -0.479792
v -0.142420 0.222860 0.268677
v -0.151994 0.188611 0.270208
v 0.142420 0.222860 0.268677
v 0.151994 0.188611 0.270208
v 0.151994 0.188611 -0.270208
v -0.151994 0.188611 -0.270208
v -0.103898 0.029315 1.232505
v -0.103898 0.058877 1.215109
v -0.103898 0.088933 1.188509
v 0.155847 0.222994 0.926415
v 0.155847 0.188148 0.946004
v 0.155847 0.155458 0.973297
v -0.155847 0.222994 0.926415
v -0.155847 0.188148 0.946004
v -0.155847 0.155458 0.973297
v 0.155847 0.187500 -0.625000
v -0.155847 0.187500 -0.625000
v -0.155847 0.188148 -0.946004
v 0.155847 0.188148 -0.946004
v 0.133931 0.120686 -1.130110
v 0.149353 0.121838 -1.096358
v 0.155035 0.122991 -1.054071
v -0.155847 0.124868 -0.887248
v -0.155847 0.125000 -0.559896
v -0.133931 0.120686 1.130110
v -0.149353 0.121838 1.096358
v -0.155035 0.122991 1.054071
v 0.155847 0.124868 0.887248
v 0.155847 0.124555 0.947126
v -0.155847 0.125000 -0.375000
v 0.155847 0.125000 -0.559896
v 0.000000 0.118940 1.174391
v 0.155035 0.122991 1.054071
v 0.149353 0.121838 1.096358
v 0.133931 0.120686 1.130109
v 0.000000 0.118940 -1.174391
v -0.155035 0.122991 -1.054071
v -0.149353 0.121838 -1.096358
v -0.133931 0.120686 -1.130109
v -0.155847 0.124555 0.947125
v -0.155847 0.124868 0.887248
v 0.155847 0.125000 -0.375000
v 0.155847 0.124868 -0.887248
v -0.103898 -0.223481 1.053010
v -0.103898 -0.185852 1.080105
v -0.103898 -0.151680 1.116404
v -0.103898 -0.029315 -1.232504
v -0.103898 -0.058877 -1.215109
v -0.103898 -0.088933 -1.188509
v 0.103898 -0.058877 -1.215109
v 0.103898 -0.058877 1.215109
v -0.155847 -0.061775 1.059001
v 0.155847 -0.061775 1.059001
v 0.155847 -0.030863 -1.076650
v 0.155847 -0.061775 -1.059001
v 0.155847 -0.092787 -1.033648
v -0.155847 -0.030863 -1.076650
v -0.155847 -0.061775 -1.059001
v -0.155847 -0.092787 -1.033648
v -0.155847 -0.124868 -0.887248
v 0.133931 -0.120686 -1.130109
v 0.149353 -0.121838 -1.096358
v 0.155035 -0.122991 -1.054071
v 0.155847 -0.125000 0.559896
v -0.133931 -0.120686 1.130109
v -0.149353 -0.121838 1.096358
v -0.155035 -0.122991 1.054071
v 0.155847 -0.124868 -0.887248
v -0.155847 -0.125000 0.375000
v -0.155035 -0.122991 -1.054071
v -0.149353 -0.121838 -1.096358
v -0.133931 -0.120686 -1.130110
v 0.000000 -0.118940 -1.174391
v 0.155035 -0.122991 1.054071
v 0.149353 -0.121838 1.096358
v 0.133931 -0.120686 1.130110
v 0.000000 -0.118940 1.174391
v -0.155847 -0.125000 0.559896
v 0.155847 -0.125000 0.375000
v -0.103898 -0.313441 -1.053010
v -0.103898 -0.364617 -1.080105
v -0.103898 -0.416938 -1.116404
v 0.103898 -0.364617 -1.080105
v 0.109275 -0.282525 -0.507907
v 0.105456 -0.312934 -0.517118
v -0.109275 -0.282525 -0.507907
v -0.105456 -0.312934 -0.517118
v -0.104093 -0.343804 -0.520369
v -0.155847 -0.347354 -0.946004
v 0.155847 -0.347354 -0.946004
v 0.133931 -0.464389 -1.130110
v 0.149353 -0.458893 -1.096358
v -0.133931 -0.375000 -0.540039
v -0.149353 -0.375000 -0.565104
v 0.000000 -0.375000 -0.505208
v 0.149353 -0.375000 -0.565104
v 0.133931 -0.375000 -0.540039
v 0.000000 -0.470859 -1.174391
v -0.149353 -0.458893 -1.096358
v -0.133931 -0.464389 -1.130109
v -0.103898 -0.760403 1.053010
v -0.103898 -0.736321 1.080105
v -0.103898 -0.720299 1.116404
v -0.103898 -0.655984 -1.232504
v -0.103898 -0.676849 -1.215109
v -0.103898 -0.693605 -1.188509
v 0.103898 -0.676849 -1.215109
v 0.103898 -0.676849 1.215109
v -0.151994 -0.562934 0.500000
v 0.151994 -0.562934 0.500000
v 0.142420 -0.532525 -0.500000
v 0.151994 -0.562934 -0.500000
v -0.142420 -0.532525 -0.500000
v -0.151994 -0.562934 -0.500000
v 0.142420 -0.527140 0.250000
v 0.151994 -0.561389 0.250000
v -0.142420 -0.527140 0.250000
v -0.151994 -0.561389 0.250000
v -0.151994 -0.561389 -0.250000
v 0.151994 -0.561389 -0.250000
v -0.155847 -0.631688 1.076650
v -0.155847 -0.653776 1.059001
v -0.155847 -0.672111 1.033648
v 0.155847 -0.631688 1.076650
v 0.155847 -0.653776 1.059001
v 0.155847 -0.672111 1.033648
v 0.155847 -0.559896 0.125000
v -0.155847 -0.559896 0.125000
v 0.155847 -0.653776 -1.059001
v 0.155847 -0.672111 -1.033648
v -0.155847 -0.653776 -1.059001
v -0.155847 -0.672111 -1.033648
v -0.155847 -0.662242 -0.887248
v -0.155847 -0.676243 -0.947126
v 0.133931 -0.705760 -1.130109
v 0.149353 -0.702569 -1.096358
v 0.155035 -0.697064 -1.054071
v 0.155847 -0.662242 0.887248
v -0.133931 -0.705760 1.130109
v -0.149353 -0.702569 1.096358
v -0.155035 -0.697064 1.054071
v 0.155847 -0.676243 -0.947125
v 0.155847 -0.662242 -0.887248
v 0.155847 -0.625000 -0.312500
v -0.155847 -0.625000 0.312500
v -0.155847 -0.662242 0.887248
v -0.155847 -0.625000 -0.437500
v 0.155847 -0.625000 0.437500
v 0.000000 -0.708740 1.174391
v 0.155035 -0.697064 1.054071
v 0.149353 -0.702569 1.096358
v 0.133931 -0.705760 1.130110
v 0.000000 -0.708740 -1.174391
v -0.155035 -0.697064 -1.054071
v -0.149353 -0.702569 -1.096358
v -0.133931 -0.705760 -1.130110
v 0.103898 -0.364617 1.080105
v -0.109275 -0.282525 0.507907
v -0.105456 -0.312934 0.517118
v -0.104093 -0.343804 0.520369
v 0.109275 -0.282525 0.507907
v 0.105456 -0.312934 0.517118
v -0.103898 -0.597354 1.232505
v -0.103898 -0.559094 1.215109
v -0.103898 -0.515738 1.188509
v 0.155847 -0.347354 0.946004
v 0.155847 -0.393690 0.973297
v -0.155847 -0.347354 0.946004
v -0.155847 -0.393690 0.973297
v -0.155847 -0.312500 0.625000
v 0.155847 -0.312500 0.625000
v 0.133931 -0.375000 0.540039
v 0.149353 -0.375000 0.565104
v -0.133931 -0.464389 1.130110
v -0.149353 -0.458893 1.096358
v -0.155035 -0.451082 1.054071
v 0.155847 -0.412506 0.887248
v 0.000000 -0.375000 0.505208
v -0.149353 -0.375000 0.565104
v -0.133931 -0.375000 0.540039
v 0.000000 -0.470859 1.174391
v 0.155035 -0.451082 1.054071
v 0.149353 -0.458893 1.096358
v 0.133931 -0.464389 1.130109
v -0.155847 -0.412506 0.887248
v -0.103898 0.313441 1.053010
v -0.103898 0.364617 1.080105
v -0.103898 0.416938 1.116404
v 0.103898 0.559094 1.215109
v -0.109275 0.467475 0.513292
v -0.105456 0.437066 0.518663
v -0.104093 0.406196 0.520562
v 0.109275 0.467475 0.513292
v 0.105456 0.437066 0.518663
v -0.155847 0.530225 1.059001
v 0.155847 0.530225 1.059001
v 0.155847 0.437500 0.625000
v -0.155847 0.437500 0.625000
v 0.133931 0.375000 0.540039
v 0.149353 0.375000 0.565104
v 0.155847 0.412506 0.887248
v -0.133931 0.464389 1.130109
v -0.149353 0.458893 1.096358
v -0.155035 0.451082 1.054071
v 0.000000 0.375000 0.505208
v -0.155847 0.412506 0.887248
v 0.155035 0.451082 1.054071
v 0.149353 0.458893 1.096358
v 0.133931 0.464389 1.130110
v 0.000000 0.470859 1.174391
v -0.149353 0.375000 0.565104
v -0.133931 0.375000 0.540039
v -0.103898 -0.850320 -1.052971
v -0.103898 -0.914744 -1.079796
v -0.103898 -0.984405 -1.115363
v 0.103898 -0.914744 -1.079796
v 0.103898 -0.914744 1.079796
v 0.155847 -0.936257 -0.561879
v -0.155847 -0.936257 -0.561879
v -0.099449 -1.165003 1.205875
v -0.103342 -1.114717 1.183575
v 0.155847 -0.828250 0.926261
v 0.155847 -0.881490 0.944769
v -0.155847 -0.828250 0.926261
v -0.155847 -0.881490 0.944770
v -0.155847 -0.887248 0.662242
v 0.155847 -0.887248 0.662242
v -0.155847 -0.887248 0.124868
v 0.155847 -0.887248 0.124868
v 0.155847 -0.887248 -0.662242
v -0.155847 -0.887248 -0.662242
v -0.155847 -0.881490 -0.944769
v 0.155847 -0.881490 -0.944770
v 0.133931 -1.044297 -1.125442
v 0.149353 -1.031769 -1.089260
v 0.155035 -1.015123 -1.045006
v -0.155847 -0.944769 -0.881490
v -0.155847 -1.076650 -0.631688
v -0.155847 -1.059001 -0.653776
v -0.155847 -1.033648 -0.672111
v 0.155847 -0.946004 -0.723650
v -0.155847 -1.059001 -0.061775
v 0.155847 -0.946004 -0.188148
v 0.155847 -1.059001 0.061775
v 0.155847 -1.033648 0.092787
v -0.155847 -0.946004 0.188148
v 0.155847 -1.059001 0.653776
v 0.155847 -1.033648 0.672111
v -0.155847 -0.946004 0.723650
v -0.155847 -0.973297 0.704607
v -0.133931 -1.044297 1.125442
v -0.149353 -1.031769 1.089260
v -0.155035 -1.015123 1.045006
v 0.155847 -0.944769 0.881490
v -0.155035 -1.015123 -1.045006
v -0.149353 -1.031769 -1.089260
v -0.133931 -1.044297 -1.125442
v 0.000000 -1.059976 -1.173774
v 0.155035 -1.015123 1.045006
v 0.149353 -1.031769 1.089260
v 0.133931 -1.044297 1.125442
v 0.000000 -1.059976 1.173774
v 0.155847 -1.059001 -0.061775
v -0.155847 -1.033648 0.092787
v -0.155847 -1.059001 0.061775
v -0.155847 -1.033648 0.672111
v -0.155847 -1.059001 0.653776
v 0.155847 -1.059001 0.530225
v 0.155847 -1.033648 -0.672111
v 0.155847 -1.059001 -0.653776
v 0.155847 -1.076650 -0.631688
v -0.155847 -1.059001 -0.530225
v -0.155847 -0.944769 0.881490
v 0.155847 -0.973297 0.704607
v 0.155847 -0.946004 0.723650
v 0.155847 -0.946004 0.188148
v -0.155847 -0.946004 0.347354
v -0.155847 -0.946004 -0.188148
v 0.155847 -0.946004 -0.347354
v 0.155847 -0.944769 -0.881490
v -0.155847 -0.946004 -0.723650
v 0.103898 -1.080105 -0.364617
v -0.109275 -0.507907 -0.282525
v -0.105456 -0.517118 -0.312934
v -0.104093 -0.520369 -0.343804
v -0.103898 -1.232504 -0.597354
v -0.103898 -1.215109 -0.559094
v -0.103898 -1.188509 -0.515738
v 0.109275 -0.513292 -0.467475
v 0.105456 -0.518663 -0.437066
v 0.155847 -0.625000 -0.437500
v -0.155847 -0.625000 -0.312500
v -0.155847 -0.946004 -0.347354
v 0.155847 -1.059001 -0.530225
v 0.155035 -1.054071 -0.451082
v 0.149353 -1.096358 -0.458893
v 0.133931 -1.130109 -0.464389
v -0.155035 -1.054071 -0.451082
v -0.149353 -1.096358 -0.458893
v -0.133931 -1.130109 -0.464389
v 0.000000 -0.505208 -0.375000
v 0.000000 -1.174391 -0.470859
v 0.133931 -0.540039 -0.375000
v 0.149353 -0.565104 -0.375000
v -0.133931 -0.540039 -0.375000
v -0.149353 -0.565104 -0.375000
v -0.103898 -1.053010 0.313441
v -0.103898 -1.080105 0.364617
v -0.103898 -1.116404 0.416938
v 0.109275 -0.507907 0.282525
v 0.105456 -0.517118 0.312934
v 0.103898 -1.215109 0.559094
v -0.109275 -0.513292 0.467475
v -0.105456 -0.518663 0.437066
v -0.104093 -0.520562 0.406196
v -0.155847 -0.625000 0.437500
v 0.155847 -0.625000 0.312500
v 0.155847 -0.946004 0.347354
v -0.155847 -1.059001 0.530225
v -0.155035 -1.054071 0.451082
v -0.149353 -1.096358 0.458893
v -0.133931 -1.130109 0.464389
v 0.155035 -1.054071 0.451082
v 0.149353 -1.096358 0.458893
v 0.133931 -1.130109 0.464389
v 0.000000 -0.505208 0.375000
v -0.133931 -0.540039 0.375000
v -0.149353 -0.565104 0.375000
v 0.133931 -0.540039 0.375000
v 0.149353 -0.565104 0.375000
v 0.000000 -1.174391 0.470859
v -0.154227 1.069885 -1.069885
v -0.148572 1.117093 -1.089580
v -0.133222 1.155390 -1.104370
v -0.148572 1.089580 -1.117093
v -0.143100 1.138739 -1.138739
v -0.128264 1.177621 -1.154212
v -0.133222 1.104370 -1.155390
v -0.128264 1.154212 -1.177621
v -0.115024 1.191419 -1.191419
v -0.056513 1.121010 -1.200665
v 0.000000 1.175207 -1.229341
v 0.154227 1.069885 1.069885
v 0.148572 1.117093 1.089580
v 0.133222 1.155390 1.104370
v 0.148572 1.089580 1.117093
v 0.143100 1.138739 1.138739
v 0.128264 1.177621 1.154212
v 0.133222 1.104370 1.155390
v 0.128264 1.154212 1.177621
v 0.115024 1.191419 1.191419
v 0.000000 1.175207 1.229341
v -0.056513 1.121010 1.200665
v -0.056513 -1.200665 1.121010
v 0.000000 -1.229341 1.175207
v -0.056513 1.200665 1.121010
v 0.000000 1.229341 1.175207
v -0.056819 1.203035 -0.088392
v 0.000000 1.233723 -0.058334
v -0.056819 1.245904 -0.029097
v -0.056819 -1.203035 -0.088392
v 0.000000 -1.233723 -0.058334
v -0.056819 -1.245905 -0.029097
v 0.155035 1.086862 -0.091914
v 0.149353 1.130415 -0.090860
v 0.133931 1.164300 -0.089806
v 0.155035 1.114351 -0.061119
v 0.149353 1.158369 -0.060326
v 0.133931 1.191730 -0.059534
v 0.155035 1.133254 -0.030512
v 0.149353 1.177289 -0.030089
v 0.133931 1.209969 -0.029666
v -0.155035 1.086862 0.091914
v -0.149353 1.130415 0.090860
v -0.133931 1.164300 0.089806
v -0.155035 1.114351 0.061119
v -0.149353 1.158369 0.060326
v -0.133931 1.191730 0.059534
v -0.155035 1.133254 0.030512
v -0.149353 1.177289 0.030089
v -0.133931 1.209969 0.029666
v -0.155035 1.086862 0.682382
v -0.149353 1.130415 0.688620
v -0.133931 1.164300 0.691976
v -0.155035 1.114351 0.665332
v -0.149353 1.158369 0.672063
v -0.133931 1.191730 0.675418
v -0.155035 1.133254 0.644177
v -0.149353 1.177289 0.651286
v -0.133931 1.209969 0.654670
v -0.056819 1.203035 0.517683
v 0.000000 1.233723 0.561132
v -0.056819 1.245904 0.598412
v -0.056819 -1.203035 0.517683
v 0.000000 -1.233723 0.561132
v -0.056819 -1.245905 0.598412
v 0.155035 1.086862 0.498555
v 0.149353 1.130415 0.506900
v 0.133931 1.164300 0.512363
v 0.155035 1.114351 0.543095
v 0.149353 1.158369 0.551410
v 0.133931 1.191730 0.556351
v 0.155035 1.133254 0.583152
v 0.149353 1.177289 0.591108
v 0.133931 1.209969 0.595338
v 0.155035 1.086862 -0.682382
v 0.149353 1.130415 -0.688620
v 0.133931 1.164300 -0.691976
v 0.155035 1.114351 -0.665332
v 0.149353 1.158369 -0.672063
v 0.133931 1.191730 -0.675418
v 0.155035 1.133254 -0.644177
v 0.149353 1.177289 -0.651286
v 0.133931 1.209969 -0.654670
v -0.056819 -1.203035 -0.694466
v 0.000000 -1.233723 -0.677799
v -0.056819 -1.245905 -0.656607
v -0.056819 1.203035 -0.694466
v 0.000000 1.233723 -0.677799
v -0.056819 1.245904 -0.656607
v -0.155035 1.086862 -0.498555
v -0.149353 1.130415 -0.506900
v -0.133931 1.164300 -0.512363
v -0.155035 1.114351 -0.543095
v -0.149353 1.158369 -0.551410
v -0.133931 1.191730 -0.556351
v -0.155035 1.133254 -0.583152
v -0.149353 1.177289 -0.591108
v -0.133931 1.209969 -0.595338
v 0.155847 -0.062500 0.375000
v -0.155847 -0.062500 0.559896
v 0.000000 -0.058334 1.233723
v -0.056819 -0.088392 1.203035
v -0.056819 -0.029097 1.245904
v 0.155035 -0.091914 1.086862
v 0.155035 -0.061119 1.114351
v 0.155035 -0.030512 1.133253
v 0.149353 -0.090860 1.130415
v 0.149353 -0.060326 1.158369
v 0.149353 -0.030089 1.177290
v 0.133931 -0.089806 1.164300
v 0.133931 -0.059534 1.191730
v 0.133931 -0.029666 1.209969
v -0.056819 -0.088392 -1.203035
v -0.056819 -0.029097 -1.245905
v 0.000000 -0.058334 -1.233723
v -0.155035 -0.091914 -1.086862
v -0.155035 -0.061119 -1.114351
v -0.155035 -0.030512 -1.133253
v -0.149353 -0.090860 -1.130415
v -0.149353 -0.060326 -1.158369
v -0.149353 -0.030089 -1.177290
v -0.133931 -0.089806 -1.164300
v -0.133931 -0.059534 -1.191730
v -0.133931 -0.029666 -1.209969
v 0.155041 0.406250 -0.594069
v 0.149402 0.406250 -0.565050
v 0.149743 0.437500 -0.564670
v 0.134071 0.406243 -0.539876
v 0.135051 0.437446 -0.538737
v 0.137646 0.468635 -0.535923
v -0.155041 0.406250 0.594069
v -0.155192 0.468750 0.593913
v -0.149402 0.406250 0.565050
v -0.149743 0.437500 0.564670
v -0.150609 0.468750 0.563802
v -0.134071 0.406243 0.539876
v -0.135051 0.437446 0.538737
v -0.137646 0.468635 0.535923
v -0.155847 0.375000 0.062500
v 0.155847 0.375000 -0.062500
v 0.000000 0.561132 1.233723
v -0.056819 0.517683 1.203035
v -0.056819 0.598412 1.245904
v 0.155035 0.498555 1.086862
v 0.155035 0.543095 1.114351
v 0.155035 0.583152 1.133253
v 0.149353 0.506900 1.130415
v 0.149353 0.551410 1.158369
v 0.149353 0.591108 1.177290
v 0.133931 0.512363 1.164300
v 0.133931 0.556351 1.191730
v 0.133931 0.595338 1.209969
v -0.056819 0.517683 -1.203035
v -0.056819 0.598412 -1.245905
v 0.000000 0.561132 -1.233723
v -0.155035 0.498555 -1.086862
v -0.155035 0.543095 -1.114351
v -0.155035 0.583152 -1.133253
v -0.149353 0.506900 -1.130415
v -0.149353 0.551410 -1.158369
v -0.149353 0.591108 -1.177290
v -0.133931 0.512363 -1.164300
v -0.133931 0.556351 -1.191730
v -0.133931 0.595338 -1.209969
v -0.155035 -0.682382 -1.086862
v -0.155035 -0.665332 -1.114351
v -0.155035 -0.644177 -1.133253
v -0.149353 -0.688620 -1.130415
v -0.149353 -0.672063 -1.158369
v -0.149353 -0.651286 -1.177290
v -0.133931 -0.691976 -1.164300
v -0.133931 -0.675418 -1.191730
v -0.133931 -0.654670 -1.209969
v -0.056819 -0.694466 -1.203035
v -0.056819 -0.656607 -1.245905
v 0.000000 -0.677799 -1.233723
v 0.155035 -0.682382 1.086862
v 0.155035 -0.665332 1.114351
v 0.155035 -0.644177 1.133253
v 0.149353 -0.688620 1.130415
v 0.149353 -0.672063 1.158369
v 0.149353 -0.651286 1.177290
v 0.133931 -0.691976 1.164300
v 0.133931 -0.675418 1.191730
v 0.133931 -0.654670 1.209969
v 0.000000 -0.677799 1.233723
v -0.056819 -0.694466 1.203035
v -0.056819 -0.656607 1.245905
v -0.155847 -0.559896 0.062500
v -0.155154 -0.562500 0.562500
v 0.155041 -0.594069 0.406250
v 0.149402 -0.565050 0.406250
v 0.134071 -0.539876 0.406243
v 0.149743 -0.564670 0.437500
v 0.135051 -0.538737 0.437446
v 0.155192 -0.593913 0.468750
v 0.150609 -0.563802 0.468750
v 0.137646 -0.535923 0.468635
v 0.155154 -0.562500 -0.562500
v 0.149010 -0.531365 -0.531365
v -0.155041 -0.594069 -0.406250
v -0.149402 -0.565050 -0.406250
v -0.134071 -0.539876 -0.406243
v -0.149743 -0.564670 -0.437500
v -0.135051 -0.538737 -0.437446
v -0.155192 -0.593913 -0.468750
v -0.150609 -0.563802 -0.468750
v -0.137646 -0.535923 -0.468635
v -0.155847 -0.657300 0.971662
v -0.155847 -0.613044 1.007665
v -0.155847 -0.616663 0.921008
v 0.155847 0.439750 0.692000
v -0.155847 0.491845 0.921008
v -0.155847 -0.062409 0.921008
v -0.155035 1.015774 0.954828
v -0.149353 1.056661 0.967864
v -0.133931 1.090340 0.977626
v -0.155035 0.987278 0.893515
v -0.149353 1.024994 0.902907
v -0.133931 1.056354 0.909904
v -0.155035 0.965670 0.836320
v -0.149353 1.001030 0.842560
v -0.133931 1.030684 0.847162
v -0.056819 1.130977 0.721190
v 0.000000 1.098835 0.737395
v -0.056819 1.066526 0.761248
v -0.056819 -1.130977 0.721190
v 0.000000 -1.098835 0.737395
v -0.056819 -1.066526 0.761248
v 0.155035 1.019599 0.711451
v 0.149353 1.059655 0.715961
v 0.133931 1.092309 0.718717
v 0.155035 0.988412 0.728962
v 0.149353 1.025882 0.732589
v 0.133931 1.056938 0.734915
v 0.155035 0.965811 0.753353
v 0.149353 1.001141 0.756686
v 0.133931 1.030757 0.758952
v 0.155581 -0.522517 0.156243
v 0.155154 -0.560052 0.187500
v 0.153720 -0.522910 0.187446
v 0.149010 -0.524066 0.218635
v -0.155041 -0.594064 0.343750
v -0.149402 -0.565015 0.343750
v -0.134071 -0.539770 0.343757
v -0.149743 -0.564392 0.312500
v -0.135051 -0.537884 0.312554
v -0.155192 -0.593806 0.281250
v -0.150609 -0.562949 0.281250
v -0.137646 -0.533181 0.281365
v 0.155198 0.320910 0.156201
v 0.150657 0.320534 0.187105
v 0.150132 0.375000 0.186042
v 0.137786 0.319754 0.216982
v 0.136171 0.375000 0.213418
v 0.137786 0.430246 0.214347
v -0.155847 -0.062500 0.375000
v 0.155035 1.019599 0.154614
v 0.149353 1.059655 0.153581
v 0.133931 1.092309 0.152543
v 0.149353 1.025882 0.187096
v 0.133931 1.056938 0.186427
v 0.155035 0.965811 0.223410
v 0.149353 1.001141 0.223563
v 0.133931 1.030757 0.223554
v -0.056819 -1.130977 0.151145
v 0.000000 -1.098835 0.185374
v -0.056819 -1.066526 0.223427
v -0.056819 1.130977 0.151145
v 0.000000 1.098835 0.185374
v -0.056819 1.066526 0.223427
v -0.155035 1.019599 0.402223
v -0.149353 1.059655 0.408798
v -0.133931 1.092309 0.413631
v -0.155035 0.988412 0.353525
v -0.149353 1.025882 0.358396
v -0.133931 1.056938 0.362062
v -0.155035 0.965811 0.306534
v -0.149353 1.001141 0.309560
v -0.133931 1.030757 0.311844
v -0.155154 -0.560052 -0.187500
v 0.155041 -0.594064 -0.343750
v 0.149402 -0.565015 -0.343750
v 0.134071 -0.539770 -0.343757
v 0.149743 -0.564392 -0.312500
v 0.135051 -0.537884 -0.312554
v 0.137646 -0.533181 -0.281365
v -0.155198 0.429090 -0.156098
v -0.150132 0.375000 -0.186042
v -0.150657 0.429466 -0.186287
v -0.137786 0.319754 -0.216982
v -0.136171 0.375000 -0.213418
v -0.137786 0.430246 -0.214347
v -0.155035 1.019599 -0.154614
v -0.149353 1.059655 -0.153581
v -0.133931 1.092309 -0.152543
v -0.155035 0.988412 -0.187718
v -0.149353 1.025882 -0.187096
v -0.133931 1.056938 -0.186427
v -0.155035 0.965811 -0.223410
v -0.149353 1.001141 -0.223563
v -0.133931 1.030757 -0.223554
v 0.155035 1.019599 -0.402223
v 0.149353 1.059655 -0.408798
v 0.133931 1.092309 -0.413631
v 0.155035 0.988412 -0.353525
v 0.149353 1.025882 -0.358396
v 0.133931 1.056938 -0.362062
v 0.155035 0.965811 -0.306534
v 0.149353 1.001141 -0.309560
v 0.133931 1.030757 -0.311844
v -0.056819 -1.130977 -0.418901
v 0.000000 -1.098835 -0.366648
v -0.056819 -1.066526 -0.314393
v -0.056819 1.130977 -0.418901
v 0.000000 1.098835 -0.366648
v -0.056819 1.066526 -0.314393
v 0.155847 -0.657300 -0.971662
v 0.155847 -0.616663 -0.921008
v -0.155847 0.439750 -0.692000
v 0.155847 0.550871 -1.007665
v 0.155847 0.491845 -0.921008
v 0.155847 -0.093344 -0.971662
v 0.155847 -0.062194 -0.992820
v 0.155847 -0.031087 -1.007665
v 0.155847 -0.062409 -0.921008
v -0.056819 1.130522 -0.988443
v 0.000000 1.098758 -0.918584
v -0.056819 1.066510 -0.852195
v -0.056819 -1.130522 -0.988443
v 0.000000 -1.098758 -0.918584
v -0.056819 -1.066510 -0.852195
v 0.155035 1.015774 -0.954828
v 0.149353 1.056661 -0.967864
v 0.133931 1.090340 -0.977626
v 0.155035 0.987278 -0.893515
v 0.149353 1.024994 -0.902907
v 0.133931 1.056354 -0.909904
v 0.155035 0.965670 -0.836320
v 0.149353 1.001030 -0.842560
v 0.133931 1.030684 -0.847162
v -0.155035 1.019599 -0.711451
v -0.149353 1.059655 -0.715961
v -0.133931 1.092309 -0.718717
v -0.155035 0.988412 -0.728962
v -0.149353 1.025882 -0.732589
v -0.133931 1.056938 -0.734915
v -0.155035 0.965811 -0.753353
v -0.149353 1.001141 -0.756686
v -0.133931 1.030757 -0.758952
v 0.155847 0.695214 -0.922217
v 0.155847 0.716537 -0.900245
v 0.155847 0.742704 -0.884591
v 0.155847 0.708574 -0.853168
v 0.155847 0.689172 -0.313304
v -0.155847 0.689172 0.313304
v -0.155847 0.695214 0.922217
v -0.155847 0.716537 0.900245
v -0.155847 0.742704 0.884591
v -0.155847 0.708574 0.853168
v -0.155847 0.692001 -0.439750
v 0.155847 0.692001 -0.564750
v 0.155847 0.692001 0.439750
v 0.000000 0.737395 1.098835
v -0.056819 0.721190 1.130977
v -0.056819 0.761248 1.066527
v 0.155035 0.711451 1.019599
v 0.155035 0.728962 0.988412
v 0.155035 0.753353 0.965811
v 0.149353 0.715961 1.059655
v 0.149353 0.732589 1.025882
v 0.149353 0.756686 1.001141
v 0.133931 0.718717 1.092309
v 0.133931 0.734915 1.056938
v 0.133931 0.758952 1.030757
v -0.056819 0.721190 -1.130977
v -0.056819 0.761248 -1.066527
v 0.000000 0.737395 -1.098835
v -0.155035 0.711451 -1.019599
v -0.155035 0.728962 -0.988412
v -0.155035 0.753353 -0.965811
v -0.149353 0.715961 -1.059655
v -0.149353 0.732589 -1.025882
v -0.149353 0.756686 -1.001141
v -0.133931 0.718717 -1.092309
v -0.133931 0.734915 -1.056938
v -0.133931 0.758952 -1.030757
v 0.155847 0.188192 -0.853136
v -0.155847 0.187532 -0.689172
v -0.155154 0.189948 -0.189948
v 0.155198 0.156098 -0.429090
v 0.150657 0.186287 -0.429466
v 0.137786 0.214347 -0.430246
v 0.150132 0.186042 -0.375000
v 0.136171 0.213418 -0.375000
v 0.155198 0.156201 -0.320910
v 0.150657 0.187105 -0.320534
v 0.137786 0.216982 -0.319754
v 0.155154 0.189948 0.189948
v 0.149010 0.225934 0.225934
v -0.137786 0.214347 0.430246
v -0.150132 0.186042 0.375000
v -0.136171 0.213418 0.375000
v -0.137786 0.216982 0.319754
v -0.155847 0.155980 0.922217
v -0.155847 0.222263 0.884578
v -0.155847 0.188192 0.853136
v -0.155035 0.154614 -1.019599
v -0.155035 0.187718 -0.988412
v -0.155035 0.223410 -0.965811
v -0.149353 0.153581 -1.059655
v -0.149353 0.187096 -1.025882
v -0.149353 0.223563 -1.001141
v -0.133931 0.152543 -1.092309
v -0.133931 0.186427 -1.056938
v -0.133931 0.223554 -1.030757
v -0.056819 0.151145 -1.130977
v -0.056819 0.223427 -1.066527
v 0.000000 0.185374 -1.098835
v 0.155035 0.154614 1.019599
v 0.155035 0.187718 0.988412
v 0.155035 0.223410 0.965811
v 0.149353 0.153581 1.059655
v 0.149353 0.187096 1.025882
v 0.149353 0.223563 1.001141
v 0.133931 0.152543 1.092309
v 0.133931 0.186427 1.056938
v 0.133931 0.223554 1.030757
v 0.000000 0.185374 1.098835
v -0.056819 0.151145 1.130977
v -0.056819 0.223427 1.066527
v -0.155154 0.187500 0.560052
v 0.137786 0.216982 0.319754
v 0.150132 0.186042 0.375000
v 0.136171 0.213418 0.375000
v 0.137786 0.214347 0.430246
v 0.155581 0.218750 -0.593494
v 0.155154 0.187500 -0.560052
v 0.153720 0.218750 -0.560454
v 0.155581 0.156243 -0.522517
v 0.153720 0.187446 -0.522910
v 0.149010 0.218635 -0.524066
v -0.155198 0.156201 -0.320910
v -0.150657 0.187105 -0.320534
v -0.137786 0.216982 -0.319754
v -0.150132 0.186042 -0.375000
v -0.136171 0.213418 -0.375000
v -0.155198 0.156098 -0.429090
v -0.150657 0.186287 -0.429466
v -0.137786 0.214347 -0.430246
v 0.155847 -0.332126 -0.853136
v -0.155198 -0.320910 -0.156201
v -0.150132 -0.375000 -0.186042
v -0.150657 -0.320534 -0.187105
v -0.137786 -0.430246 -0.214347
v -0.136171 -0.375000 -0.213418
v -0.137786 -0.319754 -0.216982
v 0.155198 -0.429090 0.156098
v 0.155133 -0.375000 0.156068
v 0.155198 -0.320910 0.156201
v 0.150657 -0.429466 0.186287
v 0.150132 -0.375000 0.186042
v 0.150657 -0.320534 0.187105
v 0.137786 -0.430246 0.214347
v 0.136171 -0.375000 0.213418
v 0.137786 -0.319754 0.216982
v -0.155847 -0.383254 0.922217
v -0.155847 -0.332126 0.853136
v 0.155847 -0.313304 0.689172
v -0.155035 -0.402224 -1.019599
v -0.155035 -0.306534 -0.965811
v -0.149353 -0.408798 -1.059655
v -0.149353 -0.358396 -1.025882
v -0.149353 -0.309560 -1.001141
v -0.133931 -0.413631 -1.092309
v -0.133931 -0.362062 -1.056938
v -0.133931 -0.311844 -1.030757
v -0.056819 -0.418901 -1.130977
v -0.056819 -0.314393 -1.066527
v 0.000000 -0.366648 -1.098835
v 0.155035 -0.402224 1.019599
v 0.155035 -0.353525 0.988412
v 0.155035 -0.306534 0.965811
v 0.149353 -0.408798 1.059655
v 0.149353 -0.358396 1.025882
v 0.149353 -0.309560 1.001141
v 0.133931 -0.413631 1.092309
v 0.133931 -0.362062 1.056938
v 0.133931 -0.311844 1.030757
v 0.000000 -0.366648 1.098835
v -0.056819 -0.418901 1.130977
v -0.056819 -0.314393 1.066527
v 0.155847 -0.375000 -0.062500
v -0.155847 -0.375000 0.062500
v -0.155041 -0.343750 0.594064
v -0.155192 -0.281250 0.593806
v -0.149402 -0.343750 0.565015
v -0.149743 -0.312500 0.564392
v -0.150609 -0.281250 0.562949
v -0.134071 -0.343757 0.539770
v -0.135051 -0.312554 0.537884
v -0.137646 -0.281365 0.533181
v 0.149743 -0.312500 -0.564392
v 0.134071 -0.343757 -0.539770
v 0.135051 -0.312554 -0.537884
v 0.137646 -0.281365 -0.533181
v -0.155847 -0.853168 -0.708574
v 0.155847 -0.853027 -0.853027
v 0.155847 -0.853136 -0.332126
v -0.155847 -0.853136 -0.188192
v -0.155847 -0.853136 0.332126
v 0.155847 -0.853136 0.188192
v 0.155847 -0.922217 0.695214
v 0.155847 -0.853168 0.708574
v -0.155847 -0.818531 0.884497
v -0.155847 -0.853027 0.853027
v -0.155847 -0.921008 -0.491845
v 0.155847 -0.971662 -0.657300
v 0.155847 -0.921008 -0.616663
v 0.155847 -1.007665 -0.613044
v 0.155847 -0.921008 0.491845
v -0.155847 -0.971662 0.657300
v -0.155847 -0.921008 0.616663
v -0.155847 -0.971662 0.093344
v -0.155847 -0.921008 0.062409
v 0.155847 -0.921008 -0.062409
v 0.000000 -0.918584 1.098758
v -0.056819 -0.988443 1.130522
v -0.056819 -0.852195 1.066510
v 0.155035 -0.954828 1.015774
v 0.155035 -0.893515 0.987279
v 0.155035 -0.836320 0.965670
v 0.149353 -0.967864 1.056661
v 0.149353 -0.902907 1.024994
v 0.149353 -0.842560 1.001030
v 0.133931 -0.977626 1.090340
v 0.133931 -0.909904 1.056354
v 0.133931 -0.847162 1.030684
v -0.056819 -0.988443 -1.130522
v -0.056819 -0.852195 -1.066510
v 0.000000 -0.918584 -1.098758
v -0.155035 -0.954828 -1.015774
v -0.155035 -0.893515 -0.987279
v -0.155035 -0.836320 -0.965670
v -0.149353 -0.967864 -1.056661
v -0.149353 -0.902907 -1.024994
v -0.149353 -0.842560 -1.001030
v -0.133931 -0.977626 -1.090340
v -0.133931 -0.909904 -1.056354
v -0.133931 -0.847162 -1.030684
v 0.060241 0.250260 -0.426055
v -0.060241 0.250260 -0.426055
v 0.000000 0.252292 -0.375000
v 0.060241 0.257243 -0.323945
v -0.060241 0.257243 -0.323945
v 0.060107 0.464240 -0.500319
v 0.000000 0.435764 -0.502604
v -0.056953 0.406094 -0.508796
v -0.060107 0.464240 -0.500319
v 0.060241 0.323945 -0.257243
v -0.060241 0.323945 -0.257243
v 0.000000 0.375000 -0.252292
v 0.060241 0.426055 -0.250260
v -0.060241 0.426055 -0.250260
v -0.056953 0.508796 -0.406094
v -0.060107 0.500319 -0.464240
v 0.000000 0.502604 -0.435764
v 0.060107 0.500319 -0.464240
v -0.060241 0.323945 0.257243
v 0.060241 0.323945 0.257243
v 0.000000 0.375000 0.252292
v -0.060241 0.426055 0.250260
v 0.060241 0.426055 0.250260
v -0.056953 0.406094 0.508796
v -0.060107 0.464240 0.500319
v 0.000000 0.435764 0.502604
v 0.060107 0.464240 0.500319
v -0.060241 0.250260 0.426055
v 0.060241 0.250260 0.426055
v 0.000000 0.252292 0.375000
v -0.060241 0.257243 0.323945
v 0.060241 0.257243 0.323945
v 0.060107 0.500319 0.464240
v 0.000000 0.502604 0.435764
v -0.056953 0.508796 0.406094
v -0.060107 0.500319 0.464240
v -0.056953 -0.508796 0.406094
v 0.000000 -0.502604 0.435764
v 0.060107 -0.500319 0.464240
v -0.060107 -0.500319 0.464240
v -0.060241 -0.426055 0.250260
v 0.060241 -0.426055 0.250260
v 0.000000 -0.375000 0.252292
v -0.060241 -0.323945 0.257243
v 0.060241 -0.323945 0.257243
v -0.056953 -0.343906 0.508536
v -0.060107 -0.285760 0.493076
v 0.000000 -0.314236 0.500313
v 0.060107 -0.285760 0.493076
v -0.060241 -0.250260 0.426055
v -0.060241 -0.257243 0.323945
v 0.000000 -0.252292 0.375000
v 0.060241 -0.250260 0.426055
v 0.060241 -0.257243 0.323945
v 0.060241 -0.250260 -0.426055
v 0.060241 -0.257243 -0.323945
v 0.000000 -0.252292 -0.375000
v -0.060241 -0.250260 -0.426055
v -0.060241 -0.257243 -0.323945
v 0.060107 -0.285760 -0.493076
v 0.000000 -0.314236 -0.500313
v -0.056953 -0.343906 -0.508536
v -0.060107 -0.285760 -0.493076
v 0.060241 -0.426055 -0.250260
v -0.060241 -0.426055 -0.250260
v 0.000000 -0.375000 -0.252292
v 0.060241 -0.323945 -0.257243
v -0.060241 -0.323945 -0.257243
v -0.056953 -0.508796 -0.406094
v 0.000000 -0.502604 -0.435764
v -0.060107 -0.500319 -0.464240
v 0.060107 -0.500319 -0.464240
v 0.155847 -0.853027 0.853027
v 0.155847 -0.818531 0.884497
v -0.133931 -0.977626 1.090340
v -0.133931 -0.909904 1.056354
v -0.133931 -0.847162 1.030684
v -0.149353 -0.967864 1.056661
v -0.149353 -0.902907 1.024994
v -0.149353 -0.842560 1.001030
v -0.155035 -0.954828 1.015775
v -0.155035 -0.893515 0.987278
v -0.155035 -0.836320 0.965670
v 0.155847 -0.332126 0.853136
v 0.155847 -0.383254 0.922217
v -0.133931 -0.413631 1.092309
v -0.133931 -0.362062 1.056938
v -0.133931 -0.311844 1.030757
v -0.149353 -0.408798 1.059655
v -0.149353 -0.358396 1.025882
v -0.149353 -0.309560 1.001141
v -0.155035 -0.402224 1.019599
v -0.155035 -0.353525 0.988412
v -0.155035 -0.306534 0.965811
v 0.155847 0.188192 0.853136
v 0.155847 0.155980 0.922217
v 0.155847 0.222263 0.884578
v -0.133931 0.152543 1.092309
v -0.133931 0.186427 1.056938
v -0.133931 0.223554 1.030757
v -0.149353 0.153581 1.059655
v -0.149353 0.187096 1.025882
v -0.149353 0.223563 1.001141
v -0.155035 0.154614 1.019599
v -0.155035 0.187718 0.988412
v -0.155035 0.223410 0.965811
v 0.155847 0.708574 0.853168
v 0.155847 0.695214 0.922217
v 0.155847 0.716537 0.900245
v 0.155847 0.742704 0.884591
v -0.133931 0.718717 1.092309
v -0.133931 0.734915 1.056938
v -0.133931 0.758952 1.030757
v -0.149353 0.715961 1.059655
v -0.149353 0.732589 1.025882
v -0.149353 0.756686 1.001141
v -0.155035 0.711451 1.019599
v -0.155035 0.728962 0.988412
v -0.155035 0.753353 0.965811
v -0.133222 1.104370 1.155390
v -0.128264 1.154212 1.177621
v -0.115024 1.191419 1.191419
v -0.148572 1.089580 1.117094
v -0.143100 1.138739 1.138739
v -0.128264 1.177621 1.154212
v -0.154227 1.069885 1.069885
v -0.148572 1.117093 1.089580
v -0.133223 1.155390 1.104370
v -0.133931 -0.089806 1.164300
v -0.133931 -0.059534 1.191730
v -0.133931 -0.029666 1.209969
v -0.149353 -0.090860 1.130415
v -0.149353 -0.060326 1.158369
v -0.149353 -0.030089 1.177290
v -0.155035 -0.091914 1.086862
v -0.155035 -0.061119 1.114351
v -0.155035 -0.030512 1.133254
v -0.133931 0.512363 1.164300
v -0.133931 0.556351 1.191730
v -0.133931 0.595338 1.209969
v -0.149353 0.506900 1.130415
v -0.149353 0.551410 1.158369
v -0.149353 0.591108 1.177290
v -0.155035 0.498555 1.086862
v -0.155035 0.543095 1.114351
v -0.155035 0.583152 1.133254
v -0.133931 -0.691976 1.164300
v -0.133931 -0.675418 1.191730
v -0.133931 -0.654670 1.209969
v -0.149353 -0.688620 1.130415
v -0.149353 -0.672063 1.158369
v -0.149353 -0.651286 1.177290
v -0.155035 -0.682382 1.086862
v -0.155035 -0.665332 1.114351
v -0.155035 -0.644177 1.133254
v 0.155847 -0.616663 0.921008
v 0.155847 -0.657300 0.971662
v 0.155847 -0.613044 1.007665
v 0.155847 0.491845 0.921008
v 0.155847 -0.062409 0.921008
v -0.056819 1.066509 0.852195
v 0.000000 1.098758 0.918584
v -0.056819 1.130522 0.988443
v -0.056819 -1.066510 0.852195
v 0.000000 -1.098758 0.918584
v -0.056819 -1.130522 0.988443
v 0.155035 0.965670 0.836320
v 0.149353 1.001030 0.842560
v 0.133931 1.030684 0.847162
v 0.155035 0.987279 0.893515
v 0.149353 1.024994 0.902907
v 0.133931 1.056354 0.909904
v 0.155035 1.015775 0.954828
v 0.149353 1.056661 0.967864
v 0.133931 1.090340 0.977626
v -0.155847 -0.853168 0.708574
v -0.155847 -0.922217 0.695214
v 0.155847 -0.921008 0.616664
v 0.155847 -0.971662 0.657300
v -0.155847 -0.313304 0.689172
v 0.134071 -0.343757 0.539770
v 0.135051 -0.312554 0.537884
v 0.137646 -0.281365 0.533181
v 0.149402 -0.343750 0.565015
v 0.149743 -0.312500 0.564392
v 0.150609 -0.281250 0.562949
v 0.155041 -0.343750 0.594064
v 0.155192 -0.281250 0.593806
v 0.155154 0.187500 0.560052
v 0.155035 1.133253 0.644177
v 0.149353 1.177289 0.651286
v 0.133931 1.209969 0.654670
v 0.155035 1.114351 0.665332
v 0.149353 1.158369 0.672063
v 0.133931 1.191730 0.675418
v 0.155035 1.086862 0.682382
v 0.149353 1.130415 0.688620
v 0.133931 1.164300 0.691976
v -0.056819 -1.245905 0.656607
v 0.000000 -1.233723 0.677799
v -0.056819 -1.203035 0.694466
v -0.056819 1.245905 0.656607
v 0.000000 1.233723 0.677799
v -0.056819 1.203035 0.694467
v 0.155847 -0.062500 0.559896
v 0.134071 0.406243 0.539876
v 0.135051 0.437446 0.538737
v 0.137646 0.468635 0.535923
v 0.149402 0.406250 0.565050
v 0.149743 0.437500 0.564670
v 0.150609 0.468750 0.563802
v 0.155041 0.406250 0.594069
v 0.155192 0.468750 0.593913
v 0.155154 -0.562500 0.562500
v -0.155847 0.439750 0.692000
v -0.155035 0.965811 0.753353
v -0.149353 1.001141 0.756686
v -0.133931 1.030757 0.758952
v -0.155035 0.988412 0.728962
v -0.149353 1.025882 0.732589
v -0.133931 1.056938 0.734915
v -0.155035 1.019599 0.711451
v -0.149353 1.059655 0.715961
v -0.133931 1.092309 0.718717
v 0.060107 0.493076 0.285760
v 0.000000 0.500313 0.314236
v -0.060107 0.493076 0.285760
v -0.056953 0.508536 0.343906
v 0.155847 0.689172 0.313304
v -0.155847 0.692001 0.439750
v -0.155035 1.133253 0.583152
v -0.149353 1.177289 0.591108
v -0.133931 1.209969 0.595338
v -0.155035 1.114351 0.543094
v -0.149353 1.158369 0.551410
v -0.133931 1.191730 0.556351
v -0.155035 1.086862 0.498555
v -0.149353 1.130415 0.506900
v -0.133931 1.164300 0.512363
v 0.155035 0.965811 0.306534
v 0.149353 1.001141 0.309560
v 0.133931 1.030757 0.311844
v 0.155035 0.988412 0.353525
v 0.149353 1.025882 0.358396
v 0.133931 1.056938 0.362062
v 0.155035 1.019599 0.402224
v 0.149353 1.059655 0.408798
v 0.133931 1.092309 0.413631
v -0.056819 1.066526 0.314393
v 0.000000 1.098835 0.366648
v -0.056819 1.130977 0.418901
v -0.155847 -0.853136 0.188192
v 0.155847 -0.921008 0.062409
v 0.155847 -0.971662 0.093344
v -0.137786 -0.430246 0.214347
v -0.136171 -0.375000 0.213418
v -0.137786 -0.319754 0.216982
v -0.150657 -0.429466 0.186287
v -0.150132 -0.375000 0.186042
v -0.150657 -0.320534 0.187105
v -0.155198 -0.429090 0.156098
v -0.155133 -0.375000 0.156068
v -0.155198 -0.320910 0.156201
v 0.155847 -0.375000 0.062500
v -0.149010 0.225934 0.225934
v -0.155154 0.189948 0.189948
v -0.056819 1.245905 0.029097
v 0.000000 1.233723 0.058334
v -0.056819 1.203035 0.088392
v -0.056819 -1.245905 0.029097
v 0.000000 -1.233723 0.058334
v -0.056819 -1.203035 0.088392
v 0.155035 1.133253 0.030512
v 0.149353 1.177289 0.030089
v 0.133931 1.209969 0.029666
v 0.155035 1.114351 0.061119
v 0.149353 1.158369 0.060326
v 0.133931 1.191730 0.059534
v 0.155035 1.086862 0.091914
v 0.149353 1.130415 0.090860
v 0.133931 1.164300 0.089806
v 0.155847 0.375000 0.062500
v 0.155847 -0.559896 0.062500
v -0.149010 -0.524066 0.218635
v -0.155154 -0.560052 0.187500
v -0.153720 -0.522910 0.187446
v -0.155581 -0.522517 0.156243
v -0.137786 0.319754 0.216982
v -0.136171 0.375000 0.213418
v -0.137786 0.430246 0.214347
v -0.150657 0.320534 0.187105
v -0.150132 0.375000 0.186042
v -0.155198 0.320910 0.156201
v -0.155035 0.965811 0.223410
v -0.149353 1.001141 0.223563
v -0.133931 1.030757 0.223554
v -0.149353 1.025882 0.187096
v -0.133931 1.056938 0.186427
v -0.155035 1.019599 0.154614
v -0.149353 1.059655 0.153581
v -0.133931 1.092309 0.152543
v 0.155847 -0.853136 -0.188192
v -0.155847 -0.921008 -0.062409
v 0.137786 -0.430246 -0.214347
v 0.136171 -0.375000 -0.213418
v 0.137786 -0.319754 -0.216982
v 0.150132 -0.375000 -0.186042
v 0.150657 -0.320534 -0.187105
v 0.155198 -0.320910 -0.156201
v -0.155847 -0.375000 -0.062500
v 0.155154 0.189948 -0.189948
v -0.155035 1.133253 -0.030512
v -0.149353 1.177289 -0.030089
v -0.133931 1.209969 -0.029666
v -0.155035 1.114351 -0.061119
v -0.149353 1.158369 -0.060326
v -0.133931 1.191730 -0.059534
v -0.155035 1.086862 -0.091914
v -0.149353 1.130415 -0.090860
v -0.133931 1.164300 -0.089806
v -0.155847 0.375000 -0.062500
v 0.155154 -0.560052 -0.187500
v 0.137786 0.319754 -0.216982
v 0.136171 0.375000 -0.213418
v 0.137786 0.430246 -0.214347
v 0.150132 0.375000 -0.186042
v 0.150657 0.429466 -0.186287
v 0.155198 0.429090 -0.156098
v 0.155035 0.965811 -0.223410
v 0.149353 1.001141 -0.223563
v 0.133931 1.030757 -0.223554
v 0.155035 0.988412 -0.187718
v 0.149353 1.025882 -0.187096
v 0.133931 1.056938 -0.186427
v 0.155035 1.019599 -0.154614
v 0.149353 1.059655 -0.153581
v 0.133931 1.092309 -0.152543
v -0.056819 -1.066527 -0.223427
v 0.000000 -1.098835 -0.185374
v -0.056819 -1.130977 -0.151145
v -0.056819 1.066526 -0.223427
v 0.000000 1.098835 -0.185374
v -0.056819 1.130977 -0.151145
v -0.060107 0.493076 -0.285760
v -0.056953 0.508536 -0.343906
v 0.000000 0.500313 -0.314236
v 0.060107 0.493076 -0.285760
v -0.155847 0.689172 -0.313304
v 0.155847 0.692001 -0.439750
v -0.056819 1.245905 -0.598412
v 0.000000 1.233723 -0.561132
v -0.056819 1.203035 -0.517683
v 0.155035 1.133253 -0.583152
v 0.149353 1.177289 -0.591108
v 0.133931 1.209969 -0.595338
v 0.155035 1.114351 -0.543094
v 0.149353 1.158369 -0.551410
v 0.133931 1.191730 -0.556351
v 0.155035 1.086862 -0.498555
v 0.149353 1.130415 -0.506900
v 0.133931 1.164300 -0.512363
v -0.155035 0.965811 -0.306534
v -0.149353 1.001141 -0.309560
v -0.133931 1.030757 -0.311844
v -0.155035 0.988412 -0.353525
v -0.149353 1.025882 -0.358396
v -0.133931 1.056938 -0.362062
v -0.155035 1.019599 -0.402224
v -0.149353 1.059655 -0.408798
v -0.133931 1.092309 -0.413631
v 0.155847 -0.853168 -0.708574
v -0.155847 -1.007665 -0.613044
v -0.155847 -0.921008 -0.616664
v -0.155847 -0.971662 -0.657300
v -0.134071 -0.343757 -0.539770
v -0.135051 -0.312554 -0.537884
v -0.137646 -0.281365 -0.533181
v -0.149743 -0.312500 -0.564392
v 0.155847 0.187532 -0.689172
v -0.155581 0.156243 -0.522517
v -0.153720 0.187446 -0.522910
v -0.149010 0.218635 -0.524066
v -0.155154 0.187500 -0.560052
v -0.153720 0.218750 -0.560454
v -0.155581 0.218750 -0.593494
v -0.155847 0.692001 -0.564750
v -0.155035 1.133253 -0.644177
v -0.149353 1.177289 -0.651286
v -0.133931 1.209969 -0.654670
v -0.155035 1.114351 -0.665332
v -0.149353 1.158369 -0.672063
v -0.133931 1.191730 -0.675418
v -0.155035 1.086862 -0.682382
v -0.149353 1.130415 -0.688620
v -0.133931 1.164300 -0.691976
v -0.134071 0.406243 -0.539876
v -0.135051 0.437446 -0.538737
v -0.137646 0.468635 -0.535923
v -0.149402 0.406250 -0.565050
v -0.149743 0.437500 -0.564670
v -0.155041 0.406250 -0.594069
v -0.149010 -0.531365 -0.531365
v -0.155154 -0.562500 -0.562500
v 0.155847 0.439750 -0.692000
v -0.056819 1.066526 -0.761248
v 0.000000 1.098835 -0.737395
v -0.056819 1.130977 -0.721190
v -0.056819 -1.066527 -0.761248
v 0.000000 -1.098835 -0.737395
v -0.056819 -1.130977 -0.721190
v 0.155035 0.965811 -0.753353
v 0.149353 1.001141 -0.756686
v 0.133931 1.030757 -0.758952
v 0.155035 0.988412 -0.728962
v 0.149353 1.025882 -0.732589
v 0.133931 1.056938 -0.734915
v 0.155035 1.019599 -0.711451
v 0.149353 1.059655 -0.715961
v 0.133931 1.092309 -0.718717
v -0.155847 -0.853027 -0.853027
v 0.133931 -0.977626 -1.090340
v 0.133931 -0.909904 -1.056354
v 0.133931 -0.847162 -1.030684
v 0.149353 -0.967864 -1.056661
v 0.149353 -0.902907 -1.024994
v 0.149353 -0.842560 -1.001030
v 0.155035 -0.954828 -1.015775
v 0.155035 -0.893515 -0.987278
v 0.155035 -0.836320 -0.965670
v -0.155847 -0.332126 -0.853136
v 0.133931 -0.413631 -1.092309
v 0.133931 -0.362062 -1.056938
v 0.133931 -0.311844 -1.030757
v 0.149353 -0.408798 -1.059655
v 0.149353 -0.358396 -1.025882
v 0.149353 -0.309560 -1.001141
v 0.155035 -0.402224 -1.019599
v 0.155035 -0.306534 -0.965811
v -0.155847 0.188192 -0.853136
v 0.133931 0.152543 -1.092309
v 0.133931 0.186427 -1.056938
v 0.133931 0.223554 -1.030757
v 0.149353 0.153581 -1.059655
v 0.149353 0.187096 -1.025882
v 0.149353 0.223563 -1.001141
v 0.155035 0.154614 -1.019599
v 0.155035 0.187718 -0.988412
v 0.155035 0.223410 -0.965811
v -0.155847 0.708574 -0.853168
v -0.155847 0.695214 -0.922217
v -0.155847 0.716537 -0.900245
v -0.155847 0.742704 -0.884591
v 0.133931 0.718717 -1.092309
v 0.133931 0.734915 -1.056938
v 0.133931 0.758952 -1.030757
v 0.149353 0.715961 -1.059655
v 0.149353 0.732589 -1.025882
v 0.149353 0.756686 -1.001141
v 0.155035 0.711451 -1.019599
v 0.155035 0.728962 -0.988412
v 0.155035 0.753353 -0.965811
v 0.133222 1.104370 -1.155390
v 0.128264 1.154212 -1.177621
v 0.115024 1.191419 -1.191419
v 0.148572 1.089580 -1.117094
v 0.143100 1.138739 -1.138739
v 0.128264 1.177621 -1.154212
v 0.154227 1.069885 -1.069885
v 0.148572 1.117093 -1.089580
v 0.133223 1.155390 -1.104370
v 0.000000 -1.229341 -1.175207
v -0.056513 -1.200665 -1.121010
v 0.000000 1.229341 -1.175208
v -0.056513 1.200665 -1.121010
v 0.133931 -0.089806 -1.164300
v 0.133931 -0.059534 -1.191730
v 0.133931 -0.029666 -1.209969
v 0.149353 -0.090860 -1.130415
v 0.149353 -0.060326 -1.158369
v 0.149353 -0.030089 -1.177290
v 0.155035 -0.091914 -1.086862
v 0.155035 -0.061119 -1.114351
v 0.155035 -0.030512 -1.133254
v 0.133931 0.512363 -1.164300
v 0.133931 0.556351 -1.191730
v 0.133931 0.595338 -1.209969
v 0.149353 0.506900 -1.130415
v 0.149353 0.551410 -1.158369
v 0.149353 0.591108 -1.177290
v 0.155035 0.498555 -1.086862
v 0.155035 0.543095 -1.114351
v 0.155035 0.583152 -1.133254
v 0.133931 -0.691976 -1.164300
v 0.133931 -0.675418 -1.191730
v 0.133931 -0.654670 -1.209969
v 0.149353 -0.688620 -1.130415
v 0.149353 -0.672063 -1.158369
v 0.149353 -0.651286 -1.177290
v 0.155035 -0.682382 -1.086862
v 0.155035 -0.665332 -1.114351
v 0.155035 -0.644177 -1.133254
v -0.155847 -0.616663 -0.921008
v -0.155847 -0.657300 -0.971662
v -0.155847 0.491845 -0.921008
v -0.155847 0.550871 -1.007665
v -0.155847 -0.062409 -0.921008
v -0.155847 -0.093344 -0.971662
v -0.155847 -0.062194 -0.992820
v -0.155847 -0.031087 -1.007665
v -0.155035 0.965670 -0.836320
v -0.149353 1.001030 -0.842560
v -0.133931 1.030684 -0.847162
v -0.155035 0.987279 -0.893515
v -0.149353 1.024994 -0.902907
v -0.133931 1.056354 -0.909904
v -0.155035 1.015775 -0.954828
v -0.149353 1.056661 -0.967864
v -0.133931 1.090340 -0.977626
v -0.155847 0.884497 -0.818531
v -0.155847 0.853027 -0.853027
v -0.155847 0.818531 -0.884497
v -0.155847 0.918527 -0.918527
v 0.133931 0.847162 -1.030684
v 0.133931 0.909904 -1.056354
v 0.133931 0.977626 -1.090340
v 0.149353 0.842560 -1.001030
v 0.149353 0.902907 -1.024994
v 0.149353 0.967864 -1.056661
v 0.155035 0.836320 -0.965670
v 0.155035 0.893515 -0.987278
v 0.155035 0.954828 -1.015774
v 0.155847 0.884591 -0.742704
v 0.155847 0.853168 -0.708574
v 0.155847 0.900245 -0.716537
v 0.155847 0.922217 -0.695214
v -0.155847 1.007665 -0.613044
v -0.155847 0.921008 -0.616664
v -0.155847 0.992820 -0.636729
v -0.155847 0.839910 -0.623065
v -0.155847 0.905318 -0.640039
v -0.155847 0.971662 -0.657300
v -0.155847 0.884578 -0.298151
v -0.155847 0.853136 -0.332126
v -0.155847 0.922217 -0.383254
v 0.155847 1.007665 -0.550871
v 0.155847 0.921008 -0.491845
v 0.155847 0.971662 -0.470613
v 0.155847 0.884578 -0.222263
v 0.155847 0.853136 -0.188192
v 0.155847 0.922217 -0.155980
v -0.155847 1.007665 -0.031087
v -0.155847 0.921008 -0.062409
v -0.155847 0.971662 -0.093344
v -0.155847 0.884578 0.222263
v -0.155847 0.853136 0.188192
v 0.155847 0.921008 0.062409
v 0.155847 0.884578 0.298151
v 0.155847 0.853136 0.332126
v 0.155847 0.922217 0.383254
v -0.155847 1.007665 0.550871
v -0.155847 0.921008 0.491845
v -0.155847 0.992820 0.512341
v -0.155847 0.971662 0.470613
v -0.155847 0.853168 0.708574
v 0.155847 1.007665 0.613044
v 0.155847 0.921008 0.616664
v 0.155847 0.971662 0.657300
v 0.155847 0.884497 0.818531
v 0.155847 0.853027 0.853027
v 0.155847 0.818531 0.884497
v 0.155847 0.918527 0.918527
v -0.133931 0.847162 1.030684
v -0.133931 0.909904 1.056354
v -0.133931 0.977626 1.090340
v -0.149353 0.842560 1.001030
v -0.149353 0.902907 1.024994
v -0.149353 0.967864 1.056661
v -0.155035 0.836320 0.965670
v -0.155035 0.893515 0.987278
v -0.155035 0.954828 1.015774
v -0.155847 0.922217 -0.695214
v -0.155847 0.853168 -0.708574
v -0.155847 0.900245 -0.716537
v -0.155847 0.884591 -0.742704
v 0.155847 0.818531 -0.884497
v 0.155847 0.918527 -0.918527
v 0.155847 0.853027 -0.853027
v 0.155847 0.884497 -0.818531
v 0.155847 0.922217 -0.383254
v 0.155847 0.853136 -0.332126
v 0.155847 0.884578 -0.298151
v -0.155847 0.922217 -0.155980
v -0.155847 0.853136 -0.188192
v -0.155847 0.884578 -0.222263
v -0.155847 0.922217 0.383254
v -0.155847 0.853136 0.332126
v -0.155847 0.884578 0.298151
v 0.155847 0.853136 0.188192
v 0.155847 0.884578 0.222263
v 0.155847 0.853168 0.708574
v -0.155847 0.818531 0.884497
v -0.155847 0.918527 0.918527
v -0.155847 0.853027 0.853027
v -0.155847 0.884497 0.818531
v -0.155847 0.971662 -0.470613
v -0.155847 0.921008 -0.491845
v -0.155847 1.007665 -0.550871
v 0.155847 0.839910 -0.623065
v 0.155847 0.905318 -0.640039
v 0.155847 0.971662 -0.657300
v 0.155847 0.921008 -0.616664
v 0.155847 0.992820 -0.636729
v 0.155847 1.007665 -0.613044
v 0.155847 0.971662 0.470613
v 0.155847 0.921008 0.491845
v 0.155847 0.992820 0.512341
v 0.155847 1.007665 0.550871
v -0.155847 0.971662 0.657300
v -0.155847 0.921008 0.616664
v -0.155847 1.007665 0.613044
v -0.155847 0.921008 0.062409
v 0.155847 0.971662 -0.093344
v 0.155847 0.921008 -0.062409
v 0.155847 1.007665 -0.031087
v 0.000000 0.918584 1.098758
v -0.056819 0.852195 1.066509
v -0.056819 0.988443 1.130522
v 0.155035 0.836320 0.965670
v 0.155035 0.893515 0.987278
v 0.155035 0.954828 1.015774
v 0.149353 0.842560 1.001030
v 0.149353 0.902907 1.024994
v 0.149353 0.967864 1.056661
v 0.133931 0.847162 1.030684
v 0.133931 0.909904 1.056354
v 0.133931 0.977626 1.090340
v -0.056819 0.852195 -1.066510
v -0.056819 0.988443 -1.130522
v 0.000000 0.918584 -1.098758
v -0.155035 0.836320 -0.965670
v -0.155035 0.893515 -0.987278
v -0.155035 0.954828 -1.015774
v -0.149353 0.842560 -1.001030
v -0.149353 0.902907 -1.024994
v -0.149353 0.967864 -1.056661
v -0.133931 0.847162 -1.030684
v -0.133931 0.909904 -1.056354
v -0.133931 0.977626 -1.090340
v 0.133931 0.654670 -1.209969
v 0.133931 0.675418 -1.191730
v 0.133931 0.691976 -1.164300
v 0.149353 0.651286 -1.177289
v 0.149353 0.672063 -1.158369
v 0.149353 0.688620 -1.130415
v 0.155035 0.644177 -1.133254
v 0.155035 0.665332 -1.114351
v 0.155035 0.682383 -1.086862
v -0.155847 0.616664 -0.921008
v -0.155847 0.613044 -1.007665
v -0.155847 0.657300 -0.971662
v -0.149010 0.531365 -0.531365
v -0.155154 0.562500 -0.562500
v 0.137646 0.535923 -0.468635
v 0.150609 0.563802 -0.468750
v 0.155192 0.593913 -0.468750
v 0.135051 0.538737 -0.437446
v 0.149743 0.564670 -0.437500
v 0.155084 0.594021 -0.437500
v 0.134071 0.539876 -0.406243
v 0.149402 0.565050 -0.406250
v 0.155041 0.594069 -0.406250
v -0.137646 0.533181 -0.281365
v -0.150609 0.562949 -0.281250
v -0.155192 0.593806 -0.281250
v -0.135051 0.537884 -0.312554
v -0.149743 0.564392 -0.312500
v -0.155084 0.593987 -0.312500
v -0.134071 0.539770 -0.343757
v -0.149402 0.565015 -0.343750
v -0.155041 0.594064 -0.343750
v 0.149010 0.524066 -0.218635
v 0.155154 0.560052 -0.187500
v -0.155154 0.560052 0.187500
v -0.137646 0.535923 0.468635
v -0.135051 0.538737 0.437446
v -0.149743 0.564670 0.437500
v -0.134071 0.539876 0.406243
v 0.137646 0.533181 0.281365
v 0.135051 0.537884 0.312554
v 0.149743 0.564392 0.312500
v 0.134071 0.539770 0.343757
v 0.149010 0.531365 0.531365
v 0.155154 0.562500 0.562500
v -0.133931 0.654670 1.209969
v -0.133931 0.675418 1.191730
v -0.133931 0.691976 1.164300
v -0.149353 0.651286 1.177289
v -0.149353 0.672063 1.158369
v -0.149353 0.688620 1.130415
v -0.155035 0.644177 1.133254
v -0.155035 0.665332 1.114351
v -0.155035 0.682383 1.086862
v 0.155847 0.616664 0.921008
v 0.155847 0.613044 1.007665
v 0.155847 0.657300 0.971662
v -0.155035 0.644177 -1.133253
v -0.155035 0.665332 -1.114351
v -0.155035 0.682382 -1.086862
v -0.149353 0.651286 -1.177289
v -0.149353 0.672063 -1.158369
v -0.149353 0.688620 -1.130415
v -0.133931 0.654670 -1.209969
v -0.133931 0.675418 -1.191730
v -0.133931 0.691976 -1.164300
v -0.056819 0.656607 -1.245905
v -0.056819 0.694466 -1.203035
v 0.000000 0.677799 -1.233723
v 0.155035 0.644177 1.133253
v 0.155035 0.665332 1.114351
v 0.155035 0.682382 1.086862
v 0.149353 0.651286 1.177289
v 0.149353 0.672063 1.158369
v 0.149353 0.688620 1.130415
v 0.133931 0.654670 1.209969
v 0.133931 0.675418 1.191730
v 0.133931 0.691976 1.164300
v 0.000000 0.677799 1.233723
v -0.056819 0.656607 1.245905
v -0.056819 0.694467 1.203035
v -0.155154 0.562500 0.562500
v -0.149010 0.531365 0.531365
v 0.134071 0.539876 0.406243
v 0.135051 0.538737 0.437446
v 0.149743 0.564670 0.437500
v 0.137646 0.535923 0.468635
v 0.155154 0.562500 -0.562500
v 0.149010 0.531365 -0.531365
v -0.134071 0.539876 -0.406243
v -0.149402 0.565050 -0.406250
v -0.155041 0.594069 -0.406250
v -0.135051 0.538737 -0.437446
v -0.149743 0.564670 -0.437500
v -0.155084 0.594021 -0.437500
v -0.137646 0.535923 -0.468635
v -0.150609 0.563802 -0.468750
v -0.155192 0.593913 -0.468750
v -0.155847 0.613044 1.007665
v -0.155847 0.657300 0.971662
v -0.155847 0.616664 0.921008
v 0.155154 0.560052 0.187500
v -0.134071 0.539770 0.343757
v -0.135051 0.537884 0.312554
v -0.149743 0.564392 0.312500
v -0.137646 0.533181 0.281365
v -0.155154 0.560052 -0.187500
v -0.149010 0.524066 -0.218635
v 0.134071 0.539770 -0.343757
v 0.149402 0.565015 -0.343750
v 0.155041 0.594064 -0.343750
v 0.135051 0.537884 -0.312554
v 0.149743 0.564392 -0.312500
v 0.155084 0.593987 -0.312500
v 0.137646 0.533181 -0.281365
v 0.150609 0.562949 -0.281250
v 0.155192 0.593806 -0.281250
v 0.155847 0.613044 -1.007665
v 0.155847 0.657300 -0.971662
v 0.155847 0.616664 -0.921008
v -0.155847 0.332126 -0.853136
v 0.133931 0.311844 -1.030757
v 0.133931 0.362062 -1.056938
v 0.133931 0.413631 -1.092309
v 0.149353 0.309560 -1.001141
v 0.149353 0.358396 -1.025881
v 0.149353 0.408798 -1.059655
v 0.155035 0.306534 -0.965811
v 0.155035 0.353525 -0.988411
v 0.155035 0.402224 -1.019599
v 0.155847 0.313304 -0.689172
v -0.137646 0.281365 -0.533181
v -0.135051 0.312554 -0.537884
v -0.134071 0.343757 -0.539770
v -0.150609 0.281250 -0.562949
v -0.149743 0.312500 -0.564392
v -0.149402 0.343750 -0.565015
v -0.155192 0.281250 -0.593806
v -0.155084 0.312500 -0.593987
v -0.155041 0.343750 -0.594064
v 0.060107 0.285760 -0.493076
v 0.000000 0.314236 -0.500313
v -0.060107 0.285760 -0.493076
v -0.056953 0.343906 -0.508536
v 0.155847 0.332126 -0.853136
v -0.155847 0.313304 -0.689172
v -0.155035 0.306534 -0.965811
v -0.155035 0.353525 -0.988412
v -0.155035 0.402224 -1.019599
v -0.149353 0.309560 -1.001141
v -0.149353 0.358396 -1.025881
v -0.149353 0.408798 -1.059655
v -0.133931 0.311844 -1.030757
v -0.133931 0.362062 -1.056938
v -0.133931 0.413631 -1.092309
v -0.056819 0.314393 -1.066527
v -0.056819 0.418901 -1.130977
v 0.000000 0.366648 -1.098835
v 0.155192 0.281250 -0.593806
v 0.155084 0.312500 -0.593987
v 0.155041 0.343750 -0.594064
v 0.150609 0.281250 -0.562949
v 0.149743 0.312500 -0.564392
v 0.149402 0.343750 -0.565015
v 0.137646 0.281365 -0.533181
v 0.135051 0.312554 -0.537884
v 0.134071 0.343757 -0.539770
v 0.133931 0.029666 -1.209969
v 0.133931 0.059534 -1.191730
v 0.133931 0.089806 -1.164300
v 0.149353 0.030089 -1.177289
v 0.149353 0.060326 -1.158369
v 0.149353 0.090860 -1.130415
v 0.155035 0.030512 -1.133254
v 0.155035 0.061119 -1.114351
v 0.155035 0.091914 -1.086862
v -0.155847 0.062409 -0.921008
v -0.155847 0.031087 -1.007665
v -0.155847 0.093344 -0.971662
v -0.155847 0.062500 -0.559896
v -0.133931 0.029666 1.209969
v -0.133931 0.059534 1.191730
v -0.133931 0.089806 1.164300
v -0.149353 0.030089 1.177289
v -0.149353 0.060326 1.158369
v -0.149353 0.090860 1.130415
v -0.155035 0.030512 1.133254
v -0.155035 0.061119 1.114351
v -0.155035 0.091914 1.086862
v 0.155847 0.062409 0.921008
v 0.155847 0.093344 0.971662
v -0.155847 0.062500 -0.375000
v 0.155847 0.062500 -0.559896
v 0.000000 0.058334 1.233723
v -0.056819 0.029097 1.245905
v -0.056819 0.088392 1.203035
v 0.155035 0.030512 1.133253
v 0.155035 0.061119 1.114351
v 0.155035 0.091914 1.086862
v 0.149353 0.030089 1.177289
v 0.149353 0.060326 1.158369
v 0.149353 0.090860 1.130415
v 0.133931 0.029666 1.209969
v 0.133931 0.059534 1.191730
v 0.133931 0.089806 1.164300
v -0.056819 0.029097 -1.245905
v -0.056819 0.088392 -1.203035
v 0.000000 0.058334 -1.233723
v -0.155035 0.030512 -1.133253
v -0.155035 0.061119 -1.114351
v -0.155035 0.091914 -1.086862
v -0.149353 0.030089 -1.177289
v -0.149353 0.060326 -1.158369
v -0.149353 0.090860 -1.130415
v -0.133931 0.029666 -1.209969
v -0.133931 0.059534 -1.191730
v -0.133931 0.089806 -1.164300
v -0.155847 0.093344 0.971662
v -0.155847 0.062409 0.921008
v 0.155847 0.062500 -0.375000
v 0.155847 0.031087 -1.007665
v 0.155847 0.093344 -0.971662
v 0.155847 0.062409 -0.921008
v -0.155847 -0.188192 -0.853136
v 0.133931 -0.223554 -1.030757
v 0.133931 -0.186427 -1.056938
v 0.133931 -0.152543 -1.092309
v 0.149353 -0.223563 -1.001141
v 0.149353 -0.187096 -1.025881
v 0.149353 -0.153581 -1.059655
v 0.155035 -0.223410 -0.965811
v 0.155035 -0.187718 -0.988411
v 0.155035 -0.154614 -1.019599
v -0.149010 -0.218635 -0.524066
v -0.155154 -0.187500 -0.560052
v 0.149010 -0.225934 -0.225934
v 0.155154 -0.189948 -0.189948
v -0.149010 -0.225934 0.225934
v -0.155154 -0.189948 0.189948
v -0.155847 -0.187532 0.689172
v 0.149010 -0.218635 0.524066
v 0.153720 -0.187446 0.522910
v 0.155581 -0.156243 0.522517
v 0.153720 -0.218750 0.560454
v 0.155154 -0.187500 0.560052
v 0.155581 -0.218750 0.593494
v 0.155847 -0.188192 0.853136
v -0.133931 -0.223554 1.030757
v -0.133931 -0.186427 1.056938
v -0.133931 -0.152543 1.092309
v -0.149353 -0.223563 1.001141
v -0.149353 -0.187096 1.025881
v -0.149353 -0.153581 1.059655
v -0.155035 -0.223410 0.965811
v -0.155035 -0.187718 0.988411
v -0.155035 -0.154614 1.019599
v 0.155847 -0.188192 -0.853136
v -0.155154 -0.189948 -0.189948
v -0.149010 -0.225934 -0.225934
v 0.137786 -0.214347 -0.430246
v 0.136171 -0.213418 -0.375000
v 0.150132 -0.186042 -0.375000
v 0.137786 -0.216982 -0.319754
v 0.155154 -0.189948 0.189948
v 0.149010 -0.225934 0.225934
v -0.137786 -0.214347 0.430246
v -0.150657 -0.186287 0.429466
v -0.155198 -0.156098 0.429090
v -0.136171 -0.213418 0.375000
v -0.150132 -0.186042 0.375000
v -0.137786 -0.216982 0.319754
v -0.150657 -0.187105 0.320534
v -0.155198 -0.156201 0.320910
v -0.155847 -0.188192 0.853136
v 0.155847 -0.187532 0.689172
v -0.155035 -0.223410 -0.965811
v -0.155035 -0.187718 -0.988412
v -0.155035 -0.154614 -1.019599
v -0.149353 -0.223563 -1.001141
v -0.149353 -0.187096 -1.025881
v -0.149353 -0.153581 -1.059655
v -0.133931 -0.223554 -1.030757
v -0.133931 -0.186427 -1.056938
v -0.133931 -0.152543 -1.092309
v -0.056819 -0.223427 -1.066527
v -0.056819 -0.151145 -1.130977
v 0.000000 -0.185374 -1.098835
v 0.155035 -0.223410 0.965811
v 0.155035 -0.187718 0.988412
v 0.155035 -0.154614 1.019599
v 0.149353 -0.223563 1.001141
v 0.149353 -0.187096 1.025881
v 0.149353 -0.153581 1.059655
v 0.133931 -0.223554 1.030757
v 0.133931 -0.186427 1.056938
v 0.133931 -0.152543 1.092309
v 0.000000 -0.185374 1.098835
v -0.056819 -0.223427 1.066526
v -0.056819 -0.151145 1.130977
v -0.155581 -0.218750 0.593494
v -0.153720 -0.218750 0.560454
v -0.155154 -0.187500 0.560052
v -0.149010 -0.218635 0.524066
v -0.153720 -0.187446 0.522910
v -0.155581 -0.156243 0.522517
v 0.137786 -0.216982 0.319754
v 0.150657 -0.187105 0.320534
v 0.155198 -0.156201 0.320910
v 0.136171 -0.213418 0.375000
v 0.150132 -0.186042 0.375000
v 0.137786 -0.214347 0.430246
v 0.150657 -0.186287 0.429466
v 0.155198 -0.156098 0.429090
v 0.155154 -0.187500 -0.560052
v 0.149010 -0.218635 -0.524066
v -0.137786 -0.216982 -0.319754
v -0.136171 -0.213418 -0.375000
v -0.150132 -0.186042 -0.375000
v -0.137786 -0.214347 -0.430246
v 0.133931 -0.595338 -1.209969
v 0.133931 -0.556351 -1.191730
v 0.133931 -0.512363 -1.164300
v 0.149353 -0.591108 -1.177289
v 0.149353 -0.551410 -1.158369
v 0.149353 -0.506900 -1.130415
v 0.155035 -0.583152 -1.133254
v 0.155035 -0.543095 -1.114351
v 0.155035 -0.498555 -1.086862
v -0.155847 -0.491845 -0.921008
v -0.137646 -0.468635 -0.535923
v -0.135051 -0.437446 -0.538737
v -0.134071 -0.406243 -0.539876
v -0.149743 -0.437500 -0.564670
v -0.149402 -0.406250 -0.565050
v -0.155041 -0.406250 -0.594069
v 0.155847 -0.439750 -0.692000
v 0.060107 -0.464240 -0.500319
v 0.000000 -0.435764 -0.502604
v -0.060107 -0.464240 -0.500319
v -0.056953 -0.406094 -0.508796
v 0.155041 -0.406250 -0.594069
v 0.149743 -0.437500 -0.564670
v 0.149402 -0.406250 -0.565050
v 0.137646 -0.468635 -0.535923
v 0.135051 -0.437446 -0.538737
v 0.134071 -0.406243 -0.539876
v -0.056819 -0.598412 -1.245905
v -0.056819 -0.517683 -1.203035
v 0.000000 -0.561132 -1.233723
v -0.155035 -0.583152 -1.133253
v -0.155035 -0.543095 -1.114351
v -0.155035 -0.498555 -1.086862
v -0.149353 -0.591108 -1.177289
v -0.149353 -0.551410 -1.158369
v -0.149353 -0.506900 -1.130415
v -0.133931 -0.595338 -1.209969
v -0.133931 -0.556351 -1.191730
v -0.133931 -0.512363 -1.164300
v -0.155847 -0.439750 -0.692000
v 0.155847 -0.491845 -0.921008
v -0.155847 -0.708574 -0.853168
v -0.155847 -0.695214 -0.922217
v 0.133931 -0.758952 -1.030757
v 0.133931 -0.734915 -1.056938
v 0.133931 -0.718717 -1.092309
v 0.149353 -0.756686 -1.001141
v 0.149353 -0.732589 -1.025881
v 0.149353 -0.715961 -1.059655
v 0.155035 -0.753353 -0.965811
v 0.155035 -0.728962 -0.988411
v 0.155035 -0.711451 -1.019599
v 0.155847 -0.708574 0.853168
v 0.155847 -0.742704 0.884591
v 0.155847 -0.695214 0.922217
v -0.133931 -0.758952 1.030757
v -0.133931 -0.734915 1.056938
v -0.133931 -0.718717 1.092309
v -0.149353 -0.756686 1.001141
v -0.149353 -0.732589 1.025881
v -0.149353 -0.715961 1.059655
v -0.155035 -0.753353 0.965811
v -0.155035 -0.728962 0.988411
v -0.155035 -0.711451 1.019599
v 0.155847 -0.695214 -0.922217
v 0.155847 -0.708574 -0.853168
v 0.155847 -0.689172 -0.313304
v -0.155847 -0.689172 0.313304
v -0.155847 -0.742704 0.884591
v -0.155847 -0.695214 0.922217
v -0.155847 -0.708574 0.853168
v -0.155847 -0.692001 -0.439750
v 0.155847 -0.692001 0.439750
v 0.000000 -0.737395 1.098835
v -0.056819 -0.761248 1.066526
v -0.056819 -0.721190 1.130977
v 0.155035 -0.753353 0.965811
v 0.155035 -0.728962 0.988412
v 0.155035 -0.711451 1.019599
v 0.149353 -0.756686 1.001141
v 0.149353 -0.732589 1.025881
v 0.149353 -0.715961 1.059655
v 0.133931 -0.758952 1.030757
v 0.133931 -0.734915 1.056938
v 0.133931 -0.718717 1.092309
v -0.056819 -0.761248 -1.066527
v -0.056819 -0.721190 -1.130977
v 0.000000 -0.737395 -1.098835
v -0.155035 -0.753353 -0.965811
v -0.155035 -0.728962 -0.988412
v -0.155035 -0.711451 -1.019599
v -0.149353 -0.756686 -1.001141
v -0.149353 -0.732589 -1.025881
v -0.149353 -0.715961 -1.059655
v -0.133931 -0.758952 -1.030757
v -0.133931 -0.734915 -1.056938
v -0.133931 -0.718717 -1.092309
v 0.137646 -0.468635 0.535923
v 0.135051 -0.437446 0.538737
v 0.134071 -0.406243 0.539876
v 0.149743 -0.437500 0.564670
v 0.149402 -0.406250 0.565050
v 0.155041 -0.406250 0.594069
v -0.155847 -0.439750 0.692000
v -0.133931 -0.595338 1.209969
v -0.133931 -0.556351 1.191730
v -0.133931 -0.512363 1.164300
v -0.149353 -0.591108 1.177289
v -0.149353 -0.551410 1.158369
v -0.149353 -0.506900 1.130415
v -0.155035 -0.583152 1.133254
v -0.155035 -0.543095 1.114351
v -0.155035 -0.498555 1.086862
v 0.155847 -0.491845 0.921008
v 0.155847 -0.550871 1.007665
v 0.155847 -0.470613 0.971662
v -0.060107 -0.464240 0.500319
v -0.056953 -0.406094 0.508796
v 0.000000 -0.435764 0.502604
v 0.060107 -0.464240 0.500319
v -0.155041 -0.406250 0.594069
v -0.149743 -0.437500 0.564670
v -0.149402 -0.406250 0.565050
v -0.137646 -0.468635 0.535923
v -0.135051 -0.437446 0.538737
v -0.134071 -0.406243 0.539876
v 0.000000 -0.561132 1.233723
v -0.056819 -0.598412 1.245905
v -0.056819 -0.517683 1.203035
v 0.155035 -0.583152 1.133253
v 0.155035 -0.543095 1.114351
v 0.155035 -0.498555 1.086862
v 0.149353 -0.591108 1.177289
v 0.149353 -0.551410 1.158369
v 0.149353 -0.506900 1.130415
v 0.133931 -0.595338 1.209969
v 0.133931 -0.556351 1.191730
v 0.133931 -0.512363 1.164300
v 0.155847 -0.439750 0.692000
v -0.155847 -0.550871 1.007665
v -0.155847 -0.470613 0.971662
v -0.155847 -0.491845 0.921008
v -0.155847 0.313304 0.689172
v 0.137646 0.281365 0.533181
v 0.135051 0.312554 0.537884
v 0.134071 0.343757 0.539770
v 0.149743 0.312500 0.564392
v 0.155847 0.332126 0.853136
v 0.155847 0.298151 0.884578
v 0.155847 0.383254 0.922217
v -0.133931 0.311844 1.030757
v -0.133931 0.362062 1.056938
v -0.133931 0.413631 1.092309
v -0.149353 0.309560 1.001141
v -0.149353 0.358396 1.025881
v -0.149353 0.408798 1.059655
v -0.155035 0.306534 0.965811
v -0.155035 0.353525 0.988411
v -0.155035 0.402224 1.019599
v -0.060107 0.285760 0.493076
v -0.056953 0.343906 0.508536
v 0.000000 0.314236 0.500313
v 0.060107 0.285760 0.493076
v -0.155847 0.298151 0.884578
v -0.155847 0.383254 0.922217
v -0.155847 0.332126 0.853136
v 0.155847 0.313304 0.689172
v 0.155035 0.306534 0.965811
v 0.155035 0.353525 0.988412
v 0.155035 0.402224 1.019599
v 0.149353 0.309560 1.001141
v 0.149353 0.358396 1.025881
v 0.149353 0.408798 1.059655
v 0.133931 0.311844 1.030757
v 0.133931 0.362062 1.056938
v 0.133931 0.413631 1.092309
v 0.000000 0.366648 1.098835
v -0.056819 0.314393 1.066526
v -0.056819 0.418901 1.130977
v -0.149743 0.312500 0.564392
v -0.137646 0.281365 0.533181
v -0.135051 0.312554 0.537884
v -0.134071 0.343757 0.539770
v 0.115024 -1.191419 -1.191419
v 0.128264 -1.154212 -1.177621
v 0.133222 -1.104370 -1.155390
v 0.128264 -1.177621 -1.154212
v 0.143100 -1.138739 -1.138739
v 0.148572 -1.089580 -1.117093
v 0.133223 -1.155390 -1.104370
v 0.148572 -1.117093 -1.089580
v 0.154227 -1.069885 -1.069885
v -0.133931 -1.030684 -0.847162
v -0.149353 -1.001030 -0.842560
v -0.155035 -0.965670 -0.836320
v -0.133931 -1.056354 -0.909904
v -0.149353 -1.024994 -0.902907
v -0.155035 -0.987279 -0.893515
v -0.133931 -1.090340 -0.977626
v -0.149353 -1.056661 -0.967864
v -0.155035 -1.015774 -0.954828
v -0.133931 -1.209969 -0.654670
v -0.149353 -1.177289 -0.651286
v -0.155035 -1.133253 -0.644177
v -0.133931 -1.191730 -0.675418
v -0.149353 -1.158369 -0.672063
v -0.155035 -1.114351 -0.665332
v -0.133931 -1.164300 -0.691976
v -0.149353 -1.130415 -0.688620
v -0.155035 -1.086862 -0.682382
v 0.133931 -1.030757 -0.758952
v 0.149353 -1.001141 -0.756686
v 0.155035 -0.965811 -0.753353
v 0.133931 -1.056938 -0.734915
v 0.149353 -1.025882 -0.732589
v 0.155035 -0.988412 -0.728962
v 0.133931 -1.092309 -0.718717
v 0.149353 -1.059655 -0.715961
v 0.155035 -1.019599 -0.711451
v -0.133931 -1.209969 -0.029666
v -0.149353 -1.177289 -0.030089
v -0.155035 -1.133253 -0.030512
v -0.133931 -1.191730 -0.059534
v -0.149353 -1.158369 -0.060326
v -0.155035 -1.114351 -0.061119
v -0.133931 -1.164300 -0.089806
v -0.149353 -1.130415 -0.090860
v -0.155035 -1.086862 -0.091914
v 0.133931 -1.030757 -0.223554
v 0.149353 -1.001141 -0.223563
v 0.155035 -0.965811 -0.223410
v 0.133931 -1.056938 -0.186427
v 0.149353 -1.025882 -0.187096
v 0.133931 -1.092309 -0.152543
v 0.149353 -1.059655 -0.153581
v 0.155035 -1.019599 -0.154614
v 0.133931 -1.209969 0.029666
v 0.149353 -1.177289 0.030089
v 0.155035 -1.133253 0.030512
v 0.133931 -1.191730 0.059534
v 0.149353 -1.158369 0.060326
v 0.155035 -1.114351 0.061119
v 0.133931 -1.164300 0.089806
v 0.149353 -1.130415 0.090860
v 0.155035 -1.086862 0.091914
v -0.133931 -1.030757 0.223554
v -0.149353 -1.001141 0.223563
v -0.155035 -0.965811 0.223410
v -0.133931 -1.056938 0.186427
v -0.149353 -1.025882 0.187096
v -0.133931 -1.092309 0.152543
v -0.149353 -1.059655 0.153581
v -0.155035 -1.019599 0.154614
v 0.133931 -1.209969 0.654670
v 0.149353 -1.177289 0.651286
v 0.155035 -1.133253 0.644177
v 0.133931 -1.191730 0.675418
v 0.149353 -1.158369 0.672063
v 0.155035 -1.114351 0.665332
v 0.133931 -1.164300 0.691976
v 0.149353 -1.130415 0.688620
v 0.155035 -1.086862 0.682382
v -0.133931 -1.030757 0.758952
v -0.149353 -1.001141 0.756686
v -0.155035 -0.965811 0.753353
v -0.133931 -1.056938 0.734915
v -0.149353 -1.025882 0.732589
v -0.155035 -0.988412 0.728962
v -0.133931 -1.092309 0.718717
v -0.149353 -1.059655 0.715961
v -0.155035 -1.019599 0.711451
v -0.115024 -1.191419 1.191419
v -0.128264 -1.154212 1.177621
v -0.133222 -1.104370 1.155390
v -0.128264 -1.177621 1.154212
v -0.143100 -1.138739 1.138739
v -0.148572 -1.089580 1.117093
v -0.133223 -1.155390 1.104370
v -0.148572 -1.117093 1.089580
v -0.154227 -1.069885 1.069885
v 0.133931 -1.030684 0.847162
v 0.149353 -1.001030 0.842560
v 0.155035 -0.965670 0.836320
v 0.133931 -1.056354 0.909904
v 0.149353 -1.024994 0.902907
v 0.155035 -0.987279 0.893515
v 0.133931 -1.090340 0.977626
v 0.149353 -1.056661 0.967864
v 0.155035 -1.015774 0.954828
v -0.133222 -1.155390 -1.104370
v -0.148572 -1.117093 -1.089580
v -0.154227 -1.069885 -1.069885
v -0.128264 -1.177621 -1.154212
v -0.143100 -1.138739 -1.138739
v -0.148572 -1.089580 -1.117093
v -0.115024 -1.191419 -1.191419
v -0.128264 -1.154212 -1.177621
v -0.133223 -1.104370 -1.155390
v -0.056513 -1.121010 -1.200665
v 0.000000 -1.175208 -1.229341
v 0.133222 -1.155390 1.104370
v 0.148572 -1.117093 1.089580
v 0.154227 -1.069885 1.069885
v 0.128264 -1.177621 1.154212
v 0.143100 -1.138739 1.138739
v 0.148572 -1.089580 1.117093
v 0.115024 -1.191419 1.191419
v 0.128264 -1.154212 1.177621
v 0.133223 -1.104370 1.155390
v 0.000000 -1.175207 1.229341
v -0.056513 -1.121010 1.200665
v 0.133931 -1.164300 -0.089806
v 0.149353 -1.130415 -0.090860
v 0.155035 -1.086862 -0.091914
v 0.133931 -1.191730 -0.059534
v 0.149353 -1.158369 -0.060326
v 0.155035 -1.114351 -0.061119
v 0.133931 -1.209969 -0.029666
v 0.149353 -1.177289 -0.030089
v 0.155035 -1.133254 -0.030512
v -0.133931 -1.164300 0.089806
v -0.149353 -1.130415 0.090860
v -0.155035 -1.086862 0.091914
v -0.133931 -1.191730 0.059534
v -0.149353 -1.158369 0.060326
v -0.155035 -1.114351 0.061119
v -0.133931 -1.209969 0.029666
v -0.149353 -1.177289 0.030089
v -0.155035 -1.133254 0.030512
v -0.133931 -1.164300 0.691976
v -0.149353 -1.130415 0.688620
v -0.155035 -1.086862 0.682382
v -0.133931 -1.191730 0.675418
v -0.149353 -1.158369 0.672063
v -0.155035 -1.114351 0.665332
v -0.133931 -1.209969 0.654670
v -0.149353 -1.177290 0.651286
v -0.155035 -1.133254 0.644177
v 0.133931 -1.164300 0.512363
v 0.149353 -1.130415 0.506900
v 0.155035 -1.086862 0.498555
v 0.133931 -1.191730 0.556351
v 0.149353 -1.158369 0.551410
v 0.155035 -1.114351 0.543094
v 0.133931 -1.209969 0.595338
v 0.149353 -1.177289 0.591108
v 0.155035 -1.133254 0.583152
v 0.133931 -1.164300 -0.691976
v 0.149353 -1.130415 -0.688620
v 0.155035 -1.086862 -0.682382
v 0.133931 -1.191730 -0.675418
v 0.149353 -1.158369 -0.672063
v 0.155035 -1.114351 -0.665332
v 0.133931 -1.209969 -0.654670
v 0.149353 -1.177290 -0.651286
v 0.155035 -1.133254 -0.644177
v -0.133931 -1.164300 -0.512363
v -0.149353 -1.130416 -0.506900
v -0.155035 -1.086862 -0.498555
v -0.133931 -1.191730 -0.556351
v -0.149353 -1.158369 -0.551410
v -0.155035 -1.114351 -0.543094
v -0.133931 -1.209969 -0.595338
v -0.149353 -1.177289 -0.591108
v -0.155035 -1.133254 -0.583152
v -0.133931 -1.090340 0.977626
v -0.149353 -1.056661 0.967864
v -0.155035 -1.015775 0.954828
v -0.133931 -1.056354 0.909904
v -0.149353 -1.024994 0.902907
v -0.155035 -0.987278 0.893515
v -0.133931 -1.030684 0.847162
v -0.149353 -1.001030 0.842560
v -0.155035 -0.965670 0.836320
v 0.133931 -1.092309 0.718717
v 0.149353 -1.059655 0.715961
v 0.155035 -1.019599 0.711451
v 0.133931 -1.056938 0.734915
v 0.149353 -1.025882 0.732589
v 0.155035 -0.988412 0.728962
v 0.133931 -1.030757 0.758952
v 0.149353 -1.001141 0.756686
v 0.155035 -0.965811 0.753353
v 0.133931 -1.092309 0.152543
v 0.149353 -1.059655 0.153581
v 0.155035 -1.019599 0.154614
v 0.133931 -1.056938 0.186427
v 0.149353 -1.025882 0.187096
v 0.133931 -1.030757 0.223554
v 0.149353 -1.001141 0.223563
v 0.155035 -0.965811 0.223410
v -0.133931 -1.092309 0.413631
v -0.149353 -1.059655 0.408798
v -0.155035 -1.019599 0.402223
v -0.133931 -1.056938 0.362062
v -0.149353 -1.025882 0.358396
v -0.133931 -1.030757 0.311844
v -0.149353 -1.001141 0.309560
v -0.155035 -0.965811 0.306534
v -0.133931 -1.092309 -0.152543
v -0.149353 -1.059655 -0.153581
v -0.155035 -1.019599 -0.154614
v -0.133931 -1.056938 -0.186427
v -0.149353 -1.025882 -0.187096
v -0.133931 -1.030757 -0.223554
v -0.149353 -1.001141 -0.223563
v -0.155035 -0.965811 -0.223410
v 0.133931 -1.092309 -0.413631
v 0.149353 -1.059655 -0.408798
v 0.155035 -1.019599 -0.402223
v 0.133931 -1.056938 -0.362062
v 0.149353 -1.025882 -0.358396
v 0.133931 -1.030757 -0.311844
v 0.149353 -1.001141 -0.309560
v 0.155035 -0.965811 -0.306534
v 0.133931 -1.090340 -0.977626
v 0.149353 -1.056661 -0.967864
v 0.155035 -1.015775 -0.954828
v 0.133931 -1.056354 -0.909904
v 0.149353 -1.024994 -0.902907
v 0.155035 -0.987278 -0.893515
v 0.133931 -1.030684 -0.847162
v 0.149353 -1.001030 -0.842560
v 0.155035 -0.965670 -0.836320
v -0.133931 -1.092309 -0.718717
v -0.149353 -1.059655 -0.715961
v -0.155035 -1.019599 -0.711451
v -0.133931 -1.056938 -0.734915
v -0.149353 -1.025882 -0.732589
v -0.155035 -0.988412 -0.728962
v -0.133931 -1.030757 -0.758952
v -0.149353 -1.001141 -0.756686
v -0.155035 -0.965811 -0.753353
v 0.133931 -1.209969 -0.595338
v 0.149353 -1.177289 -0.591108
v 0.155035 -1.133254 -0.583152
v 0.133931 -1.191730 -0.556351
v 0.149353 -1.158369 -0.551410
v 0.155035 -1.114351 -0.543095
v 0.133931 -1.164300 -0.512363
v 0.149353 -1.130415 -0.506900
v 0.155035 -1.086862 -0.498555
v -0.133931 -1.030757 -0.311844
v -0.149353 -1.001141 -0.309560
v -0.155035 -0.965811 -0.306534
v -0.133931 -1.056938 -0.362062
v -0.149353 -1.025882 -0.358396
v -0.133931 -1.092309 -0.413631
v -0.149353 -1.059655 -0.408798
v -0.155035 -1.019599 -0.402223
v -0.155847 -0.689172 -0.313304
v 0.155847 -0.692001 -0.439750
v -0.060107 -0.493076 -0.285760
v 0.060107 -0.493076 -0.285760
v 0.000000 -0.500313 -0.314236
v -0.056953 -0.508536 -0.343906
v -0.155847 -0.853136 -0.332126
v 0.155847 -0.921008 -0.491845
v -0.056819 -1.245905 -0.598412
v 0.000000 -1.233723 -0.561132
v -0.056819 -1.203035 -0.517683
v 0.155192 -0.593913 -0.468750
v 0.150609 -0.563802 -0.468750
v 0.137646 -0.535923 -0.468635
v 0.149743 -0.564670 -0.437500
v 0.135051 -0.538737 -0.437446
v 0.155041 -0.594069 -0.406250
v 0.149402 -0.565050 -0.406250
v 0.134071 -0.539876 -0.406243
v -0.137646 -0.533181 -0.281365
v -0.149743 -0.564392 -0.312500
v -0.135051 -0.537884 -0.312554
v -0.155041 -0.594064 -0.343750
v -0.149402 -0.565015 -0.343750
v -0.134071 -0.539770 -0.343757
v -0.133931 -1.209969 0.595338
v -0.149353 -1.177289 0.591108
v -0.155035 -1.133254 0.583152
v -0.133931 -1.191730 0.556351
v -0.149353 -1.158369 0.551410
v -0.155035 -1.114351 0.543095
v -0.133931 -1.164300 0.512363
v -0.149353 -1.130415 0.506900
v -0.155035 -1.086862 0.498555
v 0.133931 -1.030757 0.311844
v 0.149353 -1.001141 0.309560
v 0.155035 -0.965811 0.306534
v 0.133931 -1.056938 0.362062
v 0.149353 -1.025881 0.358396
v 0.133931 -1.092309 0.413631
v 0.149353 -1.059655 0.408798
v 0.155035 -1.019599 0.402223
v 0.155847 -0.689172 0.313304
v -0.155847 -0.692001 0.439750
v 0.060107 -0.493076 0.285760
v -0.060107 -0.493076 0.285760
v 0.000000 -0.500313 0.314236
v -0.056953 -0.508536 0.343906
v 0.155847 -0.853136 0.332126
v -0.155847 -0.921008 0.491845
v -0.155192 -0.593913 0.468750
v -0.150609 -0.563802 0.468750
v -0.137646 -0.535923 0.468635
v -0.149743 -0.564670 0.437500
v -0.135051 -0.538737 0.437446
v -0.155041 -0.594069 0.406250
v -0.149402 -0.565050 0.406250
v -0.134071 -0.539876 0.406243
v 0.155192 -0.593806 0.281250
v 0.150609 -0.562949 0.281250
v 0.137646 -0.533181 0.281365
v 0.149743 -0.564392 0.312500
v 0.135051 -0.537884 0.312554
v 0.155041 -0.594064 0.343750
v 0.149402 -0.565015 0.343750
v 0.134071 -0.539770 0.343757
v -0.056819 -1.066527 0.314393
v 0.000000 -1.098835 0.366648
v -0.056819 -1.130977 0.418901
vn -0.9979 0.0459 -0.0459
vn -0.9598 0.2725 0.0669
vn -0.9718 0.1669 -0.1669
vn -0.9598 -0.0669 -0.2725
vn -0.7538 0.6098 0.2448
vn -0.8243 0.5649 0.0383
vn -0.8243 -0.0383 -0.5649
vn -0.7538 -0.2448 -0.6098
vn -0.7931 0.4307 -0.4306
vn -1.0000 0.0054 -0.0054
vn -0.9958 0.0848 0.0338
vn -0.9958 -0.0340 -0.0851
vn -0.9388 0.3103 0.1495
vn -0.7139 0.6246 0.3167
vn -0.3668 0.8258 0.4283
vn -0.4254 0.8265 0.3687
vn -0.4408 0.8789 0.1821
vn 0.4664 0.1810 0.8658
vn 0.0156 -0.0405 0.9991
vn 0.3860 -0.6511 0.6535
vn -0.7946 -0.4331 -0.4254
vn -0.8388 0.0534 -0.5419
vn -0.4667 0.1974 -0.8621
vn -0.4429 -0.1532 -0.8834
vn -0.4254 -0.3687 -0.8265
vn -0.7139 -0.3167 -0.6246
vn -0.3668 -0.4283 -0.8258
vn -0.9388 -0.1495 -0.3103
vn -0.1568 -0.4530 -0.8776
vn 0.0211 -0.4535 -0.8910
vn 0.0056 -0.4010 -0.9161
vn 0.4700 -0.2109 0.8571
vn 0.3850 0.6544 0.6507
vn 0.0112 0.0396 0.9992
vn -0.1500 -0.9384 -0.3113
vn 0.0485 -0.8390 -0.5420
vn 0.0623 -0.9981 -0.0000
vn 0.7787 -0.2304 0.5836
vn 0.3595 -0.4276 0.8294
vn -0.1631 0.9034 0.3965
vn 0.0140 0.9992 -0.0371
vn 0.3850 0.6545 -0.6507
vn 0.0156 0.0382 -0.9991
vn -0.3866 0.6522 -0.6520
vn -0.4905 0.1767 0.8534
vn -0.3866 -0.6520 0.6522
vn 0.8583 -0.0139 -0.5130
vn 0.4180 0.1996 -0.8862
vn 0.7760 0.2418 -0.5826
vn -0.1628 -0.3997 0.9021
vn 0.0211 -0.4535 0.8910
vn 0.4637 -0.2213 -0.8579
vn 0.3492 -0.4202 -0.8376
vn -0.1930 -0.2579 -0.9467
vn -0.0197 0.1098 -0.9938
vn -0.3358 0.6224 -0.7070
vn -0.4241 0.3864 -0.8191
vn -0.1940 0.3851 -0.9023
vn -0.1658 -0.3998 -0.9015
vn 0.9979 0.0459 0.0459
vn 0.9598 0.2725 -0.0669
vn 0.9718 0.1669 0.1669
vn 0.9598 -0.0669 0.2725
vn 0.7412 0.6239 -0.2479
vn 0.8262 0.5623 -0.0350
vn 0.8262 -0.0350 0.5623
vn 0.7931 0.4307 0.4306
vn 1.0000 0.0054 0.0054
vn 0.9958 0.0848 -0.0338
vn 0.9958 -0.0340 0.0851
vn 0.9388 0.3103 -0.1495
vn 0.7153 0.6241 -0.3143
vn 0.0211 0.8912 -0.4532
vn 0.0136 0.9990 0.0417
vn 0.4227 0.8868 -0.1869
vn 0.3590 0.8296 -0.4277
vn 0.6731 -0.5462 0.4986
vn 0.2989 -0.6987 0.6499
vn 0.3511 -0.5899 0.7271
vn 0.7787 -0.5836 -0.2304
vn 0.4637 -0.8579 -0.2212
vn 0.3510 -0.8407 -0.4124
vn 0.9388 -0.1495 0.3103
vn 0.7413 -0.2844 0.6079
vn -0.4696 0.8721 -0.1374
vn -0.8016 0.4206 0.4249
vn -0.3831 0.6512 0.6551
vn -0.0940 0.5041 0.8585
vn 0.0207 0.4002 0.9162
vn 0.0572 0.7180 0.6937
vn -0.4029 -0.4214 0.8125
vn -0.1592 -0.4543 0.8765
vn -0.3808 -0.4352 0.8158
vn -0.1628 -0.9021 -0.3997
vn 0.0211 -0.8912 -0.4532
vn 0.0121 -0.9991 0.0412
vn -0.4431 -0.1529 0.8833
vn -0.4627 -0.8642 -0.1976
vn 0.7771 0.2384 0.5825
vn 0.3715 0.4142 0.8309
vn -0.3742 -0.8183 -0.4363
vn -0.1589 -0.8773 -0.4528
vn 0.2042 -0.3875 0.8990
vn 0.5437 -0.2983 0.7845
vn 0.5417 -0.3017 0.7846
vn 0.0055 -0.9159 -0.4014
vn -0.3668 0.8258 -0.4283
vn -0.4254 0.8265 -0.3687
vn -0.1667 0.9024 -0.3974
vn -0.3595 0.7642 -0.5355
vn -0.4002 0.8538 -0.3331
vn -0.1514 0.9366 -0.3161
vn -0.1236 0.7265 0.6760
vn 0.0223 0.6820 0.7310
vn 0.0479 0.8384 0.5430
vn -0.8566 0.0107 0.5158
vn 0.3261 0.7847 -0.5271
vn 0.6776 0.5101 -0.5298
vn 0.2899 0.6567 -0.6962
vn -0.1584 0.8776 -0.4526
vn -0.3242 0.6344 0.7017
vn -0.2770 0.4450 0.8516
vn -0.1236 0.7263 -0.6762
vn 0.0485 0.8391 -0.5419
vn 0.0220 0.6825 -0.7305
vn 0.3420 0.8470 0.4069
vn 0.7371 0.6477 0.1930
vn 0.3435 0.9359 -0.0785
vn 0.3287 -0.7877 0.5211
vn 0.7242 -0.5547 0.4097
vn 0.6458 -0.5307 0.5490
vn 0.6428 -0.4871 0.5912
vn 0.2965 -0.6461 0.7033
vn -0.4532 0.3555 0.8175
vn -0.1666 0.3974 0.9024
vn -0.3745 0.4164 0.8285
vn 0.8603 -0.0090 0.5097
vn 0.0623 0.9981 -0.0000
vn -0.3552 -0.7539 -0.5527
vn -0.1248 -0.7272 -0.6750
vn 0.3208 0.5612 -0.7630
vn 0.7724 0.5246 -0.3579
vn 0.4676 0.8795 -0.0883
vn -0.1313 0.6764 -0.7248
vn -0.3043 0.6239 -0.7199
vn -0.4016 0.9158 0.0091
vn -0.1524 0.9377 0.3123
vn -0.1444 -0.9008 -0.4095
vn -0.3250 -0.6223 -0.7121
vn -0.0960 -0.5041 -0.8583
vn 0.0569 -0.7219 -0.6897
vn 0.0223 -0.6826 -0.7304
vn 0.3309 0.9437 -0.0008
vn -0.4002 -0.8538 -0.3331
vn -0.3992 -0.9169 0.0001
vn -0.3493 -0.6741 -0.6509
vn -0.3055 -0.6228 -0.7203
vn -0.1312 -0.6764 -0.7248
vn -0.3301 0.6213 -0.7106
vn 0.7085 0.5814 -0.4001
vn 0.3251 0.7795 -0.5354
vn 0.3428 0.8385 -0.4235
vn 0.2848 -0.6524 -0.7024
vn 0.3062 -0.7933 -0.5262
vn -0.0933 0.5036 -0.8589
vn 0.0586 0.7200 -0.6915
vn 0.0198 0.4015 -0.9156
vn 0.3309 -0.9437 -0.0000
vn -0.1395 0.8357 -0.5312
vn -0.3760 0.7790 -0.5017
vn -0.3667 0.8185 -0.4422
vn -0.1528 -0.9372 0.3136
vn 0.7101 -0.5825 -0.3954
vn 0.3382 -0.8388 -0.4267
vn 0.3200 -0.7790 -0.5392
vn 0.9941 0.0760 -0.0776
vn 0.9184 0.2758 -0.2838
vn 0.9319 0.2839 -0.2256
vn 0.9952 0.0759 -0.0612
vn 0.6853 0.5778 -0.4432
vn 0.9454 0.2976 -0.1330
vn 0.9963 0.0775 -0.0358
vn 0.7018 0.6592 -0.2701
vn 0.9999 0.0085 -0.0087
vn 0.9933 0.0779 -0.0859
vn 0.9999 0.0081 -0.0078
vn 0.9091 0.2748 -0.3131
vn 0.6323 0.5089 -0.5842
vn 0.6819 -0.5158 -0.5186
vn -0.4269 0.8444 0.3238
vn 0.0201 0.8196 -0.5726
vn 0.0406 0.8994 -0.4353
vn 0.7523 0.6584 -0.0247
vn 0.9516 0.3073 -0.0000
vn 0.9968 0.0795 -0.0000
vn 1.0000 0.0079 -0.0036
vn 1.0000 0.0082 0.0005
vn 1.0000 0.0079 -0.0061
vn -0.9953 0.0677 0.0693
vn -0.9184 0.2755 0.2839
vn -0.9319 0.2839 0.2256
vn -0.9952 0.0759 0.0614
vn -0.6532 0.5328 0.5380
vn -0.6867 0.5788 0.4399
vn -0.9454 0.2976 0.1330
vn -0.9964 0.0773 0.0358
vn -0.7224 0.6382 0.2660
vn -0.9995 0.0215 0.0222
vn -0.9936 0.0809 0.0794
vn -0.9215 0.2634 0.2854
vn -0.6311 0.5092 0.5852
vn -0.3025 0.6277 0.7173
vn -0.3398 0.6700 0.6600
vn -0.3515 0.7595 0.5474
vn -0.7398 0.6729 -0.0000
vn -0.9516 0.3073 -0.0000
vn -0.9968 0.0795 -0.0000
vn -0.9908 0.0574 0.1222
vn -0.8730 0.2047 0.4426
vn -0.9136 0.2409 0.3275
vn -0.9942 0.0630 0.0870
vn -0.5585 0.3644 0.7452
vn -0.6407 0.4806 0.5988
vn -0.9436 0.2835 0.1709
vn -0.9964 0.0726 0.0445
vn -0.7140 0.6124 0.3394
vn -0.9999 0.0066 0.0124
vn -0.9882 0.0572 0.1420
vn -0.9999 0.0060 0.0113
vn -0.8426 0.1891 0.5042
vn -0.4994 0.3011 0.8124
vn -0.2127 0.3440 0.9145
vn -0.3941 0.8203 0.4145
vn -0.3994 0.9165 0.0200
vn -0.7401 0.6724 0.0149
vn -0.9517 0.3069 0.0048
vn -0.9968 0.0796 0.0002
vn -1.0000 0.0073 0.0042
vn -1.0000 0.0081 -0.0001
vn -0.9999 0.0064 0.0081
vn 0.3348 0.9411 0.0480
vn 0.7276 0.6596 -0.1883
vn 0.0115 -0.0405 -0.9991
vn -0.3860 -0.6511 -0.6535
vn -0.1498 0.9561 -0.2517
vn 0.0635 0.9960 0.0621
vn 0.7362 0.5975 -0.3178
vn 0.6732 -0.4861 0.5573
vn -0.1480 0.8100 -0.5675
vn -0.3378 0.7580 -0.5579
vn 0.7181 0.5417 0.4370
vn 0.7079 0.6629 0.2439
vn 0.3287 0.7877 0.5211
vn 0.5438 0.2970 0.7849
vn 0.5707 0.4028 0.7156
vn 0.2078 0.3888 0.8976
vn -0.1496 0.9012 0.4067
vn -0.1374 -0.8350 -0.5328
vn 0.0203 -0.8196 -0.5726
vn 0.0389 -0.8998 -0.4346
vn 0.0635 -0.9960 0.0621
vn -0.1509 -0.9561 -0.2511
vn -0.1633 -0.9034 0.3964
vn -0.4415 -0.8782 0.1837
vn 0.0121 -0.9991 -0.0412
vn -0.3667 -0.8185 -0.4422
vn -0.3408 -0.7556 -0.5594
vn -0.1481 -0.8099 -0.5676
vn 0.5991 -0.3656 -0.7123
vn 0.2876 -0.6753 -0.6792
vn 0.2041 -0.3916 -0.8972
vn -0.3904 0.9207 0.0026
vn -0.3897 0.9201 -0.0385
vn -0.1575 0.9856 -0.0622
vn 0.0207 -0.4020 -0.9154
vn 0.3296 -0.9422 0.0606
vn -0.1500 -0.9004 0.4084
vn -0.4071 -0.9127 0.0351
vn 0.7112 -0.5879 0.3856
vn 0.7004 -0.5891 0.4030
vn 0.3341 -0.7684 0.5459
vn 0.9948 0.0847 -0.0571
vn 0.9298 0.3047 -0.2063
vn 0.9369 0.3045 -0.1720
vn 0.9955 0.0825 -0.0472
vn 0.9455 0.3066 -0.1099
vn 0.9962 0.0811 -0.0304
vn 0.9999 0.0096 -0.0065
vn 0.9943 0.0871 -0.0618
vn 0.9999 0.0092 -0.0060
vn 0.9252 0.3072 -0.2228
vn 0.6765 0.5950 -0.4339
vn 0.5978 -0.3734 0.7094
vn 0.2925 -0.6813 0.6711
vn 0.6894 -0.4708 0.5506
vn 0.7519 0.6592 -0.0086
vn 0.9517 0.3069 0.0048
vn 0.9968 0.0796 0.0002
vn 1.0000 0.0085 -0.0032
vn 1.0000 0.0081 -0.0001
vn 0.9999 0.0088 -0.0049
vn 0.9908 0.0574 -0.1222
vn 0.8730 0.2047 -0.4426
vn 0.9136 0.2409 -0.3275
vn 0.9942 0.0630 -0.0870
vn 0.5442 0.3742 -0.7509
vn 0.6378 0.4778 -0.6041
vn 0.9436 0.2835 -0.1709
vn 0.9964 0.0726 -0.0445
vn 0.6918 0.6344 -0.3450
vn 0.9999 0.0062 -0.0130
vn 0.9882 0.0573 -0.1419
vn 0.9999 0.0060 -0.0113
vn 0.8426 0.1891 -0.5042
vn 0.5015 0.3014 -0.8110
vn 0.2739 0.6902 -0.6698
vn 0.2053 0.3872 -0.8989
vn 0.7389 0.6736 -0.0154
vn 0.0635 0.9960 -0.0621
vn -0.3942 -0.8203 -0.4145
vn -0.3994 -0.9165 -0.0200
vn 0.9517 0.3069 -0.0048
vn 0.9968 0.0796 -0.0002
vn 1.0000 0.0073 -0.0042
vn 1.0000 0.0081 0.0001
vn 0.9999 0.0064 -0.0081
vn -0.2733 -0.4477 -0.8514
vn -0.2137 -0.3424 -0.9150
vn -0.0926 -0.4011 -0.9113
vn 0.3740 -0.8475 0.3768
vn 0.7730 -0.6015 0.2016
vn 0.4586 -0.8830 -0.0998
vn -0.0161 -0.6030 -0.7976
vn 0.3296 -0.9422 -0.0606
vn 0.0635 -0.9960 -0.0621
vn -0.2710 0.4476 -0.8522
vn -0.3250 0.6223 -0.7121
vn -0.1539 -0.9552 0.2529
vn -0.4168 0.9090 -0.0032
vn -0.4280 0.8623 0.2706
vn -0.1517 0.9547 0.2558
vn -0.1455 0.9022 -0.4061
vn -0.3941 0.8203 -0.4145
vn 0.0219 -0.7305 -0.6826
vn -0.1236 -0.6762 -0.7263
vn 0.0468 -0.5406 -0.8400
vn -0.1486 -0.3161 0.9370
vn -0.4175 -0.3420 0.8419
vn -0.3525 -0.5421 0.7628
vn -0.0930 0.4012 -0.9112
vn -0.2136 0.3424 -0.9150
vn -0.8571 -0.5150 -0.0096
vn -0.1236 -0.6760 0.7265
vn 0.0223 -0.7303 0.6827
vn 0.0482 -0.5411 0.8396
vn 0.6727 -0.4943 -0.5506
vn -0.4280 -0.8623 0.2706
vn -0.3772 -0.8142 0.4414
vn 0.7237 0.4083 -0.5564
vn 0.3073 0.5196 -0.7973
vn 0.6770 0.5308 -0.5098
vn -0.9948 0.0847 0.0571
vn -0.9298 0.3047 0.2063
vn -0.9369 0.3045 0.1720
vn -0.9955 0.0825 0.0472
vn -0.6864 0.6042 0.4047
vn -0.7033 0.6236 0.3414
vn -0.9455 0.3066 0.1099
vn -0.9962 0.0811 0.0304
vn -0.7253 0.6526 0.2193
vn -0.9999 0.0096 0.0065
vn -0.9943 0.0871 0.0618
vn -0.9999 0.0092 0.0060
vn -0.9252 0.3072 0.2228
vn -0.6757 0.5955 0.4345
vn -0.3362 0.7616 0.5540
vn -0.3687 0.7758 0.5121
vn -0.3622 0.8243 0.4352
vn -0.7401 0.6723 -0.0149
vn -0.9517 0.3069 -0.0048
vn -0.9968 0.0796 -0.0002
vn -1.0000 0.0085 0.0032
vn -1.0000 0.0081 0.0001
vn -0.9999 0.0088 0.0049
vn 0.9999 -0.0078 -0.0067
vn 0.9964 -0.0445 -0.0724
vn 1.0000 -0.0001 -0.0083
vn 1.0000 -0.0000 -0.0000
vn 0.9818 -0.1803 0.0596
vn 0.9563 -0.2283 0.1829
vn 0.9985 -0.0405 0.0361
vn -0.9996 -0.0284 0.0088
vn -0.9996 -0.0277 -0.0089
vn -1.0000 -0.0000 -0.0000
vn 0.9998 -0.0017 0.0214
vn 0.9996 -0.0284 0.0088
vn 1.0000 -0.0014 0.0014
vn -0.9999 -0.0106 0.0039
vn -0.9956 -0.0907 0.0235
vn -1.0000 -0.0088 -0.0007
vn 0.9998 -0.0221 -0.0013
vn 0.9966 -0.0825 -0.0071
vn 0.9994 -0.0346 -0.0000
vn 0.9967 -0.0808 0.0025
vn 0.9998 -0.0214 0.0017
vn 0.9996 -0.0277 -0.0089
vn 0.9643 -0.2646 -0.0070
vn 1.0000 -0.0014 -0.0014
vn 0.9985 -0.0361 -0.0405
vn 0.9998 -0.0189 -0.0014
vn -0.9994 0.0336 -0.0000
vn -0.9943 0.1069 0.0028
vn -0.9995 0.0310 0.0007
vn 0.9995 -0.0113 0.0288
vn 0.9559 -0.0433 0.2906
vn 0.9990 0.0093 0.0429
vn 0.9766 -0.0901 0.1954
vn 0.9998 0.0017 0.0214
vn 0.9988 0.0352 0.0352
vn 1.0000 0.0013 0.0013
vn -0.9994 -0.0346 -0.0000
vn -0.9998 -0.0221 -0.0013
vn -1.0000 0.0013 0.0013
vn -1.0000 -0.0013 0.0013
vn -0.9999 -0.0120 -0.0006
vn -0.9966 -0.0823 -0.0016
vn -0.9998 -0.0189 -0.0014
vn 1.0000 0.0013 -0.0013
vn 1.0000 -0.0013 -0.0013
vn 1.0000 0.0014 -0.0014
vn 0.9935 0.0708 -0.0892
vn 0.9995 0.0080 -0.0296
vn 0.0623 -0.0000 0.9981
vn 0.3062 -0.5262 0.7933
vn -0.3025 -0.7173 -0.6277
vn -0.3398 -0.6600 -0.6700
vn 0.0211 0.4535 0.8910
vn -0.3992 0.0001 0.9169
vn 0.3309 -0.0000 0.9437
vn -0.1528 0.3136 0.9372
vn -0.3552 -0.5527 -0.7539
vn -0.1374 -0.5328 -0.8350
vn 0.0396 -0.4345 -0.8998
vn 0.0199 -0.5726 -0.8196
vn -0.3055 -0.7203 0.6228
vn -0.1312 -0.7249 0.6763
vn -0.3506 -0.6626 0.6618
vn 0.9941 -0.0777 0.0760
vn 0.9952 -0.0614 0.0759
vn 0.9319 -0.2256 0.2839
vn 0.9184 -0.2838 0.2758
vn 0.9964 -0.0358 0.0773
vn 0.9454 -0.1330 0.2976
vn 0.6853 -0.4432 0.5778
vn 0.6417 -0.5420 0.5427
vn 0.7018 -0.2701 0.6592
vn 0.9968 -0.0000 0.0795
vn 0.9516 -0.0000 0.3073
vn 0.7386 -0.0000 0.6742
vn 0.6322 -0.5842 0.5089
vn 0.3261 -0.5271 -0.7847
vn 0.6776 -0.5298 -0.5101
vn 0.2899 -0.6962 -0.6567
vn -0.3301 -0.7106 -0.6213
vn -0.1319 -0.7251 -0.6759
vn 0.9091 -0.3131 0.2748
vn 0.9933 -0.0861 0.0775
vn -0.1474 -0.3142 -0.9378
vn -0.1236 0.6762 0.7263
vn 0.0469 0.5434 0.8382
vn 0.0227 0.7309 0.6821
vn 0.7272 -0.2316 -0.6462
vn 0.3362 -0.0131 -0.9417
vn 0.3200 -0.5392 0.7790
vn 0.7101 -0.3954 0.5825
vn 0.3382 -0.4267 0.8388
vn -0.1236 0.6760 -0.7265
vn 0.0223 0.7310 -0.6820
vn 0.0455 0.5428 -0.8386
vn -0.1524 0.3123 -0.9377
vn 0.0623 -0.0000 -0.9981
vn -0.4016 0.0091 -0.9158
vn 0.2078 0.8976 -0.3888
vn 0.5085 0.7994 -0.3200
vn 0.5707 0.7156 -0.4028
vn 0.0403 -0.4347 0.8997
vn -0.1375 -0.5328 0.8350
vn 0.0203 -0.5724 0.8197
vn 0.0036 0.4925 -0.8703
vn -0.1946 0.3103 -0.9305
vn -0.0156 -0.0342 -0.9993
vn -0.9941 -0.0777 -0.0762
vn -0.9952 -0.0612 -0.0759
vn -0.9319 -0.2256 -0.2839
vn -0.9184 -0.2838 -0.2758
vn -0.9963 -0.0358 -0.0775
vn -0.9454 -0.1330 -0.2976
vn -0.6867 -0.4399 -0.5788
vn -0.6532 -0.5380 -0.5328
vn -0.7224 -0.2660 -0.6382
vn -0.9999 -0.0085 -0.0085
vn -0.9999 -0.0078 -0.0081
vn -0.9933 -0.0859 -0.0778
vn -1.0000 -0.0061 -0.0079
vn -1.0000 -0.0036 -0.0079
vn -1.0000 -0.0000 -0.0081
vn -0.9968 -0.0000 -0.0796
vn -0.9516 -0.0000 -0.3073
vn -0.7398 -0.0000 -0.6729
vn -0.4273 -0.3272 -0.8428
vn -0.6310 -0.5852 -0.5092
vn -0.9091 -0.3131 -0.2748
vn -0.9999 -0.0067 0.0078
vn -1.0000 -0.0083 0.0001
vn 0.7364 -0.1119 0.6672
vn 0.9537 -0.0211 0.3002
vn 0.7837 -0.1794 0.5946
vn 0.9338 -0.0190 0.3573
vn 0.7114 -0.0273 0.7023
vn -0.9791 -0.1894 0.0742
vn -0.9998 -0.0195 0.0013
vn -0.9983 -0.0400 0.0414
vn -0.9998 0.0017 0.0214
vn -0.9967 0.0097 0.0806
vn -0.9993 0.0047 0.0367
vn 0.9993 0.0045 0.0362
vn 0.9995 -0.0111 0.0294
vn 0.9794 -0.0796 0.1858
vn 0.9999 0.0063 0.0099
vn 0.9999 0.0047 0.0100
vn 0.8630 -0.2717 0.4258
vn 0.5584 -0.5866 0.5865
vn 0.4500 -0.2951 0.8429
vn 0.3806 -0.1347 0.9149
vn 0.0112 -0.2038 0.9790
vn 0.0205 0.0149 0.9997
vn 0.3619 0.0008 0.9322
vn 0.2958 0.6956 -0.6547
vn 0.9375 0.0003 0.3479
vn 0.7142 0.0208 0.6996
vn 0.9943 0.0025 0.1069
vn 0.9994 -0.0000 0.0336
vn 0.9941 0.0162 0.1071
vn -0.9965 -0.0006 -0.0838
vn -0.9480 -0.0372 -0.3161
vn -0.9940 -0.0223 -0.1071
vn -0.9995 -0.0007 -0.0312
vn -0.9338 -0.0190 -0.3573
vn -0.7299 -0.0882 -0.6779
vn -0.7066 -0.0277 -0.7070
vn -0.9571 -0.0648 -0.2824
vn -0.7848 -0.1799 -0.5931
vn -0.9935 -0.0708 0.0892
vn -1.0000 -0.0014 0.0014
vn -0.9995 -0.0080 0.0296
vn -0.9998 -0.0013 -0.0195
vn 0.9998 -0.0013 -0.0195
vn 0.9794 -0.0754 -0.1871
vn 0.9983 -0.0414 -0.0414
vn -0.9791 -0.0742 -0.1894
vn -0.8518 -0.2747 -0.4461
vn -0.5584 -0.5866 -0.5865
vn -0.4500 -0.2951 -0.8429
vn -0.3915 -0.1317 -0.9107
vn -0.3897 -0.0385 -0.9201
vn -0.7006 0.0021 -0.7136
vn -0.3715 0.0029 -0.9284
vn -0.9407 -0.0077 -0.3390
vn -0.9993 0.0358 0.0043
vn 0.9999 -0.0086 -0.0084
vn 0.9948 -0.0728 -0.0714
vn 0.9996 -0.0240 -0.0175
vn -1.0000 0.0013 -0.0013
vn -0.9985 0.0358 0.0407
vn -1.0000 0.0014 0.0014
vn -0.9998 0.0189 0.0014
vn -0.9995 -0.0111 0.0294
vn -0.9985 -0.0361 -0.0405
vn -0.9799 -0.0546 -0.1918
vn -0.9998 -0.0016 -0.0220
vn 0.9185 -0.2643 -0.2941
vn 0.9413 -0.2677 -0.2058
vn 0.9993 0.0136 0.0338
vn 0.9986 0.0404 0.0348
vn 1.0000 0.0011 0.0037
vn 0.9993 -0.0045 -0.0365
vn 0.9966 -0.0087 -0.0825
vn 0.9998 -0.0016 -0.0220
vn 1.0000 0.0013 0.0075
vn -0.9999 -0.0061 0.0080
vn -1.0000 -0.0000 0.0083
vn 0.7371 -0.1930 0.6477
vn 0.3494 0.0428 0.9360
vn 0.3348 0.0480 -0.9411
vn 0.7276 -0.1883 -0.6596
vn 0.3332 -0.4063 -0.8508
vn -0.3687 -0.5121 0.7758
vn -0.3756 -0.4422 0.8145
vn 0.0199 -0.9156 -0.4015
vn -0.0934 -0.8589 -0.5035
vn 0.0554 -0.6895 -0.7221
vn 0.0635 0.0621 0.9960
vn -0.4025 -0.2780 0.8722
vn -0.1517 -0.2559 0.9547
vn -0.3994 0.0201 0.9165
vn -0.1500 0.4084 0.9004
vn -0.4136 -0.2620 -0.8719
vn -0.4024 0.0102 -0.9154
vn -0.1536 -0.2544 -0.9548
vn -0.3376 -0.7088 -0.6194
vn -0.4227 -0.4012 -0.8126
vn -0.1484 -0.4106 -0.8997
vn -0.3408 -0.5594 0.7556
vn -0.1481 -0.5676 0.8099
vn 0.7738 0.2003 -0.6009
vn 0.3701 0.3787 -0.8483
vn 0.4541 -0.0967 -0.8857
vn 0.7085 -0.4001 -0.5814
vn 0.3251 -0.5354 -0.7795
vn 0.9948 -0.0571 0.0848
vn 0.9955 -0.0474 0.0825
vn 0.9369 -0.1720 0.3045
vn 0.9298 -0.2063 0.3047
vn 0.9963 -0.0304 0.0809
vn 0.9455 -0.1099 0.3066
vn 0.7025 -0.3435 0.6233
vn 0.9999 -0.0049 0.0089
vn 0.9999 -0.0065 0.0096
vn 0.9943 -0.0620 0.0871
vn 0.9968 0.0006 0.0795
vn 0.9517 0.0048 0.3069
vn 0.7389 0.0154 0.6737
vn 0.6765 -0.4339 0.5950
vn 0.6998 0.0018 -0.7143
vn 0.3692 0.0180 -0.9292
vn 0.7380 -0.0261 -0.6743
vn 0.3991 -0.1343 -0.9070
vn 0.7443 -0.0643 -0.6647
vn 0.9252 -0.2228 0.3072
vn -0.3640 -0.4286 -0.8270
vn 0.0635 0.0621 -0.9960
vn 0.7725 -0.3579 -0.5246
vn 0.3102 -0.7639 -0.5659
vn 0.5991 -0.7123 0.3656
vn 0.2739 -0.6698 0.6902
vn 0.2044 -0.8990 0.3874
vn 0.3980 0.1384 -0.9069
vn 0.1669 0.4899 -0.8557
vn 0.0112 0.2038 -0.9790
vn -0.1496 0.4068 -0.9012
vn 0.3358 0.5425 -0.7700
vn 0.6852 0.4120 -0.6006
vn 0.6926 0.3778 -0.6145
vn 0.6765 -0.4339 -0.5950
vn -0.0156 0.0342 -0.9993
vn -0.0006 0.6223 -0.7827
vn -0.1480 -0.5675 -0.8100
vn -0.3378 -0.5579 -0.7580
vn -0.9948 -0.0571 -0.0848
vn -0.9955 -0.0472 -0.0825
vn -0.9369 -0.1720 -0.3045
vn -0.9298 -0.2063 -0.3047
vn -0.9962 -0.0304 -0.0811
vn -0.9455 -0.1099 -0.3066
vn -0.7033 -0.3414 -0.6236
vn -0.6864 -0.4047 -0.6042
vn -0.7253 -0.2193 -0.6526
vn -0.9759 -0.1892 0.1087
vn -0.9616 -0.2721 0.0356
vn -0.9995 -0.0286 0.0113
vn -0.9999 -0.0050 -0.0088
vn -1.0000 -0.0032 -0.0085
vn -1.0000 -0.0001 -0.0081
vn -0.9968 0.0002 -0.0799
vn -0.9517 0.0048 -0.3069
vn -0.7401 0.0149 -0.6724
vn -0.3874 -0.5091 -0.7685
vn -0.6757 -0.4345 -0.5955
vn -0.9252 -0.2228 -0.3072
vn -0.9943 -0.0619 -0.0865
vn -0.9908 -0.1222 -0.0574
vn -0.9941 -0.0878 -0.0633
vn -0.9136 -0.3275 -0.2409
vn -0.8730 -0.4426 -0.2047
vn -0.9964 -0.0448 -0.0726
vn -0.9436 -0.1709 -0.2835
vn -0.6407 -0.5988 -0.4806
vn -0.5585 -0.7452 -0.3644
vn -0.7140 -0.3394 -0.6124
vn -0.9999 -0.0130 -0.0062
vn -0.9999 -0.0113 -0.0060
vn -0.9882 -0.1419 -0.0573
vn -0.9999 -0.0078 -0.0067
vn -0.9968 -0.0003 -0.0796
vn -0.9517 -0.0048 -0.3069
vn -0.7401 -0.0149 -0.6723
vn -0.3994 -0.0200 -0.9165
vn -0.2683 -0.8553 -0.4432
vn -0.4994 -0.8124 -0.3011
vn -0.2127 -0.9145 -0.3440
vn -0.8426 -0.5042 -0.1891
vn -0.0940 -0.8585 0.5041
vn 0.0207 -0.9154 0.4020
vn 0.0582 -0.6905 0.7209
vn 0.7225 -0.2973 -0.6241
vn 0.2777 -0.6671 -0.6913
vn 0.3353 -0.0744 -0.9392
vn 0.0227 -0.6821 0.7309
vn -0.1236 -0.7263 0.6762
vn 0.0452 -0.8392 0.5420
vn 0.0632 -0.0622 -0.9961
vn -0.1534 0.2519 -0.9555
vn -0.1452 -0.4104 0.9003
vn -0.4146 -0.4209 0.8068
vn -0.3214 -0.7061 0.6309
vn -0.3994 -0.0200 0.9165
vn -0.0920 0.3999 0.9119
vn -0.0094 0.6030 0.7977
vn 0.2030 -0.8985 -0.3892
vn 0.5015 -0.8109 0.3014
vn -0.3956 0.4340 -0.8094
vn -0.3642 0.3872 -0.8470
vn -0.1578 0.4550 -0.8764
vn -0.0930 -0.9112 -0.4012
vn 0.9908 -0.1222 0.0574
vn 0.9941 -0.0876 0.0632
vn 0.9136 -0.3275 0.2409
vn 0.8730 -0.4426 0.2047
vn 0.9963 -0.0448 0.0728
vn 0.9436 -0.1709 0.2835
vn 0.6378 -0.6041 0.4778
vn 0.6917 -0.3449 0.6345
vn 0.9999 -0.0130 0.0062
vn 0.9999 -0.0113 0.0060
vn 0.9882 -0.1419 0.0573
vn 0.9999 -0.0081 0.0064
vn 1.0000 -0.0042 0.0073
vn 1.0000 0.0001 0.0081
vn 0.9968 -0.0002 0.0796
vn 0.9517 -0.0048 0.3069
vn 0.7389 -0.0154 0.6736
vn 0.3576 0.8161 -0.4541
vn 0.7749 0.5863 -0.2364
vn 0.4541 0.8907 0.0200
vn 0.8426 -0.5042 0.1891
vn 0.3179 0.5681 0.7591
vn 0.5416 0.3115 0.7808
vn -0.2260 -0.9087 0.3509
vn -0.0946 -0.9116 0.4001
vn -0.2161 -0.9146 0.3419
vn 0.3296 -0.0617 0.9421
vn 0.0636 -0.0625 0.9960
vn -0.2246 0.3469 0.9106
vn -0.2715 0.5067 0.8183
vn -0.1538 0.2530 0.9552
vn -0.2751 -0.8552 0.4393
vn 0.9942 0.1071 -0.0026
vn 0.9315 0.3635 -0.0129
vn 0.9481 0.3165 -0.0299
vn 0.9926 0.0861 -0.0861
vn 0.9995 0.0111 -0.0294
vn -0.9999 -0.0000 0.0111
vn -1.0000 0.0013 0.0075
vn -1.0000 -0.0003 0.0053
vn -0.9993 0.0111 0.0360
vn 1.0000 -0.0013 0.0013
vn 0.9817 0.1731 0.0799
vn 0.9998 0.0189 0.0014
vn 0.9985 0.0358 0.0407
vn -0.8093 0.5718 -0.1342
vn -0.9699 0.2254 -0.0917
vn -0.6344 0.5602 -0.5326
vn 0.9940 -0.0223 -0.1071
vn 0.9990 -0.0093 -0.0428
vn 0.9414 -0.0030 -0.3373
vn 0.9701 0.0778 0.2299
vn 0.9995 0.0111 0.0294
vn 0.9993 -0.0045 0.0362
vn 0.9509 0.0256 0.3084
vn 0.9520 0.3015 -0.0532
vn 0.9965 0.0838 -0.0006
vn -0.8094 0.1313 -0.5724
vn -0.9711 0.0939 -0.2193
vn -1.0000 -0.0014 -0.0013
vn 0.9967 0.0096 0.0811
vn 0.9993 0.0047 0.0367
vn 0.9625 0.0057 0.2711
vn -0.9995 0.0080 -0.0296
vn -0.9712 0.0674 -0.2287
vn -0.9935 0.0708 -0.0892
vn -0.4312 0.3107 -0.8471
vn -0.9926 0.0861 -0.0861
vn 0.9994 0.0336 -0.0000
vn 0.9995 0.0312 -0.0007
vn 0.9696 0.2269 -0.0916
vn -0.9965 0.0838 -0.0006
vn -0.9998 0.0195 -0.0013
vn -0.9492 0.3122 0.0384
vn -0.9560 0.2852 0.0692
vn -0.9965 0.0838 0.0006
vn 0.7114 0.7023 -0.0273
vn 0.7321 0.6760 -0.0847
vn 0.7911 0.5984 -0.1269
vn 0.9398 0.3416 -0.0064
vn 0.7003 0.7138 0.0011
vn 0.0112 0.9790 -0.2038
vn 0.3899 0.9125 -0.1242
vn 0.3620 0.9322 0.0008
vn 0.0205 0.9997 0.0149
vn 0.6250 0.4169 0.6600
vn 0.4169 0.8490 -0.3246
vn -0.9995 0.0287 -0.0113
vn 0.9491 0.2157 0.2295
vn 0.9983 0.0414 0.0414
vn 0.9787 0.1906 0.0765
vn 0.8417 0.4945 0.2168
vn 0.5760 0.5920 0.5638
vn 0.8022 0.1836 0.5681
vn 0.9943 0.1069 0.0028
vn -0.9999 -0.0113 0.0060
vn -0.9999 -0.0081 0.0064
vn -0.9338 0.3574 0.0190
vn -0.7066 0.7070 0.0277
vn -0.7299 0.6779 0.0882
vn -0.9995 0.0312 0.0007
vn -0.9942 0.1071 0.0026
vn -0.7848 0.5931 0.1799
vn -0.9398 0.3416 0.0064
vn -0.7011 0.7130 -0.0014
vn -0.3715 0.9284 -0.0029
vn -0.3897 0.9201 0.0385
vn -0.3915 0.9107 0.1317
vn -0.4500 0.8429 0.2951
vn -0.5760 0.5920 0.5638
vn -0.8417 0.4944 0.2168
vn -0.9787 0.1906 0.0766
vn -1.0000 0.0014 0.0013
vn -0.9999 -0.0130 0.0062
vn -1.0000 0.0001 0.0081
vn -1.0000 -0.0013 -0.0013
vn -0.9988 -0.0352 -0.0352
vn -0.9998 -0.0017 -0.0214
vn 0.9601 0.2677 0.0814
vn 0.9966 0.0821 0.0014
vn -0.9941 0.1069 0.0159
vn -1.0000 -0.0042 0.0073
vn -0.9999 -0.0065 0.0096
vn -0.9948 -0.0564 0.0843
vn -0.9999 -0.0049 0.0089
vn 1.0000 -0.0014 -0.0013
vn 0.9634 0.2679 0.0013
vn 0.9996 0.0284 -0.0088
vn 0.9996 0.0277 0.0089
vn -0.9704 0.0804 0.2276
vn -0.7856 0.1895 0.5890
vn -0.9509 0.0256 0.3084
vn 0.9995 -0.0007 -0.0312
vn 0.9965 -0.0006 -0.0838
vn 0.9993 0.0111 0.0360
vn 0.9899 0.0502 0.1324
vn 0.9999 -0.0000 -0.0120
vn 0.9995 0.0312 0.0007
vn -0.8690 -0.4074 -0.2807
vn -0.9532 -0.2178 -0.2097
vn -0.9803 -0.1799 -0.0818
vn 0.9993 -0.0045 -0.0362
vn -0.9963 -0.0304 0.0809
vn -1.0000 -0.0006 0.0083
vn -0.9990 -0.0093 -0.0428
vn 0.9540 0.1817 0.2384
vn -0.9995 0.0082 -0.0290
vn 0.9999 -0.0061 0.0080
vn 1.0000 -0.0000 0.0083
vn 0.9759 0.1087 -0.1892
vn 0.9597 0.0364 -0.2788
vn 0.9995 0.0113 -0.0286
vn -0.9964 -0.0358 0.0773
vn -0.9999 -0.0000 -0.0120
vn -0.9995 0.0113 -0.0286
vn -1.0000 -0.0039 -0.0010
vn -0.9999 -0.0084 0.0086
vn 0.9993 -0.0136 -0.0338
vn 1.0000 -0.0011 -0.0037
vn 0.9998 -0.0016 -0.0188
vn -0.9983 -0.0414 -0.0414
vn 1.0000 -0.0003 0.0053
vn -0.9948 0.0917 -0.0440
vn -0.9334 0.3212 -0.1603
vn -0.9353 0.3244 -0.1413
vn -0.9950 0.0924 -0.0383
vn -0.7020 0.6335 -0.3253
vn -0.7074 0.6440 -0.2913
vn -0.9431 0.3200 -0.0900
vn -0.9957 0.0897 -0.0234
vn -0.7302 0.6549 -0.1946
vn -1.0000 0.0054 0.0054
vn -0.9958 0.0848 -0.0338
vn -0.9999 0.0105 -0.0047
vn -0.9388 0.3103 -0.1495
vn -0.7139 0.6246 -0.3167
vn -0.3841 0.8184 -0.4273
vn -0.3607 0.8451 -0.3946
vn -0.4089 0.8722 -0.2686
vn -0.4214 0.9063 0.0318
vn -0.7641 0.6446 0.0248
vn -0.9538 0.3003 0.0115
vn -0.9966 0.0817 0.0034
vn -0.9999 0.0102 -0.0024
vn -1.0000 0.0089 0.0009
vn -0.9999 0.0106 -0.0041
vn 0.2765 0.6773 0.6817
vn 0.7283 0.6164 0.2995
vn -0.1937 0.8340 0.5166
vn -0.0197 0.9938 0.1098
vn 0.3123 -0.5685 0.7611
vn 0.7237 0.5931 -0.3529
vn 0.6897 0.5977 -0.4087
vn -0.1923 0.9010 0.3888
vn -0.0009 0.7829 0.6222
vn -0.1308 0.6749 0.7262
vn -0.3340 0.6992 0.6321
vn -0.1952 0.9467 -0.2564
vn -0.3956 -0.8094 -0.4340
vn -0.3642 -0.8470 -0.3872
vn -0.0147 -0.6006 0.7994
vn -0.0921 -0.3995 0.9121
vn 0.0207 -0.4020 0.9154
vn 0.4527 0.8869 0.0926
vn 0.7750 0.5225 0.3556
vn -0.2230 -0.3468 0.9110
vn -0.2737 -0.5094 0.8159
vn -0.4043 -0.7699 0.4938
vn -0.1874 -0.8385 0.5117
vn -0.2129 -0.3452 0.9140
vn -0.0933 -0.5018 0.8599
vn 0.3514 -0.7359 0.5788
vn 0.6890 0.4717 0.5502
vn -0.0032 -0.7812 0.6243
vn -0.1300 -0.6757 0.7256
vn 0.4526 -0.8870 0.0915
vn -0.0197 -0.9938 0.1098
vn -0.1952 -0.9467 -0.2564
vn -0.4240 -0.9049 0.0383
vn 0.7137 -0.5687 -0.4089
vn 0.6861 -0.5756 -0.4448
vn -0.1920 -0.9013 0.3883
vn -0.3332 -0.7062 0.6247
vn 0.9899 0.0633 0.1267
vn 0.8581 0.2071 0.4698
vn 0.9104 0.2460 0.3328
vn 0.9939 0.0704 0.0845
vn 0.9485 0.2753 0.1567
vn 0.9964 0.0757 0.0380
vn 0.9886 0.0570 0.1393
vn 0.8426 0.1891 0.5042
vn 0.7633 0.6455 0.0246
vn 0.7359 -0.6015 -0.3108
vn 0.7384 -0.6119 -0.2833
vn 0.3781 -0.8485 -0.3703
vn 0.7353 -0.6175 -0.2793
vn 0.9538 0.3003 0.0115
vn 0.9966 0.0817 0.0034
vn 0.8742 0.3811 0.3009
vn 0.9998 0.0195 0.0013
vn -0.9993 -0.0347 -0.0118
vn -0.9986 -0.0404 -0.0348
vn -0.7962 -0.0783 0.6000
vn -0.9712 -0.0674 0.2288
vn -0.9641 0.0090 0.2654
vn -0.9536 0.1789 0.2420
vn -0.9899 0.0502 0.1324
vn 0.9981 0.0118 0.0612
vn 0.9775 0.0519 0.2046
vn 0.8749 0.1742 0.4519
vn 0.5708 0.4487 0.6877
vn -0.9512 0.3054 0.0448
vn -0.9592 0.2715 0.0789
vn -0.9966 0.0821 0.0014
vn 0.9628 0.0399 0.2671
vn -0.9344 0.3555 0.0215
vn -0.7103 0.7028 0.0385
vn -0.7416 0.6602 0.1194
vn -0.8048 0.5477 0.2287
vn -0.9398 0.3416 0.0070
vn -0.7011 0.7130 0.0014
vn -0.3933 0.9175 0.0592
vn -0.4080 0.8901 0.2033
vn -0.4840 0.7704 0.4150
vn -0.5708 0.4487 0.6877
vn -0.8674 0.3828 0.3179
vn -0.9813 0.1740 0.0820
vn -0.8069 0.0759 -0.5859
vn -0.6640 0.3760 -0.6463
vn -0.9966 -0.0825 -0.0071
vn 0.7810 -0.0023 0.6246
vn 0.7916 -0.0648 0.6076
vn 0.8217 0.1229 0.5566
vn 0.9826 -0.1765 0.0579
vn 0.9645 -0.1889 0.1843
vn 0.9988 -0.0352 0.0352
vn 0.9995 -0.0080 0.0296
vn 0.9712 -0.0674 0.2287
vn 0.6648 -0.4321 0.6094
vn 0.9935 -0.0708 0.0892
vn 0.9756 -0.1912 0.1077
vn 0.9471 -0.3025 -0.1068
vn 0.9624 -0.2716 0.0023
vn 0.9956 -0.0899 -0.0271
vn 0.4468 -0.1489 0.8821
vn 0.4207 0.0439 0.9061
vn 0.5022 0.2418 0.8303
vn 0.8870 0.2196 0.4062
vn 0.6165 0.5567 0.5568
vn 0.9826 0.0571 0.1770
vn 0.9934 0.0815 0.0801
vn 0.9107 0.2813 0.3026
vn 0.9397 0.2632 0.2184
vn 1.0000 0.0014 0.0014
vn -0.9993 -0.0047 -0.0367
vn -0.9624 -0.0074 -0.2715
vn 0.8091 0.0716 -0.5833
vn 0.9717 0.0652 -0.2272
vn 0.6829 0.3704 -0.6297
vn 0.6428 0.5111 0.5706
vn 0.6759 0.5614 0.4774
vn 0.9954 0.0873 0.0383
vn 0.9996 0.0239 0.0181
vn 0.7627 0.5859 0.2740
vn 0.9479 0.2907 0.1306
vn 0.9995 0.0215 0.0222
vn 0.9954 0.0670 0.0692
vn 0.9193 0.2562 0.2987
vn -0.9175 0.2657 0.2960
vn 0.6323 0.5089 0.5842
vn 0.3566 0.7258 0.5882
vn 0.2926 0.6563 0.6954
vn 0.7621 0.6474 0.0079
vn -0.0156 0.9993 0.0342
vn 0.9534 0.3018 0.0037
vn 0.9966 0.0822 0.0011
vn 1.0000 0.0093 0.0032
vn 1.0000 0.0093 0.0001
vn 0.9999 0.0079 0.0068
vn -0.3254 -0.6219 0.7123
vn -0.4144 -0.8259 0.3822
vn -0.3037 -0.6307 0.7141
vn 0.7022 0.5404 -0.4635
vn 0.3511 0.7271 -0.5899
vn 0.6486 0.5188 -0.5570
vn -0.0112 0.6052 -0.7960
vn -0.4263 -0.8477 -0.3158
vn -0.1942 -0.9318 -0.3066
vn -0.3568 -0.7996 -0.4830
vn 0.4447 -0.8952 0.0287
vn -0.0156 -0.9993 0.0342
vn -0.4221 -0.9064 0.0165
vn -0.4270 0.9041 0.0190
vn -0.4262 0.8477 -0.3158
vn -0.1945 0.9318 -0.3065
vn 0.6984 -0.5932 0.4004
vn 0.3620 -0.8158 0.4509
vn -0.3283 0.6212 0.7116
vn -0.4085 0.8246 0.3913
vn -0.4941 -0.7581 -0.4257
vn -0.4093 -0.8906 -0.1981
vn -0.1854 -0.7843 -0.5921
vn 0.7250 -0.5496 -0.4150
vn 0.7079 -0.6629 -0.2439
vn 0.7749 -0.5863 0.2364
vn 0.4511 -0.8917 -0.0373
vn 0.7272 -0.6462 0.2316
vn 0.0022 -0.8696 0.4937
vn -0.1466 -0.8099 0.5680
vn 0.0203 -0.8196 0.5726
vn -0.1476 0.8088 0.5692
vn -0.3695 0.7485 0.5507
vn -0.3539 0.7996 0.4852
vn -0.9943 0.0883 -0.0592
vn -0.9257 0.3105 -0.2162
vn -0.9326 0.3131 -0.1797
vn -0.9949 0.0886 -0.0482
vn -0.6771 0.5993 -0.4271
vn -0.6959 0.6167 -0.3680
vn -0.9444 0.3111 -0.1060
vn -0.9959 0.0864 -0.0273
vn -0.7322 0.6407 -0.2310
vn -0.9999 0.0096 -0.0065
vn -0.9943 0.0869 -0.0618
vn -0.9999 0.0099 -0.0063
vn -0.9252 0.3072 -0.2228
vn -0.6757 0.5955 -0.4345
vn -0.3597 0.7567 -0.5459
vn -0.3512 0.7972 -0.4911
vn -0.7628 0.6466 0.0080
vn -0.9534 0.3018 0.0037
vn -0.9966 0.0822 0.0011
vn -0.9999 0.0098 -0.0028
vn -1.0000 0.0093 0.0001
vn -0.9999 0.0100 -0.0051
vn 0.9941 0.1069 0.0159
vn 0.9322 0.3615 -0.0156
vn 0.9534 0.3003 -0.0286
vn -0.9966 -0.0087 -0.0825
vn -0.9597 -0.0327 -0.2790
vn -0.9639 -0.0013 -0.2662
vn -1.0000 -0.0014 -0.0014
vn -0.8278 0.5295 -0.1855
vn -0.9751 0.1948 -0.1062
vn 0.9993 0.0358 0.0043
vn -0.9942 0.1071 -0.0026
vn -0.9530 0.3013 -0.0323
vn 0.7172 0.6958 -0.0378
vn 0.7350 0.6660 -0.1271
vn -0.9999 -0.0064 -0.0096
vn -0.9999 -0.0048 -0.0100
vn 0.9398 0.3416 -0.0070
vn 0.7003 0.7138 -0.0011
vn 0.0089 0.9412 -0.3376
vn 0.4083 0.8930 -0.1893
vn 0.3621 0.9319 -0.0215
vn 0.0205 0.9997 -0.0149
vn 0.4325 0.7761 -0.4589
vn 0.8209 0.5483 -0.1597
vn 0.9946 0.0731 -0.0731
vn 0.9998 0.0214 -0.0017
vn -0.8184 0.1155 -0.5629
vn -0.9767 0.0772 -0.2003
vn 0.9751 0.1949 -0.1062
vn 0.9995 0.0287 -0.0113
vn -0.7998 -0.0862 -0.5940
vn -0.7789 0.0058 -0.6271
vn -0.9993 -0.0045 -0.0365
vn -0.9828 -0.0582 -0.1754
vn -0.8630 -0.1876 -0.4690
vn -0.5708 -0.4487 -0.6876
vn -0.4613 -0.1467 -0.8750
vn -0.4207 0.0439 -0.9061
vn -0.4590 0.2733 -0.8453
vn -0.9946 0.0731 -0.0731
vn -0.7080 0.5227 -0.4750
vn -0.9765 0.2024 -0.0744
vn -0.9995 0.0111 0.0294
vn -1.0000 0.0014 -0.0014
vn -1.0000 0.0002 -0.0090
vn 0.9999 -0.0113 -0.0060
vn 0.9994 0.0346 -0.0000
vn -0.9935 0.0804 -0.0809
vn -0.9120 0.2806 -0.2992
vn -0.9278 0.2905 -0.2343
vn -0.9948 0.0818 -0.0611
vn -0.6351 0.5176 -0.5734
vn -0.6747 0.5610 -0.4795
vn -0.9464 0.2973 -0.1264
vn -0.9961 0.0817 -0.0318
vn -0.7350 0.6172 -0.2809
vn -0.9999 0.0085 -0.0087
vn -0.9933 0.0779 -0.0859
vn -0.9999 0.0089 -0.0082
vn -0.9091 0.2748 -0.3131
vn -0.6311 0.5092 -0.5852
vn -0.3316 0.7035 -0.6285
vn -0.4085 0.8246 -0.3913
vn -0.4198 0.9076 -0.0102
vn -0.7628 0.6466 -0.0080
vn -0.9534 0.3018 -0.0037
vn -0.9966 0.0822 -0.0011
vn -1.0000 0.0092 -0.0032
vn -1.0000 0.0093 -0.0001
vn -0.9999 0.0092 -0.0062
vn 0.9943 0.0883 0.0592
vn 0.9257 0.3105 0.2162
vn 0.9326 0.3131 0.1797
vn 0.9949 0.0886 0.0482
vn 0.6837 0.5931 0.4251
vn 0.6966 0.6167 0.3666
vn 0.9444 0.3111 0.1060
vn 0.9959 0.0864 0.0273
vn 0.7587 0.6107 0.2269
vn 0.9999 0.0096 0.0065
vn 0.9943 0.0869 0.0618
vn 0.9999 0.0099 0.0063
vn 0.9252 0.3072 0.2228
vn 0.6765 0.5950 0.4339
vn 0.0029 0.8695 0.4940
vn 0.3669 0.8058 0.4649
vn 0.3281 0.7788 0.5346
vn 0.0203 0.8196 0.5726
vn 0.4541 0.8907 -0.0200
vn -0.0156 0.9993 -0.0342
vn 0.7742 0.6326 -0.0230
vn 0.9534 0.3018 -0.0037
vn 0.9966 0.0822 -0.0011
vn 0.9999 0.0098 0.0028
vn 1.0000 0.0093 -0.0001
vn 0.9999 0.0100 0.0051
vn -0.0156 -0.9993 -0.0342
vn -0.1947 -0.9305 0.3103
vn -0.1926 0.9314 0.3088
vn -0.3383 -0.7648 0.5483
vn -0.1392 -0.8344 0.5333
vn 0.7687 0.6304 0.1078
vn 0.4153 0.8861 0.2055
vn 0.7307 0.6804 0.0556
vn 0.7572 0.6483 0.0803
vn 0.3963 0.9072 0.1409
vn 0.7249 0.6873 0.0459
vn 0.0060 -0.4008 0.9161
vn -0.1973 -0.9010 -0.3864
vn -0.4219 -0.9066 -0.0044
vn -0.3539 -0.7996 0.4852
vn 0.7190 -0.6267 0.3006
vn 0.3500 -0.8360 0.4227
vn -0.4090 0.8548 0.3195
vn -0.1391 0.8344 0.5333
vn 0.7006 -0.6427 -0.3101
vn -0.1918 0.9475 0.2559
vn 0.0064 0.9160 0.4011
vn -0.1567 0.8768 0.4546
vn -0.3654 0.8396 0.4019
vn -0.1975 0.9007 -0.3869
vn -0.1301 0.7255 -0.6758
vn 0.3600 -0.7280 -0.5835
vn 0.7022 -0.5394 -0.4647
vn 0.6484 -0.5188 -0.5573
vn 0.6600 -0.5109 -0.5508
vn 0.9999 -0.0130 -0.0062
vn 0.9999 -0.0064 -0.0096
vn 0.9948 -0.0564 -0.0843
vn 0.9999 -0.0050 -0.0088
vn -0.9994 -0.0000 0.0336
vn -0.9941 0.0162 0.1071
vn -0.9993 0.0045 0.0362
vn -0.9988 -0.0352 0.0352
vn -0.9998 -0.0017 0.0214
vn 0.9943 -0.0868 -0.0626
vn 0.9999 0.0049 -0.0089
vn 0.9942 -0.0622 -0.0872
vn 0.9708 0.0912 -0.2217
vn -0.9646 -0.1842 -0.1889
vn 1.0000 -0.0001 -0.0081
vn 0.9999 0.0082 0.0089
vn 0.9999 0.0062 0.0092
vn -0.9998 0.0195 0.0013
vn -1.0000 -0.0013 -0.0000
vn -0.9766 -0.0901 0.1954
vn -0.9985 -0.0405 0.0361
vn -0.9995 -0.0113 0.0288
vn 0.9999 0.0006 0.0120
vn 0.9965 0.0133 0.0823
vn 0.9998 0.0016 0.0188
vn 1.0000 0.0014 0.0013
vn 0.9999 -0.0078 -0.0081
vn 1.0000 -0.0061 -0.0079
vn 1.0000 -0.0036 -0.0079
vn 1.0000 -0.0000 -0.0081
vn -0.0197 0.9938 -0.1098
vn -0.3956 0.8094 0.4340
vn 0.3674 0.8572 0.3610
vn 0.3492 0.8376 0.4202
vn 0.0211 0.8910 0.4535
vn -0.2127 0.9145 -0.3440
vn -0.2203 0.9107 -0.3494
vn -0.0945 0.9116 -0.4001
vn -0.1875 0.5117 0.8384
vn -0.4043 0.4937 0.7699
vn -0.2743 0.8210 0.5008
vn -0.4229 0.9058 -0.0267
vn -0.1966 0.8367 -0.5112
vn -0.4060 -0.7698 -0.4926
vn -0.1902 -0.8394 -0.5091
vn -0.2800 -0.5000 -0.8195
vn 0.7749 -0.2364 -0.5863
vn 0.4600 0.0310 -0.8874
vn 0.3576 -0.4541 -0.8161
vn -0.1569 -0.8776 0.4530
vn 0.0211 -0.8910 0.4535
vn 0.0055 -0.9157 0.4018
vn -0.0197 -0.9938 -0.1098
vn -0.1930 -0.9467 0.2578
vn -0.3915 -0.8109 0.4348
vn -0.3683 -0.8463 0.3847
vn -0.3697 -0.8287 0.4202
vn 0.2033 0.8988 0.3884
vn 0.5321 0.7825 0.3235
vn 0.3122 0.7611 0.5685
vn -0.4168 -0.8715 0.2583
vn -0.0921 0.9121 0.3994
vn 0.0207 0.9154 0.4020
vn -0.0099 0.7989 0.6014
vn -0.4232 -0.9057 -0.0264
vn 0.7401 -0.3186 -0.5923
vn 0.7339 -0.3213 -0.5985
vn 0.9948 0.0917 0.0440
vn 0.9334 0.3212 0.1603
vn 0.9353 0.3244 0.1413
vn 0.9950 0.0924 0.0383
vn 0.7068 0.6286 0.3246
vn 0.7080 0.6440 0.2898
vn 0.9431 0.3200 0.0900
vn 0.9957 0.0897 0.0234
vn 0.7549 0.6269 0.1927
vn 1.0000 0.0054 -0.0054
vn 0.9958 0.0848 0.0338
vn 0.9999 0.0105 0.0047
vn 0.9388 0.3103 0.1495
vn 0.7153 0.6241 0.3143
vn -0.4089 0.8722 0.2686
vn -0.4147 0.7647 -0.4933
vn -0.2202 0.9107 0.3494
vn 0.7758 0.6297 -0.0387
vn 0.9538 0.3003 -0.0115
vn 0.9967 0.0817 -0.0033
vn 0.9999 0.0102 0.0024
vn 1.0000 0.0092 -0.0004
vn 0.9999 0.0106 0.0041
vn -0.9899 0.0632 -0.1265
vn -0.8581 0.2071 -0.4698
vn -0.9104 0.2460 -0.3328
vn -0.9941 0.0702 -0.0829
vn -0.5051 0.3213 -0.8010
vn -0.6070 0.4380 -0.6631
vn -0.9485 0.2753 -0.1567
vn -0.9965 0.0746 -0.0378
vn -0.7348 0.5755 -0.3591
vn -0.9999 0.0062 -0.0130
vn -0.9882 0.0573 -0.1418
vn -0.9999 0.0070 -0.0118
vn -0.8426 0.1891 -0.5042
vn -0.4994 0.3011 -0.8124
vn -0.2202 0.3494 -0.9107
vn -0.2717 0.5038 -0.8199
vn -0.7641 0.6446 -0.0248
vn -0.9538 0.3003 -0.0115
vn -0.9967 0.0817 -0.0033
vn -1.0000 0.0083 -0.0038
vn -1.0000 0.0092 -0.0004
vn -0.9999 0.0078 -0.0080
vn 1.0000 0.0038 -0.0083
vn 1.0000 0.0004 -0.0092
vn 0.9999 0.0130 -0.0062
vn 0.9999 0.0118 -0.0070
vn 0.9999 0.0080 -0.0078
vn -1.0000 0.0011 0.0037
vn -0.9998 0.0016 0.0188
vn 0.9999 -0.0131 -0.0000
vn -0.9958 -0.0274 -0.0875
vn 0.9828 -0.0582 0.1754
vn 0.9988 -0.0352 -0.0352
vn 0.9998 -0.0017 -0.0214
vn 0.9995 -0.0286 0.0113
vn 0.9940 -0.1093 -0.0004
vn 0.9942 -0.1071 -0.0025
vn 0.9999 -0.0120 -0.0006
vn 1.0000 -0.0080 0.0059
vn -0.9999 -0.0114 -0.0000
vn -0.9999 -0.0120 -0.0000
vn -0.9987 -0.0517 0.0001
vn -0.9560 -0.1706 -0.2386
vn -0.9999 -0.0120 0.0006
vn -0.9942 -0.1073 0.0023
vn -0.9999 -0.0131 -0.0000
vn -0.9995 0.0111 -0.0294
vn -0.9999 -0.0024 0.0102
vn -0.9999 -0.0041 0.0106
vn -0.9995 -0.0293 -0.0112
vn 0.9998 0.0195 -0.0013
vn -0.9999 0.0130 0.0062
vn -0.9999 0.0118 0.0070
vn -0.9999 0.0080 0.0078
vn -1.0000 0.0038 0.0083
vn -1.0000 0.0004 0.0092
vn -0.9965 -0.0840 0.0008
vn 0.9995 -0.0293 -0.0112
vn 0.9999 -0.0114 -0.0000
vn 0.9805 -0.1776 -0.0845
vn 0.7860 -0.5882 -0.1901
vn 0.9590 -0.2819 -0.0282
vn 0.9965 -0.0840 0.0008
vn 0.9998 -0.0195 0.0013
vn 0.9999 -0.0120 0.0006
vn 1.0000 -0.0013 -0.0000
vn 0.9999 -0.0120 -0.0000
vn 0.9987 -0.0517 0.0001
vn 0.9790 -0.1883 0.0778
vn -1.0000 0.0082 0.0005
vn -0.9601 -0.2782 -0.0293
vn 0.9935 0.0892 -0.0708
vn 0.9999 0.0085 -0.0085
vn -0.9999 0.0006 0.0120
vn -0.9998 0.0214 -0.0017
vn -0.0197 0.1098 0.9938
vn -0.0934 0.8589 0.5036
vn 0.0555 0.6941 0.7177
vn 0.0215 0.9155 -0.4016
vn -0.0128 0.7998 -0.6001
vn -0.1950 -0.2551 0.9470
vn -0.4163 -0.2584 0.8718
vn -0.4341 0.0386 0.9000
vn 0.4526 0.0915 0.8870
vn -0.4111 0.5036 -0.7598
vn -0.4229 0.0267 -0.9058
vn -0.1934 0.5087 -0.8389
vn 0.7801 0.2778 -0.5606
vn 0.3541 0.5895 -0.7260
vn -0.2800 0.8195 -0.5000
vn -0.2130 0.9140 0.3452
vn 0.3179 0.7591 -0.5681
vn 0.5416 0.7808 -0.3115
vn 0.9899 0.1265 0.0632
vn 0.9941 0.0829 0.0702
vn 0.9104 0.3328 0.2460
vn 0.8581 0.4698 0.2071
vn 0.9965 0.0378 0.0746
vn 0.9485 0.1567 0.2753
vn 0.6093 0.6599 0.4395
vn 0.7634 0.3486 0.5438
vn 0.9999 0.0130 0.0062
vn 0.9999 0.0118 0.0070
vn 0.9882 0.1419 0.0573
vn 0.9999 0.0080 0.0078
vn 1.0000 0.0038 0.0083
vn 1.0000 0.0004 0.0092
vn 0.9967 0.0033 0.0817
vn 0.9538 0.0115 0.3003
vn 0.7633 0.0246 0.6455
vn 0.5015 0.8109 0.3014
vn -0.2696 0.8530 -0.4469
vn -0.0947 0.8603 -0.5010
vn 0.8426 0.5042 0.1891
vn 0.7789 0.3494 -0.5208
vn 0.4553 0.0851 -0.8863
vn 0.7118 -0.4181 -0.5644
vn 0.6604 0.5462 0.5154
vn 0.3566 0.5882 0.7258
vn 0.2858 0.6994 0.6551
vn -0.9899 0.1265 -0.0632
vn -0.9941 0.0829 -0.0702
vn -0.9104 0.3328 -0.2460
vn -0.8581 0.4698 -0.2071
vn -0.9965 0.0378 -0.0746
vn -0.9485 0.1567 -0.2753
vn -0.6070 0.6631 -0.4380
vn -0.5051 0.8010 -0.3213
vn -0.7348 0.3591 -0.5755
vn -0.9999 0.0130 -0.0062
vn -0.9999 0.0118 -0.0070
vn -0.9882 0.1419 -0.0573
vn -0.9999 0.0080 -0.0078
vn -1.0000 0.0038 -0.0083
vn -1.0000 0.0004 -0.0092
vn -0.9967 0.0033 -0.0817
vn -0.9538 0.0115 -0.3003
vn -0.7641 0.0248 -0.6446
vn -0.4994 0.8124 -0.3011
vn -0.8426 0.5042 -0.1891
vn 0.9999 0.0057 -0.0092
vn 0.9960 0.0320 -0.0828
vn 1.0000 0.0002 -0.0090
vn -0.9999 -0.0057 -0.0092
vn -0.9964 -0.0268 -0.0808
vn -0.9997 -0.0002 -0.0246
vn -0.9988 0.0352 0.0352
vn -0.9829 0.0554 0.1758
vn -0.9993 0.0136 0.0338
vn 0.9653 0.1879 0.1815
vn 0.8966 0.3866 0.2161
vn 0.9839 0.1666 0.0653
vn -0.9999 0.0057 -0.0092
vn -0.9947 0.0618 -0.0819
vn -0.9934 0.0812 -0.0805
vn -0.8311 0.5449 -0.1113
vn 0.9966 0.0825 0.0071
vn 0.9597 0.2790 0.0327
vn 0.9614 0.2753 -0.0007
vn 0.9586 0.2833 -0.0293
vn 0.9967 0.0812 -0.0024
vn -0.9593 0.2804 -0.0318
vn -0.9967 0.0811 -0.0023
vn 0.7998 0.5940 0.0862
vn 0.7735 0.6336 -0.0177
vn 0.8158 0.5686 -0.1051
vn 0.9998 0.0221 0.0013
vn 0.9993 0.0347 0.0118
vn 0.9805 0.1897 0.0510
vn -0.9966 0.0825 0.0071
vn -0.9606 0.2758 0.0356
vn -0.9805 0.1897 0.0510
vn 0.8749 0.4519 0.1742
vn 0.5708 0.6876 0.4487
vn 0.4613 0.8750 0.1467
vn 0.4207 0.9061 -0.0439
vn 0.4590 0.8453 -0.2733
vn 0.9765 0.2021 -0.0751
vn -0.7916 0.6076 -0.0648
vn -0.7647 0.6440 0.0199
vn -0.9643 0.2647 0.0012
vn -1.0000 0.0001 0.0093
vn -0.9999 -0.0028 0.0098
vn 0.8181 0.5628 0.1180
vn 0.7647 0.6440 0.0199
vn -0.8265 0.5474 0.1313
vn -0.8938 0.3815 0.2356
vn -0.9839 0.1670 0.0638
vn -0.9999 0.0062 0.0092
vn -1.0000 0.0032 0.0092
vn 0.9913 0.0868 0.0992
vn -0.4468 0.8821 -0.1489
vn -0.4207 0.9061 0.0439
vn -0.5022 0.8303 0.2418
vn -0.6165 0.5568 0.5567
vn -0.9999 0.0047 0.0100
vn -0.9997 -0.0002 0.0246
vn -0.9999 0.0087 0.0085
vn -0.9999 0.0082 0.0089
vn 0.9498 -0.2173 -0.2252
vn -0.9964 0.0358 0.0770
vn -1.0000 0.0059 0.0080
vn -0.9999 -0.0080 -0.0061
vn -1.0000 -0.0083 -0.0000
vn 0.9995 0.0082 -0.0290
vn -0.9278 0.2343 -0.2905
vn -0.9120 0.2992 -0.2806
vn -0.9960 0.0320 -0.0828
vn -0.9464 0.1264 -0.2973
vn -0.6747 0.4795 -0.5610
vn -0.6350 0.5734 -0.5176
vn -0.7350 0.2809 -0.6172
vn -0.9999 0.0085 -0.0085
vn -0.9933 0.0859 -0.0778
vn -0.9966 0.0011 -0.0823
vn -0.9534 0.0037 -0.3018
vn -0.7628 0.0080 -0.6466
vn -0.4198 0.0102 -0.9075
vn -0.3206 0.7093 -0.6278
vn -0.6310 0.5852 -0.5092
vn -0.3025 0.7173 -0.6277
vn -0.9091 0.3131 -0.2748
vn -0.3206 0.7093 0.6278
vn -0.1320 0.7256 0.6754
vn -0.3370 0.6219 0.7069
vn 0.7760 0.2837 0.5633
vn 0.4448 0.0295 0.8952
vn -0.1966 -0.3084 -0.9307
vn 0.0523 -0.7201 0.6919
vn -0.4085 0.3913 0.8246
vn -0.1939 0.3850 0.9023
vn -0.4199 0.0102 0.9075
vn 0.7770 -0.2330 0.5847
vn 0.3611 -0.4513 0.8160
vn 0.6323 0.5842 0.5089
vn 0.9935 0.0809 0.0805
vn 0.9948 0.0611 0.0818
vn 0.9278 0.2343 0.2905
vn 0.9120 0.2992 0.2806
vn 0.9961 0.0318 0.0817
vn 0.9464 0.1264 0.2973
vn 0.6759 0.4774 0.5614
vn 0.9999 0.0087 0.0085
vn 0.9933 0.0859 0.0779
vn 1.0000 0.0032 0.0092
vn 1.0000 0.0001 0.0093
vn 0.9966 0.0011 0.0822
vn 0.9534 0.0037 0.3018
vn 0.7621 0.0079 0.6474
vn -0.0156 0.0342 0.9993
vn -0.0019 0.6219 0.7831
vn 0.0206 0.5725 -0.8196
vn -0.1466 0.5680 -0.8098
vn 0.9091 0.3131 0.2748
vn 0.3672 0.4506 -0.8137
vn 0.7126 0.4030 -0.5742
vn 0.4466 -0.0343 -0.8941
vn 0.7770 0.2330 -0.5847
vn -0.3055 0.7203 0.6228
vn -0.1960 -0.3070 0.9313
vn -0.4161 -0.3098 0.8549
vn -0.3330 -0.7048 0.6264
vn -0.3568 0.4830 -0.7996
vn -0.4263 0.3158 -0.8477
vn -0.3506 0.6626 -0.6618
vn -0.3557 0.6533 0.6684
vn 0.7930 0.1374 -0.5935
vn 0.9509 0.0256 -0.3084
vn 0.7965 0.6025 -0.0507
vn -0.9990 0.0093 0.0429
vn -0.8300 0.1803 -0.5278
vn -0.6940 0.6001 -0.3979
vn -0.9758 0.1100 -0.1892
vn -0.9580 -0.0426 0.2837
vn 0.9994 0.0188 -0.0274
vn 0.9942 0.0594 -0.0893
vn 0.9995 0.0155 -0.0288
vn -0.4478 0.4438 -0.7763
vn -0.9935 0.0892 -0.0708
vn -0.9727 0.2214 -0.0690
vn -0.9618 0.2737 -0.0002
vn 0.4464 0.8764 -0.1806
vn 0.6511 0.6507 -0.3906
vn -0.9998 0.0221 0.0013
vn -1.0000 0.0039 0.0010
vn 0.9719 0.2250 -0.0697
vn 0.6913 0.5260 -0.4953
vn 0.5022 0.8303 0.2418
vn 0.4207 0.9061 0.0439
vn -0.9964 -0.0380 -0.0757
vn -1.0000 -0.0007 -0.0088
vn -0.9999 -0.0068 -0.0080
vn 0.9542 0.2391 0.1799
vn 0.9914 0.1131 0.0659
vn 1.0000 0.0039 0.0010
vn 0.9809 0.0839 0.1754
vn 0.8808 0.2984 0.3677
vn -0.9914 0.1135 0.0648
vn -0.9993 0.0347 0.0118
vn -0.9994 0.0346 -0.0000
vn -0.7735 0.6336 -0.0177
vn -0.7998 0.5940 0.0862
vn 0.9956 0.0267 -0.0896
vn 0.9997 -0.0002 -0.0246
vn -0.4739 0.8430 -0.2544
vn -0.4207 0.9061 -0.0439
vn -0.4613 0.8750 0.1467
vn -0.5708 0.6877 0.4486
vn -0.8749 0.4519 0.1742
vn 0.9995 -0.0007 -0.0310
vn -0.9967 -0.0095 -0.0812
vn -0.9629 -0.0399 -0.2671
vn 0.8297 0.1095 -0.5474
vn 0.9769 0.0783 -0.1987
vn -0.9956 0.0271 -0.0899
vn -0.9995 0.0155 -0.0288
vn -0.9999 -0.0057 0.0092
vn -0.9962 0.0228 0.0846
vn -0.7702 -0.0148 -0.6376
vn -0.8217 -0.1229 -0.5566
vn -0.8870 -0.2196 -0.4062
vn -0.6165 -0.5568 -0.5566
vn -0.5022 -0.2418 -0.8303
vn -0.4207 -0.0439 -0.9061
vn -0.4323 0.1660 -0.8863
vn -0.9488 -0.2893 -0.1267
vn -0.9957 -0.0866 -0.0335
vn -0.9602 -0.2792 -0.0038
vn 0.9966 0.0058 0.0817
vn 0.9960 -0.0003 0.0895
vn 0.9544 -0.0037 0.2986
vn 0.9608 0.0284 0.2759
vn 0.9966 -0.0024 0.0820
vn 0.9623 -0.0386 0.2693
vn 0.7735 -0.0177 0.6336
vn 0.7998 0.0862 0.5940
vn 0.8217 -0.1229 0.5566
vn 1.0000 -0.0039 -0.0010
vn 0.9993 -0.0347 -0.0118
vn 0.8870 -0.2196 0.4062
vn 0.6165 -0.5568 0.5566
vn 0.5022 -0.2418 0.8303
vn 0.4207 -0.0439 0.9061
vn 0.4613 0.1467 0.8750
vn 0.9993 -0.0047 -0.0367
vn 0.9994 -0.0000 -0.0336
vn 0.9943 -0.0028 -0.1069
vn -0.9999 0.0065 0.0096
vn -0.9597 0.0364 -0.2788
vn 0.9965 -0.0130 -0.0821
vn -0.9478 -0.1214 -0.2947
vn -0.9624 -0.0051 -0.2716
vn -0.9831 -0.0565 0.1742
vn 0.9949 0.0482 0.0885
vn 0.9961 0.0231 0.0850
vn -0.9435 0.1598 -0.2903
vn -0.9942 0.0594 -0.0896
vn -0.9260 0.2119 -0.3125
vn -0.6959 0.3680 -0.6167
vn -0.6771 0.4271 -0.5993
vn -0.9447 0.1112 -0.3085
vn -0.7322 0.2310 -0.6407
vn 0.9470 0.1578 -0.2799
vn -0.7628 -0.0080 -0.6466
vn -0.4198 -0.0103 -0.9075
vn -0.3597 0.5459 -0.7567
vn -0.6757 0.4345 -0.5955
vn -0.3362 0.5539 -0.7617
vn -0.9350 0.2085 -0.2867
vn -0.9956 0.0528 -0.0777
vn -0.9994 0.0188 -0.0274
vn -0.1391 0.5333 -0.8344
vn -0.0156 -0.0342 0.9993
vn -0.1947 0.3103 0.9305
vn 0.0030 0.4923 0.8704
vn -0.8016 -0.4248 0.4207
vn -0.1975 -0.3869 -0.9007
vn 0.3201 0.5391 0.7790
vn 0.6984 0.4004 0.5932
vn 0.3669 0.4649 0.8058
vn 0.4657 -0.0849 0.8809
vn 0.7789 -0.3494 0.5208
vn 0.3182 -0.7653 0.5594
vn 0.9943 0.0592 0.0883
vn 0.9326 0.1797 0.3131
vn 0.9257 0.2162 0.3105
vn 0.9445 0.1062 0.3109
vn 0.6966 0.3666 0.6167
vn 0.7587 0.2270 0.6107
vn 0.9999 0.0065 0.0096
vn 0.9943 0.0618 0.0869
vn 0.9605 -0.0065 0.2780
vn 0.9997 -0.0002 0.0246
vn 0.9964 -0.0272 0.0808
vn -0.9535 0.2105 0.2159
vn 0.7621 -0.0079 0.6474
vn 0.0211 0.4535 -0.8910
vn 0.0060 0.4020 -0.9156
vn 0.7190 0.3006 0.6267
vn 0.3674 0.3610 0.8572
vn 0.4180 -0.1990 -0.8864
vn 0.7563 -0.0936 -0.6475
vn 0.7217 -0.0516 -0.6903
vn 0.0198 0.5728 0.8195
vn 0.9252 0.2228 0.3072
vn 0.6825 0.4443 0.5804
vn 0.4448 -0.0280 0.8952
vn 0.7003 -0.0010 -0.7138
vn 0.3693 -0.0043 -0.9293
vn -0.1607 -0.1145 0.9803
vn 0.0205 -0.0149 0.9997
vn 0.0084 -0.3384 0.9410
vn -0.4090 0.3195 0.8548
vn -0.4199 -0.0103 0.9075
vn -0.1973 -0.3864 0.9010
vn 0.6311 -0.6500 -0.4233
vn 0.5186 -0.7917 -0.3229
vn -0.3539 0.4852 0.7996
vn -0.1471 0.5692 0.8089
vn -0.1392 0.5333 0.8344
vn -0.3384 0.5484 0.7647
vn -0.3873 0.5052 0.7713
vn -0.9322 -0.0156 -0.3615
vn -0.9942 -0.0031 -0.1071
vn -0.9496 -0.0405 -0.3109
vn 0.9639 -0.0013 -0.2662
vn -0.9966 0.0058 0.0817
vn -0.9998 -0.0214 0.0017
vn -0.9967 -0.0024 0.0814
vn -0.9964 -0.0757 -0.0380
vn -0.9999 -0.0079 -0.0068
vn -0.9999 0.0049 -0.0089
vn 0.9447 0.0123 0.3278
vn 0.9942 0.0036 0.1071
vn 0.7195 -0.0235 0.6941
vn -0.9965 -0.0130 -0.0821
vn -0.9995 -0.0007 -0.0310
vn -0.7416 -0.1194 -0.6602
vn -0.7103 -0.0385 -0.7028
vn -0.9602 -0.0749 -0.2691
vn -0.8048 -0.2287 -0.5477
vn -0.9900 -0.0619 -0.1264
vn -0.9999 -0.0066 -0.0124
vn -0.9993 -0.0136 -0.0338
vn -0.9809 -0.0861 -0.1747
vn -0.9998 -0.0016 -0.0188
vn -0.8808 -0.2984 -0.3677
vn -0.5708 -0.6878 -0.4485
vn -0.4840 -0.4150 -0.7704
vn -0.4080 -0.2033 -0.8901
vn -0.3933 -0.0592 -0.9175
vn -0.7011 -0.0014 -0.7130
vn -0.3715 -0.0029 -0.9284
vn -0.9375 -0.0003 -0.3479
vn -0.9941 -0.0162 -0.1071
vn -0.9994 -0.0000 -0.0336
vn 0.7377 -0.1318 0.6621
vn 0.8052 -0.2360 0.5440
vn -0.8057 -0.2367 0.5430
vn 1.0000 -0.0054 -0.0054
vn 0.9948 0.0441 -0.0913
vn 0.9999 0.0039 -0.0106
vn 0.5817 -0.7040 0.4074
vn 0.4453 -0.4442 0.7774
vn 0.3994 -0.2002 0.8946
vn 0.3621 -0.0215 0.9319
vn -0.9999 0.0039 -0.0106
vn -0.9950 0.0386 -0.0926
vn -0.9948 0.0442 -0.0921
vn 0.9999 -0.0068 -0.0080
vn 1.0000 -0.0088 -0.0007
vn 0.9956 -0.0907 0.0235
vn 0.9999 -0.0106 0.0039
vn 1.0000 -0.0007 -0.0088
vn 0.9956 0.0235 -0.0907
vn 0.9999 0.0041 0.0106
vn 0.9950 0.0386 0.0926
vn 0.9948 0.0442 0.0921
vn -0.9942 0.0036 0.1071
vn -0.9430 0.0145 0.3325
vn -0.9948 -0.0913 -0.0443
vn -1.0000 -0.0054 0.0054
vn -0.9999 -0.0106 -0.0039
vn -0.9996 -0.0240 -0.0175
vn -0.9948 -0.0728 -0.0718
vn -0.9999 -0.0086 -0.0084
vn -0.9643 -0.2647 -0.0012
vn -0.9995 -0.0288 -0.0155
vn -0.9950 -0.0833 -0.0550
vn -0.9999 -0.0096 -0.0064
vn 0.9997 -0.0246 -0.0002
vn 0.9966 -0.0818 -0.0033
vn 0.9999 -0.0096 0.0064
vn -0.9995 -0.0288 0.0155
vn -0.9997 -0.0246 -0.0002
vn -0.9997 -0.0246 0.0002
vn -0.9956 -0.0899 -0.0266
vn -0.9338 0.3578 -0.0063
vn 0.9964 -0.0772 0.0361
vn 1.0000 -0.0083 -0.0000
vn -0.9421 -0.2591 -0.2127
vn 0.9999 -0.0079 -0.0068
vn -0.9304 -0.2970 0.2149
vn -0.9453 -0.2866 0.1558
vn -0.9950 -0.0833 0.0550
vn 0.9999 -0.0000 0.0111
vn 0.9997 -0.0246 0.0002
vn 0.9957 -0.0866 0.0335
vn 0.9996 -0.0240 0.0175
vn 0.9999 -0.0085 0.0085
vn -0.9453 -0.2866 -0.1558
vn 0.9999 -0.0106 -0.0039
vn 1.0000 -0.0088 0.0007
vn -0.9948 0.0441 0.0913
vn -0.9999 0.0041 0.0106
vn 0.9999 -0.0062 0.0130
vn 0.9964 -0.0757 0.0380
vn 0.9999 -0.0080 0.0068
vn -0.9999 -0.0089 0.0049
vn -0.9948 -0.0841 0.0566
vn -0.9999 -0.0096 0.0064
vn -1.0000 -0.0088 0.0007
vn -0.9956 -0.0907 -0.0235
vn -0.9999 -0.0080 0.0068
vn -1.0000 -0.0004 0.0092
vn 0.9999 -0.0070 0.0118
vn -1.0000 -0.0083 0.0006
vn -0.9963 -0.0809 0.0304
vn -0.9950 -0.0926 -0.0386
vn 1.0000 -0.0083 0.0001
vn 0.9963 -0.0809 -0.0304
vn 0.9999 -0.0089 -0.0049
vn 0.9999 -0.0066 -0.0124
vn 1.0000 -0.0083 0.0006
vn 0.9999 -0.0089 0.0049
vn -0.9999 -0.0089 -0.0049
vn -0.9963 -0.0809 -0.0304
vn 0.9999 -0.0096 -0.0064
vn -0.9955 -0.0825 0.0474
vn -0.9999 -0.0060 0.0113
vn -0.9999 -0.0062 0.0130
vn -0.9964 -0.0720 0.0442
vn -0.9999 -0.0081 0.0078
vn -0.9999 -0.0085 0.0085
vn 0.9943 -0.0868 -0.0615
vn 0.9948 -0.0840 -0.0567
vn -1.0000 -0.0080 0.0059
vn -0.9964 -0.0773 0.0358
vn -0.9996 -0.0240 0.0175
vn 0.9964 -0.0773 -0.0358
vn 0.9999 -0.0080 -0.0061
vn 1.0000 -0.0073 -0.0042
vn 0.9999 -0.0064 -0.0081
vn 0.9956 -0.0907 -0.0235
vn -0.9996 0.0277 0.0089
vn -0.9942 -0.0628 0.0868
vn 0.7730 0.2016 0.6015
vn -0.3642 0.3872 0.8470
vn -0.1573 0.4550 0.8765
vn 0.0063 0.4010 0.9160
vn -0.1917 0.2562 0.9474
vn -0.0197 -0.1098 0.9938
vn -0.1932 0.2579 -0.9467
vn -0.0197 -0.1098 -0.9938
vn 0.7276 -0.6596 0.1883
vn 0.3393 -0.8386 0.4261
vn -0.1934 -0.5087 0.8390
vn -0.4047 -0.4934 0.7699
vn -0.4332 -0.0242 0.9010
vn -0.4286 -0.0231 -0.9032
vn -0.4017 -0.5021 -0.7658
vn -0.1894 -0.5096 -0.8393
vn 0.1670 -0.4898 0.8557
vn -0.4089 0.2686 -0.8722
vn 0.9353 0.1413 0.3244
vn 0.9333 0.1603 0.3212
vn 0.9957 0.0234 0.0897
vn 0.9431 0.0900 0.3200
vn 0.7080 0.2898 0.6440
vn 1.0000 -0.0054 0.0054
vn -0.9966 -0.0818 0.0033
vn 0.9999 0.0024 0.0102
vn 1.0000 -0.0004 0.0092
vn 0.9967 -0.0033 0.0817
vn 0.9538 -0.0115 0.3003
vn 0.7633 -0.0246 0.6455
vn 0.7153 0.3143 0.6241
vn 0.7350 0.3049 -0.6057
vn 0.3636 0.4265 -0.8282
vn -0.8616 0.0189 0.5072
vn -0.3668 0.4283 -0.8259
vn 0.9388 0.1495 0.3103
vn 0.9958 0.0337 0.0851
vn -0.1654 0.4000 -0.9015
vn -0.1559 -0.0637 0.9857
vn 0.1720 0.9672 0.1870
vn 0.7153 0.3143 -0.6241
vn 0.7235 -0.5904 0.3577
vn 0.0055 0.9158 -0.4015
vn -0.9353 0.1413 -0.3244
vn -0.9333 0.1603 -0.3212
vn -0.9956 0.0235 -0.0907
vn -0.9431 0.0900 -0.3200
vn -0.7074 0.2913 -0.6440
vn -0.7020 0.3253 -0.6335
vn -0.7302 0.1946 -0.6549
vn -1.0000 -0.0054 -0.0054
vn -0.9958 0.0340 -0.0851
vn -0.9966 -0.0033 -0.0818
vn -0.9538 -0.0115 -0.3003
vn -0.7641 -0.0248 -0.6446
vn -0.7139 0.3167 -0.6246
vn -0.9388 0.1495 -0.3103
vn -0.1698 0.9678 0.1859
vn -0.0000 0.9962 -0.0866
vn 0.0022 0.8641 0.5032
vn -0.0021 -0.5033 -0.8641
vn 0.1698 -0.1859 -0.9678
vn -0.0000 0.0866 -0.9962
vn -0.1696 -0.1861 -0.9678
vn -0.1816 0.5921 0.7852
vn 0.1721 0.6609 0.7305
vn 0.0092 0.3382 0.9410
vn 0.4753 0.2879 -0.8314
vn 0.1948 0.3670 -0.9096
vn 0.4319 0.0308 -0.9014
vn -0.1946 0.9107 -0.3644
vn -0.1943 0.3641 -0.9108
vn -0.0000 0.7071 -0.7071
vn 0.1943 0.9108 -0.3642
vn 0.4737 -0.1613 -0.8658
vn -0.1735 -0.4191 0.8912
vn -0.4594 -0.3058 0.8339
vn -0.3928 -0.1264 0.9109
vn 0.0205 -0.9997 -0.0149
vn -0.1565 -0.9856 0.0642
vn 0.0112 -0.9790 0.2038
vn -0.3989 -0.9166 0.0285
vn -0.3927 -0.9095 0.1366
vn 0.0386 0.8994 0.4354
vn -0.0000 -0.7071 0.7071
vn 0.1679 -0.8566 0.4878
vn -0.1739 -0.8921 0.4170
vn -0.5655 -0.5670 0.5990
vn 0.1760 -0.7308 -0.6595
vn 0.4985 -0.7696 -0.3991
vn 0.5988 -0.4066 -0.6900
vn -0.3730 -0.0028 0.9278
vn -0.1623 0.1149 0.9800
vn -0.4500 -0.8429 0.2950
vn 0.4500 -0.8429 0.2950
vn 0.1695 -0.1877 0.9675
vn -0.0000 0.0866 0.9962
vn 0.1921 0.3674 0.9100
vn 0.0205 0.0149 -0.9997
vn -0.1565 -0.0642 -0.9856
vn 0.0112 -0.2038 -0.9790
vn 0.0030 -0.4923 0.8704
vn -0.4448 -0.1806 0.8772
vn -0.4243 0.0529 0.9040
vn -0.1706 -0.1883 0.9672
vn 0.3892 -0.9098 0.1441
vn 0.3524 -0.9358 -0.0112
vn -0.3715 -0.9284 -0.0029
vn -0.1627 -0.9800 -0.1145
vn -0.1918 0.3651 0.9110
vn -0.0000 0.7071 0.7071
vn 0.0021 -0.5033 0.8641
vn -0.1943 0.9108 0.3642
vn -0.5182 0.2563 0.8160
vn 0.1946 0.9107 0.3644
vn -0.3929 0.9109 -0.1265
vn -0.1720 0.8916 -0.4189
vn -0.1743 -0.4182 -0.8915
vn 0.1733 -0.7314 0.6595
vn -0.1840 -0.7868 0.5892
vn -0.6476 -0.3977 0.6500
vn 0.4325 -0.7761 0.4589
vn -0.1720 -0.8924 -0.4172
vn 0.0112 -0.9790 -0.2038
vn 0.1666 -0.8562 -0.4890
vn -0.0000 -0.7071 -0.7071
vn -0.1559 -0.9857 -0.0637
vn 0.0205 -0.9997 0.0149
vn 0.0036 0.8703 -0.4925
vn -0.1627 0.1145 -0.9800
vn 0.4639 -0.8402 -0.2809
vn 0.5843 -0.5495 -0.5972
vn 0.1679 -0.4879 -0.8566
vn -0.0000 0.9962 0.0866
vn 0.7352 0.2767 -0.6188
vn -0.1714 0.9671 -0.1880
vn 0.0022 0.8641 -0.5032
vn -0.1825 0.5896 -0.7868
vn 0.1715 0.9671 -0.1879
vn 0.1748 0.6592 -0.7314
vn 0.1715 0.1879 0.9671
vn -0.4500 -0.8429 -0.2950
vn 0.4594 -0.3058 -0.8339
vn 0.3908 -0.9121 -0.1242
vn 0.0020 -0.8700 -0.4931
vn 0.3524 -0.9358 0.0113
vn -0.3929 -0.9109 -0.1265
vn -0.3730 -0.9278 -0.0028
vn -0.1623 -0.9800 0.1148
vn 0.1677 0.8554 -0.4902
vn 0.0396 0.4363 0.8989
vn -0.1616 -0.1127 -0.9804
vn -0.1627 0.9800 0.1145
vn -0.1730 0.4168 -0.8924
vn -0.5185 -0.8257 0.2222
vn -0.6488 -0.5139 0.5612
vn -0.1953 -0.9100 0.3656
vn 0.6683 0.5456 -0.5056
vn 0.0089 -0.3387 -0.9409
vn 0.0205 -0.0149 -0.9997
vn -0.4017 0.7658 0.5021
vn -0.4775 0.1609 0.8638
vn -0.1714 0.1880 0.9671
vn -0.4325 -0.0562 0.8999
vn -0.5156 -0.2567 0.8175
vn -0.1937 -0.3677 0.9096
vn 0.1948 -0.3670 0.9096
vn -0.1825 0.7868 0.5896
vn 0.0021 0.5033 0.8641
vn 0.4279 0.3353 -0.8393
vn 0.1748 0.7314 0.6592
vn -0.0000 -0.0866 0.9962
vn 0.1943 -0.9108 0.3642
vn -0.1853 -0.5896 -0.7862
vn -0.1937 -0.9096 -0.3677
vn -0.5156 -0.8175 -0.2567
vn -0.4240 -0.9050 -0.0348
vn 0.1738 -0.6626 0.7285
vn -0.4737 -0.8658 -0.1613
vn -0.4243 -0.9040 0.0529
vn -0.1706 -0.9672 -0.1883
vn 0.0389 0.4360 -0.8991
vn 0.0022 -0.8641 -0.5034
vn 0.1721 -0.6609 -0.7305
vn 0.1717 -0.9674 -0.1861
vn 0.5793 -0.6697 -0.4647
vn -0.3933 -0.0592 0.9175
vn -0.4168 -0.2121 0.8839
vn 0.4319 -0.9014 -0.0308
vn 0.5022 -0.8303 -0.2418
vn 0.1948 -0.9096 -0.3670
vn -0.1579 0.0638 -0.9854
vn -0.0000 -0.9962 0.0866
vn 0.4243 -0.9040 0.0529
vn 0.4840 -0.4147 -0.7705
vn 0.4613 -0.8750 -0.1467
vn -0.1814 -0.5911 0.7860
vn 0.0022 -0.8627 0.5056
vn -0.0000 -0.9962 -0.0866
vn 0.1696 -0.9674 0.1878
vn -0.1695 -0.9675 0.1877
vn 0.0112 0.9790 0.2038
vn 0.1666 0.8562 0.4890
vn -0.1721 0.8924 0.4173
vn 0.6212 -0.5678 -0.5401
vn 0.1943 -0.3642 -0.9108
vn -0.1947 -0.3644 -0.9107
vn 0.4639 0.8402 0.2809
vn 0.4243 -0.0529 -0.9040
vn 0.1695 0.1877 -0.9675
vn -0.0000 -0.0866 -0.9962
vn -0.4427 -0.4697 0.7638
vn -0.5796 -0.7030 0.4122
vn -0.4613 -0.8750 0.1467
vn 0.0402 -0.8997 0.4346
vn -0.4077 0.0379 0.9123
vn -0.1575 0.0622 0.9856
vn -0.3809 -0.0130 0.9245
vn -0.1696 0.1878 -0.9674
vn 0.5022 -0.2418 -0.8303
vn -0.2729 -0.8165 0.5088
vn -0.1560 0.9857 0.0637
vn 0.4487 0.1802 -0.8753
vn 0.1733 0.7314 -0.6595
vn -0.0021 0.5033 -0.8641
vn -0.1840 0.7868 -0.5892
vn 0.7738 -0.6009 -0.2003
vn 0.4169 0.3246 0.8490
vn 0.1690 0.4896 0.8554
vn 0.3740 0.8475 -0.3768
vn 0.7730 0.6015 -0.2016
vn -0.1623 0.9800 -0.1149
vn -0.4163 -0.8549 0.3097
vn -0.1743 0.4176 0.8918
vn -0.4279 0.3353 0.8393
vn -0.4020 0.9143 -0.0491
vn -0.4094 0.8883 -0.2083
vn 1.0000 0.0059 0.0080
vn 0.9958 -0.0851 -0.0340
vn 0.9948 -0.0918 -0.0436
vn 0.9995 -0.0288 -0.0155
vn -0.9953 0.0608 0.0758
vn 0.9964 0.0358 0.0773
vn -0.9950 0.0386 0.0926
vn 0.9968 -0.0795 -0.0000
vn -0.7020 0.3253 0.6335
vn -0.7074 0.2913 0.6440
vn -0.9353 0.1413 0.3244
vn -0.9333 0.1603 0.3212
vn -0.7302 0.1946 0.6549
vn -0.9431 0.0900 0.3200
vn -0.9957 0.0234 0.0897
vn -0.4029 0.4259 0.8101
vn -0.7139 0.3167 0.6246
vn -0.4270 0.2680 0.8636
vn -0.7641 -0.0248 0.6446
vn -0.9538 -0.0115 0.3003
vn -0.9967 -0.0033 0.0817
vn -0.9999 0.0024 0.0102
vn 0.9999 -0.0060 0.0113
vn 0.9999 -0.0067 0.0078
vn -0.9388 0.1495 0.3103
vn -0.9958 0.0338 0.0848
vn 0.7137 0.0180 0.7002
vn -0.6771 0.4271 0.5993
vn -0.6959 0.3680 0.6167
vn -0.9326 0.1797 0.3131
vn -0.9257 0.2162 0.3105
vn -0.7322 0.2310 0.6407
vn -0.9445 0.1062 0.3109
vn -0.9949 0.0483 0.0888
vn -0.9943 0.0594 0.0886
vn -0.3758 0.5440 0.7502
vn -0.6757 0.4345 0.5955
vn -0.7628 -0.0080 0.6466
vn -0.9602 -0.0038 0.2792
vn -0.9963 -0.0270 0.0810
vn -0.9999 0.0063 0.0099
vn -0.9943 0.0618 0.0871
vn -0.9252 0.2228 0.3072
vn -0.6350 0.5734 0.5176
vn -0.6747 0.4795 0.5610
vn -0.9278 0.2343 0.2905
vn -0.9120 0.2992 0.2806
vn -0.7350 0.2809 0.6172
vn -0.9464 0.1264 0.2973
vn -0.9948 0.0611 0.0818
vn -0.9935 0.0809 0.0804
vn -0.9961 0.0318 0.0817
vn -0.6310 0.5852 0.5092
vn -0.7628 0.0080 0.6466
vn -0.9534 0.0037 0.3018
vn -0.9966 0.0011 0.0822
vn -0.9933 0.0859 0.0779
vn -0.9091 0.3131 0.2748
vn 0.9999 0.0102 -0.0024
vn 0.9999 0.0106 -0.0041
vn 1.0000 -0.0006 0.0083
vn -0.5051 0.8010 0.3213
vn -0.6070 0.6631 0.4380
vn -0.9104 0.3328 0.2460
vn -0.8581 0.4698 0.2071
vn -0.7348 0.3591 0.5755
vn -0.9485 0.1567 0.2753
vn -0.9941 0.0829 0.0702
vn -0.9899 0.1265 0.0632
vn -0.9965 0.0378 0.0746
vn -0.4994 0.8124 0.3011
vn -0.7641 0.0248 0.6446
vn -0.9538 0.0115 0.3003
vn -0.9967 0.0033 0.0817
vn -0.9882 0.1418 0.0573
vn -0.8426 0.5042 0.1891
vn -0.7538 -0.2448 0.6098
vn -0.9717 0.1669 0.1669
vn -0.9598 -0.0669 0.2725
vn -0.8243 0.5649 -0.0383
vn -0.9598 0.2725 -0.0669
vn -0.9979 0.0459 0.0459
vn -0.7538 0.6098 -0.2448
vn -0.4542 -0.3629 0.8137
vn -0.7139 -0.3167 0.6246
vn 0.8583 0.0139 -0.5130
vn 0.7946 0.4331 -0.4254
vn -0.9958 -0.0340 0.0851
vn -0.9388 -0.1495 0.3103
vn -0.6532 -0.5380 0.5328
vn -0.6867 -0.4399 0.5788
vn -0.9319 -0.2256 0.2839
vn -0.9184 -0.2838 0.2758
vn -0.7224 -0.2660 0.6382
vn -0.9454 -0.1330 0.2976
vn -0.9952 -0.0614 0.0759
vn -0.9941 -0.0778 0.0760
vn -0.6311 -0.5852 0.5092
vn -0.7398 -0.0000 0.6729
vn -0.9516 -0.0000 0.3073
vn -0.9968 -0.0000 0.0795
vn -0.9932 -0.0864 0.0780
vn -0.9999 -0.0070 0.0118
vn -0.9091 -0.3131 0.2748
vn -0.6864 -0.4047 0.6042
vn -0.7033 -0.3414 0.6236
vn -0.9369 -0.1720 0.3045
vn -0.9298 -0.2063 0.3047
vn -0.7253 -0.2193 0.6526
vn -0.9455 -0.1099 0.3066
vn -0.9955 -0.0474 0.0825
vn -0.6757 -0.4345 0.5955
vn -0.7401 0.0149 0.6723
vn -0.9517 0.0048 0.3069
vn -0.9968 0.0002 0.0796
vn -0.9942 -0.0621 0.0873
vn -0.9252 -0.2228 0.3072
vn -0.5585 -0.7452 0.3644
vn -0.6407 -0.5988 0.4806
vn -0.9136 -0.3275 0.2409
vn -0.8730 -0.4426 0.2047
vn -0.7140 -0.3394 0.6124
vn -0.9436 -0.1709 0.2835
vn -0.9941 -0.0877 0.0633
vn -0.9908 -0.1222 0.0574
vn -0.9964 -0.0445 0.0726
vn -0.4994 -0.8124 0.3011
vn -0.7401 -0.0149 0.6724
vn -0.9517 -0.0048 0.3069
vn -0.9968 -0.0002 0.0799
vn -0.9882 -0.1418 0.0573
vn -0.8426 -0.5042 0.1891
vn 1.0000 0.0032 0.0085
vn 1.0000 0.0042 0.0073
vn -0.9999 -0.0063 0.0099
vn -0.9993 -0.0045 -0.0362
vn 0.9999 -0.0084 0.0086
vn 0.7190 0.6267 -0.3006
vn 0.7352 0.6188 -0.2767
vn -0.4190 -0.8706 -0.2579
vn 0.3553 -0.8139 -0.4598
vn 0.7237 -0.5919 -0.3548
vn -0.3661 -0.7496 -0.5514
vn 0.6291 -0.4189 0.6548
vn 0.7632 -0.5398 0.3550
vn 0.7709 -0.6369 0.0087
vn 0.9957 0.0897 -0.0234
vn 0.9431 0.3200 -0.0900
vn 0.9353 0.3244 -0.1413
vn 0.9950 0.0927 -0.0384
vn 0.9334 0.3212 -0.1603
vn 0.9948 0.0920 -0.0441
vn 1.0000 0.0089 0.0009
vn 0.9999 0.0105 -0.0047
vn 0.9964 -0.0724 0.0445
vn 0.9999 -0.0081 0.0078
vn -1.0000 -0.0011 -0.0037
vn 0.9941 -0.0162 -0.1071
vn 0.9382 0.0043 -0.3462
vn 0.9361 0.0125 -0.3516
vn -0.9338 0.0063 -0.3578
vn 0.9496 -0.0405 -0.3109
vn 0.9322 -0.0156 -0.3615
vn 0.8048 -0.2287 -0.5477
vn 0.9592 -0.0790 -0.2715
vn -0.3987 0.0481 -0.9158
vn 0.8808 -0.2984 -0.3677
vn 0.9808 -0.0852 -0.1755
vn 0.9956 -0.0899 0.0266
vn 0.9995 -0.0288 0.0155
vn 0.9509 -0.0328 -0.3079
vn 0.9569 -0.0722 -0.2812
vn -0.9999 -0.0051 0.0100
vn 0.9616 -0.2721 0.0356
vn 0.9942 -0.1073 0.0023
vn 0.9963 0.0728 0.0448
vn 0.9436 0.2835 0.1709
vn 0.9136 0.2409 0.3275
vn 0.9942 0.0632 0.0875
vn 0.8730 0.2047 0.4426
vn 0.9908 0.0574 0.1222
vn 1.0000 0.0073 0.0042
vn 0.9999 0.0060 0.0113
vn 0.9999 0.0066 0.0124
vn 0.9999 0.0064 0.0081
vn -0.3214 -0.6309 0.7061
vn 0.0084 -0.9410 0.3383
vn 0.3994 -0.8946 0.2004
vn 0.7367 -0.5955 0.3203
vn -0.3797 -0.7778 0.5008
vn -0.4025 -0.8722 -0.2780
vn -0.4136 0.8719 -0.2620
vn -0.3941 -0.8203 0.4145
vn -0.2683 -0.4432 0.8553
vn 0.7371 -0.6739 0.0501
vn -0.0019 -0.6219 0.7831
vn 0.7252 -0.6152 -0.3093
vn 0.9999 -0.0057 0.0092
vn 0.9315 -0.0129 -0.3635
vn 0.7848 -0.1799 -0.5931
vn -0.4022 0.0684 -0.9130
vn 0.8518 -0.2747 -0.4461
vn 0.9569 0.2812 0.0722
vn 0.9965 0.0838 0.0006
vn -0.9996 0.0284 -0.0088
vn -0.9964 0.0757 0.0380
vn -0.9485 0.2753 0.1567
vn -0.9104 0.2460 0.3328
vn -0.9939 0.0704 0.0845
vn -0.7348 0.5755 0.3591
vn -0.6070 0.4380 0.6631
vn -0.8581 0.2071 0.4698
vn -0.9899 0.0633 0.1267
vn -0.5051 0.3213 0.8010
vn -0.4093 -0.8906 0.1981
vn -0.3897 -0.9201 -0.0385
vn -0.0037 0.7819 -0.6234
vn -0.9445 -0.3284 -0.0040
vn -0.7089 -0.7052 -0.0142
vn 0.9999 0.0100 -0.0051
vn 0.9999 0.0099 -0.0063
vn -0.9962 0.0811 -0.0304
vn -0.9455 0.3066 -0.1099
vn -0.9369 0.3045 -0.1720
vn -0.9955 0.0825 -0.0472
vn -0.7253 0.6526 -0.2193
vn -0.7033 0.6236 -0.3414
vn -0.9298 0.3047 -0.2063
vn -0.9947 0.0850 -0.0572
vn -0.6864 0.6042 -0.4047
vn -1.0000 0.0085 -0.0032
vn -0.9999 0.0092 -0.0060
vn -0.9999 0.0088 -0.0049
vn 0.9959 0.0864 -0.0273
vn 0.9444 0.3111 -0.1060
vn 0.9326 0.3131 -0.1797
vn 0.9949 0.0889 -0.0483
vn 0.9257 0.3105 -0.2162
vn 0.9943 0.0886 -0.0594
vn 0.9999 0.0098 -0.0028
vn 0.7133 -0.7006 0.0210
vn 0.7816 -0.5604 0.2740
vn 0.7705 -0.6370 0.0232
vn 0.7760 0.5633 -0.2837
vn 0.7015 -0.5368 0.4688
vn 0.7617 -0.6352 0.1276
vn -0.9948 -0.0728 0.0714
vn 0.9942 -0.0635 0.0873
vn -0.7998 0.0862 0.5940
vn -0.7735 -0.0177 0.6336
vn -0.9544 -0.0037 0.2986
vn -0.9608 0.0284 0.2759
vn -0.8217 -0.1229 0.5566
vn -0.9623 -0.0386 0.2694
vn -0.9960 -0.0003 0.0895
vn -0.8749 0.1742 0.4519
vn -0.8870 -0.2196 0.4062
vn -0.9775 0.0519 0.2047
vn -0.9981 0.0118 0.0612
vn -0.8870 0.2196 0.4062
vn -0.9666 0.1815 0.1812
vn -0.9942 -0.1071 -0.0025
vn 0.9936 0.0805 -0.0797
vn 0.6819 0.5158 0.5186
vn 0.0084 -0.9410 -0.3383
vn -0.4147 -0.8428 0.3430
vn -0.3595 -0.7642 0.5355
vn 0.7770 -0.5847 -0.2330
vn -0.3283 -0.6212 -0.7116
vn -0.3332 -0.7062 -0.6247
vn 0.7801 -0.5606 -0.2778
vn -0.3398 -0.6700 0.6600
vn 0.9964 0.0773 0.0358
vn 0.9454 0.2976 0.1330
vn 0.9319 0.2839 0.2256
vn 0.9952 0.0759 0.0614
vn 0.9184 0.2755 0.2839
vn 0.9999 0.0080 0.0061
vn -0.9999 0.0079 0.0068
vn -0.9954 0.0873 0.0383
vn -0.9458 0.2984 0.1283
vn -0.9386 0.2722 0.2121
vn 0.9556 -0.1790 -0.2343
vn 0.9813 -0.1740 -0.0820
vn -0.9643 0.0394 0.2619
vn -0.9542 0.2945 -0.0519
vn -0.7805 -0.0023 0.6251
vn -1.0000 0.0093 0.0032
vn -0.9996 0.0239 0.0181
vn -0.4488 0.7757 -0.4437
vn -0.8217 0.1229 0.5566
vn -0.7350 0.6172 0.2809
vn -0.6747 0.5610 0.4795
vn -0.6351 0.5176 0.5734
vn -0.9942 -0.0758 -0.0769
vn 0.9950 -0.0833 0.0550
vn 0.9131 -0.2737 0.3024
vn 0.9947 -0.0737 0.0714
vn 0.9391 -0.2720 0.2100
vn 0.9952 -0.0761 0.0610
vn 0.9624 -0.0074 -0.2715
vn 0.9967 -0.0096 -0.0811
vn -0.9999 -0.0060 -0.0113
vn -0.9999 -0.0064 -0.0081
vn 0.9999 -0.0060 -0.0113
vn 0.9468 -0.2969 0.1242
vn 0.7811 -0.0310 -0.6237
vn 0.8217 -0.1229 -0.5566
vn 0.9628 -0.0399 -0.2671
vn 0.8870 -0.2196 -0.4062
vn 0.9826 -0.0571 -0.1770
vn 0.9445 -0.3284 0.0053
vn -0.9963 0.0775 -0.0358
vn -0.9454 0.2976 -0.1330
vn -0.9319 0.2839 -0.2256
vn -0.9952 0.0759 -0.0612
vn -0.7224 0.6382 -0.2660
vn -0.6867 0.5788 -0.4399
vn -0.9184 0.2758 -0.2838
vn -0.9941 0.0761 -0.0777
vn -0.6532 0.5328 -0.5380
vn -1.0000 0.0079 -0.0036
vn -0.3561 0.6651 -0.6564
vn -0.9999 0.0081 -0.0078
vn -1.0000 0.0079 -0.0061
vn -0.9967 -0.0806 0.0028
vn -0.7315 0.0241 -0.6814
vn -0.4402 0.8376 -0.3235
vn 0.7680 0.0228 -0.6401
vn 0.7998 -0.0862 -0.5940
vn 0.9597 -0.0327 -0.2790
vn -0.9831 -0.1746 0.0558
vn 0.8630 -0.1876 -0.4690
vn 0.9796 -0.0531 -0.1939
vn 0.9964 -0.0757 -0.0380
vn -0.9993 -0.0045 0.0362
vn 0.9961 0.0817 -0.0318
vn 0.9464 0.2973 -0.1264
vn 0.9278 0.2905 -0.2343
vn 0.9948 0.0818 -0.0611
vn 0.9120 0.2806 -0.2992
vn 0.9935 0.0804 -0.0809
vn 1.0000 0.0092 -0.0032
vn 0.7371 -0.6477 -0.1930
vn 0.9999 0.0089 -0.0082
vn 0.9999 0.0092 -0.0062
vn -0.0032 -0.7812 -0.6243
vn 0.7307 -0.6804 -0.0556
vn 0.7567 -0.6470 -0.0935
vn 0.4153 -0.8861 -0.2055
vn 0.3213 -0.5635 -0.7611
vn 0.6309 -0.4224 -0.6508
vn 0.5232 -0.3250 -0.7878
vn 0.5333 -0.3174 -0.7841
vn -0.3933 -0.9175 -0.0592
vn 0.7577 -0.6521 -0.0247
vn 0.7302 0.5897 0.3450
vn -0.4478 -0.7763 0.4438
vn 0.9999 0.0092 0.0060
vn 0.7101 0.5825 0.3954
vn 0.7386 -0.0000 -0.6742
vn -0.4241 -0.3864 0.8191
vn -0.3358 -0.6224 0.7070
vn 0.6409 0.5638 -0.5209
vn 0.8016 -0.4249 -0.4207
vn 0.3830 -0.6552 -0.6512
vn 0.9962 0.0811 0.0304
vn 0.9455 0.3066 0.1099
vn 0.9369 0.3045 0.1720
vn 0.9955 0.0825 0.0472
vn 0.9298 0.3047 0.2063
vn 0.9947 0.0850 0.0572
vn 1.0000 0.0085 0.0032
vn 0.6166 0.4431 -0.6507
vn 0.7572 -0.6481 0.0814
vn 0.7159 -0.6969 0.0415
vn 0.7141 -0.6998 0.0187
vn 0.9999 0.0088 0.0049
vn -0.9959 0.0864 0.0273
vn -0.9444 0.3111 0.1060
vn -0.9326 0.3131 0.1797
vn -0.9949 0.0889 0.0483
vn -0.7322 0.6407 0.2310
vn -0.6959 0.6167 0.3680
vn -0.9257 0.3105 0.2162
vn -0.9943 0.0886 0.0594
vn -0.6771 0.5993 0.4271
vn -0.9999 0.0098 0.0028
vn -0.9999 0.0099 0.0063
vn -0.9999 0.0100 0.0051
vn 0.9951 0.0081 0.0985
vn -0.7122 -0.0249 0.7015
vn 0.9902 -0.0620 -0.1250
vn -0.7941 -0.1934 0.5762
vn -0.8603 -0.2976 0.4140
vn -0.9795 -0.0782 0.1857
vn -0.7341 -0.1374 0.6649
vn 0.9948 -0.0913 0.0443
vn -0.7006 -0.0021 0.7136
vn -0.9587 -0.2153 0.1857
vn 0.9467 0.1019 -0.3057
vn -0.9498 -0.2173 0.2252
vn -0.9965 0.0133 0.0823
vn -0.9542 0.2390 0.1799
vn -0.9913 0.0868 0.0992
vn -0.9986 0.0404 0.0348
vn -0.8808 0.2984 0.3677
vn -0.9808 0.0852 0.1754
vn -0.9943 0.0023 0.1066
vn -0.9537 -0.0211 0.3002
vn -0.9963 0.0728 -0.0448
vn -0.9436 0.2835 -0.1709
vn -0.9136 0.2409 -0.3275
vn -0.9942 0.0632 -0.0875
vn -0.7140 0.6124 -0.3394
vn -0.6407 0.4806 -0.5988
vn -0.8730 0.2047 -0.4426
vn -0.9908 0.0574 -0.1222
vn -0.5585 0.3644 -0.7452
vn -1.0000 0.0073 -0.0042
vn -0.9999 0.0060 -0.0113
vn -0.9999 0.0064 -0.0081
vn -0.7349 -0.1153 0.6683
vn -0.9381 0.0049 0.3462
vn -0.7066 -0.0277 0.7070
vn -0.9315 -0.0129 0.3635
vn -0.4077 -0.0382 0.9123
vn -0.7011 0.0013 0.7130
vn -0.9983 0.0414 0.0414
vn 0.9968 -0.0006 -0.0797
vn 0.9955 -0.0472 -0.0825
vn -0.9373 0.0135 0.3484
vn 0.5321 0.3234 -0.7825
vn 0.7789 -0.5208 -0.3494
vn 0.7154 -0.6292 0.3037
vn -0.4334 -0.8297 0.3519
vn -0.2202 -0.3494 -0.9107
vn 0.0555 0.6895 -0.7221
vn 0.7633 0.0246 -0.6455
vn 0.7720 -0.6344 -0.0393
vn 0.9965 0.0746 -0.0378
vn 0.9485 0.2753 -0.1567
vn 0.9104 0.2460 -0.3328
vn 0.9941 0.0702 -0.0829
vn 0.8581 0.2071 -0.4698
vn 0.9899 0.0632 -0.1265
vn 1.0000 0.0083 -0.0038
vn 0.7584 -0.6518 0.0090
vn 0.9999 0.0070 -0.0118
vn 0.9999 0.0078 -0.0080
vn 0.9315 0.0129 0.3635
vn 0.9966 -0.0033 -0.0818
vn 0.9940 -0.0698 -0.0843
vn 0.9353 0.1413 -0.3244
vn 0.9333 0.1603 -0.3212
vn 0.9431 0.0900 -0.3200
vn 0.9950 0.0386 -0.0926
vn 0.7758 -0.0387 -0.6297
vn 0.9538 -0.0115 -0.3003
vn 0.9958 0.0338 -0.0848
vn 0.9950 -0.0926 0.0386
vn -0.9966 -0.0818 -0.0033
vn -0.9950 -0.0923 0.0388
vn 0.9388 0.1495 -0.3103
vn 0.9956 0.0530 -0.0777
vn 0.9352 0.2103 -0.2849
vn 0.9356 0.1971 -0.2929
vn 0.6966 0.3666 -0.6167
vn 0.9250 0.2179 -0.3112
vn 0.7742 -0.0230 -0.6326
vn 0.9602 -0.0038 -0.2792
vn 0.9963 -0.0270 -0.0810
vn 0.9966 0.0011 -0.0823
vn 0.6427 0.5706 -0.5111
vn 0.6759 0.4774 -0.5614
vn 0.9278 0.2343 -0.2905
vn 0.9120 0.2992 -0.2806
vn 0.9464 0.1264 -0.2973
vn 0.9947 0.0618 -0.0819
vn 0.7736 -0.0080 -0.6337
vn 0.9534 0.0037 -0.3018
vn 0.9933 0.0859 -0.0778
vn 0.9091 0.3131 -0.2748
vn 0.6093 0.6599 -0.4395
vn 0.9104 0.3328 -0.2460
vn 0.8581 0.4698 -0.2071
vn 0.9485 0.1567 -0.2753
vn 0.9941 0.0829 -0.0702
vn 0.9899 0.1265 -0.0632
vn 0.9965 0.0378 -0.0746
vn 0.9538 0.0115 -0.3003
vn 0.9967 0.0033 -0.0817
vn 0.9882 0.1418 -0.0573
vn 0.8426 0.5042 -0.1891
vn 0.7412 -0.2478 -0.6239
vn 0.9717 0.1669 -0.1669
vn 0.9598 -0.0669 -0.2725
vn 0.8262 0.5623 0.0350
vn 0.9598 0.2725 0.0669
vn 0.9979 0.0459 -0.0459
vn 0.7412 0.6239 0.2478
vn 0.4664 0.8659 0.1809
vn 0.9958 -0.0340 -0.0851
vn 0.9388 -0.1495 -0.3103
vn 0.7738 -0.2003 0.6009
vn 0.3701 -0.3787 0.8483
vn 0.4637 -0.8579 0.2213
vn -0.3769 -0.3979 0.8364
vn 0.7730 -0.2016 -0.6015
vn 0.3626 -0.3642 -0.8578
vn 0.4153 0.2055 0.8861
vn 0.7388 0.0503 0.6720
vn 0.6853 -0.4432 -0.5778
vn 0.9319 -0.2256 -0.2839
vn 0.9184 -0.2838 -0.2758
vn 0.9454 -0.1330 -0.2976
vn 0.9952 -0.0612 -0.0759
vn 0.9941 -0.0777 -0.0761
vn 0.9963 -0.0358 -0.0775
vn 0.9516 -0.0000 -0.3073
vn 0.9968 -0.0000 -0.0796
vn 0.9933 -0.0859 -0.0778
vn 0.9999 -0.0085 -0.0085
vn 0.9091 -0.3131 -0.2748
vn 0.6409 -0.5638 -0.5208
vn 0.7025 -0.3435 -0.6233
vn 0.9369 -0.1720 -0.3045
vn 0.9298 -0.2063 -0.3047
vn 0.9455 -0.1099 -0.3066
vn 0.9962 -0.0304 -0.0811
vn 0.5902 -0.7302 -0.3442
vn 0.7519 -0.0086 -0.6592
vn 0.9517 0.0048 -0.3069
vn 0.9968 0.0002 -0.0796
vn 1.0000 -0.0032 -0.0085
vn 0.9252 -0.2228 -0.3072
vn 0.6378 -0.6041 -0.4778
vn 0.9136 -0.3275 -0.2409
vn 0.8730 -0.4426 -0.2047
vn 0.9436 -0.1709 -0.2835
vn 0.9908 -0.1222 -0.0574
vn 0.7533 -0.0410 -0.6564
vn 0.9517 -0.0048 -0.3069
vn -1.0000 -0.0001 -0.0083
vn 0.9882 -0.1418 -0.0573
vn 0.8426 -0.5042 -0.1891
vn 0.5085 -0.7994 -0.3200
vn -0.9999 0.0106 0.0041
vn -1.0000 0.0036 -0.0079
vn 0.9983 -0.0400 0.0414
vn -0.9957 0.0897 0.0234
vn -0.9431 0.3200 0.0900
vn -0.9353 0.3244 0.1413
vn -0.9950 0.0927 0.0384
vn -0.7302 0.6549 0.1946
vn -0.7074 0.6440 0.2913
vn -0.9334 0.3212 0.1603
vn -0.9948 0.0920 0.0441
vn -0.7020 0.6335 0.3253
vn -0.9999 0.0102 0.0024
vn -0.9999 0.0105 0.0047
vn -0.9999 -0.0024 -0.0102
vn -0.9999 -0.0041 -0.0106
vn -0.9999 -0.0047 -0.0105
vn -0.9999 0.0078 -0.0081
vn 0.7080 -0.2898 -0.6440
vn 0.9353 -0.1413 -0.3244
vn 0.9431 -0.0900 -0.3200
vn 0.9333 -0.1603 -0.3212
vn 0.9950 -0.0383 -0.0924
vn 0.9957 -0.0234 -0.0897
vn 0.9948 -0.0441 -0.0920
vn 0.9999 -0.0047 -0.0105
vn 0.9999 -0.0041 -0.0106
vn 0.9999 -0.0024 -0.0102
vn -0.9999 0.0080 0.0061
vn -0.9816 -0.1721 -0.0830
vn 0.4325 0.4589 -0.7761
vn 0.8279 0.1601 -0.5376
vn 0.9999 -0.0024 0.0102
vn 0.9999 -0.0041 0.0106
vn 0.9999 -0.0047 0.0105
vn -0.7302 -0.1946 0.6549
vn -0.7074 -0.2913 0.6440
vn -0.9353 -0.1413 0.3244
vn -0.9431 -0.0900 0.3200
vn -0.7020 -0.3253 0.6335
vn -0.9333 -0.1603 0.3212
vn -0.9950 -0.0383 0.0924
vn -0.9957 -0.0234 0.0897
vn -0.9948 -0.0441 0.0920
vn -0.9999 -0.0047 0.0105
vn 0.9966 -0.0823 -0.0016
vn 0.9498 -0.2252 0.2173
vn 0.7142 -0.6998 -0.0128
vn 0.9957 -0.0866 -0.0335
vn -0.9999 0.0113 -0.0060
vn -0.9999 0.0081 -0.0064
vn 0.7350 -0.3049 0.6057
vn -0.4168 -0.2583 -0.8715
vn -0.3654 -0.4019 -0.8396
vn -0.3915 -0.4169 -0.8203
vn 0.7283 0.2995 -0.6164
vn 0.2765 0.6817 -0.6773
vn 0.7760 -0.2837 -0.5633
vn 0.3476 -0.5819 -0.7353
vn 0.9957 -0.0234 0.0897
vn 0.9950 -0.0383 0.0924
vn 0.9353 -0.1413 0.3244
vn 0.9431 -0.0900 0.3200
vn 0.9948 -0.0440 0.0917
vn 0.9333 -0.1603 0.3212
vn 0.7080 -0.2898 0.6440
vn -0.2770 0.8516 0.4450
vn 0.4941 0.4257 0.7581
vn -0.4011 0.3977 -0.8252
vn -0.3414 0.7019 -0.6252
vn -0.0033 -0.6224 -0.7827
vn 0.7237 -0.3529 -0.5931
vn -0.9957 -0.0234 -0.0897
vn -0.9950 -0.0383 -0.0924
vn -0.9353 -0.1413 -0.3244
vn -0.9431 -0.0900 -0.3200
vn -0.9948 -0.0440 -0.0917
vn -0.9333 -0.1603 -0.3212
vn -0.7074 -0.2913 -0.6440
vn -0.7302 -0.1946 -0.6549
vn -0.7020 -0.3253 -0.6335
vn 0.6378 0.6041 -0.4778
vn 0.9136 0.3275 -0.2409
vn 0.9436 0.1709 -0.2835
vn 0.8730 0.4426 -0.2047
vn 0.9942 0.0875 -0.0632
vn 0.9964 0.0445 -0.0726
vn 0.9908 0.1222 -0.0574
vn 0.5978 0.7094 0.3734
vn 0.9999 0.0113 -0.0060
vn 0.9999 0.0081 -0.0064
vn 1.0000 0.0042 -0.0073
vn -1.0000 0.0042 -0.0073
vn -0.9838 -0.1671 -0.0646
vn -0.8518 -0.4461 0.2747
vn 0.9950 -0.0999 0.0076
vn 0.7848 -0.5931 0.1799
vn 0.9551 -0.2887 0.0658
vn 0.9409 -0.3369 0.0338
vn 0.9320 -0.3623 0.0112
vn 0.8518 -0.4461 0.2747
vn -0.9951 -0.0991 -0.0079
vn 0.9296 -0.3685 -0.0003
vn -0.8048 -0.5477 -0.2287
vn -0.9585 -0.2751 -0.0753
vn -0.9432 -0.3298 -0.0406
vn -0.7416 -0.6602 -0.1194
vn -0.9328 -0.3602 -0.0137
vn -0.7103 -0.7028 -0.0385
vn -0.8674 -0.3828 -0.3179
vn -0.9940 -0.1093 -0.0004
vn -0.9296 -0.3685 -0.0003
vn -0.7011 -0.7130 -0.0014
vn -0.9509 0.0256 -0.3084
vn 0.8674 -0.3828 -0.3179
vn -0.8278 -0.5295 0.1855
vn 0.8149 -0.5476 0.1898
vn -0.7002 -0.7140 0.0016
vn -0.8052 -0.5677 -0.1715
vn -0.7497 -0.6543 -0.0989
vn 0.8631 -0.4257 -0.2717
vn 0.9999 0.0081 0.0064
vn -0.7140 0.3394 0.6124
vn -0.6407 0.5988 0.4806
vn -0.9136 0.3275 0.2409
vn -0.9436 0.1709 0.2835
vn -0.5585 0.7452 0.3644
vn -0.8730 0.4426 0.2047
vn -0.9942 0.0875 0.0632
vn -0.9964 0.0445 0.0726
vn -0.9908 0.1222 0.0574
vn -0.3941 0.4145 0.8203
vn -0.3216 0.7093 0.6272
vn -0.9999 0.0113 0.0060
vn -0.9999 0.0081 0.0064
vn -1.0000 0.0042 0.0073
vn 0.9999 0.0113 0.0060
vn -0.9963 0.0448 -0.0728
vn -0.9941 0.0876 -0.0632
vn -0.9136 0.3275 -0.2409
vn -0.9436 0.1709 -0.2835
vn -0.9909 0.1221 -0.0574
vn -0.8730 0.4426 -0.2047
vn -0.6407 0.5988 -0.4806
vn -0.7140 0.3394 -0.6124
vn -0.5585 0.7452 -0.3644
vn 0.7225 0.2973 0.6241
vn 0.2881 0.6788 0.6754
vn 0.6894 0.5506 0.4708
vn 0.7362 0.3178 -0.5975
vn 0.3260 0.4117 -0.8510
vn 0.9963 0.0448 0.0728
vn 0.9941 0.0876 0.0632
vn 0.9136 0.3275 0.2409
vn 0.9436 0.1709 0.2835
vn 0.9909 0.1221 0.0574
vn 0.8730 0.4426 0.2047
vn -0.3933 -0.9175 0.0592
vn -0.3626 -0.4960 -0.7890
vn -0.3758 -0.5406 -0.7527
vn -0.5093 0.4070 0.7583
vn -0.4176 0.2120 0.8836
vn -0.4024 0.0684 0.9129
vn 0.7387 -0.6640 -0.1157
vn -0.9950 -0.0999 0.0076
vn -0.9573 -0.2817 0.0646
vn -0.7066 -0.7070 0.0277
vn -0.9320 -0.3623 0.0112
vn -0.9409 -0.3369 0.0338
vn -0.7299 -0.6779 0.0882
vn -0.7848 -0.5931 0.1799
vn -0.7214 -0.6922 0.0184
vn -0.7341 -0.6649 0.1375
vn 0.9951 -0.0990 -0.0085
vn 0.9603 -0.2689 -0.0739
vn 0.9328 -0.3602 -0.0137
vn 0.9432 -0.3298 -0.0406
vn 0.8048 -0.5477 -0.2287
vn 1.0000 0.0036 -0.0079
vn 0.9999 -0.0048 -0.0100
vn -0.9949 -0.0486 -0.0888
vn -0.9943 -0.0592 -0.0885
vn 0.9494 -0.1248 -0.2882
vn 0.9943 -0.0592 -0.0885
vn 0.9326 -0.1797 -0.3131
vn 0.9444 -0.1060 -0.3111
vn 0.9257 -0.2162 -0.3105
vn 0.9949 -0.0486 -0.0888
vn 0.9958 -0.0275 -0.0879
vn 0.0039 -0.4932 -0.8699
vn 0.7137 -0.4089 0.5687
vn -0.8545 -0.4964 0.1533
vn -0.8048 0.2287 0.5477
vn -0.7416 0.1194 0.6602
vn -0.9432 0.0406 0.3298
vn -0.9585 0.0754 0.2751
vn -0.7103 0.0385 0.7028
vn -0.9950 0.0082 0.0995
vn 0.7345 0.2352 -0.6366
vn -0.4202 -0.3264 -0.8467
vn 0.9964 -0.0380 -0.0757
vn 0.9941 -0.0827 -0.0699
vn -0.9948 -0.0915 0.0440
vn -0.9326 -0.1797 -0.3131
vn -0.9444 -0.1060 -0.3111
vn -0.9257 -0.2162 -0.3105
vn -0.6959 -0.3680 -0.6167
vn -0.7322 -0.2310 -0.6407
vn -0.6771 -0.4271 -0.5993
vn -0.9935 -0.0803 -0.0803
vn 0.7272 0.2316 0.6462
vn 0.3149 0.5130 0.7985
vn 0.7237 -0.3548 0.5919
vn 0.9432 0.0406 0.3298
vn 0.9584 0.0754 0.2752
vn 0.9329 0.0139 0.3600
vn 0.7451 0.1137 0.6572
vn 0.8048 0.2287 0.5477
vn 0.9319 0.2256 -0.2839
vn 0.9454 0.1330 -0.2976
vn 0.9184 0.2838 -0.2758
vn 0.9952 0.0612 -0.0759
vn 0.9963 0.0360 -0.0778
vn 0.9941 0.0777 -0.0761
vn 0.9999 0.0078 -0.0081
vn 1.0000 0.0061 -0.0079
vn -1.0000 0.0061 -0.0079
vn -0.9964 -0.0772 -0.0361
vn 0.9999 0.0078 0.0081
vn -0.7224 0.2660 0.6382
vn -0.6867 0.4399 0.5788
vn -0.9319 0.2256 0.2839
vn -0.9454 0.1330 0.2976
vn -0.6532 0.5380 0.5328
vn -0.9184 0.2838 0.2758
vn -0.9941 0.0777 0.0761
vn -0.4002 0.3331 0.8538
vn -0.3515 0.5474 0.7595
vn -0.9999 0.0078 0.0081
vn -0.9811 -0.1834 0.0612
vn 0.6776 0.5298 0.5101
vn -0.3655 0.5521 -0.7494
vn -0.4193 -0.3961 -0.8169
vn -0.3418 -0.6212 -0.7052
vn -0.4175 0.3420 -0.8419
vn 0.9952 0.0615 0.0761
vn 0.9319 0.2256 0.2839
vn 0.9454 0.1330 0.2976
vn 0.9941 0.0777 0.0762
vn 0.9184 0.2838 0.2758
vn 0.6853 0.4432 0.5778
vn -0.9963 0.0358 -0.0775
vn -0.9952 0.0613 -0.0760
vn -0.9319 0.2256 -0.2839
vn -0.9454 0.1330 -0.2976
vn -0.9941 0.0777 -0.0762
vn -0.9184 0.2838 -0.2758
vn -0.6867 0.4399 -0.5788
vn -0.7224 0.2660 -0.6382
vn -0.6532 0.5380 -0.5328
vn -0.9964 -0.0757 0.0380
vn -0.9957 -0.0866 0.0335
vn -0.9947 -0.0618 0.0819
vn -0.9934 -0.0812 0.0805
vn 0.7195 0.0235 -0.6941
vn 0.6759 -0.4774 -0.5614
vn 0.9278 -0.2343 -0.2905
vn 0.6427 -0.5707 -0.5111
vn 0.9120 -0.2992 -0.2806
vn 0.9947 -0.0618 -0.0819
vn 0.9934 -0.0810 -0.0807
vn 0.9999 -0.0057 -0.0092
vn -1.0000 -0.0073 -0.0042
vn 0.8966 -0.3866 -0.2161
vn 0.9839 -0.1666 -0.0654
vn 0.9653 -0.1879 -0.1815
vn 0.9914 -0.1135 -0.0648
vn 0.9986 -0.0404 -0.0348
vn -0.8927 -0.4004 0.2071
vn -0.9653 -0.1879 0.1815
vn -0.7647 -0.6440 -0.0199
vn -0.8225 -0.5590 -0.1050
vn 0.9606 -0.2758 -0.0356
vn 0.9623 -0.2720 0.0064
vn 0.9542 -0.2391 -0.1799
vn 0.9913 -0.0868 -0.0992
vn 0.9935 -0.0805 0.0799
vn 0.8749 -0.4519 -0.1742
vn 0.9805 -0.1901 -0.0501
vn 0.8870 -0.4062 0.2196
vn -0.7350 -0.2809 0.6172
vn -0.6747 -0.4795 0.5610
vn -0.9278 -0.2343 0.2905
vn -0.9465 -0.1266 0.2970
vn -0.6350 -0.5734 0.5176
vn -0.9120 -0.2992 0.2806
vn 0.9999 0.0060 0.0092
vn -0.8909 -0.3925 -0.2286
vn 0.7647 -0.6440 -0.0199
vn 0.8002 -0.5959 0.0678
vn 0.8329 -0.5393 -0.1241
vn 0.8598 -0.4833 0.1647
vn -0.9605 -0.2759 -0.0356
vn -0.9618 -0.2736 0.0069
vn 0.4774 -0.8691 0.1295
vn -0.9636 -0.2641 0.0423
vn -0.7998 -0.5940 -0.0862
vn -0.7735 -0.6336 0.0177
vn -0.8217 -0.5566 0.1229
vn -0.8749 -0.4519 -0.1742
vn -0.9805 -0.1901 -0.0501
vn 0.9999 -0.0063 0.0099
vn 0.9999 -0.0051 0.0100
vn 0.9484 -0.2923 -0.1232
vn -0.9913 -0.0868 -0.0992
vn -0.9947 -0.0620 -0.0822
vn -0.9278 -0.2343 -0.2905
vn -0.9120 -0.2992 -0.2806
vn -0.6747 -0.4795 -0.5610
vn -0.7350 -0.2809 -0.6172
vn -0.6351 -0.5734 -0.5176
vn 0.9478 -0.1214 0.2947
vn 0.3820 0.1294 0.9151
vn 0.0112 0.2038 0.9790
vn 0.7022 -0.4647 0.5394
vn 0.9947 -0.0620 0.0822
vn 0.9278 -0.2343 0.2905
vn 0.9120 -0.2992 0.2806
vn 0.7627 -0.2740 0.5859
vn 0.7336 0.0406 0.6783
vn -0.0155 -0.7989 0.6012
vn -0.4003 0.1410 0.9055
vn 0.9635 -0.2643 0.0424
vn -0.9915 -0.1128 -0.0651
vn -0.9542 -0.2390 -0.1799
vn 0.8217 -0.5566 0.1229
vn 0.7735 -0.6336 0.0177
vn 0.7998 -0.5940 -0.0862
vn 0.5185 -0.8257 0.2222
vn -0.9963 0.0304 -0.0809
vn -0.8123 -0.5764 0.0886
vn -0.7220 0.0984 0.6849
vn 0.7060 0.2225 -0.6723
vn 0.9369 0.1720 -0.3045
vn 0.9455 0.1099 -0.3066
vn 0.9955 0.0474 -0.0825
vn 0.9963 0.0304 -0.0809
vn 0.7112 0.3856 0.5879
vn -0.9361 0.0125 0.3516
vn -0.9955 0.0474 -0.0825
vn -0.7066 0.0277 0.7070
vn -0.4183 0.2879 -0.8615
vn -0.3640 0.4286 -0.8270
vn -0.3805 0.5173 -0.7665
vn 0.7374 0.0745 0.6713
vn -0.0128 -0.7998 -0.6001
vn 0.7367 0.3203 0.5955
vn 0.3465 0.4163 0.8406
vn -0.9369 0.1720 -0.3045
vn -0.9455 0.1099 -0.3066
vn -0.9299 0.2063 -0.3045
vn -0.7033 0.3414 -0.6236
vn -0.7253 0.2193 -0.6526
vn -0.6864 0.4047 -0.6042
vn -0.9999 -0.0118 -0.0070
vn 0.9104 -0.3328 -0.2460
vn 0.9485 -0.1567 -0.2753
vn 0.8581 -0.4698 -0.2071
vn 0.9899 -0.1266 -0.0632
vn -0.3999 0.1410 -0.9056
vn 0.9999 -0.0118 -0.0070
vn 0.9882 -0.0572 -0.1419
vn 0.7493 0.1117 -0.6527
vn 0.9999 0.0049 0.0088
vn 1.0000 -0.0038 0.0083
vn 0.9999 -0.0080 0.0078
vn -0.7348 -0.3591 0.5755
vn -0.6070 -0.6631 0.4380
vn -0.9104 -0.3328 0.2460
vn -0.9485 -0.1567 0.2753
vn -0.5051 -0.8010 0.3213
vn -0.8581 -0.4698 0.2071
vn -0.9941 -0.0826 0.0700
vn -0.9965 -0.0378 0.0746
vn -0.9899 -0.1266 0.0632
vn -0.9999 -0.0118 0.0070
vn -0.9999 -0.0080 0.0078
vn -1.0000 -0.0038 0.0083
vn -0.9941 -0.0827 -0.0699
vn -0.9956 -0.0899 0.0271
vn 0.9942 0.1071 0.0026
vn -0.9995 0.0312 -0.0007
vn 0.9950 -0.0833 -0.0550
vn 0.9995 0.0310 0.0007
vn 0.9963 -0.0809 0.0304
vn 0.9492 0.3134 0.0281
vn 0.9315 0.3635 0.0129
vn -0.9481 0.3158 -0.0374
vn 0.9942 -0.0756 -0.0769
vn 0.5416 -0.7808 0.3115
vn 0.7348 0.0388 -0.6772
vn -0.2743 -0.8210 -0.5008
vn 0.6284 -0.6454 0.4343
vn -0.2219 -0.9091 -0.3524
vn 0.9965 -0.0378 0.0746
vn 0.9941 -0.0826 0.0700
vn 0.9104 -0.3328 0.2460
vn 0.9485 -0.1567 0.2753
vn 0.9899 -0.1265 0.0632
vn 0.8581 -0.4698 0.2071
vn 0.9999 -0.0118 0.0070
vn -0.9104 -0.3328 -0.2460
vn -0.9485 -0.1567 -0.2753
vn -0.9899 -0.1265 -0.0632
vn -0.8581 -0.4698 -0.2071
vn -0.6070 -0.6631 -0.4380
vn -0.7348 -0.3591 -0.5755
vn -0.5051 -0.8010 -0.3213
vn 0.7368 0.0746 -0.6720
vn -0.7220 0.0984 -0.6849
vn -0.7253 0.2193 0.6526
vn -0.7033 0.3414 0.6236
vn -0.9369 0.1720 0.3045
vn -0.9455 0.1099 0.3066
vn -0.6864 0.4047 0.6042
vn -0.9298 0.2063 0.3047
vn -0.9955 0.0472 0.0825
vn -0.9962 0.0304 0.0811
vn -0.9948 0.0571 0.0849
vn -0.4025 0.2780 0.8722
vn -0.3622 0.4352 0.8243
vn -0.9999 0.0060 0.0092
vn -0.9999 0.0049 0.0088
vn -1.0000 0.0032 0.0085
vn -0.7066 0.0277 -0.7070
vn -0.3568 -0.4831 0.7996
vn 0.7130 0.1972 0.6728
vn 0.0086 0.3382 -0.9410
vn -0.4093 0.1981 -0.8906
vn 0.4092 0.2091 -0.8882
vn 0.9962 0.0304 0.0811
vn 0.9955 0.0472 0.0825
vn 0.9369 0.1720 0.3045
vn 0.9455 0.1099 0.3066
vn 0.9948 0.0571 0.0849
vn 0.9298 0.2063 0.3047
vn 0.9999 -0.0028 0.0098
vn -0.7475 0.1172 -0.6539
vn -0.7322 -0.2310 0.6407
vn -0.6959 -0.3680 0.6167
vn -0.9326 -0.1797 0.3131
vn -0.9444 -0.1060 0.3111
vn -0.6771 -0.4271 0.5993
vn -0.9257 -0.2162 0.3105
vn -0.9949 -0.0482 0.0886
vn -0.9959 -0.0274 0.0868
vn -0.9943 -0.0592 0.0883
vn -0.3597 -0.5459 0.7567
vn -0.4532 0.3555 -0.8175
vn 0.4840 0.7704 0.4149
vn 0.9959 -0.0273 0.0864
vn 0.9949 -0.0482 0.0886
vn 0.9326 -0.1797 0.3131
vn 0.9444 -0.1060 0.3111
vn 0.9943 -0.0592 0.0883
vn 0.9257 -0.2162 0.3105
vn -0.9185 -0.2643 0.2941
vn -0.9413 -0.2677 0.2058
vn 0.9718 -0.1668 -0.1668
vn 0.8262 -0.5623 0.0349
vn 0.9598 0.0669 -0.2725
vn 0.9598 -0.2725 0.0669
vn 0.7412 -0.6239 0.2478
vn 0.9979 -0.0459 -0.0459
vn 0.9958 -0.0851 0.0340
vn 0.9388 -0.3103 0.1495
vn 0.7153 -0.6241 0.3143
vn -0.7302 -0.6549 0.1946
vn -0.9431 -0.3200 0.0900
vn -0.9353 -0.3244 0.1413
vn -0.7074 -0.6440 0.2913
vn -0.9334 -0.3212 0.1603
vn -0.7020 -0.6335 0.3253
vn -0.7641 -0.6446 -0.0248
vn -0.9538 -0.3003 -0.0115
vn -0.9958 -0.0851 0.0340
vn -0.9388 -0.3103 0.1495
vn -0.7139 -0.6246 0.3167
vn -0.7140 -0.6124 -0.3394
vn -0.9436 -0.2835 -0.1709
vn -0.9136 -0.2409 -0.3275
vn -0.6407 -0.4806 -0.5988
vn -0.9964 -0.0726 -0.0445
vn -0.9942 -0.0632 -0.0875
vn -0.8730 -0.2047 -0.4426
vn -0.5585 -0.3644 -0.7452
vn -0.9908 -0.0574 -0.1222
vn -0.7401 -0.6724 -0.0149
vn -0.9517 -0.3069 -0.0048
vn -0.9968 -0.0796 -0.0002
vn -0.9882 -0.0572 -0.1419
vn -0.8426 -0.1891 -0.5042
vn -0.4994 -0.3011 -0.8124
vn 0.9485 -0.2753 -0.1567
vn 0.9104 -0.2460 -0.3328
vn 0.8581 -0.2071 -0.4698
vn 0.9538 -0.3003 -0.0115
vn -0.9968 -0.0795 -0.0000
vn -0.9952 -0.0760 -0.0611
vn 0.8426 -0.1891 -0.5042
vn -0.7224 -0.6382 -0.2660
vn -0.9454 -0.2976 -0.1330
vn -0.9319 -0.2839 -0.2256
vn -0.6867 -0.5788 -0.4399
vn -0.9184 -0.2758 -0.2838
vn -0.6532 -0.5328 -0.5380
vn -0.7398 -0.6729 -0.0000
vn -0.9516 -0.3073 -0.0000
vn -0.9932 -0.0780 -0.0864
vn -0.9091 -0.2748 -0.3131
vn -0.6311 -0.5092 -0.5852
vn -0.9484 -0.2923 0.1232
vn 0.7736 -0.6337 0.0080
vn 0.9602 -0.2792 -0.0038
vn 0.9933 -0.0778 -0.0858
vn 0.9091 -0.2748 -0.3131
vn -0.4085 -0.8246 -0.3913
vn 0.9454 -0.2976 0.1330
vn 0.9319 -0.2839 0.2256
vn 0.9184 -0.2758 0.2838
vn 0.9941 -0.0761 0.0777
vn 0.9516 -0.3073 -0.0000
vn 0.9968 -0.0796 0.0003
vn 0.9933 -0.0778 0.0859
vn 0.9091 -0.2748 0.3131
vn -0.7350 -0.6172 0.2809
vn -0.6747 -0.5610 0.4795
vn -0.6351 -0.5176 0.5734
vn -0.7628 -0.6466 0.0080
vn -0.9602 -0.2792 0.0038
vn -0.9451 -0.3103 -0.1026
vn -0.9933 -0.0776 0.0853
vn -0.9091 -0.2748 0.3131
vn -0.6310 -0.5092 0.5852
vn 0.6918 -0.6344 0.3450
vn 0.9436 -0.2835 0.1709
vn 0.9136 -0.2409 0.3275
vn 0.8730 -0.2047 0.4426
vn 0.9908 -0.0574 0.1222
vn 0.7533 -0.6564 0.0410
vn 0.9517 -0.3069 0.0048
vn -0.9941 -0.0695 0.0828
vn 0.9950 -0.0923 -0.0388
vn 0.9882 -0.0573 0.1419
vn 0.8426 -0.1891 0.5042
vn -0.7348 -0.5755 0.3591
vn -0.9485 -0.2753 0.1567
vn -0.9104 -0.2460 0.3328
vn -0.6070 -0.4380 0.6631
vn -0.8581 -0.2071 0.4698
vn -0.5051 -0.3213 0.8010
vn -0.9899 -0.0632 0.1266
vn -0.7641 -0.6446 0.0248
vn -0.9538 -0.3003 0.0115
vn 0.9966 -0.0818 0.0033
vn -0.9882 -0.0573 0.1419
vn -0.8426 -0.1891 0.5042
vn -0.4994 -0.3011 0.8124
vn -0.9718 -0.1668 0.1668
vn -0.8243 -0.5649 -0.0383
vn -0.7538 0.2448 0.6098
vn -0.9598 0.0669 0.2725
vn -0.9598 -0.2725 -0.0669
vn -0.7538 -0.6098 -0.2448
vn -0.9979 -0.0459 0.0459
vn 0.8588 -0.5122 0.0129
vn 0.7961 -0.4229 0.4328
vn -0.9958 -0.0851 -0.0340
vn -0.9388 -0.3103 -0.1495
vn -0.7139 -0.6246 -0.3167
vn -0.4339 -0.8176 -0.3785
vn 0.9431 -0.3200 -0.0900
vn 0.9353 -0.3244 -0.1413
vn 0.9334 -0.3212 -0.1603
vn 0.9538 -0.3003 0.0115
vn 0.9953 -0.0753 -0.0611
vn 0.9388 -0.3103 -0.1495
vn -0.7538 -0.6098 0.2448
vn -0.9598 -0.2725 0.0669
vn -0.9717 -0.1669 -0.1669
vn -0.9979 -0.0459 -0.0459
vn -0.9598 0.0669 -0.2725
vn -0.7538 0.2448 -0.6098
vn 0.9598 -0.2725 -0.0669
vn 0.9717 -0.1669 0.1669
vn 0.9979 -0.0459 0.0459
vn 0.9598 0.0669 0.2725
vn 0.9184 -0.2758 -0.2838
vn 0.9319 -0.2839 -0.2256
vn 0.9454 -0.2976 -0.1330
vn -0.9953 -0.0755 0.0608
vn -0.6532 -0.5328 0.5380
vn -0.9184 -0.2758 0.2838
vn -0.9319 -0.2839 0.2256
vn -0.6867 -0.5788 0.4399
vn -0.9941 -0.0761 0.0777
vn -0.9454 -0.2976 0.1330
vn -0.7224 -0.6382 0.2660
vn -0.9968 -0.0799 0.0002
vn -0.5585 -0.3644 0.7452
vn -0.8730 -0.2047 0.4426
vn -0.9136 -0.2409 0.3275
vn -0.6407 -0.4806 0.5988
vn -0.9908 -0.0574 0.1222
vn -0.9436 -0.2835 0.1709
vn -0.7140 -0.6124 0.3394
vn 0.9955 -0.0825 -0.0474
vn -0.9517 -0.3069 0.0048
vn -0.7401 -0.6724 0.0149
vn 0.9298 -0.3047 -0.2063
vn 0.9369 -0.3045 -0.1720
vn 0.9455 -0.3066 -0.1099
vn 0.9252 -0.3072 -0.2228
vn -0.9943 -0.0868 0.0615
vn 0.8730 -0.2047 -0.4426
vn 0.9136 -0.2409 -0.3275
vn 0.9908 -0.0574 -0.1222
vn 0.9942 -0.0632 -0.0875
vn 0.9436 -0.2835 -0.1709
vn 0.9963 -0.0729 -0.0449
vn 0.9968 -0.0799 -0.0002
vn 0.9517 -0.3069 -0.0048
vn -0.6864 -0.6042 0.4047
vn -0.9298 -0.3047 0.2063
vn -0.9369 -0.3045 0.1720
vn -0.7033 -0.6236 0.3414
vn -0.9455 -0.3066 0.1099
vn -0.7253 -0.6526 0.2193
vn -0.6757 -0.5955 0.4345
vn -0.9252 -0.3072 0.2228
vn -0.7020 -0.6335 -0.3253
vn -0.9334 -0.3212 -0.1603
vn -0.9353 -0.3244 -0.1413
vn -0.7074 -0.6440 -0.2913
vn -0.9431 -0.3200 -0.0900
vn -0.7302 -0.6549 -0.1946
vn 0.9942 -0.0696 0.0825
vn 0.8581 -0.2071 0.4698
vn 0.9104 -0.2460 0.3328
vn 0.9899 -0.0632 0.1265
vn 0.9485 -0.2753 0.1567
vn -0.9266 -0.3051 -0.2197
vn -0.9943 -0.0869 -0.0622
vn -0.6771 -0.5993 -0.4271
vn -0.6959 -0.6167 -0.3680
vn -0.9131 -0.2737 -0.3024
vn -0.7322 -0.6407 -0.2310
vn 0.9451 -0.3103 0.1026
vn 0.9465 -0.2784 0.1633
vn -0.6757 -0.5955 -0.4345
vn -0.9252 -0.3072 -0.2228
vn -0.6351 -0.5176 -0.5734
vn -0.6747 -0.5610 -0.4795
vn -0.7350 -0.6172 -0.2809
vn 0.9943 -0.0869 0.0622
vn -0.7628 -0.6466 -0.0080
vn 0.9258 -0.3101 0.2163
vn -0.9467 -0.3057 0.1019
vn 0.9252 -0.3072 0.2228
vn 0.9334 -0.3212 0.1603
vn 0.9353 -0.3244 0.1413
vn 0.9431 -0.3200 0.0900
vn -0.9939 -0.0704 -0.0843
vn -0.5051 -0.3213 -0.8010
vn -0.8581 -0.2071 -0.4698
vn -0.9104 -0.2460 -0.3328
vn -0.6070 -0.4380 -0.6631
vn -0.9485 -0.2753 -0.1567
vn -0.7348 -0.5755 -0.3591
vn 0.9455 -0.3066 0.1099
vn 0.9369 -0.3045 0.1720
vn 0.9955 -0.0825 0.0474
vn 0.9298 -0.3047 0.2063
vn 0.9948 -0.0846 0.0571
vn 0.0087 0.9412 0.3377
vn -0.7322 -0.6407 0.2310
vn -0.6959 -0.6167 0.3680
vn -0.6771 -0.5993 0.4271
vn -0.3716 -0.7574 0.5369
vn 0.9458 -0.2793 -0.1655
vn 0.9304 -0.2970 -0.2149
vn -0.7314 0.6689 -0.1328
vn 0.7848 0.5931 0.1799
vn -0.9344 0.3560 -0.0091
vn -0.7103 0.7028 -0.0385
vn -0.7253 -0.6526 -0.2193
vn -0.9455 -0.3066 -0.1099
vn -0.9369 -0.3045 -0.1720
vn -0.7033 -0.6236 -0.3414
vn -0.9955 -0.0825 -0.0474
vn -0.9298 -0.3047 -0.2063
vn -0.6864 -0.6042 -0.4047
vn -0.9948 -0.0846 -0.0571
vn -0.3744 -0.7689 -0.5183
vn 0.9511 0.3069 0.0350
vn 0.9322 0.3615 0.0156
vn -0.7299 0.6779 -0.0882
vn -0.7066 0.7070 -0.0277
vn 0.8048 0.5477 0.2287
vt 0.043152 0.043151
vt 0.033213 0.038902
vt 0.028641 0.028641
vt 0.038902 0.033213
vt 0.023580 0.034836
vt 0.018865 0.024465
vt 0.024465 0.018865
vt 0.034836 0.023580
vt 0.014483 0.014483
vt 0.057984 0.057984
vt 0.048018 0.053843
vt 0.053843 0.048018
vt 0.038623 0.050149
vt 0.029269 0.046349
vt 0.018605 0.040919
vt 0.013954 0.030689
vt 0.009303 0.020460
vt 0.500000 0.660917
vt 0.519630 0.660523
vt 0.500000 0.500000
vt 0.485517 0.014483
vt 0.475535 0.018865
vt 0.479540 0.009303
vt 0.020460 0.009303
vt 0.030689 0.013954
vt 0.046349 0.029269
vt 0.040919 0.018605
vt 0.050149 0.038623
vt 0.509815 0.531163
vt 0.519630 0.517973
vt 0.519630 0.546641
vt 0.020460 0.509303
vt 0.539261 0.678929
vt 0.519630 0.022825
vt 0.549076 0.985724
vt 0.558891 0.978433
vt 0.558891 0.992868
vt 0.034836 0.523580
vt 0.500000 0.022410
vt 0.040919 0.518605
vt 0.539261 0.261411
vt 0.529445 0.273695
vt 0.519630 0.261826
vt -0.000000 1.000000
vt 0.519630 0.496409
vt 0.000000 0.000000
vt 0.479540 0.490697
vt 0.500000 0.239001
vt 0.475535 0.981135
vt 0.479540 0.990697
vt 0.465164 0.976420
vt 0.529445 0.034694
vt 0.519630 0.048967
vt 0.020460 0.990697
vt 0.539261 0.514026
vt 0.509815 0.562390
vt 0.519630 0.578466
vt 0.578521 0.160002
vt 0.578521 0.149706
vt 0.588336 0.149691
vt 0.500000 0.514026
vt 0.509815 0.506047
vt 0.043152 0.543152
vt 0.033213 0.538902
vt 0.028641 0.528641
vt 0.038902 0.533213
vt 0.023580 0.534836
vt 0.018865 0.524465
vt 0.024465 0.518865
vt 0.014483 0.514483
vt 0.057984 0.557984
vt 0.048018 0.553843
vt 0.053843 0.548018
vt 0.038623 0.550149
vt 0.029269 0.546349
vt 0.519630 0.718900
vt 0.519630 0.697336
vt 0.009303 0.520460
vt 0.539261 0.714953
vt 0.279242 0.536348
vt 0.578521 0.028518
vt 0.285303 0.537719
vt 0.476420 0.534836
vt 0.539261 0.216591
vt 0.481395 0.540919
vt 0.050149 0.538623
vt 0.046349 0.529269
vt 0.009303 0.479540
vt 0.014483 0.485517
vt 0.500000 0.678929
vt 0.633057 0.293795
vt 0.638149 0.303610
vt 0.627965 0.303610
vt 0.500000 0.000000
vt 0.539261 0.063490
vt 0.529445 0.064569
vt 0.539261 0.044820
vt 0.000000 0.500000
vt 0.509815 0.204307
vt 0.519630 0.190034
vt 0.519630 0.216176
vt 0.500000 0.505020
vt 0.539261 0.022410
vt 0.500000 0.216591
vt 0.465164 0.523580
vt 0.500000 0.642905
vt 0.479540 0.509303
vt 0.500000 0.194181
vt 0.509815 0.174432
vt 0.481395 0.611989
vt 0.471432 0.613224
vt 0.463652 0.610914
vt 0.519630 0.156426
vt 0.500000 0.714953
vt 0.500000 0.705947
vt 0.509815 0.706974
vt 0.539261 0.696941
vt 0.539261 0.644406
vt 0.539261 0.637642
vt 0.549076 0.637664
vt 0.607966 0.091551
vt 0.598151 0.099982
vt 0.598151 0.084140
vt 0.024465 0.481135
vt 0.020460 0.490697
vt 0.009303 0.761157
vt 0.022294 0.767149
vt 0.578521 0.657934
vt 0.500000 0.696941
vt 0.509815 0.732090
vt 0.627965 0.283980
vt 0.633057 0.283980
vt 0.549076 0.651855
vt 0.558891 0.644669
vt 0.558891 0.660567
vt 0.009303 0.859192
vt 0.013080 0.865784
vt 0.539261 0.000000
vt 0.490697 0.738843
vt 0.482842 0.738599
vt 0.477706 0.732852
vt 0.471432 0.726958
vt 0.481395 0.727686
vt 0.539261 0.651911
vt 0.529445 0.650885
vt 0.539261 0.642905
vt 0.475535 0.518865
vt 0.558891 0.630878
vt 0.539261 0.978609
vt 0.549076 0.971022
vt 0.037719 0.891443
vt 0.051424 0.894847
vt 0.617782 0.268489
vt 0.549076 0.670123
vt 0.539261 0.657934
vt 0.617782 0.069705
vt 0.607966 0.076849
vt 0.633057 0.352685
vt 0.627965 0.362501
vt 0.622873 0.352685
vt 0.627965 0.342870
vt 0.558891 0.962591
vt 0.000000 0.750000
vt 0.578521 0.644406
vt 0.598151 0.069705
vt 0.539261 0.985739
vt 0.539261 0.992868
vt 0.539261 0.971480
vt 0.539261 0.964350
vt 0.549076 0.953596
vt 0.539261 0.669438
vt 0.022294 0.650277
vt 0.578521 0.315348
vt 0.009303 0.640808
vt 0.481395 0.772314
vt 0.578521 0.978609
vt 0.588336 0.226557
vt 0.598151 0.220598
vt 0.598151 0.233663
vt 0.490697 0.761157
vt 0.539261 0.850092
vt 0.549076 0.308319
vt 0.539261 0.307463
vt 0.539261 0.299578
vt 0.558891 0.850092
vt 0.568706 0.843305
vt 0.477706 0.650277
vt 0.578521 0.265473
vt 0.481395 0.656617
vt 0.039949 0.767747
vt 0.030805 0.767491
vt 0.025444 0.761623
vt 0.034644 0.761802
vt 0.017158 0.761401
vt 0.021631 0.755801
vt 0.030973 0.755893
vt 0.013080 0.755694
vt 0.056077 0.773942
vt 0.046275 0.773748
vt 0.050333 0.767924
vt 0.037312 0.773459
vt 0.028568 0.773042
vt 0.477706 0.767149
vt 0.617782 0.076834
vt 0.558891 0.318638
vt 0.558891 0.299907
vt 0.011217 0.750000
vt 0.020161 0.750000
vt 0.029599 0.750000
vt 0.042026 0.755962
vt 0.040747 0.750000
vt 0.045436 0.761933
vt 0.039949 0.267747
vt 0.030805 0.267491
vt 0.025445 0.261623
vt 0.034644 0.261802
vt 0.022294 0.267149
vt 0.017158 0.261401
vt 0.021631 0.255801
vt 0.030973 0.255893
vt 0.013080 0.255694
vt 0.056077 0.273942
vt 0.052948 0.279858
vt 0.037312 0.273459
vt 0.028568 0.273042
vt 0.018605 0.272314
vt 0.013954 0.266735
vt 0.009303 0.261157
vt 0.004651 0.255578
vt 0.000000 0.250000
vt 0.011217 0.250000
vt 0.020161 0.250000
vt 0.029599 0.250000
vt 0.039949 0.381827
vt 0.030805 0.383125
vt 0.025445 0.379937
vt 0.034644 0.378535
vt 0.022294 0.384020
vt 0.017158 0.380841
vt 0.021631 0.376022
vt 0.030973 0.374461
vt 0.013080 0.377172
vt 0.056077 0.382977
vt 0.046275 0.384666
vt 0.050333 0.379830
vt 0.037312 0.385839
vt 0.028568 0.386776
vt 0.018605 0.388011
vt 0.013954 0.384758
vt 0.009303 0.381506
vt 0.004651 0.378253
vt 0.000000 0.375000
vt 0.011217 0.372410
vt 0.020161 0.370956
vt 0.029599 0.369255
vt 0.042026 0.372021
vt 0.040747 0.366699
vt 0.045436 0.376288
vt 0.000000 0.625000
vt 0.013080 0.634216
vt 0.578521 0.299578
vt 0.500000 0.455592
vt 0.519630 0.455177
vt 0.549076 0.291721
vt 0.558891 0.283808
vt 0.017158 0.641962
vt 0.463652 0.720758
vt 0.549076 0.330011
vt 0.539261 0.315348
vt 0.017158 0.738599
vt 0.013080 0.744306
vt 0.009303 0.738843
vt 0.028568 0.613224
vt 0.022294 0.615980
vt 0.018605 0.611989
vt 0.622873 0.293795
vt 0.617781 0.283980
vt 0.549076 0.255537
vt 0.558891 0.244185
vt 0.558891 0.265178
vt 0.617781 0.303610
vt 0.549076 0.274615
vt 0.529445 0.851812
vt 0.539261 0.861844
vt 0.519630 0.861450
vt 0.539261 0.265473
vt 0.539261 0.247138
vt 0.549076 0.231887
vt 0.477706 0.884020
vt 0.627965 0.323240
vt 0.481395 0.888011
vt 0.617781 0.933210
vt 0.617782 0.938499
vt 0.607966 0.938499
vt 0.617782 0.342870
vt 0.578521 0.327865
vt 0.490697 0.640808
vt 0.598151 0.327865
vt 0.607966 0.322204
vt 0.539261 0.283808
vt 0.477706 0.849723
vt 0.471432 0.840692
vt 0.481395 0.843384
vt 0.039949 0.653667
vt 0.030805 0.651858
vt 0.025445 0.643309
vt 0.034644 0.645070
vt 0.021631 0.635580
vt 0.030973 0.637325
vt 0.056077 0.664908
vt 0.046275 0.662831
vt 0.050333 0.656017
vt 0.037312 0.661078
vt 0.028568 0.659308
vt 0.477706 0.615981
vt 0.490697 0.618495
vt 0.482842 0.619159
vt 0.011217 0.627590
vt 0.020161 0.629044
vt 0.029599 0.630745
vt 0.042026 0.639902
vt 0.040747 0.633301
vt 0.045436 0.647578
vt 0.039949 0.881827
vt 0.030805 0.883125
vt 0.025444 0.879937
vt 0.034644 0.878535
vt 0.022294 0.884020
vt 0.017158 0.880841
vt 0.021631 0.876022
vt 0.030973 0.874461
vt 0.013080 0.877172
vt 0.056077 0.882977
vt 0.046275 0.884666
vt 0.050333 0.879830
vt 0.037312 0.885839
vt 0.028568 0.886776
vt 0.009303 0.881506
vt 0.617781 0.231686
vt 0.011217 0.872410
vt 0.000000 0.875000
vt 0.617782 0.220400
vt 0.558891 0.000000
vt 0.633057 0.362501
vt 0.638149 0.362500
vt 0.020161 0.870956
vt 0.029599 0.869255
vt 0.042026 0.872021
vt 0.040747 0.866699
vt 0.045436 0.876288
vt 0.622873 0.362501
vt 0.647967 0.283980
vt 0.640421 0.274164
vt 0.462281 0.926978
vt 0.448565 0.912059
vt 0.500000 0.779393
vt 0.647967 0.264349
vt 0.632874 0.264349
vt 0.490697 0.881506
vt 0.539261 0.457343
vt 0.638149 0.342870
vt 0.578521 0.226043
vt 0.578521 0.220400
vt 0.558891 0.457343
vt 0.568706 0.449429
vt 0.578521 0.000000
vt 0.578521 0.009167
vt 0.568706 0.009193
vt 0.588336 0.214774
vt 0.598151 0.209114
vt 0.578521 0.214757
vt 0.558891 0.733639
vt 0.549076 0.724927
vt 0.558891 0.717741
vt 0.607966 0.007145
vt 0.617782 0.007130
vt 0.617782 0.014259
vt 0.588336 0.241401
vt 0.578521 0.231686
vt 0.490697 0.020460
vt 0.481135 0.024465
vt 0.607966 0.021846
vt 0.598151 0.030278
vt 0.598151 0.014435
vt 0.482842 0.880841
vt 0.578521 0.449458
vt 0.578521 0.441573
vt 0.238599 0.982842
vt 0.238843 0.990697
vt 0.232851 0.977706
vt 0.039949 0.153667
vt 0.030805 0.151858
vt 0.025445 0.143309
vt 0.034644 0.145070
vt 0.022294 0.150277
vt 0.017158 0.141962
vt 0.021631 0.135580
vt 0.030973 0.137324
vt 0.013080 0.134216
vt 0.056077 0.164908
vt 0.046275 0.162831
vt 0.050333 0.156017
vt 0.037312 0.161078
vt 0.028568 0.159308
vt 0.018605 0.156616
vt 0.013954 0.148712
vt 0.009303 0.140808
vt 0.004651 0.132904
vt 0.000000 0.125000
vt 0.011217 0.127590
vt 0.020161 0.129044
vt 0.029599 0.130745
vt 0.042027 0.139902
vt 0.040747 0.133301
vt 0.045436 0.147578
vt 0.376288 0.954564
vt 0.374461 0.969027
vt 0.366699 0.959253
vt 0.130881 0.927909
vt 0.126886 0.899644
vt 0.149442 0.902824
vt 0.286219 0.842895
vt 0.292255 0.851695
vt 0.286219 0.858237
vt 0.274146 0.157441
vt 0.274146 0.197684
vt 0.250000 0.197684
vt 0.250000 0.157441
vt 0.322438 0.737927
vt 0.302316 0.750000
vt 0.302316 0.725854
vt 0.274146 0.842559
vt 0.274146 0.870730
vt 0.432499 0.079725
vt 0.436514 0.088511
vt 0.427504 0.098763
vt 0.274146 0.657441
vt 0.280182 0.667095
vt 0.274146 0.677562
vt 0.370730 0.250000
vt 0.358154 0.262073
vt 0.342559 0.250000
vt 0.280184 0.688029
vt 0.274146 0.697684
vt 0.250000 0.870730
vt 0.250000 0.842559
vt 0.274146 0.802316
vt 0.286219 0.822438
vt 0.129270 0.774146
vt 0.141763 0.786219
vt 0.129270 0.798292
vt 0.370730 0.322438
vt 0.364693 0.316401
vt 0.370730 0.310365
vt 0.298292 0.870730
vt 0.310365 0.858657
vt 0.322438 0.870730
vt 0.298292 0.858573
vt 0.396465 0.201311
vt 0.414798 0.213648
vt 0.399644 0.225854
vt 0.103138 0.103138
vt 0.113127 0.085196
vt 0.126886 0.100356
vt 0.262073 0.677562
vt 0.250000 0.657441
vt 0.262073 0.641847
vt 0.197684 0.725854
vt 0.213362 0.713362
vt 0.225854 0.725854
vt 0.262073 0.322438
vt 0.274146 0.322438
vt 0.274146 0.342559
vt 0.250000 0.342559
vt 0.262073 0.358154
vt 0.402824 0.350558
vt 0.427909 0.369119
vt 0.399644 0.373114
vt 0.225854 0.274146
vt 0.250000 0.250000
vt 0.274146 0.274146
vt 0.250000 0.302316
vt 0.314156 0.914798
vt 0.298689 0.896465
vt 0.324822 0.899644
vt 0.129271 0.189635
vt 0.135308 0.195672
vt 0.129271 0.201708
vt 0.342559 0.750000
vt 0.358154 0.737927
vt 0.370730 0.750000
vt 0.225854 0.774146
vt 0.250000 0.750000
vt 0.274146 0.774146
vt 0.250000 0.802316
vt 0.399644 0.774146
vt 0.370730 0.774146
vt 0.402824 0.750000
vt 0.358237 0.786219
vt 0.342559 0.774146
vt 0.598151 0.000000
vt 0.272314 0.518605
vt 0.578521 0.014259
vt 0.539261 0.731006
vt 0.539261 0.724242
vt 0.519630 0.638959
vt 0.617782 0.000000
vt 0.539261 0.923164
vt 0.261157 0.509303
vt 0.568706 0.916377
vt 0.558891 0.923164
vt 0.539261 0.717477
vt 0.549076 0.481854
vt 0.558891 0.473442
vt 0.558891 0.492173
vt 0.617781 0.028518
vt 0.607966 0.039273
vt 0.617782 0.021389
vt 0.267747 0.539950
vt 0.261802 0.534644
vt 0.261623 0.525445
vt 0.267491 0.530805
vt 0.255893 0.530973
vt 0.255801 0.521631
vt 0.261401 0.517158
vt 0.267149 0.522294
vt 0.255694 0.513080
vt 0.250000 0.529599
vt 0.250000 0.520161
vt 0.250000 0.511217
vt 0.273042 0.528568
vt 0.261157 0.990697
vt 0.267148 0.977706
vt 0.578521 0.731006
vt 0.539261 0.742509
vt 0.549076 0.743194
vt 0.273459 0.537312
vt 0.273748 0.546275
vt 0.549076 0.710736
vt 0.568706 0.902186
vt 0.558891 0.909372
vt 0.558891 0.893474
vt 0.255694 0.986920
vt 0.578521 0.717477
vt 0.250000 1.000000
vt 0.156616 0.518605
vt 0.150277 0.522294
vt 0.500000 0.898191
vt 0.588336 0.187267
vt 0.598151 0.178836
vt 0.598151 0.194679
vt 0.588336 0.201969
vt 0.558891 0.703949
vt 0.578521 0.209114
vt 0.111989 0.981395
vt 0.113224 0.971432
vt 0.115980 0.977706
vt 0.519630 0.898486
vt 0.529445 0.908127
vt 0.519630 0.919479
vt 0.558891 0.123274
vt 0.549076 0.109061
vt 0.558891 0.094603
vt 0.267747 0.039949
vt 0.261802 0.034644
vt 0.261623 0.025445
vt 0.267491 0.030805
vt 0.255893 0.030973
vt 0.255801 0.021631
vt 0.261401 0.017158
vt 0.267149 0.022294
vt 0.255694 0.013080
vt 0.273942 0.056077
vt 0.267923 0.050333
vt 0.273748 0.046275
vt 0.261933 0.045436
vt 0.255962 0.042026
vt 0.250000 0.040747
vt 0.250000 0.029599
vt 0.250000 0.020161
vt 0.250000 0.011217
vt 0.250000 0.000000
vt 0.255578 0.004651
vt 0.261157 0.009303
vt 0.266735 0.013954
vt 0.273042 0.028568
vt 0.272314 0.018605
vt 0.273459 0.037312
vt 0.454564 0.376288
vt 0.459253 0.366699
vt 0.165489 0.852620
vt 0.165489 0.858657
vt 0.159453 0.852620
vt 0.171526 0.858657
vt 0.171526 0.852620
vt 0.141343 0.153416
vt 0.129271 0.153416
vt 0.141343 0.141343
vt 0.197684 0.274146
vt 0.188029 0.280184
vt 0.177562 0.274146
vt 0.165489 0.870730
vt 0.153416 0.870730
vt 0.153416 0.858657
vt 0.326048 0.561991
vt 0.324032 0.571858
vt 0.317097 0.567263
vt 0.153416 0.852620
vt 0.153416 0.846584
vt 0.159453 0.846584
vt 0.165489 0.846584
vt 0.598151 0.457194
vt 0.598151 0.467772
vt 0.177562 0.846584
vt 0.578521 0.457194
vt 0.617782 0.194855
vt 0.227686 0.981395
vt 0.177562 0.858657
vt 0.177562 0.852620
vt 0.183599 0.864693
vt 0.177562 0.870730
vt 0.171526 0.864693
vt 0.175178 0.600356
vt 0.170317 0.578613
vt 0.185844 0.585202
vt 0.159453 0.364693
vt 0.165489 0.358657
vt 0.171526 0.364693
vt 0.165489 0.370730
vt 0.171526 0.358657
vt 0.165489 0.352620
vt 0.171526 0.352620
vt 0.159453 0.358657
vt 0.159453 0.352620
vt 0.141763 0.286219
vt 0.129270 0.274146
vt 0.157441 0.274146
vt 0.165055 0.383672
vt 0.149442 0.402824
vt 0.153416 0.370730
vt 0.153416 0.629271
vt 0.153416 0.641343
vt 0.141343 0.641343
vt 0.153416 0.358657
vt 0.153416 0.352620
vt 0.153416 0.346584
vt 0.159453 0.346584
vt 0.165489 0.346584
vt 0.171526 0.346584
vt 0.177562 0.352620
vt 0.177562 0.346584
vt 0.177562 0.358657
vt 0.383125 0.189480
vt 0.370730 0.189635
vt 0.370730 0.177562
vt 0.443923 0.773942
vt 0.447052 0.779858
vt 0.432737 0.786344
vt 0.197684 0.250000
vt 0.225854 0.225854
vt 0.358237 0.286219
vt 0.370730 0.274146
vt 0.370730 0.298292
vt 0.149442 0.097176
vt 0.165055 0.116328
vt 0.153416 0.129270
vt 0.141763 0.213781
vt 0.157105 0.213781
vt 0.157441 0.225854
vt 0.157441 0.250000
vt 0.177562 0.237927
vt 0.177562 0.262073
vt 0.455479 0.779599
vt 0.448572 0.786046
vt 0.207745 0.864662
vt 0.213781 0.858237
vt 0.213781 0.870730
vt 0.177562 0.774146
vt 0.167095 0.780182
vt 0.157441 0.774146
vt 0.342559 0.725854
vt 0.262055 0.427909
vt 0.261933 0.454564
vt 0.250000 0.459253
vt 0.177562 0.737927
vt 0.197684 0.750000
vt 0.177562 0.762073
vt 0.157441 0.750000
vt 0.200499 0.588216
vt 0.201311 0.603535
vt 0.140808 0.509303
vt 0.134216 0.513080
vt 0.500000 0.879856
vt 0.125000 1.000000
vt 0.134216 0.986920
vt 0.578521 0.473113
vt 0.539261 0.907358
vt 0.539261 0.898191
vt 0.598151 0.352414
vt 0.588336 0.345308
vt 0.598151 0.339349
vt 0.578521 0.446616
vt 0.519630 0.879856
vt 0.539261 0.889024
vt 0.529445 0.889049
vt 0.539261 0.879856
vt 0.598151 0.446616
vt 0.607966 0.440955
vt 0.539261 0.465228
vt 0.549076 0.465256
vt 0.578521 0.339151
vt 0.578521 0.333508
vt 0.588336 0.333525
vt 0.539261 0.916526
vt 0.529445 0.931777
vt 0.412059 0.948565
vt 0.539261 0.395842
vt 0.394875 0.943167
vt 0.140808 0.990697
vt 0.150277 0.977706
vt 0.578521 0.488883
vt 0.153667 0.539950
vt 0.145070 0.534644
vt 0.143309 0.525445
vt 0.151858 0.530805
vt 0.137324 0.530973
vt 0.135580 0.521631
vt 0.141962 0.517158
vt 0.154992 0.572092
vt 0.147578 0.545436
vt 0.164908 0.556077
vt 0.162831 0.546275
vt 0.130745 0.529599
vt 0.129044 0.520161
vt 0.127590 0.511217
vt 0.159308 0.528568
vt 0.177562 0.647380
vt 0.177562 0.653416
vt 0.171526 0.647380
vt 0.165489 0.653416
vt 0.165489 0.647380
vt 0.161078 0.537312
vt 0.539261 0.473113
vt 0.394847 0.948576
vt 0.617782 0.387240
vt 0.391443 0.962281
vt 0.384020 0.522294
vt 0.627965 0.401761
vt 0.388011 0.518605
vt 0.617782 0.689913
vt 0.607966 0.695202
vt 0.598151 0.689913
vt 0.633057 0.431206
vt 0.638149 0.441022
vt 0.638149 0.421391
vt 0.343384 0.981395
vt 0.340692 0.971432
vt 0.349723 0.977706
vt 0.159308 0.971432
vt 0.156616 0.981395
vt 0.598151 0.139409
vt 0.598151 0.159826
vt 0.549076 0.503546
vt 0.539261 0.488883
vt 0.153667 0.039949
vt 0.145070 0.034644
vt 0.143309 0.025444
vt 0.151858 0.030805
vt 0.137325 0.030973
vt 0.135580 0.021631
vt 0.141962 0.017158
vt 0.150277 0.022294
vt 0.134216 0.013080
vt 0.141427 0.298292
vt 0.141343 0.310365
vt 0.129271 0.298292
vt 0.147578 0.045436
vt 0.139902 0.042026
vt 0.133301 0.040747
vt 0.130745 0.029599
vt 0.129044 0.020161
vt 0.127590 0.011217
vt 0.125000 0.000000
vt 0.132904 0.004651
vt 0.140808 0.009303
vt 0.148712 0.013954
vt 0.159308 0.028568
vt 0.156616 0.018605
vt 0.161078 0.037312
vt 0.162831 0.046275
vt 0.381827 0.039949
vt 0.378535 0.034644
vt 0.379937 0.025445
vt 0.383125 0.030805
vt 0.374461 0.030973
vt 0.376022 0.021631
vt 0.380841 0.017158
vt 0.384020 0.022294
vt 0.377172 0.013080
vt 0.382977 0.056077
vt 0.379830 0.050333
vt 0.384666 0.046275
vt 0.376288 0.045436
vt 0.141463 0.069146
vt 0.143590 0.055352
vt 0.154992 0.072091
vt 0.369255 0.029599
vt 0.370956 0.020161
vt 0.372410 0.011217
vt 0.375000 0.000000
vt 0.378253 0.004651
vt 0.381506 0.009303
vt 0.384758 0.013954
vt 0.386776 0.028568
vt 0.388011 0.018605
vt 0.385839 0.037312
vt 0.633057 0.372316
vt 0.638149 0.382131
vt 0.627965 0.382131
vt 0.377172 0.986920
vt 0.617782 0.339151
vt 0.375000 1.000000
vt 0.558891 0.820402
vt 0.568706 0.829115
vt 0.558891 0.836301
vt 0.539261 0.189205
vt 0.549076 0.180012
vt 0.622873 0.372316
vt 0.558891 0.189205
vt 0.617782 0.362501
vt 0.625328 0.215274
vt 0.632874 0.225089
vt 0.617782 0.225089
vt 0.381506 0.990697
vt 0.617781 0.350437
vt 0.386776 0.528568
vt 0.500000 0.414512
vt 0.500000 0.395842
vt 0.509815 0.413433
vt 0.588336 0.360152
vt 0.578521 0.350437
vt 0.381827 0.539950
vt 0.378535 0.534644
vt 0.379937 0.525445
vt 0.383125 0.530805
vt 0.374461 0.530973
vt 0.376022 0.521631
vt 0.380841 0.517158
vt 0.377172 0.513080
vt 0.382977 0.556077
vt 0.379830 0.550333
vt 0.384666 0.546275
vt 0.376288 0.545436
vt 0.372021 0.542027
vt 0.366699 0.540748
vt 0.369255 0.529599
vt 0.370956 0.520161
vt 0.372410 0.511217
vt 0.037719 0.679162
vt 0.051425 0.690235
vt 0.578521 0.370575
vt 0.381506 0.509303
vt 0.647967 0.185828
vt 0.385839 0.537312
vt 0.037719 0.608557
vt 0.036348 0.610914
vt 0.617782 0.244719
vt 0.640421 0.205459
vt 0.640421 0.195643
vt 0.647967 0.205459
vt 0.617782 0.401761
vt 0.539261 0.630878
vt 0.617782 0.382131
vt 0.625328 0.205459
vt 0.632874 0.205459
vt 0.568706 0.622964
vt 0.578521 0.344794
vt 0.638149 0.362501
vt 0.364693 0.671526
vt 0.358657 0.671526
vt 0.358657 0.665489
vt 0.358657 0.641343
vt 0.346584 0.629271
vt 0.370730 0.629271
vt 0.322438 0.274146
vt 0.322438 0.262073
vt 0.342559 0.274146
vt 0.402824 0.850558
vt 0.427909 0.869119
vt 0.399644 0.873114
vt 0.350558 0.597176
vt 0.369119 0.572092
vt 0.373114 0.600356
vt 0.358154 0.274146
vt 0.350953 0.280182
vt 0.274146 0.725854
vt 0.250000 0.697684
vt 0.358573 0.701708
vt 0.370730 0.701708
vt 0.358237 0.713781
vt 0.345008 0.427909
vt 0.329683 0.421387
vt 0.324822 0.399644
vt 0.352620 0.340547
vt 0.358657 0.346584
vt 0.346584 0.346584
vt 0.171526 0.635307
vt 0.177562 0.629271
vt 0.177562 0.641343
vt 0.346584 0.858657
vt 0.346584 0.870730
vt 0.334511 0.870730
vt 0.334511 0.858657
vt 0.358657 0.659453
vt 0.364693 0.659453
vt 0.340547 0.352620
vt 0.346584 0.358657
vt 0.250000 0.370730
vt 0.274146 0.370730
vt 0.188029 0.719816
vt 0.177562 0.725854
vt 0.177562 0.713781
vt 0.340907 0.437693
vt 0.342559 0.225854
vt 0.342895 0.213781
vt 0.358237 0.213781
vt 0.340547 0.346584
vt 0.358657 0.358657
vt 0.370730 0.677562
vt 0.370730 0.665489
vt 0.358657 0.653417
vt 0.364693 0.340547
vt 0.370730 0.346584
vt 0.358657 0.165489
vt 0.358657 0.159453
vt 0.364693 0.159453
vt 0.352620 0.671526
vt 0.352620 0.665489
vt 0.352620 0.659453
vt 0.358657 0.677562
vt 0.352620 0.677562
vt 0.598151 0.943788
vt 0.346584 0.665489
vt 0.578521 0.933210
vt 0.598151 0.933210
vt 0.044416 0.608477
vt 0.346584 0.659453
vt 0.370730 0.201708
vt 0.377924 0.421387
vt 0.376969 0.437693
vt 0.369119 0.427909
vt 0.352620 0.852620
vt 0.358657 0.858657
vt 0.165055 0.883672
vt 0.358657 0.846584
vt 0.352620 0.846584
vt 0.346584 0.846584
vt 0.340547 0.852620
vt 0.368420 0.444648
vt 0.358537 0.430854
vt 0.364693 0.683599
vt 0.379830 0.449667
vt 0.376288 0.454564
vt 0.358657 0.171526
vt 0.352620 0.171526
vt 0.352620 0.165489
vt 0.370730 0.165489
vt 0.364693 0.171526
vt 0.352620 0.159453
vt 0.358657 0.177562
vt 0.352620 0.177562
vt 0.346584 0.177562
vt 0.346584 0.171526
vt 0.346584 0.165489
vt 0.346584 0.159453
vt 0.346584 0.153416
vt 0.352620 0.153416
vt 0.358657 0.153416
vt 0.250000 0.097176
vt 0.250000 0.129270
vt 0.225854 0.129270
vt 0.225854 0.100356
vt 0.384293 0.428142
vt 0.382977 0.443923
vt 0.396465 0.701311
vt 0.414798 0.713648
vt 0.399644 0.725854
vt 0.366699 0.459253
vt 0.356410 0.444648
vt 0.274146 0.225854
vt 0.286638 0.213362
vt 0.302316 0.225854
vt 0.398602 0.411834
vt 0.393466 0.420874
vt 0.386873 0.414804
vt 0.286225 0.383125
vt 0.274146 0.399644
vt 0.358646 0.695672
vt 0.364692 0.695672
vt 0.364693 0.183599
vt 0.372021 0.457974
vt 0.164908 0.443923
vt 0.153667 0.460051
vt 0.147578 0.454564
vt 0.250000 0.629271
vt 0.274146 0.629271
vt 0.213781 0.677562
vt 0.225854 0.657441
vt 0.225854 0.697684
vt 0.225880 0.578613
vt 0.237945 0.572092
vt 0.225854 0.600356
vt 0.250000 0.597176
vt 0.262055 0.572092
vt 0.274146 0.600356
vt 0.346584 0.141343
vt 0.340547 0.147380
vt 0.334511 0.141343
vt 0.165489 0.629271
vt 0.159453 0.635307
vt 0.350952 0.719818
vt 0.351163 0.713781
vt 0.189480 0.616875
vt 0.165055 0.616328
vt 0.192407 0.579129
vt 0.370730 0.834511
vt 0.370730 0.822438
vt 0.383672 0.834945
vt 0.149442 0.597176
vt 0.129270 0.629271
vt 0.126886 0.600356
vt 0.147380 0.346584
vt 0.147380 0.352620
vt 0.141343 0.346584
vt 0.334511 0.629271
vt 0.334945 0.616328
vt 0.154992 0.427909
vt 0.141463 0.430854
vt 0.137324 0.469027
vt 0.133301 0.459253
vt 0.170317 0.421387
vt 0.177562 0.370730
vt 0.175178 0.399644
vt 0.351695 0.707745
vt 0.197684 0.225854
vt 0.261933 0.545436
vt 0.250000 0.540748
vt 0.201708 0.641427
vt 0.189635 0.641343
vt 0.201708 0.629271
vt 0.255893 0.469027
vt 0.189480 0.383125
vt 0.201708 0.370730
vt 0.201311 0.396465
vt 0.274146 0.358154
vt 0.286352 0.414798
vt 0.273942 0.443923
vt 0.292255 0.635338
vt 0.286219 0.629270
vt 0.298292 0.629271
vt 0.237945 0.427909
vt 0.250000 0.402824
vt 0.141343 0.358657
vt 0.358154 0.725854
vt 0.129270 0.298292
vt 0.053684 0.434489
vt 0.045074 0.437340
vt 0.051592 0.424417
vt 0.059239 0.422598
vt 0.036643 0.440119
vt 0.044503 0.425811
vt 0.056807 0.412273
vt 0.063486 0.411489
vt 0.051435 0.412059
vt 0.057984 0.442016
vt 0.048018 0.446157
vt 0.062796 0.431235
vt 0.038623 0.449851
vt 0.029269 0.453651
vt 0.018605 0.459081
vt 0.028162 0.443029
vt 0.037719 0.426978
vt 0.047276 0.410927
vt 0.056833 0.394875
vt 0.054794 0.400932
vt 0.058959 0.402335
vt 0.065181 0.402196
vt 0.071077 0.409991
vt 0.072496 0.401237
vt 0.067502 0.420275
vt 0.009303 0.618495
vt 0.013080 0.622828
vt 0.617781 0.323240
vt 0.640421 0.215274
vt 0.647967 0.225089
vt 0.578521 0.286891
vt 0.638149 0.323240
vt 0.044416 0.679902
vt 0.036348 0.669398
vt 0.617782 0.205459
vt 0.607966 0.129128
vt 0.598151 0.118992
vt 0.607966 0.108977
vt 0.617782 0.118816
vt 0.509815 0.763317
vt 0.500000 0.175511
vt 0.500000 0.156841
vt 0.598151 0.286693
vt 0.607966 0.295577
vt 0.598151 0.303315
vt 0.056833 0.605125
vt 0.632874 0.244719
vt 0.519630 0.779393
vt 0.051425 0.605153
vt 0.617782 0.296091
vt 0.617782 0.286891
vt 0.617782 0.277690
vt 0.607966 0.277673
vt 0.617781 0.305292
vt 0.607966 0.310421
vt 0.539261 0.800028
vt 0.017158 0.619159
vt 0.558891 0.799765
vt 0.568706 0.810847
vt 0.539261 0.119501
vt 0.598151 0.268489
vt 0.462281 0.608557
vt 0.519630 0.119501
vt 0.509815 0.138135
vt 0.463652 0.669398
vt 0.471432 0.659308
vt 0.568706 0.788502
vt 0.578521 0.800028
vt 0.052948 0.612562
vt 0.044521 0.611625
vt 0.051428 0.608631
vt 0.059021 0.609206
vt 0.056787 0.604367
vt 0.063459 0.604544
vt 0.046275 0.615334
vt 0.037312 0.614161
vt 0.054794 0.599068
vt 0.463357 0.559881
vt 0.470731 0.546349
vt 0.462281 0.573022
vt 0.455497 0.574189
vt 0.058959 0.597665
vt 0.065181 0.597804
vt 0.352369 0.701708
vt 0.370730 0.846584
vt 0.280182 0.350952
vt 0.286219 0.358237
vt 0.166362 0.292255
vt 0.157105 0.286219
vt 0.177562 0.286219
vt 0.351695 0.292255
vt 0.351163 0.286219
vt 0.342601 0.719818
vt 0.342895 0.713781
vt 0.343770 0.707745
vt 0.346584 0.701708
vt 0.358657 0.310365
vt 0.358646 0.304328
vt 0.364692 0.304328
vt 0.188231 0.713771
vt 0.358657 0.316401
vt 0.352620 0.316401
vt 0.352620 0.310365
vt 0.262055 0.072091
vt 0.274146 0.100356
vt 0.352598 0.304328
vt 0.358657 0.322438
vt 0.352620 0.322438
vt 0.346584 0.322438
vt 0.346584 0.316401
vt 0.346584 0.310365
vt 0.346584 0.304328
vt 0.346584 0.298292
vt 0.352369 0.298292
vt 0.358573 0.298292
vt 0.427909 0.737945
vt 0.333638 0.207745
vt 0.346584 0.201708
vt 0.280182 0.332905
vt 0.177562 0.707745
vt 0.166362 0.707745
vt 0.188763 0.707722
vt 0.286303 0.698019
vt 0.293180 0.706820
vt 0.286638 0.713362
vt 0.088166 0.101398
vt 0.085196 0.113127
vt 0.157441 0.725854
vt 0.157105 0.713781
vt 0.153416 0.701708
vt 0.141763 0.713781
vt 0.141427 0.701708
vt 0.443213 0.690347
vt 0.441041 0.699222
vt 0.436541 0.690806
vt 0.165489 0.701708
vt 0.177562 0.701708
vt 0.189635 0.701708
vt 0.198894 0.707493
vt 0.201708 0.701708
vt 0.198019 0.713697
vt 0.052948 0.720142
vt 0.044521 0.720401
vt 0.051428 0.713954
vt 0.370730 0.725854
vt 0.322438 0.225854
vt 0.322438 0.213781
vt 0.078613 0.225880
vt 0.085202 0.213648
vt 0.100356 0.225854
vt 0.129270 0.750000
vt 0.333638 0.792255
vt 0.342895 0.786219
vt 0.346584 0.798292
vt 0.036348 0.720758
vt 0.044416 0.714288
vt 0.063459 0.706869
vt 0.067263 0.713656
vt 0.051425 0.707459
vt 0.056787 0.707010
vt 0.056077 0.726058
vt 0.039949 0.732253
vt 0.037312 0.726541
vt 0.044521 0.279599
vt 0.028568 0.726958
vt 0.037719 0.714697
vt 0.578521 0.098223
vt 0.054794 0.699689
vt 0.056833 0.701708
vt 0.558891 0.370575
vt 0.578521 0.118816
vt 0.058959 0.699222
vt 0.065181 0.699268
vt 0.071047 0.706925
vt 0.072496 0.699588
vt 0.067263 0.610215
vt 0.578521 0.811532
vt 0.578521 0.788524
vt 0.578521 0.823036
vt 0.044416 0.785712
vt 0.037719 0.785303
vt 0.036348 0.779242
vt 0.617782 0.083964
vt 0.598151 0.250285
vt 0.539261 0.203688
vt 0.549076 0.203663
vt 0.539261 0.218172
vt 0.578521 0.189205
vt 0.558891 0.777021
vt 0.462281 0.714697
vt 0.578521 0.777021
vt 0.539261 0.370575
vt 0.539261 0.356768
vt 0.549076 0.356797
vt 0.463652 0.830602
vt 0.539261 0.398189
vt 0.617782 0.108519
vt 0.617782 0.129113
vt 0.578521 0.822139
vt 0.578521 0.816850
vt 0.588336 0.822139
vt 0.617781 0.098223
vt 0.482842 0.761401
vt 0.486920 0.755694
vt 0.462281 0.820838
vt 0.448575 0.809765
vt 0.486920 0.744306
vt 0.539261 0.836564
vt 0.500000 0.750000
vt 0.558891 0.397860
vt 0.568706 0.411140
vt 0.558891 0.422513
vt 0.568706 0.051921
vt 0.578521 0.051153
vt 0.578521 0.065636
vt 0.052948 0.327723
vt 0.044521 0.329177
vt 0.051428 0.319276
vt 0.059021 0.318295
vt 0.036348 0.330602
vt 0.044416 0.320098
vt 0.056787 0.309653
vt 0.063459 0.309194
vt 0.051425 0.309765
vt 0.056077 0.335092
vt 0.046275 0.337169
vt 0.061991 0.326048
vt 0.037312 0.338922
vt 0.028568 0.340692
vt 0.018605 0.343384
vt 0.028162 0.332111
vt 0.037719 0.320838
vt 0.047276 0.309565
vt 0.056833 0.298292
vt 0.054794 0.300311
vt 0.058959 0.300778
vt 0.065181 0.300732
vt 0.071047 0.308474
vt 0.072496 0.300412
vt 0.067263 0.317097
vt 0.364693 0.816401
vt 0.358657 0.816401
vt 0.358657 0.810365
vt 0.167095 0.219818
vt 0.166894 0.213781
vt 0.177562 0.213781
vt 0.129271 0.225854
vt 0.352598 0.195672
vt 0.358573 0.201708
vt 0.286225 0.616875
vt 0.072091 0.262055
vt 0.097176 0.250000
vt 0.100356 0.274146
vt 0.370730 0.810365
vt 0.364693 0.328474
vt 0.358657 0.189635
vt 0.352620 0.816401
vt 0.352620 0.810365
vt 0.164908 0.056077
vt 0.182903 0.067263
vt 0.185844 0.085202
vt 0.237927 0.822438
vt 0.358657 0.822438
vt 0.352620 0.822438
vt 0.637412 0.116359
vt 0.346584 0.810365
vt 0.617781 0.105781
vt 0.637412 0.105781
vt 0.346584 0.804328
vt 0.352598 0.804328
vt 0.213362 0.786638
vt 0.225854 0.802316
vt 0.188763 0.207722
vt 0.198019 0.213697
vt 0.358573 0.798292
vt 0.370730 0.798292
vt 0.166362 0.207745
vt 0.177562 0.207745
vt 0.177562 0.225854
vt 0.301981 0.213697
vt 0.156230 0.207745
vt 0.153416 0.201708
vt 0.165489 0.201708
vt 0.177562 0.201708
vt 0.189635 0.201708
vt 0.213362 0.213362
vt 0.201708 0.201708
vt 0.213697 0.198019
vt 0.369119 0.927909
vt 0.376969 0.937693
vt 0.334945 0.116328
vt 0.350558 0.097176
vt 0.346584 0.129270
vt 0.370730 0.225854
vt 0.100356 0.824822
vt 0.078613 0.829683
vt 0.085202 0.814156
vt 0.199588 0.072496
vt 0.369119 0.072091
vt 0.373114 0.100356
vt 0.225880 0.078613
vt 0.237945 0.072091
vt 0.379830 0.949667
vt 0.225854 0.822438
vt 0.052948 0.220142
vt 0.044521 0.220401
vt 0.051428 0.213954
vt 0.059021 0.213751
vt 0.036348 0.220758
vt 0.044416 0.214288
vt 0.056787 0.207010
vt 0.063459 0.206869
vt 0.051425 0.207459
vt 0.056077 0.226058
vt 0.046275 0.226252
vt 0.061991 0.219971
vt 0.037312 0.226541
vt 0.028568 0.226958
vt 0.018605 0.227686
vt 0.028162 0.221192
vt 0.037719 0.214697
vt 0.047276 0.208203
vt 0.056833 0.201708
vt 0.054794 0.199689
vt 0.058959 0.199222
vt 0.065181 0.199268
vt 0.071047 0.206925
vt 0.072496 0.199588
vt 0.067263 0.213656
vt 0.052948 0.827723
vt 0.044521 0.829177
vt 0.051428 0.819276
vt 0.059021 0.818295
vt 0.036348 0.830602
vt 0.044416 0.820098
vt 0.056787 0.809653
vt 0.063459 0.809194
vt 0.051425 0.809765
vt 0.056077 0.835092
vt 0.046275 0.837169
vt 0.061991 0.826048
vt 0.037312 0.838922
vt 0.028568 0.840692
vt 0.558891 0.065931
vt 0.037719 0.820838
vt 0.539261 0.036669
vt 0.558891 0.039623
vt 0.056833 0.798292
vt 0.539261 0.065636
vt 0.054794 0.800311
vt 0.058959 0.800778
vt 0.065181 0.800732
vt 0.071047 0.808474
vt 0.072496 0.800412
vt 0.067263 0.817097
vt 0.568706 0.384354
vt 0.568706 0.080145
vt 0.578521 0.425802
vt 0.568706 0.432832
vt 0.352620 0.689635
vt 0.346584 0.689635
vt 0.352620 0.683599
vt 0.352620 0.834511
vt 0.346584 0.834511
vt 0.352620 0.828474
vt 0.519630 0.082575
vt 0.578521 0.923164
vt 0.549076 0.933445
vt 0.578521 0.398189
vt 0.463357 0.940120
vt 0.500000 0.811613
vt 0.481395 0.959081
vt 0.578521 0.080119
vt 0.568706 0.028270
vt 0.578521 0.036669
vt 0.486920 0.877172
vt 0.529445 0.339867
vt 0.519630 0.321576
vt 0.529445 0.303570
vt 0.539261 0.321161
vt 0.539261 0.703949
vt 0.549076 0.692468
vt 0.588336 0.169841
vt 0.462281 0.785303
vt 0.455584 0.785712
vt 0.463652 0.779242
vt 0.471432 0.773042
vt 0.377924 0.921387
vt 0.382977 0.943923
vt 0.380628 0.932954
vt 0.350558 0.902824
vt 0.345008 0.927909
vt 0.237945 0.927909
vt 0.225880 0.921387
vt 0.225854 0.899644
vt 0.141463 0.930854
vt 0.164908 0.943923
vt 0.153667 0.960051
vt 0.147578 0.954564
vt 0.177562 0.129270
vt 0.171526 0.135307
vt 0.165489 0.129271
vt 0.286638 0.286638
vt 0.302316 0.274146
vt 0.378535 0.965356
vt 0.370730 0.129270
vt 0.352422 0.954564
vt 0.370730 0.870730
vt 0.143590 0.944648
vt 0.154992 0.927909
vt 0.175178 0.100356
vt 0.189480 0.116875
vt 0.162831 0.953726
vt 0.129271 0.129270
vt 0.346584 0.641344
vt 0.293180 0.206820
vt 0.243995 0.055352
vt 0.250000 0.069146
vt 0.175178 0.899644
vt 0.185844 0.914798
vt 0.133301 0.959253
vt 0.131580 0.944648
vt 0.085223 0.914777
vt 0.088166 0.898602
vt 0.103138 0.896863
vt 0.101398 0.911834
vt 0.250000 0.930854
vt 0.243995 0.944648
vt 0.219971 0.561991
vt 0.219870 0.571858
vt 0.213656 0.567263
vt 0.370730 0.153416
vt 0.116328 0.140909
vt 0.100356 0.126886
vt 0.274146 0.129270
vt 0.298292 0.141427
vt 0.286219 0.141763
vt 0.298292 0.129270
vt 0.189635 0.870730
vt 0.195672 0.864692
vt 0.201708 0.870730
vt 0.225854 0.870730
vt 0.237927 0.858154
vt 0.262014 0.941780
vt 0.256005 0.944648
vt 0.262055 0.927909
vt 0.119372 0.932954
vt 0.115707 0.928142
vt 0.122076 0.921387
vt 0.267923 0.949667
vt 0.261933 0.954564
vt 0.268031 0.937693
vt 0.255962 0.957974
vt 0.250000 0.959253
vt 0.519630 0.358502
vt 0.539261 0.302491
vt 0.037719 0.926978
vt 0.500000 0.283821
vt 0.519630 0.287968
vt 0.539261 0.283821
vt 0.617782 0.126938
vt 0.625328 0.126938
vt 0.625328 0.136753
vt 0.607966 0.396424
vt 0.617782 0.396441
vt 0.617782 0.405641
vt 0.578521 0.268489
vt 0.588336 0.259305
vt 0.625328 0.283980
vt 0.625328 0.274164
vt 0.632874 0.283980
vt 0.190235 0.948576
vt 0.578521 0.544110
vt 0.179162 0.962281
vt 0.056833 0.894875
vt 0.500000 0.321161
vt 0.529445 0.826696
vt 0.519630 0.839886
vt 0.519630 0.811218
vt 0.529445 0.795469
vt 0.539261 0.827723
vt 0.539261 0.811613
vt 0.539261 0.843832
vt 0.111989 0.518605
vt 0.110914 0.536348
vt 0.578521 0.405641
vt 0.539261 0.795503
vt 0.607966 0.414328
vt 0.598151 0.422066
vt 0.598151 0.405444
vt 0.617782 0.264349
vt 0.539261 0.779393
vt 0.040919 0.981395
vt 0.046349 0.970731
vt 0.059881 0.963357
vt 0.053684 0.934489
vt 0.045074 0.937341
vt 0.051592 0.924418
vt 0.059239 0.922599
vt 0.036643 0.940120
vt 0.044503 0.925812
vt 0.056807 0.912273
vt 0.063486 0.911489
vt 0.051435 0.912059
vt 0.057984 0.942016
vt 0.048018 0.946157
vt 0.062796 0.931235
vt 0.038623 0.949851
vt 0.029269 0.953651
vt 0.539261 0.339832
vt 0.578521 0.259289
vt 0.617782 0.414842
vt 0.054794 0.900932
vt 0.058959 0.902335
vt 0.065181 0.902196
vt 0.071077 0.909991
vt 0.072496 0.901237
vt 0.067502 0.920275
vt 0.052948 0.112562
vt 0.044521 0.111625
vt 0.051428 0.108631
vt 0.059021 0.109206
vt 0.036348 0.110914
vt 0.044416 0.108477
vt 0.056787 0.104367
vt 0.063459 0.104544
vt 0.051425 0.105153
vt 0.056077 0.117023
vt 0.046275 0.115334
vt 0.061991 0.113893
vt 0.037312 0.114161
vt 0.028568 0.113224
vt 0.018605 0.111989
vt 0.028162 0.110273
vt 0.037719 0.108557
vt 0.047276 0.106841
vt 0.056833 0.105125
vt 0.054794 0.099068
vt 0.058959 0.097665
vt 0.065181 0.097804
vt 0.071047 0.105375
vt 0.072496 0.098763
vt 0.067263 0.110215
vt 0.237927 0.141846
vt 0.071858 0.824032
vt 0.105375 0.928953
vt 0.098763 0.927504
vt 0.106534 0.920874
vt 0.088216 0.799501
vt 0.103535 0.798689
vt 0.111588 0.923898
vt 0.113127 0.914804
vt 0.322438 0.237927
vt 0.117023 0.943923
vt 0.113893 0.938009
vt 0.110215 0.932737
vt 0.091887 0.920856
vt 0.067263 0.817098
vt 0.079129 0.807593
vt 0.213775 0.116875
vt 0.213781 0.129270
vt 0.201708 0.129270
vt 0.427909 0.130881
vt 0.444648 0.131580
vt 0.430854 0.141463
vt 0.116328 0.834945
vt 0.116875 0.810520
vt 0.129270 0.822438
vt 0.421387 0.274121
vt 0.414798 0.286352
vt 0.399644 0.274146
vt 0.088216 0.200499
vt 0.103535 0.201311
vt 0.072091 0.237945
vt 0.190806 0.063459
vt 0.301981 0.713697
vt 0.119372 0.432954
vt 0.115707 0.428142
vt 0.122076 0.421387
vt 0.286638 0.786638
vt 0.302316 0.774146
vt 0.085202 0.314156
vt 0.088216 0.299501
vt 0.103535 0.298689
vt 0.079129 0.307593
vt 0.129270 0.701708
vt 0.129270 0.725854
vt 0.135307 0.822438
vt 0.135307 0.816401
vt 0.129270 0.810365
vt 0.437693 0.731969
vt 0.454564 0.738067
vt 0.116328 0.334945
vt 0.100356 0.324822
vt 0.116875 0.310520
vt 0.129270 0.322438
vt 0.148305 0.207745
vt 0.085202 0.713648
vt 0.088216 0.700499
vt 0.103535 0.701311
vt 0.072091 0.737945
vt 0.100356 0.725854
vt 0.097176 0.750000
vt 0.106534 0.420874
vt 0.101398 0.411834
vt 0.113127 0.414804
vt 0.113127 0.585196
vt 0.103138 0.603138
vt 0.078613 0.622077
vt 0.085196 0.613127
vt 0.100356 0.626886
vt 0.078613 0.170317
vt 0.072091 0.154992
vt 0.100356 0.175178
vt 0.427909 0.630881
vt 0.402824 0.649442
vt 0.399644 0.626886
vt 0.129271 0.165489
vt 0.135307 0.171526
vt 0.129271 0.177562
vt 0.334945 0.383672
vt 0.346584 0.370730
vt 0.350558 0.402824
vt 0.368420 0.555352
vt 0.358537 0.569146
vt 0.090009 0.428923
vt 0.079725 0.432499
vt 0.091887 0.420856
vt 0.101398 0.588166
vt 0.079144 0.408113
vt 0.097176 0.350558
vt 0.129270 0.346584
vt 0.078613 0.670317
vt 0.062307 0.659093
vt 0.072091 0.654992
vt 0.370730 0.653417
vt 0.117023 0.443923
vt 0.113893 0.438009
vt 0.110215 0.432737
vt 0.111589 0.423898
vt 0.105375 0.428953
vt 0.098763 0.427504
vt 0.135307 0.159453
vt 0.129270 0.653416
vt 0.116328 0.665055
vt 0.097176 0.649442
vt 0.141343 0.653417
vt 0.147380 0.659453
vt 0.141343 0.665489
vt 0.087757 0.870356
vt 0.098170 0.862134
vt 0.100356 0.873114
vt 0.135307 0.840547
vt 0.129270 0.846584
vt 0.129270 0.834511
vt 0.116875 0.189480
vt 0.116328 0.165055
vt 0.097176 0.149442
vt 0.100356 0.675178
vt 0.131580 0.555352
vt 0.141463 0.569146
vt 0.130881 0.572092
vt 0.274146 0.899644
vt 0.250000 0.902824
vt 0.098170 0.137866
vt 0.126886 0.399644
vt 0.055352 0.368420
vt 0.054270 0.362956
vt 0.069146 0.358537
vt 0.097176 0.850558
vt 0.116328 0.859091
vt 0.116875 0.689480
vt 0.129270 0.677562
vt 0.062307 0.376969
vt 0.078613 0.377924
vt 0.072091 0.369119
vt 0.100356 0.373114
vt 0.141343 0.846584
vt 0.370730 0.370730
vt 0.055352 0.243995
vt 0.069146 0.250000
vt 0.040747 0.250000
vt 0.129270 0.370730
vt 0.129271 0.274146
vt 0.129270 0.250000
vt 0.100356 0.774146
vt 0.078613 0.774121
vt 0.072091 0.762056
vt 0.122077 0.078613
vt 0.119372 0.067046
vt 0.123031 0.062307
vt 0.130881 0.072091
vt 0.141343 0.334511
vt 0.213781 0.641763
vt 0.225854 0.629271
vt 0.231969 0.937693
vt 0.226058 0.943923
vt 0.314156 0.414798
vt 0.189635 0.129271
vt 0.225854 0.197684
vt 0.598151 0.387240
vt 0.607966 0.429172
vt 0.598151 0.435132
vt 0.617782 0.146568
vt 0.632874 0.146568
vt 0.529445 0.100866
vt 0.539261 0.100830
vt 0.500000 0.119501
vt 0.108557 0.537719
vt 0.640421 0.126938
vt 0.647967 0.126938
vt 0.640421 0.136753
vt 0.207459 0.948576
vt 0.617782 0.160002
vt 0.201708 0.943167
vt 0.632874 0.126938
vt 0.617781 0.424043
vt 0.108557 0.962281
vt 0.110914 0.963652
vt 0.617782 0.166198
vt 0.112562 0.552949
vt 0.109206 0.559021
vt 0.108631 0.551428
vt 0.111625 0.544521
vt 0.104544 0.563459
vt 0.104367 0.556787
vt 0.108477 0.544416
vt 0.105153 0.551425
vt 0.117023 0.556077
vt 0.113893 0.561991
vt 0.115334 0.546275
vt 0.110215 0.567263
vt 0.105375 0.571047
vt 0.098763 0.572496
vt 0.097804 0.565181
vt 0.097665 0.558959
vt 0.099068 0.554794
vt 0.113224 0.528568
vt 0.622873 0.441022
vt 0.617782 0.441022
vt 0.622873 0.431206
vt 0.114161 0.537312
vt 0.647967 0.146568
vt 0.617782 0.421391
vt 0.105153 0.948576
vt 0.632874 0.166198
vt 0.105125 0.943167
vt 0.500000 0.578466
vt 0.169398 0.963652
vt 0.220758 0.536348
vt 0.539261 0.873100
vt 0.227686 0.518605
vt 0.112562 0.052948
vt 0.109206 0.059021
vt 0.108631 0.051428
vt 0.111625 0.044521
vt 0.104544 0.063459
vt 0.104367 0.056787
vt 0.108477 0.044416
vt 0.110914 0.036348
vt 0.105153 0.051425
vt 0.117023 0.056077
vt 0.113893 0.061991
vt 0.115334 0.046275
vt 0.110215 0.067263
vt 0.105375 0.071047
vt 0.098763 0.072496
vt 0.097804 0.065181
vt 0.097665 0.058959
vt 0.099068 0.054794
vt 0.105125 0.056833
vt 0.106841 0.047276
vt 0.108557 0.037719
vt 0.110273 0.028162
vt 0.113224 0.028568
vt 0.111989 0.018605
vt 0.114161 0.037312
vt 0.213656 0.932737
vt 0.206869 0.936541
vt 0.199588 0.927504
vt 0.213648 0.914798
vt 0.286344 0.067263
vt 0.293131 0.063459
vt 0.300412 0.072496
vt 0.201311 0.896465
vt 0.213362 0.286638
vt 0.198019 0.286303
vt 0.213775 0.883126
vt 0.207745 0.135338
vt 0.206820 0.706820
vt 0.207493 0.698894
vt 0.213697 0.698019
vt 0.302316 0.250000
vt 0.213656 0.067263
vt 0.213751 0.059021
vt 0.220142 0.052948
vt 0.201311 0.103535
vt 0.207722 0.188763
vt 0.213648 0.085202
vt 0.219818 0.832905
vt 0.213781 0.833106
vt 0.213781 0.822438
vt 0.213771 0.811769
vt 0.219816 0.811971
vt 0.213771 0.188231
vt 0.219816 0.188029
vt 0.207745 0.833638
vt 0.207745 0.822438
vt 0.207722 0.811237
vt 0.225854 0.842559
vt 0.219818 0.850953
vt 0.213781 0.842895
vt 0.219818 0.167095
vt 0.213781 0.166894
vt 0.213781 0.157105
vt 0.207745 0.843770
vt 0.201708 0.846584
vt 0.201708 0.834511
vt 0.201708 0.822438
vt 0.201708 0.810365
vt 0.213697 0.801981
vt 0.207745 0.333638
vt 0.207745 0.322438
vt 0.213781 0.322438
vt 0.199588 0.427504
vt 0.191526 0.428953
vt 0.192407 0.420871
vt 0.207722 0.688763
vt 0.207745 0.677562
vt 0.207722 0.311237
vt 0.207493 0.301106
vt 0.213697 0.301981
vt 0.213656 0.432737
vt 0.206925 0.428953
vt 0.207066 0.420871
vt 0.207745 0.858405
vt 0.201708 0.334511
vt 0.201708 0.322438
vt 0.201708 0.310365
vt 0.201708 0.298292
vt 0.317097 0.432737
vt 0.300412 0.427504
vt 0.219870 0.428142
vt 0.213648 0.414798
vt 0.200499 0.411784
vt 0.226058 0.443923
vt 0.219971 0.438009
vt 0.225940 0.432954
vt 0.147380 0.647380
vt 0.244107 0.469027
vt 0.238067 0.454564
vt 0.454564 0.238067
vt 0.459253 0.250000
vt 0.427909 0.237945
vt 0.197684 0.774146
vt 0.103138 0.396862
vt 0.085196 0.386873
vt 0.213954 0.051428
vt 0.220401 0.044521
vt 0.206869 0.063459
vt 0.207010 0.056787
vt 0.214288 0.044416
vt 0.220758 0.036348
vt 0.207459 0.051425
vt 0.226058 0.056077
vt 0.376969 0.062307
vt 0.377924 0.078613
vt 0.226252 0.046275
vt 0.199268 0.065181
vt 0.199222 0.058959
vt 0.199689 0.054794
vt 0.201708 0.056833
vt 0.208203 0.047276
vt 0.214697 0.037719
vt 0.221192 0.028162
vt 0.226958 0.028568
vt 0.227686 0.018605
vt 0.226541 0.037312
vt 0.578521 0.884603
vt 0.568706 0.883918
vt 0.578521 0.873100
vt 0.578521 0.180595
vt 0.214697 0.537719
vt 0.207459 0.551425
vt 0.539261 0.544110
vt 0.549076 0.530332
vt 0.598151 0.316381
vt 0.558891 0.544110
vt 0.578521 0.861596
vt 0.568706 0.861573
vt 0.578521 0.850092
vt 0.190235 0.551425
vt 0.500000 0.945492
vt 0.201708 0.556833
vt 0.214697 0.962281
vt 0.617781 0.180595
vt 0.226958 0.528568
vt 0.220142 0.552949
vt 0.213751 0.559021
vt 0.213954 0.551428
vt 0.220401 0.544521
vt 0.206869 0.563459
vt 0.207010 0.556787
vt 0.214288 0.544416
vt 0.226058 0.556077
vt 0.226252 0.546275
vt 0.206925 0.571047
vt 0.199588 0.572496
vt 0.199268 0.565181
vt 0.199222 0.558959
vt 0.199689 0.554794
vt 0.558891 0.872836
vt 0.558891 0.149583
vt 0.549076 0.137284
vt 0.578521 0.170299
vt 0.226541 0.537312
vt 0.320838 0.962281
vt 0.330602 0.963652
vt 0.578521 0.152536
vt 0.298292 0.943167
vt 0.309765 0.948576
vt 0.578521 0.123569
vt 0.578521 0.896107
vt 0.529445 0.960001
vt 0.539261 0.959976
vt 0.539261 0.974459
vt 0.500000 0.974459
vt 0.519630 0.974459
vt 0.617782 0.038815
vt 0.539261 0.123569
vt 0.539261 0.109086
vt 0.578521 0.187725
vt 0.578521 0.902871
vt 0.340547 0.647380
vt 0.334511 0.641343
vt 0.213648 0.585202
vt 0.207745 0.666362
vt 0.072091 0.345008
vt 0.225880 0.421387
vt 0.225854 0.399644
vt 0.324822 0.100356
vt 0.322438 0.129270
vt 0.298689 0.103535
vt 0.314156 0.085202
vt 0.195672 0.352598
vt 0.201708 0.346584
vt 0.201708 0.358573
vt 0.310365 0.141343
vt 0.421387 0.377924
vt 0.414804 0.386873
vt 0.335092 0.943923
vt 0.327723 0.947052
vt 0.317097 0.932737
vt 0.195672 0.346584
vt 0.213781 0.358237
vt 0.213781 0.342895
vt 0.213781 0.177562
vt 0.201708 0.665489
vt 0.201708 0.653416
vt 0.225854 0.157441
vt 0.225854 0.141846
vt 0.213781 0.657105
vt 0.201708 0.798292
vt 0.201708 0.689635
vt 0.201708 0.677562
vt 0.395457 0.063459
vt 0.401237 0.072496
vt 0.389785 0.067263
vt 0.207745 0.851695
vt 0.213781 0.851164
vt 0.225854 0.858154
vt 0.201708 0.858573
vt 0.201708 0.852369
vt 0.213781 0.148837
vt 0.219818 0.149048
vt 0.225854 0.177562
vt 0.207745 0.177562
vt 0.207745 0.166362
vt 0.309194 0.936541
vt 0.300412 0.927504
vt 0.201708 0.189635
vt 0.201708 0.177562
vt 0.201708 0.165489
vt 0.201708 0.153416
vt 0.207745 0.156230
vt 0.310520 0.616875
vt 0.310365 0.629271
vt 0.311971 0.219816
vt 0.311769 0.213771
vt 0.286352 0.914798
vt 0.188763 0.792278
vt 0.198019 0.786303
vt 0.237927 0.177562
vt 0.309194 0.063459
vt 0.317098 0.067263
vt 0.286344 0.432737
vt 0.324032 0.428142
vt 0.225854 0.370730
vt 0.309194 0.436541
vt 0.322438 0.207745
vt 0.311237 0.207722
vt 0.231969 0.437693
vt 0.301106 0.207493
vt 0.298292 0.201708
vt 0.310365 0.201708
vt 0.322438 0.201708
vt 0.334511 0.201708
vt 0.443213 0.207010
vt 0.436541 0.206869
vt 0.441041 0.199222
vt 0.332905 0.719818
vt 0.322438 0.719818
vt 0.322438 0.713781
vt 0.333106 0.713781
vt 0.311971 0.719816
vt 0.311769 0.713771
vt 0.322438 0.707745
vt 0.333638 0.707745
vt 0.311237 0.707722
vt 0.274146 0.641846
vt 0.280182 0.649048
vt 0.301106 0.707493
vt 0.298292 0.701708
vt 0.310365 0.701708
vt 0.322438 0.701708
vt 0.334511 0.701708
vt 0.322438 0.774146
vt 0.322438 0.762073
vt 0.322438 0.629271
vt 0.316401 0.635307
vt 0.310365 0.629270
vt 0.335092 0.443923
vt 0.189635 0.358657
vt 0.298689 0.396465
vt 0.069146 0.858537
vt 0.072091 0.845008
vt 0.310520 0.383125
vt 0.304328 0.635308
vt 0.324822 0.600356
vt 0.298689 0.603535
vt 0.292990 0.056787
vt 0.300778 0.058959
vt 0.301981 0.286303
vt 0.427909 0.262055
vt 0.314156 0.585202
vt 0.318295 0.559021
vt 0.309194 0.563459
vt 0.319276 0.051428
vt 0.327723 0.052948
vt 0.329177 0.044521
vt 0.320098 0.044416
vt 0.330602 0.036348
vt 0.309653 0.056787
vt 0.309765 0.051425
vt 0.319276 0.948572
vt 0.106534 0.079126
vt 0.101398 0.088166
vt 0.300311 0.054794
vt 0.298292 0.056833
vt 0.309565 0.047276
vt 0.320838 0.037719
vt 0.332111 0.028162
vt 0.340692 0.028568
vt 0.343384 0.018605
vt 0.338922 0.037312
vt 0.346333 0.039949
vt 0.335092 0.056077
vt 0.549076 0.160935
vt 0.539261 0.152536
vt 0.568706 0.557889
vt 0.558891 0.571395
vt 0.485517 0.485517
vt 0.549076 0.765540
vt 0.539261 0.777021
vt 0.343384 0.518605
vt 0.330602 0.536348
vt 0.539261 0.571724
vt 0.394875 0.556833
vt 0.394847 0.551425
vt 0.327723 0.552949
vt 0.319276 0.551428
vt 0.329177 0.544521
vt 0.309653 0.556787
vt 0.320098 0.544416
vt 0.309765 0.551425
vt 0.335092 0.556077
vt 0.337169 0.546275
vt 0.300778 0.558959
vt 0.300412 0.572496
vt 0.293131 0.563459
vt 0.352620 0.147380
vt 0.300311 0.554794
vt 0.519630 0.429035
vt 0.519630 0.395427
vt 0.459081 0.518605
vt 0.440119 0.536644
vt 0.500000 0.610686
vt 0.310365 0.653416
vt 0.310365 0.647380
vt 0.316401 0.647380
vt 0.558891 0.596048
vt 0.338922 0.537312
vt 0.340692 0.528568
vt 0.320838 0.537719
vt 0.322438 0.647380
vt 0.322438 0.653416
vt 0.647227 0.058180
vt 0.637412 0.063469
vt 0.637412 0.052891
vt 0.578521 0.069705
vt 0.578521 0.557917
vt 0.607966 0.059423
vt 0.391523 0.955584
vt 0.389086 0.963652
vt 0.578521 0.571724
vt 0.568706 0.584675
vt 0.568706 0.606367
vt 0.578521 0.599338
vt 0.125000 0.500000
vt 0.578521 0.607223
vt 0.316401 0.358657
vt 0.316401 0.364693
vt 0.310365 0.358657
vt 0.177562 0.786219
vt 0.383125 0.810520
vt 0.396465 0.798689
vt 0.332905 0.280182
vt 0.274146 0.302316
vt 0.311971 0.280184
vt 0.436541 0.104544
vt 0.432737 0.110215
vt 0.352422 0.045436
vt 0.345008 0.072091
vt 0.322438 0.858657
vt 0.328474 0.864693
vt 0.316401 0.852620
vt 0.304328 0.364692
vt 0.310365 0.370730
vt 0.310365 0.352620
vt 0.316401 0.352620
vt 0.304328 0.358646
vt 0.304328 0.352598
vt 0.447052 0.112562
vt 0.443923 0.117023
vt 0.292255 0.364662
vt 0.298292 0.358573
vt 0.298292 0.370730
vt 0.298292 0.352369
vt 0.298292 0.346584
vt 0.304328 0.346584
vt 0.310365 0.346584
vt 0.316401 0.346584
vt 0.322438 0.352620
vt 0.322438 0.346584
vt 0.322438 0.358657
vt 0.328474 0.364693
vt 0.322438 0.370730
vt 0.310365 0.852620
vt 0.304328 0.852598
vt 0.304328 0.147402
vt 0.129270 0.870730
vt 0.442016 0.942016
vt 0.434489 0.946316
vt 0.420275 0.932499
vt 0.298292 0.846584
vt 0.304328 0.846584
vt 0.310365 0.846584
vt 0.322438 0.846584
vt 0.617782 0.052891
vt 0.539261 0.138053
vt 0.399644 0.824822
vt 0.421387 0.122077
vt 0.414804 0.113127
vt 0.420275 0.067502
vt 0.422598 0.059239
vt 0.434489 0.053684
vt 0.384293 0.928142
vt 0.386873 0.914804
vt 0.389785 0.932737
vt 0.427504 0.901237
vt 0.436514 0.911489
vt 0.432499 0.920275
vt 0.383125 0.689480
vt 0.401237 0.927504
vt 0.396863 0.103138
vt 0.414777 0.085223
vt 0.411489 0.936514
vt 0.414777 0.914777
vt 0.396862 0.896863
vt 0.427909 0.845008
vt 0.430854 0.858537
vt 0.414804 0.886873
vt 0.420275 0.567502
vt 0.422598 0.559239
vt 0.434489 0.553684
vt 0.328474 0.135307
vt 0.322438 0.141343
vt 0.446316 0.434489
vt 0.442016 0.442016
vt 0.432499 0.420275
vt 0.432737 0.213656
vt 0.447052 0.220142
vt 0.443923 0.226058
vt 0.414798 0.814156
vt 0.286219 0.177562
vt 0.432737 0.317098
vt 0.447052 0.327723
vt 0.443923 0.335092
vt 0.414798 0.786353
vt 0.427504 0.800413
vt 0.434819 0.902196
vt 0.443923 0.835092
vt 0.396863 0.603138
vt 0.414804 0.613127
vt 0.414798 0.185844
vt 0.432737 0.182903
vt 0.427504 0.199588
vt 0.373114 0.399644
vt 0.427504 0.300412
vt 0.436541 0.309194
vt 0.432737 0.317097
vt 0.399644 0.324822
vt 0.414798 0.314156
vt 0.427909 0.345008
vt 0.358657 0.328474
vt 0.469027 0.744107
vt 0.459253 0.750000
vt 0.383125 0.310520
vt 0.396465 0.298689
vt 0.448572 0.213954
vt 0.432737 0.889785
vt 0.455479 0.170823
vt 0.448572 0.180724
vt 0.447052 0.172277
vt 0.414777 0.414777
vt 0.408113 0.420856
vt 0.428142 0.615708
vt 0.421387 0.622077
vt 0.322438 0.725854
vt 0.427504 0.699588
vt 0.436541 0.706869
vt 0.432737 0.713656
vt 0.443923 0.726058
vt 0.421387 0.725880
vt 0.414798 0.685844
vt 0.448572 0.319276
vt 0.414777 0.585223
vt 0.432499 0.579725
vt 0.427504 0.598763
vt 0.434489 0.446316
vt 0.420275 0.432499
vt 0.443923 0.617023
vt 0.437693 0.623031
vt 0.436541 0.604544
vt 0.432737 0.610215
vt 0.383672 0.334945
vt 0.437693 0.876969
vt 0.421387 0.877924
vt 0.454564 0.147578
vt 0.460051 0.153667
vt 0.443923 0.164908
vt 0.427504 0.401237
vt 0.436514 0.411489
vt 0.432737 0.389785
vt 0.401237 0.427504
vt 0.383672 0.665055
vt 0.396862 0.396863
vt 0.438009 0.613893
vt 0.399644 0.175178
vt 0.427909 0.154992
vt 0.459253 0.133301
vt 0.469027 0.137324
vt 0.402824 0.149442
vt 0.383672 0.165055
vt 0.440762 0.422598
vt 0.444648 0.868420
vt 0.459253 0.633301
vt 0.469027 0.637325
vt 0.454564 0.647578
vt 0.443923 0.882977
vt 0.432737 0.889786
vt 0.402824 0.250000
vt 0.459253 0.866699
vt 0.454564 0.852422
vt 0.454564 0.352422
vt 0.469027 0.362676
vt 0.399644 0.675178
vt 0.427909 0.654992
vt 0.443923 0.664908
vt 0.398602 0.588166
vt 0.437693 0.268031
vt 0.465356 0.145070
vt 0.449667 0.379830
vt 0.437693 0.376969
vt 0.443923 0.382977
vt 0.428142 0.384293
vt 0.469027 0.374461
vt 0.449667 0.267923
vt 0.443923 0.273942
vt 0.453725 0.662831
vt 0.460051 0.653667
vt 0.454564 0.261933
vt 0.469027 0.255893
vt 0.432737 0.286344
vt 0.329683 0.578613
vt 0.408113 0.579144
vt 0.469027 0.755893
vt 0.454564 0.761933
vt 0.427909 0.762056
vt 0.457974 0.872022
vt 0.454564 0.876288
vt 0.436514 0.588511
vt 0.225854 0.302316
vt 0.465356 0.378535
vt 0.426978 0.537719
vt 0.412059 0.551436
vt 0.539261 0.610686
vt 0.529445 0.625769
vt 0.519630 0.610291
vt 0.529445 0.594542
vt 0.509815 0.377136
vt 0.486920 0.865784
vt 0.539261 0.441573
vt 0.500000 0.875000
vt 0.625328 0.195643
vt 0.578521 0.387240
vt 0.578521 0.378039
vt 0.588336 0.378056
vt 0.539261 0.578466
vt 0.617782 0.185828
vt 0.588336 0.451905
vt 0.500000 0.377172
vt 0.424417 0.551592
vt 0.437340 0.545075
vt 0.411489 0.563486
vt 0.412273 0.556807
vt 0.425811 0.544503
vt 0.442016 0.557984
vt 0.432498 0.579725
vt 0.434819 0.402196
vt 0.409991 0.571077
vt 0.401237 0.572496
vt 0.402196 0.565181
vt 0.402335 0.558959
vt 0.400932 0.554794
vt 0.453651 0.529269
vt 0.426978 0.962281
vt 0.440119 0.963357
vt 0.539261 0.433182
vt 0.475535 0.481135
vt 0.500000 0.433182
vt 0.449851 0.538623
vt 0.446157 0.548018
vt 0.509815 0.443308
vt 0.607966 0.462483
vt 0.578521 0.753381
vt 0.578521 0.742803
vt 0.588336 0.753381
vt 0.453651 0.970731
vt 0.459081 0.981395
vt 0.455584 0.820098
vt 0.519630 0.747568
vt 0.424417 0.051592
vt 0.437341 0.045074
vt 0.411489 0.063486
vt 0.412273 0.056807
vt 0.425811 0.044503
vt 0.440119 0.036643
vt 0.412059 0.051435
vt 0.432498 0.079725
vt 0.442016 0.057984
vt 0.446157 0.048018
vt 0.402196 0.065181
vt 0.402335 0.058959
vt 0.400932 0.054794
vt 0.394875 0.056833
vt 0.410927 0.047276
vt 0.426978 0.037719
vt 0.443030 0.028162
vt 0.453651 0.029269
vt 0.459081 0.018605
vt 0.449851 0.038623
vt 0.607966 0.753381
vt 0.598151 0.763960
vt 0.598151 0.742803
vt 0.617782 0.753381
vt 0.617782 0.763960
vt 0.598151 0.488928
vt 0.607966 0.499506
vt 0.598151 0.510084
vt 0.588336 0.499506
vt 0.607966 0.483639
vt 0.588336 0.483639
vt 0.598151 0.478350
vt 0.578521 0.488928
vt 0.617782 0.742803
vt 0.617782 0.520662
vt 0.607966 0.520662
vt 0.617782 0.510084
vt 0.607966 0.774538
vt 0.578521 0.531241
vt 0.588336 0.520662
vt 0.598151 0.785116
vt 0.578521 0.451905
vt 0.598151 0.531241
vt 0.578521 0.785116
vt 0.588336 0.774538
vt 0.617782 0.499506
vt 0.617782 0.774538
vt 0.607966 0.451905
vt 0.617782 0.451905
vt 0.617782 0.457194
vt 0.598151 0.806272
vt 0.588336 0.800983
vt 0.598151 0.795694
vt 0.578521 0.800983
vt 0.578521 0.795694
vt 0.558891 0.018630
vt 0.617782 0.785116
vt 0.607966 0.790405
vt 0.588336 0.790405
vt 0.617782 0.446616
vt 0.607966 0.822139
vt 0.617782 0.822139
vt 0.617782 0.827428
vt 0.617781 0.467772
vt 0.607966 0.473061
vt 0.539261 0.480998
vt 0.578521 0.510084
vt 0.578521 0.499506
vt 0.578521 0.790405
vt 0.578521 0.520662
vt 0.617782 0.790405
vt 0.578521 0.827428
vt 0.617782 0.488928
vt 0.598151 0.827428
vt 0.588336 0.541819
vt 0.598151 0.552397
vt 0.588336 0.562975
vt 0.578521 0.552397
vt 0.598151 0.848584
vt 0.588336 0.843295
vt 0.598151 0.838006
vt 0.519630 0.945788
vt 0.578521 0.018335
vt 0.578521 0.027502
vt 0.617782 0.541819
vt 0.617782 0.552397
vt 0.607966 0.541819
vt 0.153416 0.834511
vt 0.617781 0.806272
vt 0.578521 0.806272
vt 0.588336 0.811561
vt 0.607966 0.562975
vt 0.598151 0.573553
vt 0.617781 0.573553
vt 0.607966 0.584131
vt 0.617782 0.562975
vt 0.588336 0.584131
vt 0.578521 0.573553
vt 0.617782 0.943788
vt 0.607966 0.949077
vt 0.578521 0.838006
vt 0.578521 0.832717
vt 0.588336 0.832717
vt 0.607966 0.875030
vt 0.617782 0.869741
vt 0.617782 0.584131
vt 0.598151 0.869741
vt 0.588336 0.875030
vt 0.617782 0.531241
vt 0.617782 0.875030
vt 0.588336 0.906764
vt 0.598151 0.901475
vt 0.607966 0.906764
vt 0.598151 0.912053
vt 0.578521 0.541819
vt 0.588336 0.896186
vt 0.598151 0.890897
vt 0.558891 0.343290
vt 0.588336 0.853874
vt 0.578521 0.848584
vt 0.578521 0.912053
vt 0.617782 0.906764
vt 0.617782 0.912053
vt 0.607966 0.832717
vt 0.598151 0.594709
vt 0.617781 0.848584
vt 0.425811 0.955497
vt 0.617782 0.605288
vt 0.607966 0.605288
vt 0.617782 0.594710
vt 0.598151 0.615866
vt 0.578521 0.869741
vt 0.588336 0.864452
vt 0.578521 0.615866
vt 0.578521 0.605288
vt 0.588336 0.605288
vt 0.607966 0.864452
vt 0.578521 0.658178
vt 0.578521 0.647600
vt 0.588336 0.647600
vt 0.578521 0.594710
vt 0.578521 0.906764
vt 0.617782 0.832717
vt 0.617782 0.838006
vt 0.578521 0.584131
vt 0.617782 0.901475
vt 0.558891 0.217876
vt 0.346584 0.822438
vt 0.617782 0.095203
vt 0.153416 0.677562
vt 0.578521 0.864452
vt 0.578521 0.901475
vt 0.578521 0.890897
vt 0.588336 0.885608
vt 0.588336 0.949077
vt 0.578521 0.943788
vt 0.558891 0.614779
vt 0.598151 0.954366
vt 0.578521 0.674045
vt 0.578521 0.668756
vt 0.588336 0.674045
vt 0.490697 0.520460
vt 0.607966 0.927921
vt 0.578521 0.700491
vt 0.588336 0.695202
vt 0.578521 0.964944
vt 0.578521 0.954366
vt 0.588336 0.964944
vt 0.598151 0.700491
vt 0.578521 0.695202
vt 0.598151 0.668756
vt 0.598151 0.679335
vt 0.617782 0.647600
vt 0.607966 0.647600
vt 0.617782 0.637022
vt 0.617782 0.626444
vt 0.607966 0.626444
vt 0.578521 0.637022
vt 0.578521 0.626444
vt 0.588336 0.626444
vt 0.607966 0.917342
vt 0.598151 0.658178
vt 0.617782 0.695202
vt 0.617782 0.700491
vt 0.588336 0.917342
vt 0.617782 0.658178
vt 0.598151 0.637022
vt 0.617782 0.954366
vt 0.607966 0.964944
vt 0.578521 0.663467
vt 0.588336 0.663467
vt 0.617782 0.615866
vt 0.627597 0.031734
vt 0.617782 0.031734
vt 0.617782 0.021156
vt 0.627597 0.047602
vt 0.578521 0.986100
vt 0.578521 0.975522
vt 0.588336 0.986100
vt 0.558891 0.170575
vt 0.607966 0.663467
vt 0.578521 0.996678
vt 0.598151 0.996678
vt 0.607966 0.986100
vt 0.657042 0.058180
vt 0.657042 0.052891
vt 0.657042 0.021156
vt 0.657042 0.031734
vt 0.647227 0.031734
vt 0.617781 0.679334
vt 0.578521 0.679334
vt 0.588336 0.684624
vt 0.598151 0.975522
vt 0.617782 0.975522
vt 0.617782 0.663467
vt 0.617782 0.986100
vt 0.647227 0.047602
vt 0.637412 0.042313
vt 0.637412 0.021156
vt 0.617782 0.047602
vt 0.617782 0.042313
vt 0.617782 0.996678
vt 0.647227 0.010578
vt 0.627597 0.010578
vt 0.637412 0.000000
vt 0.657042 0.000000
vt 0.637412 0.095203
vt 0.627597 0.089914
vt 0.637412 0.084625
vt 0.647227 0.089914
vt 0.607966 0.711069
vt 0.588336 0.711069
vt 0.617782 0.089914
vt 0.617781 0.084625
vt 0.617782 0.721647
vt 0.607966 0.732225
vt 0.598151 0.721647
vt 0.657042 0.047602
vt 0.657042 0.042313
vt 0.617782 0.010578
vt 0.558891 0.441244
vt 0.657042 0.068758
vt 0.647227 0.068758
vt 0.657042 0.063469
vt 0.588336 0.732225
vt 0.578521 0.721647
vt 0.617782 0.711069
vt 0.647227 0.100492
vt 0.617782 0.732225
vt 0.500000 0.747173
vt 0.627597 0.121648
vt 0.578521 0.732225
vt 0.637412 0.126938
vt 0.647227 0.121648
vt 0.500000 0.731063
vt 0.448565 0.587941
vt 0.539261 0.156841
vt 0.443167 0.605125
vt 0.617782 0.079336
vt 0.627597 0.079336
vt 0.578521 0.711069
vt 0.657042 0.095203
vt 0.037719 0.573022
vt 0.051435 0.587941
vt 0.657042 0.105781
vt 0.647227 0.111070
vt 0.617782 0.922632
vt 0.617782 0.927921
vt 0.578521 0.384382
vt 0.647227 0.079336
vt 0.657042 0.079336
vt 0.657042 0.084625
vt 0.657042 0.111070
vt 0.657042 0.116359
vt 0.238067 0.545436
vt 0.451982 0.553843
vt 0.446316 0.565511
vt 0.432737 0.682903
vt 0.393466 0.579126
vt 0.401237 0.572497
vt 0.238198 0.465356
vt 0.244107 0.530973
vt 0.422599 0.440762
vt 0.470401 0.750000
vt 0.440119 0.463357
vt 0.425811 0.455497
vt 0.424417 0.448408
vt 0.437341 0.454926
vt 0.412059 0.448565
vt 0.412273 0.443193
vt 0.411489 0.436514
vt 0.459081 0.481395
vt 0.443030 0.471838
vt 0.453651 0.470731
vt 0.426978 0.462281
vt 0.410927 0.452724
vt 0.394875 0.443167
vt 0.400932 0.445206
vt 0.402335 0.441041
vt 0.402196 0.434819
vt 0.409991 0.428923
vt 0.449667 0.620170
vt 0.454564 0.623712
vt 0.449851 0.461377
vt 0.446157 0.451982
vt 0.286352 0.585202
vt 0.322438 0.852620
vt 0.340907 0.562307
vt 0.330602 0.463652
vt 0.320098 0.455584
vt 0.319276 0.448572
vt 0.329177 0.455479
vt 0.309765 0.448576
vt 0.309653 0.443213
vt 0.318295 0.440979
vt 0.327723 0.447052
vt 0.343384 0.481395
vt 0.332111 0.471838
vt 0.340692 0.471432
vt 0.320838 0.462281
vt 0.309565 0.452724
vt 0.298292 0.443167
vt 0.300311 0.445206
vt 0.300778 0.441041
vt 0.293131 0.436541
vt 0.326048 0.438009
vt 0.337169 0.453725
vt 0.338922 0.462688
vt 0.207066 0.579129
vt 0.185844 0.414798
vt 0.119372 0.567046
vt 0.122077 0.578613
vt 0.115707 0.571858
vt 0.225940 0.567046
vt 0.220758 0.463652
vt 0.214288 0.455584
vt 0.213954 0.448572
vt 0.220401 0.455479
vt 0.207459 0.448576
vt 0.207010 0.443213
vt 0.213751 0.440979
vt 0.220142 0.447052
vt 0.206869 0.436541
vt 0.227686 0.481395
vt 0.221192 0.471838
vt 0.226958 0.471432
vt 0.214697 0.462281
vt 0.208203 0.452724
vt 0.201708 0.443167
vt 0.199689 0.445206
vt 0.199222 0.441041
vt 0.199268 0.434819
vt 0.226252 0.453725
vt 0.226541 0.462688
vt 0.106534 0.579126
vt 0.079144 0.591887
vt 0.071077 0.590009
vt 0.067502 0.579725
vt 0.091887 0.579144
vt 0.133301 0.540748
vt 0.111589 0.576102
vt 0.376969 0.562307
vt 0.377924 0.578613
vt 0.110914 0.463652
vt 0.108477 0.455584
vt 0.108631 0.448572
vt 0.111625 0.455479
vt 0.105153 0.448576
vt 0.104367 0.443213
vt 0.109206 0.440979
vt 0.112562 0.447052
vt 0.104544 0.436541
vt 0.111989 0.481395
vt 0.110273 0.471838
vt 0.113224 0.471432
vt 0.108557 0.462281
vt 0.106841 0.452724
vt 0.105125 0.443167
vt 0.099068 0.445206
vt 0.097665 0.441041
vt 0.097804 0.434819
vt 0.115334 0.453725
vt 0.114161 0.462688
vt 0.034836 0.476420
vt 0.028641 0.471359
vt 0.038902 0.466787
vt 0.018865 0.475535
vt 0.033213 0.461098
vt 0.043152 0.456849
vt 0.023580 0.465164
vt 0.040919 0.481395
vt 0.030689 0.486046
vt 0.046349 0.470731
vt 0.024465 0.981135
vt 0.014483 0.985517
vt 0.013954 0.469311
vt 0.053843 0.451982
vt 0.050149 0.461377
vt 0.267148 0.477706
vt 0.261401 0.482842
vt 0.261623 0.474556
vt 0.267491 0.469195
vt 0.255694 0.486920
vt 0.255801 0.478369
vt 0.261802 0.465356
vt 0.267747 0.460051
vt 0.272314 0.481395
vt 0.266735 0.486046
vt 0.273042 0.471432
vt 0.261157 0.490697
vt 0.255578 0.495349
vt 0.250000 0.500000
vt 0.250000 0.488783
vt 0.250000 0.479839
vt 0.250000 0.470401
vt 0.273748 0.453725
vt 0.438009 0.386107
vt 0.273459 0.462688
vt 0.150277 0.477706
vt 0.141962 0.482842
vt 0.143309 0.474556
vt 0.151857 0.469195
vt 0.134216 0.486920
vt 0.135580 0.478369
vt 0.145070 0.465356
vt 0.156616 0.481395
vt 0.148712 0.486046
vt 0.159308 0.471432
vt 0.140808 0.490697
vt 0.132904 0.495349
vt 0.127590 0.488783
vt 0.129044 0.479839
vt 0.130745 0.470401
vt 0.162831 0.453725
vt 0.161078 0.462688
vt 0.384020 0.477706
vt 0.380841 0.482842
vt 0.379937 0.474556
vt 0.383125 0.469195
vt 0.377172 0.486920
vt 0.376022 0.478369
vt 0.378535 0.465356
vt 0.381827 0.460051
vt 0.374461 0.469027
vt 0.388011 0.481395
vt 0.384758 0.486046
vt 0.386776 0.471432
vt 0.381506 0.490697
vt 0.378253 0.495349
vt 0.375000 0.500000
vt 0.372410 0.488783
vt 0.370956 0.479839
vt 0.369255 0.470401
vt 0.384666 0.453725
vt 0.385839 0.462688
vt 0.356410 0.555352
vt 0.360098 0.542027
vt 0.384293 0.571858
vt 0.127979 0.542027
vt 0.175968 0.571858
vt 0.173952 0.438009
vt 0.175968 0.428142
vt 0.386873 0.085196
vt 0.334511 0.370730
vt 0.273942 0.556077
vt 0.018605 0.540919
vt 0.036643 0.559881
vt 0.539261 0.747173
vt 0.622873 0.283980
vt 0.044503 0.574189
vt 0.539261 0.194181
vt 0.500000 0.138171
vt 0.462281 0.679163
vt 0.455584 0.679902
vt 0.539261 0.232655
vt 0.455584 0.608477
vt 0.448576 0.605153
vt 0.445206 0.599068
vt 0.063486 0.588511
vt 0.056807 0.587727
vt 0.051592 0.575583
vt 0.059239 0.577402
vt 0.045074 0.562660
vt 0.053684 0.565511
vt 0.072496 0.598763
vt 0.062796 0.568765
vt 0.469027 0.625539
vt 0.345008 0.572092
vt 0.449667 0.732077
vt 0.286219 0.370730
vt 0.328474 0.635307
vt 0.322438 0.641343
vt 0.328474 0.641344
vt 0.328474 0.358657
vt 0.310365 0.641343
vt 0.316401 0.641344
vt 0.304328 0.647402
vt 0.304328 0.641354
vt 0.231969 0.562307
vt 0.578521 0.684624
vt 0.304328 0.653416
vt 0.298292 0.653416
vt 0.298292 0.647632
vt 0.298292 0.641427
vt 0.436541 0.809194
vt 0.432737 0.817098
vt 0.165489 0.641343
vt 0.159453 0.641344
vt 0.182903 0.432737
vt 0.141343 0.689635
vt 0.135307 0.828474
vt 0.030973 0.625539
vt 0.021631 0.623978
vt 0.025445 0.620063
vt 0.034644 0.621465
vt 0.030805 0.616875
vt 0.039949 0.618173
vt 0.042026 0.627979
vt 0.050333 0.620170
vt 0.056077 0.617023
vt 0.045436 0.623712
vt 0.578521 0.305292
vt 0.617782 0.316578
vt 0.598151 0.880319
vt 0.617782 0.880319
vt 0.490697 0.859192
vt 0.482842 0.858038
vt 0.578521 0.433688
vt 0.539261 0.274640
vt 0.500000 0.625000
vt 0.578521 0.316578
vt 0.539261 0.291693
vt 0.617782 0.322221
vt 0.617782 0.327865
vt 0.617782 0.310935
vt 0.638149 0.283980
vt 0.153416 0.689635
vt 0.147380 0.683599
vt 0.617781 0.890897
vt 0.598151 0.049287
vt 0.482842 0.641962
vt 0.539261 0.342961
vt 0.539261 0.329155
vt 0.346584 0.653416
vt 0.286344 0.567263
vt 0.072091 0.630881
vt 0.062307 0.623031
vt 0.171526 0.641344
vt 0.159453 0.647380
vt 0.578521 0.853874
vt 0.159453 0.653416
vt 0.153416 0.653416
vt 0.153416 0.647380
vt 0.131580 0.444648
vt 0.358657 0.840547
vt 0.364693 0.840547
vt 0.334945 0.883672
vt 0.130881 0.427909
vt 0.123031 0.437693
vt 0.225854 0.342559
vt 0.063459 0.395456
vt 0.056787 0.395633
vt 0.051428 0.391369
vt 0.059021 0.390794
vt 0.051425 0.394847
vt 0.044416 0.391523
vt 0.044521 0.388375
vt 0.052948 0.387438
vt 0.036348 0.389086
vt 0.047276 0.393159
vt 0.037719 0.391443
vt 0.028162 0.389727
vt 0.578521 0.880319
vt 0.578521 0.896186
vt 0.558891 0.681205
vt 0.617782 0.091093
vt 0.578521 0.843296
vt 0.141343 0.322438
vt 0.147380 0.328474
vt 0.067263 0.682903
vt 0.061991 0.673952
vt 0.071858 0.675968
vt 0.085202 0.685844
vt 0.055352 0.356410
vt 0.030973 0.362676
vt 0.021631 0.364420
vt 0.025445 0.356691
vt 0.034644 0.354930
vt 0.013080 0.365784
vt 0.017158 0.358038
vt 0.030805 0.348143
vt 0.039949 0.346333
vt 0.022294 0.349723
vt 0.042026 0.360098
vt 0.004651 0.367096
vt 0.009303 0.359192
vt 0.013954 0.351288
vt 0.050333 0.343983
vt 0.045436 0.352422
vt 0.063459 0.690806
vt 0.056787 0.690347
vt 0.051428 0.680724
vt 0.059021 0.681705
vt 0.044521 0.670823
vt 0.052948 0.672277
vt 0.071047 0.691526
vt 0.018605 0.656616
vt 0.578521 0.342961
vt 0.147380 0.677562
vt 0.448575 0.707459
vt 0.445206 0.699689
vt 0.443167 0.701708
vt 0.018605 0.843384
vt 0.051425 0.792541
vt 0.578521 0.703949
vt 0.455584 0.714288
vt 0.147380 0.689635
vt 0.447052 0.279858
vt 0.386873 0.585196
vt 0.465356 0.621465
vt 0.333638 0.292255
vt 0.322438 0.292255
vt 0.322438 0.286219
vt 0.333106 0.286219
vt 0.311237 0.292278
vt 0.311769 0.286229
vt 0.322438 0.280182
vt 0.334511 0.298292
vt 0.343770 0.292255
vt 0.322438 0.298292
vt 0.310365 0.298292
vt 0.298292 0.298292
vt 0.301106 0.292507
vt 0.342895 0.286219
vt 0.342601 0.280182
vt 0.069146 0.750000
vt 0.198894 0.292507
vt 0.206820 0.293180
vt 0.135307 0.183599
vt 0.286353 0.085202
vt 0.079129 0.692407
vt 0.085202 0.286352
vt 0.220142 0.947052
vt 0.018605 0.727686
vt 0.022294 0.732852
vt 0.578521 0.083964
vt 0.598151 0.816850
vt 0.578521 0.843328
vt 0.578521 0.836564
vt 0.448575 0.690235
vt 0.578521 0.218172
vt 0.539261 0.954053
vt 0.539261 0.943757
vt 0.539261 0.823036
vt 0.448575 0.792541
vt 0.578521 0.943757
vt 0.443167 0.798292
vt 0.578521 0.829800
vt 0.030973 0.744107
vt 0.021631 0.744199
vt 0.025445 0.738377
vt 0.034644 0.738198
vt 0.030805 0.732509
vt 0.045436 0.738067
vt 0.067263 0.389785
vt 0.399644 0.126886
vt 0.063459 0.293131
vt 0.056787 0.292990
vt 0.051428 0.286046
vt 0.148305 0.792255
vt 0.141427 0.798292
vt 0.188231 0.286229
vt 0.358657 0.340547
vt 0.177562 0.292255
vt 0.071047 0.293075
vt 0.067263 0.286344
vt 0.346584 0.195672
vt 0.188763 0.292278
vt 0.189635 0.298292
vt 0.177562 0.298292
vt 0.165489 0.298292
vt 0.051425 0.292541
vt 0.044416 0.285712
vt 0.036348 0.279242
vt 0.047276 0.291797
vt 0.037719 0.285303
vt 0.028162 0.278808
vt 0.460051 0.232253
vt 0.447052 0.827723
vt 0.455479 0.720401
vt 0.447052 0.720142
vt 0.448572 0.713954
vt 0.465356 0.738198
vt 0.322438 0.786219
vt 0.311971 0.780184
vt 0.449667 0.120170
vt 0.454564 0.123712
vt 0.437693 0.123031
vt 0.449667 0.879830
vt 0.443213 0.707010
vt 0.322438 0.792255
vt 0.311237 0.792278
vt 0.311769 0.786229
vt 0.334511 0.798292
vt 0.322438 0.798292
vt 0.310365 0.798292
vt 0.298292 0.798292
vt 0.301106 0.792507
vt 0.301981 0.786303
vt 0.141343 0.677562
vt 0.085202 0.786353
vt 0.030973 0.244107
vt 0.021631 0.244199
vt 0.025445 0.238377
vt 0.034644 0.238198
vt 0.013080 0.244306
vt 0.017158 0.238599
vt 0.030805 0.232509
vt 0.039949 0.232253
vt 0.022294 0.232852
vt 0.042026 0.244038
vt 0.004651 0.244422
vt 0.009303 0.238843
vt 0.013954 0.233265
vt 0.050333 0.232077
vt 0.045436 0.238067
vt 0.280184 0.311971
vt 0.183599 0.352620
vt 0.189635 0.798292
vt 0.346584 0.340547
vt 0.177562 0.792255
vt 0.166362 0.792255
vt 0.166894 0.786219
vt 0.286303 0.301981
vt 0.177562 0.798292
vt 0.165489 0.798292
vt 0.153416 0.798292
vt 0.156230 0.792255
vt 0.157105 0.786219
vt 0.436541 0.895456
vt 0.334511 0.129271
vt 0.063459 0.793131
vt 0.056787 0.792990
vt 0.051428 0.786047
vt 0.059021 0.786249
vt 0.044521 0.779599
vt 0.052948 0.779858
vt 0.071047 0.793075
vt 0.018605 0.772314
vt 0.578521 0.680942
vt 0.486920 0.634216
vt 0.578521 0.283808
vt 0.061991 0.780030
vt 0.067263 0.786344
vt 0.578521 0.964350
vt 0.558891 0.943581
vt 0.539261 0.692445
vt 0.147380 0.816401
vt 0.147380 0.810365
vt 0.153416 0.810365
vt 0.578521 0.992868
vt 0.539261 0.651170
vt 0.617782 0.816850
vt 0.153416 0.822438
vt 0.462281 0.891443
vt 0.455584 0.891523
vt 0.463652 0.889086
vt 0.471432 0.886776
vt 0.539261 0.680942
vt 0.578521 0.811561
vt 0.488783 0.750000
vt 0.017158 0.858038
vt 0.578521 0.875030
vt 0.085202 0.185844
vt 0.062307 0.840907
vt 0.050333 0.843983
vt 0.062307 0.159093
vt 0.022294 0.849723
vt 0.539261 0.018335
vt 0.250000 0.988783
vt 0.617782 0.059408
vt 0.617782 0.049111
vt 0.226958 0.971432
vt 0.485517 0.985517
vt 0.539261 0.478002
vt 0.578521 0.250088
vt 0.578521 0.240887
vt 0.030973 0.862676
vt 0.021631 0.864420
vt 0.025444 0.856691
vt 0.034644 0.854930
vt 0.030805 0.848143
vt 0.039949 0.846333
vt 0.042026 0.860098
vt 0.044416 0.891523
vt 0.147380 0.834511
vt 0.147380 0.828474
vt 0.147380 0.822438
vt 0.045436 0.852422
vt 0.063459 0.190806
vt 0.056787 0.190347
vt 0.051428 0.180724
vt 0.059021 0.181705
vt 0.051425 0.190235
vt 0.044416 0.179902
vt 0.044521 0.170823
vt 0.052948 0.172277
vt 0.036348 0.169398
vt 0.071047 0.191526
vt 0.047276 0.190435
vt 0.037719 0.179162
vt 0.028162 0.167889
vt 0.061991 0.173952
vt 0.067263 0.182903
vt 0.189635 0.864693
vt 0.316401 0.147380
vt 0.447052 0.887438
vt 0.159453 0.147380
vt 0.153416 0.147380
vt 0.153416 0.141343
vt 0.310365 0.147380
vt 0.446316 0.934489
vt 0.322438 0.153416
vt 0.316401 0.153416
vt 0.322438 0.147380
vt 0.310365 0.153416
vt 0.304328 0.153416
vt 0.292255 0.148305
vt 0.298292 0.153416
vt 0.085196 0.886873
vt 0.309653 0.943213
vt 0.147380 0.147380
vt 0.195672 0.135308
vt 0.189480 0.883126
vt 0.071858 0.175968
vt 0.207745 0.148305
vt 0.207745 0.141595
vt 0.213781 0.141763
vt 0.201708 0.147631
vt 0.201708 0.141427
vt 0.115707 0.071858
vt 0.111589 0.076102
vt 0.183599 0.135307
vt 0.189635 0.129270
vt 0.165489 0.141343
vt 0.072091 0.869119
vt 0.153416 0.298292
vt 0.030973 0.125539
vt 0.021631 0.123978
vt 0.025445 0.120063
vt 0.034644 0.121465
vt 0.013080 0.122828
vt 0.017158 0.119159
vt 0.030805 0.116875
vt 0.039949 0.118173
vt 0.022294 0.115980
vt 0.042027 0.127979
vt 0.004651 0.121747
vt 0.009303 0.118494
vt 0.013954 0.115242
vt 0.050333 0.120170
vt 0.045436 0.123712
vt 0.165489 0.129270
vt 0.165489 0.147380
vt 0.078613 0.877924
vt 0.177562 0.141343
vt 0.274146 0.641847
vt 0.171526 0.147380
vt 0.171526 0.141343
vt 0.177562 0.153416
vt 0.171526 0.153416
vt 0.177562 0.147380
vt 0.165489 0.153416
vt 0.159453 0.153416
vt 0.153416 0.153416
vt 0.358657 0.141343
vt 0.087757 0.129644
vt 0.373114 0.899644
vt 0.369255 0.970401
vt 0.145070 0.965356
vt 0.183599 0.141343
vt 0.268031 0.062307
vt 0.018605 0.888011
vt 0.036348 0.889086
vt 0.617782 0.250088
vt 0.448575 0.894847
vt 0.443167 0.894875
vt 0.455497 0.925812
vt 0.539261 0.852839
vt 0.640421 0.283980
vt 0.647967 0.244719
vt 0.627965 0.421391
vt 0.099068 0.945206
vt 0.617782 0.323240
vt 0.445206 0.900932
vt 0.063459 0.895456
vt 0.056787 0.895634
vt 0.051428 0.891369
vt 0.059021 0.890794
vt 0.044521 0.888375
vt 0.052948 0.887438
vt 0.071047 0.894625
vt 0.488783 0.872410
vt 0.061991 0.886107
vt 0.067263 0.889785
vt 0.328474 0.858657
vt 0.402196 0.934819
vt 0.440979 0.890794
vt 0.424417 0.948408
vt 0.437341 0.954926
vt 0.412273 0.943193
vt 0.422599 0.940762
vt 0.400932 0.945206
vt 0.402335 0.941041
vt 0.446157 0.951982
vt 0.440762 0.922599
vt 0.434819 0.097804
vt 0.440762 0.077402
vt 0.449851 0.961377
vt 0.346333 0.960051
vt 0.338922 0.962688
vt 0.348143 0.969195
vt 0.320098 0.955584
vt 0.329177 0.955479
vt 0.300311 0.945206
vt 0.300778 0.941041
vt 0.293131 0.936541
vt 0.199268 0.934819
vt 0.220758 0.963652
vt 0.214288 0.955584
vt 0.213954 0.948572
vt 0.220401 0.955479
vt 0.207010 0.943213
vt 0.213751 0.940980
vt 0.199689 0.945206
vt 0.199222 0.941041
vt 0.226252 0.953725
vt 0.226541 0.962688
vt 0.071858 0.884293
vt 0.380628 0.067046
vt 0.091887 0.079144
vt 0.108477 0.955584
vt 0.108631 0.948572
vt 0.111625 0.955479
vt 0.104367 0.943213
vt 0.109206 0.940980
vt 0.112562 0.947052
vt 0.104544 0.936541
vt 0.105125 0.556833
vt 0.097665 0.941041
vt 0.097804 0.934819
vt 0.115334 0.953725
vt 0.114161 0.962688
vt 0.034836 0.976420
vt 0.028641 0.971359
vt 0.038902 0.966787
vt 0.018865 0.975535
vt 0.033213 0.961098
vt 0.043151 0.956849
vt 0.023580 0.965164
vt 0.578521 0.630878
vt 0.018605 0.959081
vt 0.500000 0.261411
vt 0.053843 0.951982
vt 0.050149 0.961377
vt 0.539261 0.239001
vt 0.087941 0.551436
vt 0.500000 0.082160
vt 0.500000 1.000000
vt 0.539261 0.496014
vt 0.490697 0.979541
vt 0.500000 0.843832
vt 0.539261 0.272616
vt 0.539261 0.082160
vt 0.009303 0.979540
vt 0.087941 0.948565
vt 0.073022 0.962281
vt 0.189635 0.846584
vt 0.183599 0.852620
vt 0.578521 0.467772
vt 0.261401 0.982842
vt 0.261623 0.974556
vt 0.267491 0.969195
vt 0.255801 0.978369
vt 0.261802 0.965356
vt 0.267747 0.960051
vt 0.255893 0.969027
vt 0.250000 0.979839
vt 0.250000 0.970401
vt 0.273748 0.953726
vt 0.273942 0.943923
vt 0.273459 0.962688
vt 0.273042 0.971432
vt 0.141962 0.982842
vt 0.143309 0.974556
vt 0.151857 0.969195
vt 0.135580 0.978369
vt 0.137324 0.969027
vt 0.617782 0.795694
vt 0.384020 0.977706
vt 0.127590 0.988783
vt 0.129044 0.979839
vt 0.130745 0.970401
vt 0.139902 0.957974
vt 0.161078 0.962688
vt 0.380841 0.982842
vt 0.379937 0.974556
vt 0.383125 0.969195
vt 0.376022 0.978369
vt 0.381827 0.960051
vt 0.372410 0.988783
vt 0.370956 0.979839
vt 0.085223 0.085223
vt 0.366699 0.040747
vt 0.384666 0.953726
vt 0.385839 0.962688
vt 0.386776 0.971432
vt 0.079144 0.091887
vt 0.274121 0.078613
vt 0.131580 0.055352
vt 0.067502 0.079725
vt 0.072571 0.072571
vt 0.256005 0.055352
vt 0.244038 0.042026
vt 0.141343 0.858657
vt 0.262014 0.058220
vt 0.063486 0.088511
vt 0.056807 0.087727
vt 0.051592 0.075583
vt 0.059239 0.077402
vt 0.051435 0.087941
vt 0.044503 0.074189
vt 0.045074 0.062660
vt 0.053684 0.065511
vt 0.036643 0.059881
vt 0.071077 0.090009
vt 0.047276 0.089073
vt 0.037719 0.073022
vt 0.028162 0.056971
vt 0.062796 0.068765
vt 0.079126 0.893466
vt 0.090009 0.071077
vt 0.079725 0.067502
vt 0.079126 0.106534
vt 0.071858 0.324032
vt 0.076102 0.888412
vt 0.068765 0.062796
vt 0.232077 0.050333
vt 0.231969 0.062307
vt 0.074189 0.955497
vt 0.075583 0.948408
vt 0.087727 0.943193
vt 0.062660 0.954926
vt 0.077402 0.940762
vt 0.088511 0.936514
vt 0.065511 0.946316
vt 0.647967 0.166198
vt 0.539261 0.033615
vt 0.539261 0.546246
vt 0.068765 0.937205
vt 0.079725 0.932499
vt 0.090009 0.928923
vt 0.072091 0.130881
vt 0.055352 0.131580
vt 0.058220 0.127005
vt 0.079129 0.192407
vt 0.079144 0.908113
vt 0.067046 0.880628
vt 0.069146 0.141463
vt 0.062307 0.123031
vt 0.075122 0.126366
vt 0.055352 0.143590
vt 0.058220 0.651033
vt 0.067046 0.119372
vt 0.078613 0.122076
vt 0.079129 0.792934
vt 0.079129 0.207066
vt 0.055352 0.856410
vt 0.061991 0.780029
vt 0.071858 0.780130
vt 0.062307 0.231969
vt 0.055352 0.868420
vt 0.079129 0.707066
vt 0.062307 0.768031
vt 0.045436 0.261933
vt 0.071858 0.219870
vt 0.079129 0.292934
vt 0.078613 0.329683
vt 0.058220 0.348967
vt 0.062307 0.340907
vt 0.055352 0.756005
vt 0.050333 0.767923
vt 0.055352 0.643590
vt 0.069146 0.641464
vt 0.085223 0.414777
vt 0.088166 0.398602
vt 0.141427 0.201708
vt 0.055352 0.631580
vt 0.195672 0.653416
vt 0.195672 0.647402
vt 0.085223 0.585223
vt 0.090009 0.571077
vt 0.079725 0.567502
vt 0.042026 0.872022
vt 0.054270 0.637044
vt 0.071858 0.115707
vt 0.072571 0.572571
vt 0.068765 0.562796
vt 0.088166 0.601399
vt 0.076102 0.111589
vt 0.087941 0.448565
vt 0.074189 0.455497
vt 0.075583 0.448408
vt 0.087727 0.443193
vt 0.059881 0.463357
vt 0.062660 0.454926
vt 0.077402 0.440762
vt 0.088511 0.436514
vt 0.065511 0.446316
vt 0.089073 0.452724
vt 0.073022 0.462281
vt 0.056971 0.471838
vt 0.068765 0.437204
vt 0.079725 0.432498
vt 0.068765 0.937204
vt 0.072571 0.927429
vt 0.135308 0.804328
vt 0.072571 0.427429
vt 0.042026 0.139902
vt 0.075122 0.873635
vt 0.058220 0.872995
vt 0.062307 0.876969
vt 0.147380 0.852620
vt 0.147380 0.671526
vt 0.436541 0.793131
vt 0.427504 0.800412
vt 0.120170 0.050333
vt 0.123712 0.045436
vt 0.213781 0.129271
vt 0.073022 0.537719
vt 0.059881 0.536644
vt 0.500000 0.044820
vt 0.500000 0.562356
vt 0.500000 0.546246
vt 0.500000 0.530136
vt 0.122828 0.986920
vt 0.638149 0.401761
vt 0.118494 0.990697
vt 0.292541 0.948576
vt 0.285303 0.962281
vt 0.088511 0.563486
vt 0.077402 0.559239
vt 0.075583 0.551592
vt 0.087727 0.556807
vt 0.065511 0.553684
vt 0.062660 0.545075
vt 0.074189 0.544503
vt 0.617782 0.429686
vt 0.578521 0.483639
vt 0.578521 0.478350
vt 0.633057 0.441022
vt 0.627965 0.441022
vt 0.558891 0.754276
vt 0.179902 0.955584
vt 0.088511 0.063486
vt 0.077402 0.059239
vt 0.075583 0.051592
vt 0.087727 0.056807
vt 0.065511 0.053684
vt 0.062660 0.045074
vt 0.074189 0.044503
vt 0.087941 0.051435
vt 0.059881 0.036643
vt 0.056971 0.028162
vt 0.073022 0.037719
vt 0.089073 0.047276
vt 0.119159 0.982842
vt 0.120063 0.974556
vt 0.123978 0.978369
vt 0.116875 0.969195
vt 0.121465 0.965356
vt 0.125539 0.969027
vt 0.118173 0.960051
vt 0.578521 0.457343
vt 0.115980 0.522294
vt 0.120170 0.949667
vt 0.123712 0.954564
vt 0.127979 0.957974
vt 0.127979 0.042026
vt 0.286303 0.198019
vt 0.147380 0.153416
vt 0.340547 0.153416
vt 0.135307 0.834511
vt 0.147380 0.840547
vt 0.141343 0.840547
vt 0.141343 0.834511
vt 0.141343 0.828474
vt 0.147380 0.846584
vt 0.153416 0.840547
vt 0.135307 0.189635
vt 0.141343 0.822438
vt 0.147402 0.195672
vt 0.141354 0.195672
vt 0.141343 0.189635
vt 0.147380 0.189635
vt 0.141343 0.183599
vt 0.147380 0.183599
vt 0.147631 0.201708
vt 0.153416 0.195672
vt 0.135307 0.177562
vt 0.141343 0.177562
vt 0.147380 0.177562
vt 0.153416 0.183599
vt 0.153416 0.177562
vt 0.153416 0.189635
vt 0.123031 0.937693
vt 0.334511 0.358657
vt 0.147631 0.798292
vt 0.147402 0.304328
vt 0.147402 0.695672
vt 0.147380 0.322438
vt 0.147380 0.340547
vt 0.153416 0.340547
vt 0.153416 0.328474
vt 0.153416 0.322438
vt 0.153416 0.334511
vt 0.147380 0.334511
vt 0.147380 0.653416
vt 0.578521 0.949077
vt 0.153416 0.695672
vt 0.123712 0.545436
vt 0.340547 0.653417
vt 0.122828 0.486920
vt 0.119159 0.482842
vt 0.120063 0.474556
vt 0.123978 0.478369
vt 0.115980 0.477706
vt 0.116875 0.469195
vt 0.121465 0.465356
vt 0.125539 0.469027
vt 0.118173 0.460051
vt 0.121747 0.495349
vt 0.118495 0.490697
vt 0.115242 0.486046
vt 0.120170 0.449667
vt 0.123712 0.454564
vt 0.127979 0.457974
vt 0.123031 0.562307
vt 0.120170 0.550333
vt 0.125539 0.030973
vt 0.121465 0.034644
vt 0.120063 0.025444
vt 0.123978 0.021631
vt 0.118173 0.039949
vt 0.116875 0.030805
vt 0.119159 0.017158
vt 0.122828 0.013080
vt 0.115980 0.022294
vt 0.115242 0.013954
vt 0.118495 0.009303
vt 0.121747 0.004651
vt 0.122828 0.513080
vt 0.578521 0.435329
vt 0.617782 0.440972
vt 0.617782 0.435329
vt 0.119159 0.517158
vt 0.118495 0.509303
vt 0.358038 0.982842
vt 0.359192 0.990697
vt 0.125539 0.530973
vt 0.121465 0.534644
vt 0.120063 0.525445
vt 0.123978 0.521631
vt 0.118173 0.539950
vt 0.116875 0.530805
vt 0.578521 0.424043
vt 0.578521 0.885608
vt 0.617782 0.949077
vt 0.539261 0.516497
vt 0.539261 0.502690
vt 0.617782 0.483639
vt 0.617782 0.478350
vt 0.617782 0.473061
vt 0.147380 0.665489
vt 0.135307 0.165489
vt 0.153416 0.659453
vt 0.153416 0.665489
vt 0.141343 0.159453
vt 0.147380 0.171526
vt 0.141343 0.171526
vt 0.141343 0.165489
vt 0.147380 0.165489
vt 0.147380 0.159453
vt 0.153416 0.171526
vt 0.153416 0.159453
vt 0.153416 0.165489
vt 0.147380 0.316401
vt 0.147380 0.310365
vt 0.153416 0.316401
vt 0.153416 0.310365
vt 0.153416 0.304328
vt 0.135307 0.810365
vt 0.141354 0.804328
vt 0.141343 0.816401
vt 0.141343 0.810365
vt 0.147402 0.804328
vt 0.244038 0.957974
vt 0.153416 0.804328
vt 0.274120 0.921387
vt 0.182903 0.932737
vt 0.181705 0.059021
vt 0.172277 0.052948
vt 0.292990 0.943213
vt 0.172277 0.947052
vt 0.180724 0.948572
vt 0.190347 0.943213
vt 0.170823 0.955479
vt 0.181705 0.940980
vt 0.190806 0.936541
vt 0.558891 0.516826
vt 0.617782 0.139409
vt 0.169398 0.536348
vt 0.578521 0.516497
vt 0.292255 0.156230
vt 0.195672 0.147402
vt 0.189635 0.147380
vt 0.189635 0.141343
vt 0.195672 0.141354
vt 0.183599 0.147380
vt 0.189635 0.135307
vt 0.195672 0.153416
vt 0.189635 0.153416
vt 0.183599 0.153416
vt 0.244306 0.986920
vt 0.617782 0.209114
vt 0.617782 0.462483
vt 0.539261 0.530303
vt 0.395456 0.936541
vt 0.390794 0.940980
vt 0.446316 0.065511
vt 0.180724 0.051428
vt 0.190347 0.056787
vt 0.170823 0.044521
vt 0.179902 0.044416
vt 0.190235 0.051425
vt 0.169398 0.036348
vt 0.279858 0.052948
vt 0.167889 0.028162
vt 0.179162 0.037719
vt 0.190435 0.047276
vt 0.244306 0.513080
vt 0.539261 0.909635
vt 0.179902 0.544416
vt 0.179162 0.537719
vt 0.189635 0.858657
vt 0.195672 0.858646
vt 0.183599 0.858657
vt 0.189635 0.852620
vt 0.195672 0.852598
vt 0.195672 0.846584
vt 0.238377 0.974556
vt 0.244199 0.978369
vt 0.232509 0.969195
vt 0.238198 0.965356
vt 0.244107 0.969027
vt 0.232253 0.960051
vt 0.232077 0.949667
vt 0.238067 0.954564
vt 0.238067 0.045436
vt 0.469027 0.244107
vt 0.232077 0.550333
vt 0.244306 0.486920
vt 0.238599 0.482842
vt 0.238377 0.474556
vt 0.244199 0.478369
vt 0.232852 0.477706
vt 0.232509 0.469195
vt 0.232253 0.460051
vt 0.244422 0.495349
vt 0.238843 0.490697
vt 0.233265 0.486046
vt 0.232077 0.449667
vt 0.286219 0.157105
vt 0.238843 0.509303
vt 0.232852 0.522294
vt 0.539261 0.896107
vt 0.578521 0.194855
vt 0.539261 0.765517
vt 0.539261 0.754013
vt 0.578521 0.201984
vt 0.578521 0.909635
vt 0.539261 0.710713
vt 0.578521 0.916400
vt 0.238198 0.534644
vt 0.238377 0.525445
vt 0.244199 0.521631
vt 0.232253 0.539950
vt 0.232509 0.530805
vt 0.238599 0.517158
vt 0.272314 0.981395
vt 0.244107 0.030973
vt 0.238198 0.034644
vt 0.238377 0.025445
vt 0.244199 0.021631
vt 0.232253 0.039949
vt 0.232509 0.030805
vt 0.238599 0.017158
vt 0.244306 0.013080
vt 0.232852 0.022294
vt 0.233265 0.013954
vt 0.238843 0.009303
vt 0.244422 0.004651
vt 0.436541 0.395456
vt 0.436541 0.293131
vt 0.286249 0.440979
vt 0.279858 0.447052
vt 0.183599 0.647380
vt 0.285712 0.955584
vt 0.286046 0.948572
vt 0.279242 0.963652
vt 0.279599 0.955479
vt 0.286249 0.940980
vt 0.279858 0.947052
vt 0.578521 0.094603
vt 0.578521 0.754013
vt 0.286344 0.932737
vt 0.457974 0.127979
vt 0.292507 0.801106
vt 0.286303 0.801981
vt 0.293180 0.793180
vt 0.286219 0.648837
vt 0.286219 0.641763
vt 0.292507 0.301106
vt 0.293180 0.293180
vt 0.292255 0.177562
vt 0.292278 0.188763
vt 0.286219 0.629271
vt 0.286219 0.666894
vt 0.286219 0.677562
vt 0.292255 0.648305
vt 0.292255 0.641595
vt 0.279858 0.552949
vt 0.292255 0.656230
vt 0.286219 0.657105
vt 0.292507 0.698894
vt 0.292541 0.448576
vt 0.285712 0.455584
vt 0.286046 0.448572
vt 0.292990 0.443213
vt 0.279242 0.463652
vt 0.279599 0.455479
vt 0.291797 0.452724
vt 0.285303 0.462281
vt 0.278808 0.471838
vt 0.343983 0.550333
vt 0.292507 0.198894
vt 0.292255 0.822438
vt 0.292255 0.833638
vt 0.292278 0.811237
vt 0.292255 0.843770
vt 0.286219 0.333106
vt 0.286219 0.322438
vt 0.298292 0.834511
vt 0.298292 0.810365
vt 0.298292 0.822438
vt 0.286229 0.311769
vt 0.292255 0.333638
vt 0.292255 0.322438
vt 0.292278 0.311237
vt 0.292255 0.343770
vt 0.298292 0.334511
vt 0.286219 0.342895
vt 0.298292 0.310365
vt 0.298292 0.322438
vt 0.173952 0.561991
vt 0.182903 0.567263
vt 0.443213 0.792991
vt 0.292255 0.358405
vt 0.286249 0.059021
vt 0.286047 0.051428
vt 0.279599 0.044521
vt 0.285712 0.044416
vt 0.292541 0.051425
vt 0.279242 0.036348
vt 0.278808 0.028162
vt 0.285303 0.037719
vt 0.291797 0.047276
vt 0.292990 0.556787
vt 0.617782 0.074047
vt 0.637412 0.074047
vt 0.285712 0.544416
vt 0.286249 0.559021
vt 0.286046 0.551428
vt 0.279599 0.544521
vt 0.292541 0.551425
vt 0.298292 0.556833
vt 0.578521 0.049111
vt 0.539261 0.094603
vt 0.334511 0.846584
vt 0.328474 0.852620
vt 0.617781 0.063469
vt 0.632874 0.185828
vt 0.657042 0.074047
vt 0.286229 0.688231
vt 0.286219 0.351163
vt 0.292255 0.351695
vt 0.292278 0.688763
vt 0.292255 0.677562
vt 0.292255 0.666362
vt 0.298292 0.689635
vt 0.384293 0.071858
vt 0.298292 0.665489
vt 0.298292 0.677562
vt 0.362676 0.030973
vt 0.292255 0.166362
vt 0.334511 0.147380
vt 0.298292 0.189635
vt 0.298292 0.165489
vt 0.298292 0.177562
vt 0.365784 0.986920
vt 0.356691 0.974556
vt 0.364420 0.978369
vt 0.354930 0.965356
vt 0.362675 0.969027
vt 0.349723 0.522294
vt 0.578521 0.170871
vt 0.334511 0.129270
vt 0.328474 0.141343
vt 0.354930 0.034644
vt 0.328474 0.147380
vt 0.334511 0.153416
vt 0.328474 0.153416
vt 0.539261 0.180038
vt 0.539261 0.170871
vt 0.539261 0.161703
vt 0.617782 0.368839
vt 0.388011 0.981395
vt 0.617782 0.121648
vt 0.500000 0.763283
vt 0.334511 0.852620
vt 0.340547 0.846584
vt 0.598151 0.369036
vt 0.358038 0.517158
vt 0.359192 0.509303
vt 0.539261 0.594576
vt 0.356691 0.025445
vt 0.364420 0.021631
vt 0.348143 0.030805
vt 0.358038 0.017158
vt 0.365784 0.013080
vt 0.349723 0.022294
vt 0.351288 0.013954
vt 0.359192 0.009303
vt 0.367096 0.004651
vt 0.370730 0.653416
vt 0.386107 0.061991
vt 0.391369 0.948572
vt 0.395633 0.943213
vt 0.388375 0.955479
vt 0.387438 0.947052
vt 0.539261 0.358502
vt 0.578521 0.689913
vt 0.386107 0.938009
vt 0.453725 0.884666
vt 0.189635 0.647380
vt 0.352422 0.545436
vt 0.394625 0.571047
vt 0.389785 0.567263
vt 0.394847 0.448576
vt 0.391523 0.455584
vt 0.391369 0.448572
vt 0.395633 0.443213
vt 0.389086 0.463652
vt 0.388375 0.455479
vt 0.390794 0.440979
vt 0.395456 0.436541
vt 0.387438 0.447052
vt 0.393159 0.452724
vt 0.391443 0.462281
vt 0.389727 0.471838
vt 0.386107 0.438009
vt 0.389785 0.432737
vt 0.394625 0.428953
vt 0.390794 0.059021
vt 0.436541 0.190806
vt 0.364693 0.828474
vt 0.370730 0.334511
vt 0.447052 0.672277
vt 0.370730 0.689635
vt 0.165489 0.629270
vt 0.469027 0.862676
vt 0.358657 0.834511
vt 0.358657 0.828474
vt 0.358657 0.334511
vt 0.460051 0.767747
vt 0.391443 0.537719
vt 0.389086 0.536348
vt 0.328474 0.647380
vt 0.578521 0.368839
vt 0.391523 0.544416
vt 0.578521 0.359638
vt 0.578521 0.763960
vt 0.395457 0.563459
vt 0.390794 0.559021
vt 0.391369 0.551428
vt 0.395633 0.556787
vt 0.387438 0.552949
vt 0.388375 0.544521
vt 0.386107 0.561991
vt 0.617782 0.964944
vt 0.391369 0.051428
vt 0.395633 0.056787
vt 0.387438 0.052948
vt 0.388375 0.044521
vt 0.391523 0.044416
vt 0.394847 0.051425
vt 0.389086 0.036348
vt 0.389727 0.028162
vt 0.391443 0.037719
vt 0.393159 0.047276
vt 0.334511 0.647380
vt 0.334511 0.653417
vt 0.334511 0.352620
vt 0.365784 0.486920
vt 0.358038 0.482842
vt 0.356691 0.474556
vt 0.364420 0.478369
vt 0.349723 0.477706
vt 0.348143 0.469195
vt 0.354930 0.465356
vt 0.362675 0.469027
vt 0.346333 0.460051
vt 0.367096 0.495349
vt 0.359192 0.490697
vt 0.351288 0.486046
vt 0.343983 0.449667
vt 0.352422 0.454564
vt 0.360098 0.457974
vt 0.578521 0.622993
vt 0.578521 0.615108
vt 0.657042 0.010578
vt 0.328474 0.352620
vt 0.328474 0.346584
vt 0.334511 0.346584
vt 0.539261 0.599338
vt 0.539261 0.945492
vt 0.539261 0.615108
vt 0.365784 0.513080
vt 0.598151 0.859163
vt 0.578521 0.859163
vt 0.617782 0.864452
vt 0.617782 0.859163
vt 0.617782 0.668756
vt 0.362676 0.530973
vt 0.354930 0.534644
vt 0.356691 0.525445
vt 0.364420 0.521631
vt 0.346333 0.539950
vt 0.348143 0.530805
vt 0.578521 0.585531
vt 0.189635 0.653416
vt 0.191526 0.571047
vt 0.189635 0.352620
vt 0.190235 0.448575
vt 0.179902 0.455584
vt 0.180724 0.448572
vt 0.190347 0.443213
vt 0.169398 0.463652
vt 0.170823 0.455479
vt 0.181705 0.440979
vt 0.190806 0.436541
vt 0.172277 0.447052
vt 0.190435 0.452724
vt 0.179162 0.462281
vt 0.167889 0.471838
vt 0.539261 0.931009
vt 0.500000 0.444387
vt 0.578521 0.917342
vt 0.190806 0.563459
vt 0.181705 0.559021
vt 0.180724 0.551428
vt 0.190347 0.556787
vt 0.172277 0.552949
vt 0.170823 0.544521
vt 0.500000 0.916526
vt 0.455479 0.279599
vt 0.448572 0.286046
vt 0.183599 0.346584
vt 0.189635 0.346584
vt 0.471359 0.971359
vt 0.481135 0.975535
vt 0.461098 0.966787
vt 0.466787 0.961098
vt 0.476420 0.965164
vt 0.456849 0.956849
vt 0.539261 0.455592
vt 0.451982 0.946157
vt 0.461377 0.949851
vt 0.470731 0.953651
vt 0.448565 0.087941
vt 0.443193 0.087727
vt 0.448408 0.075583
vt 0.455497 0.074189
vt 0.454926 0.062660
vt 0.463357 0.059881
vt 0.443167 0.105125
vt 0.445206 0.099068
vt 0.452724 0.089073
vt 0.441041 0.097665
vt 0.451982 0.053843
vt 0.461377 0.050149
vt 0.470731 0.046349
vt 0.471838 0.056971
vt 0.481395 0.040919
vt 0.462281 0.073022
vt 0.486920 0.122828
vt 0.478369 0.123978
vt 0.474556 0.120063
vt 0.482842 0.119159
vt 0.469027 0.125539
vt 0.465356 0.121465
vt 0.469195 0.116875
vt 0.477706 0.115980
vt 0.460051 0.118173
vt 0.500000 0.125000
vt 0.488783 0.127590
vt 0.495349 0.121747
vt 0.479839 0.129044
vt 0.470401 0.130745
vt 0.453725 0.115334
vt 0.462688 0.114161
vt 0.471432 0.113224
vt 0.486046 0.115242
vt 0.481395 0.111989
vt 0.490697 0.118495
vt 0.443213 0.895634
vt 0.448572 0.891369
vt 0.455479 0.888375
vt 0.441041 0.902335
vt 0.470401 0.250000
vt 0.465356 0.238198
vt 0.462688 0.885840
vt 0.617782 0.283980
vt 0.486920 0.244306
vt 0.478369 0.244199
vt 0.474556 0.238377
vt 0.482842 0.238599
vt 0.469195 0.232509
vt 0.477706 0.232852
vt 0.500000 0.250000
vt 0.488783 0.250000
vt 0.495349 0.244422
vt 0.479839 0.250000
vt 0.453725 0.226252
vt 0.462688 0.226541
vt 0.471432 0.226958
vt 0.486046 0.233265
vt 0.481395 0.227686
vt 0.490697 0.238843
vt 0.443213 0.292990
vt 0.445206 0.800311
vt 0.441041 0.800779
vt 0.453725 0.773748
vt 0.462688 0.773459
vt 0.539261 0.933460
vt 0.478369 0.744199
vt 0.474556 0.738377
vt 0.469195 0.732509
vt 0.460051 0.732253
vt 0.479839 0.750000
vt 0.470401 0.630745
vt 0.453725 0.726252
vt 0.462688 0.726541
vt 0.448576 0.292541
vt 0.455584 0.285712
vt 0.463652 0.279242
vt 0.443167 0.298292
vt 0.445206 0.300311
vt 0.452724 0.291797
vt 0.441041 0.300778
vt 0.443213 0.309653
vt 0.453725 0.273748
vt 0.462688 0.273459
vt 0.471432 0.273042
vt 0.471838 0.278808
vt 0.481395 0.272314
vt 0.462281 0.285303
vt 0.486920 0.622828
vt 0.478369 0.623978
vt 0.474556 0.620063
vt 0.469195 0.616875
vt 0.460051 0.618173
vt 0.488783 0.627590
vt 0.479839 0.629044
vt 0.440979 0.390794
vt 0.440762 0.577402
vt 0.453725 0.615334
vt 0.462688 0.614161
vt 0.448575 0.394847
vt 0.443213 0.395634
vt 0.448572 0.391369
vt 0.455584 0.391523
vt 0.455479 0.388375
vt 0.463652 0.389086
vt 0.447052 0.387438
vt 0.443167 0.394875
vt 0.445206 0.400932
vt 0.452724 0.393159
vt 0.441041 0.402335
vt 0.434819 0.597804
vt 0.453725 0.384666
vt 0.462688 0.385839
vt 0.471432 0.386776
vt 0.471838 0.389727
vt 0.481395 0.388011
vt 0.462281 0.391443
vt 0.471359 0.471359
vt 0.481135 0.475535
vt 0.465164 0.476420
vt 0.461098 0.466787
vt 0.466787 0.461098
vt 0.476420 0.465164
vt 0.456849 0.456849
vt 0.481135 0.524465
vt 0.485517 0.514483
vt 0.469311 0.486046
vt 0.451982 0.446157
vt 0.461377 0.449851
vt 0.470731 0.453651
vt 0.486046 0.469311
vt 0.481395 0.459081
vt 0.490697 0.479540
vt 0.443193 0.587727
vt 0.448408 0.575583
vt 0.454926 0.562660
vt 0.441041 0.597665
vt 0.465356 0.761803
vt 0.461377 0.550149
vt 0.476420 0.034836
vt 0.466787 0.038902
vt 0.471359 0.028641
vt 0.456849 0.043152
vt 0.461098 0.033213
vt 0.465164 0.023580
vt 0.486046 0.030689
vt 0.469311 0.013954
vt 0.539261 0.660917
vt 0.466787 0.538902
vt 0.471359 0.528641
vt 0.456849 0.543152
vt 0.461098 0.533213
vt 0.500000 0.205386
vt 0.617782 0.116359
vt 0.539261 0.626796
vt 0.500000 0.861844
vt 0.469195 0.767492
vt 0.474556 0.761623
vt 0.478369 0.755801
vt 0.465356 0.261802
vt 0.477706 0.267149
vt 0.469195 0.267491
vt 0.474556 0.261623
vt 0.482842 0.261401
vt 0.460051 0.267747
vt 0.478369 0.255801
vt 0.486920 0.255694
vt 0.486046 0.266735
vt 0.470401 0.369255
vt 0.495349 0.255578
vt 0.490697 0.261157
vt 0.477706 0.384020
vt 0.469195 0.383125
vt 0.474556 0.379937
vt 0.482842 0.380841
vt 0.460051 0.381827
vt 0.478369 0.376022
vt 0.486920 0.377172
vt 0.486046 0.384758
vt 0.465356 0.645070
vt 0.479839 0.370956
vt 0.488783 0.372410
vt 0.495349 0.378253
vt 0.500000 0.375000
vt 0.490697 0.381506
vt 0.469195 0.651858
vt 0.474556 0.643309
vt 0.478369 0.635580
vt 0.462688 0.661078
vt 0.453725 0.162831
vt 0.500000 0.496014
vt 0.469195 0.883125
vt 0.474556 0.879937
vt 0.460051 0.881827
vt 0.465356 0.878535
vt 0.478369 0.876022
vt 0.469027 0.874461
vt 0.470401 0.869255
vt 0.479839 0.870956
vt 0.617782 0.362500
vt 0.477706 0.150277
vt 0.469195 0.151858
vt 0.474556 0.143309
vt 0.482842 0.141962
vt 0.478369 0.135580
vt 0.486920 0.134216
vt 0.481395 0.156616
vt 0.471432 0.159308
vt 0.486046 0.148712
vt 0.462688 0.161078
vt 0.495349 0.132904
vt 0.490697 0.140808
vt 0.463357 0.440119
vt 0.454926 0.437341
vt 0.448408 0.424418
vt 0.455497 0.425811
vt 0.443193 0.412273
vt 0.448565 0.412059
vt 0.471838 0.443030
vt 0.440980 0.609207
vt 0.452724 0.410927
vt 0.462281 0.426978
vt 0.455479 0.611625
vt 0.448572 0.608631
vt 0.447052 0.612562
vt 0.443213 0.604367
vt 0.455479 0.329177
vt 0.453725 0.337169
vt 0.463652 0.330602
vt 0.455584 0.320098
vt 0.455479 0.220401
vt 0.448576 0.309765
vt 0.443213 0.809653
vt 0.448572 0.819276
vt 0.481395 0.343384
vt 0.471432 0.340692
vt 0.471838 0.332111
vt 0.462688 0.338922
vt 0.452724 0.309565
vt 0.462281 0.320838
vt 0.463652 0.220758
vt 0.455584 0.214288
vt 0.448576 0.207459
vt 0.471838 0.221192
vt 0.453725 0.837169
vt 0.445206 0.199689
vt 0.452724 0.208203
vt 0.443167 0.201708
vt 0.462281 0.214697
vt 0.455479 0.829177
vt 0.443213 0.190347
vt 0.462688 0.838922
vt 0.657042 0.100492
vt 0.454926 0.937341
vt 0.448408 0.924418
vt 0.443193 0.912273
vt 0.440980 0.109206
vt 0.463652 0.110914
vt 0.455479 0.111625
vt 0.448572 0.108631
vt 0.455584 0.108477
vt 0.443213 0.104367
vt 0.448576 0.105153
vt 0.471838 0.110273
vt 0.452724 0.106841
vt 0.462281 0.108557
vt 0.478369 0.864420
vt 0.474556 0.856691
vt 0.465356 0.854930
vt 0.469195 0.848143
vt 0.460051 0.846333
vt 0.598151 0.922631
vt 0.539261 0.425802
vt 0.448576 0.190235
vt 0.455584 0.179902
vt 0.463652 0.169398
vt 0.452724 0.190435
vt 0.471838 0.167889
vt 0.462281 0.179162
vt 0.657042 0.121648
vt 0.500000 0.358502
vt 0.657042 0.126938
vt 0.578521 0.411996
vt 0.578521 0.139409
vt 0.448572 0.680724
vt 0.455479 0.670823
vt 0.346584 0.677562
vt 0.578521 0.922632
vt 0.352620 0.189635
vt 0.352620 0.840547
vt 0.346584 0.840547
vt 0.358657 0.183599
vt 0.352620 0.183599
vt 0.346584 0.189635
vt 0.346584 0.183599
vt 0.486920 0.365784
vt 0.478369 0.364420
vt 0.474556 0.356691
vt 0.482842 0.358038
vt 0.465356 0.354930
vt 0.469195 0.348143
vt 0.477706 0.349723
vt 0.460051 0.346333
vt 0.495349 0.367096
vt 0.486046 0.351288
vt 0.490697 0.359192
vt 0.578521 0.247138
vt 0.617782 0.917342
vt 0.539261 0.256306
vt 0.500000 0.478002
vt 0.358657 0.689635
vt 0.358657 0.683599
vt 0.352620 0.334511
vt 0.352620 0.328474
vt 0.346584 0.334511
vt 0.346584 0.328474
vt 0.352598 0.695672
vt 0.346584 0.695672
vt 0.578521 0.774538
vt 0.578521 0.562975
vt 0.657042 0.089914
s 1
usemtl Material.001
f 1829/1/1 1830/2/2 1833/3/3 1832/4/4
f 1830/2/2 1831/5/5 1834/6/6 1833/3/3
f 1832/4/4 1833/3/3 1836/7/7 1835/8/8
f 1833/3/3 1834/6/6 1837/9/9 1836/7/7
f 312/10/10 1325/11/11 1829/1/1 1411/12/12
f 1325/11/11 1324/13/13 1830/2/2 1829/1/1
f 1324/13/13 1323/14/14 1831/5/5 1830/2/2
f 1323/14/14 261/15/15 527/16/16 1831/5/5
f 1831/5/5 527/16/16 528/17/17 1834/6/6
f 534/18/18 3655/19/19 5/20/20
f 3641/21/21 3642/22/22 530/23/23
f 1835/8/8 1836/7/7 1234/24/24 1235/25/25
f 1413/26/26 1835/8/8 1235/25/25 280/27/27
f 1412/28/28 1832/4/4 1835/8/8 1413/26/26
f 1411/12/12 1829/1/1 1832/4/4 1412/28/28
f 3016/29/29 1410/30/30 3017/31/31
f 1237/32/32 6/33/33 1849/34/34
f 1860/35/35 1859/36/36 544/37/37
f 1846/38/38 1237/39/32 282/40/39
f 528/41/17 2852/42/40 2851/43/41
f 2851/43/41 8/44/42 1839/45/43 4/46/44
f 3655/19/19 1717/47/45 1/48/46
f 3530/49/47 531/50/48 3531/51/49
f 1850/52/50 1406/53/51 1849/34/34
f 1410/30/30 1839/45/43 1236/54/52 281/55/53
f 3015/56/54 3017/31/31 795/57/55
f 1488/58/56 1487/59/57 2246/60/58
f 3016/29/29 280/61/27 1838/62/59 1410/30/30
f 1840/63/60 1841/64/61 1844/65/62 1843/66/63
f 1841/64/61 1842/67/64 1845/68/65 1844/65/62
f 1843/66/63 1844/65/62 1847/69/66 1846/38/38
f 1844/65/62 1845/68/65 1848/70/67 1847/69/66
f 298/71/68 1285/72/69 1840/63/60 1407/73/70
f 1285/72/69 1284/74/71 1841/64/61 1840/63/60
f 1284/74/71 1283/75/72 1842/67/64 1841/64/61
f 1009/76/73 1854/77/74 533/78/75 164/79/76
f 3322/80/77 388/81/78 863/82/79
f 3646/83/80 946/84/81 169/85/82
f 282/40/39 1237/39/32 1849/34/34 1406/53/51
f 1408/86/83 1843/66/63 1846/38/38 1409/87/84
f 1407/73/70 1840/63/60 1843/66/63 1408/86/83
f 944/88/85 2500/89/86 2/90/87
f 2582/91/88 1038/92/89 2581/93/90
f 1237/32/32 1848/70/67 6/94/33
f 1233/95/91 3005/96/92 279/97/93
f 1854/77/74 2/98/87 1849/34/34 6/98/33
f 1851/99/94 1010/100/95 1852/101/96
f 1838/62/59 1839/45/43 1410/30/30
f 1850/52/50 279/97/93 3005/96/92 1406/53/51
f 280/61/27 1235/102/25 1838/62/59
f 2/98/87 2500/89/86 526/103/97
f 524/104/98 1851/99/94 1852/101/96
f 533/78/75 1842/67/64 164/79/76
f 3654/105/99 475/106/100 534/107/18
f 163/108/101 2544/109/102 1010/100/95 1851/99/94
f 182/110/103 1033/111/104 3720/112/105
f 1010/100/95 2544/109/102 2543/113/106
f 169/85/82 946/84/81 1852/101/96 1010/100/95
f 168/114/107 945/115/108 1853/116/109
f 1853/116/109 1854/77/74 1009/76/73
f 6/98/33 533/117/75 1854/77/74
f 1095/118/110 1094/119/111 1857/120/112
f 2647/121/113 1083/122/114 2646/123/115
f 3655/19/19 1/20/46 1852/101/96 5/20/20
f 2499/124/116 526/125/97 2500/89/86
f 542/126/117 1863/127/118 222/128/119
f 1848/70/67 533/117/75 6/98/33
f 1854/77/74 1853/116/109 944/129/85
f 1853/116/109 1009/76/73 2541/130/120 168/114/107
f 556/131/121 555/132/122 2582/91/88
f 1855/133/123 1856/134/124 1114/135/125
f 1121/136/126 2733/137/127 20/138/128
f 541/139/129 3585/140/130 3588/141/131
f 3588/141/131 1080/142/132 206/143/133
f 1718/144/134 3656/145/135 490/146/136
f 3653/147/137 3654/105/99 534/107/18
f 1857/120/112 543/148/138 1856/134/124
f 1860/35/35 536/149/139 1858/150/140 1859/36/36
f 542/126/117 222/128/119 1114/135/125 1856/134/124
f 1137/151/141 2791/152/142 84/153/143
f 1855/133/123 1114/135/125 2721/154/144 225/155/145
f 1857/120/112 1856/134/124 1855/133/123 1095/118/110
f 1857/120/112 10/156/146 2645/157/147 543/148/138
f 1914/158/148 572/159/149 1912/160/150 1913/161/151
f 1859/36/36 1858/150/140 1113/162/152
f 12/163/153 542/164/117 1856/134/124 543/165/138
f 537/166/154 1860/35/35 9/167/155
f 535/168/156 1858/150/140 536/149/139
f 537/166/154 536/149/139 1860/35/35
f 221/169/157 2718/170/158 1113/162/152 1858/150/140
f 2721/154/144 719/171/159 225/155/145
f 1896/172/160 199/173/161 554/174/162
f 226/175/163 1097/176/164 1859/36/36 1113/162/152
f 1915/177/165 1916/178/166 1161/179/167
f 1859/36/36 1097/180/164 11/181/168 544/37/37
f 1888/182/169 1047/183/170 1046/184/171
f 544/185/37 2648/186/172 9/167/155 1860/35/35
f 3684/187/173 1809/188/174 515/189/175
f 1861/190/176 1862/191/177 1865/192/178 1864/193/179
f 1862/191/177 1863/127/118 1866/194/180 1865/192/178
f 1864/193/179 1865/192/178 1868/195/181 1867/196/182
f 1865/192/178 1866/194/180 1869/197/183 1868/195/181
f 306/198/184 1307/199/185 1861/190/176 1403/200/186
f 1307/199/185 1306/201/187 1862/191/177 1861/190/176
f 1306/201/187 1305/202/188 1863/127/118 1862/191/177
f 1866/194/180 542/126/117 1869/197/183
f 3657/203/189 1097/176/164 226/175/163
f 10/156/146 540/204/190 2645/157/147
f 1058/205/191 1888/182/169 1889/206/192
f 1868/195/181 1869/197/183 1238/207/193 1239/208/194
f 1867/196/182 1868/195/181 1239/208/194 1240/209/195
f 1405/210/196 1867/196/182 1240/209/195 283/211/197
f 1404/212/198 1864/193/179 1867/196/182 1405/210/196
f 1403/200/186 1861/190/176 1864/193/179 1404/212/198
f 1870/213/199 1871/214/200 1874/215/201 1873/216/202
f 1871/214/200 1872/217/203 1875/218/204 1874/215/201
f 1873/216/202 1874/215/201 1877/219/205 1876/220/206
f 1874/215/201 1875/218/204 1878/221/207 1877/219/205
f 1870/213/199 304/222/208 2677/223/209 1301/224/210
f 1301/224/210 1300/225/211 1872/217/203 1871/214/200
f 1300/225/211 205/226/212 538/227/213 1872/217/203
f 1872/217/203 538/227/213 539/228/214 1875/218/204
f 1875/218/204 539/228/214 540/229/190 1878/221/207
f 1878/221/207 540/229/190 10/230/146 1241/231/215
f 1877/219/205 1878/221/207 1241/231/215 1242/232/216
f 1876/220/206 1877/219/205 1242/232/216 1243/233/217
f 1879/234/218 1880/235/219 1883/236/220 1882/237/221
f 1880/235/219 1881/238/222 1884/239/223 1883/236/220
f 1882/237/221 1883/236/220 1886/240/224 1885/241/225
f 1883/236/220 1884/239/223 1887/242/226 1886/240/224
f 300/243/227 1291/244/228 1879/234/218 1399/245/229
f 1291/244/228 1290/246/230 1880/235/219 1879/234/218
f 1290/246/230 1289/247/231 1881/238/222 1880/235/219
f 1289/247/231 181/248/232 555/249/122 1881/238/222
f 1881/238/222 555/249/122 556/250/121 1884/239/223
f 1884/239/223 556/250/121 557/251/233 1887/242/226
f 1887/242/226 557/251/233 15/252/234 1244/253/235
f 1886/240/224 1887/242/226 1244/253/235 1245/254/236
f 1885/241/225 1886/240/224 1245/254/236 1246/255/237
f 1401/256/238 1885/241/225 1246/255/237 285/257/239
f 1400/258/240 1882/237/221 1885/241/225 1401/256/238
f 1399/245/229 1879/234/218 1882/237/221 1400/258/240
f 14/259/241 1902/260/242 554/261/162
f 530/262/23 3645/263/243 3/94/244
f 1890/264/245 562/265/246 1889/206/192
f 1046/184/171 1890/264/245 1889/206/192 1888/182/169
f 1899/266/247 554/174/162 1902/260/242
f 206/143/133 1080/142/132 3729/267/248
f 1058/205/191 2629/268/249 201/269/250 1888/182/169
f 2656/270/251 2653/271/252 1070/272/253
f 1286/273/254 2576/274/255 187/275/256
f 2580/276/257 562/265/246 1890/264/245 15/277/234
f 1891/278/258 1828/279/259 1892/280/260
f 14/259/241 554/261/162 1889/206/192 562/281/246
f 1058/205/191 1889/206/192 554/174/162 199/173/161
f 563/265/261 1893/282/262 1892/280/260
f 2850/283/263 1171/284/264 2849/285/265
f 552/286/266 1891/278/258 1892/280/260 1893/282/262
f 1891/278/258 513/287/267 3864/288/268 1828/279/259
f 3693/289/269 1141/290/270 249/291/271
f 515/189/175 1809/188/174 1892/280/260 1828/279/259
f 516/292/272 1812/293/273 2415/294/274
f 1913/161/151 1912/160/150 1162/295/275
f 16/296/276 563/265/261 1892/280/260 1809/297/174
f 1893/282/262 563/298/261 2577/299/277 13/300/278
f 3785/301/279 1794/302/280 503/303/281
f 1894/304/282 1895/305/283 1898/306/284 1897/307/285
f 1895/305/283 1896/172/160 1899/266/247 1898/306/284
f 1897/307/285 1898/306/284 1901/308/286 1900/309/287
f 1898/306/284 1899/266/247 1902/260/242 1901/308/286
f 302/310/288 1297/311/289 1894/304/282 1396/312/290
f 1297/311/289 1296/313/291 1895/305/283 1894/304/282
f 1296/313/291 1295/314/292 1896/172/160 1895/305/283
f 3605/315/293 1033/111/104 182/110/103
f 558/316/294 3602/317/295 3605/315/293
f 1901/308/286 1902/260/242 1247/318/296 1248/319/297
f 1900/309/287 1901/308/286 1248/319/297 1249/320/298
f 1398/321/299 1900/309/287 1249/320/298 286/322/300
f 1397/323/301 1897/307/285 1900/309/287 1398/321/299
f 1396/312/290 1894/304/282 1897/307/285 1397/323/301
f 1903/324/302 1904/325/303 1907/326/304 1906/327/305
f 1904/325/303 1905/328/306 1908/329/307 1907/326/304
f 1906/327/305 1907/326/304 1910/330/308 1909/331/309
f 1907/326/304 1908/329/307 1911/332/310 1910/330/308
f 310/333/311 1319/334/312 1903/324/302 1393/335/313
f 1319/334/312 1318/336/314 1904/325/303 1903/324/302
f 1318/336/314 1317/337/315 1905/328/306 1904/325/303
f 574/338/316 244/339/317 1161/179/167 1916/178/166
f 1250/340/318 1911/332/310 20/341/128
f 20/341/128 574/342/316 1916/178/166 579/343/319
f 573/344/320 1914/158/148 19/345/321
f 1910/330/308 1911/332/310 1250/340/318 1251/346/322
f 1909/331/309 1910/330/308 1251/346/322 1252/347/323
f 1395/348/324 1909/331/309 1252/347/323 287/349/325
f 1394/350/326 1906/327/305 1909/331/309 1395/348/324
f 1393/335/313 1903/324/302 1906/327/305 1394/350/326
f 571/351/327 1912/160/150 572/159/149
f 573/344/320 572/159/149 1914/158/148
f 243/352/328 2788/353/329 1162/295/275 1912/160/150
f 1168/354/330 3767/355/331 82/356/332
f 574/338/316 1905/328/306 244/339/317
f 249/291/271 1141/290/270 1913/161/151 1162/357/275
f 1162/357/275 2788/353/329 2787/358/333
f 1913/161/151 1141/359/270 18/360/334 578/361/335
f 1915/177/165 1140/362/336 1139/363/337
f 578/364/335 3804/365/338 19/345/321 1914/158/148
f 17/366/339 569/367/340 2728/368/341
f 1917/369/342 579/370/319 1916/178/166
f 1139/363/337 1138/371/343 1917/369/342
f 1570/372/344 1941/373/345 1943/374/346
f 1931/375/347 585/376/348 584/377/349
f 1161/179/167 2785/378/350 248/379/351 1915/177/165
f 1171/380/264 3638/381/352 3641/21/21
f 2728/368/341 579/370/319 1917/369/342 17/366/339
f 1930/382/353 1574/383/354 1929/384/355
f 3693/289/269 3696/385/356 1141/359/270
f 1783/386/357 3804/365/338 1784/387/358
f 3195/388/359 589/389/360 3196/390/361
f 1918/391/362 1919/392/363 1922/393/364 1921/394/365
f 1919/392/363 1920/395/366 1923/396/367 1922/393/364
f 1921/394/365 1922/393/364 1925/397/368 1924/398/369
f 1922/393/364 1923/396/367 1926/399/370 1925/397/368
f 308/400/371 1313/401/372 1918/391/362 1390/402/373
f 1313/401/372 1312/403/374 1919/392/363 1918/391/362
f 1312/403/374 1311/404/375 1920/395/366 1919/392/363
f 1311/404/375 237/405/376 567/406/377 1920/395/366
f 1920/395/366 567/406/377 568/407/378 1923/396/367
f 1923/396/367 568/407/378 569/408/340 1926/399/370
f 1926/399/370 569/408/340 17/409/339 1253/410/379
f 1925/397/368 1926/399/370 1253/410/379 1254/411/380
f 1924/398/369 1925/397/368 1254/411/380 1255/412/381
f 1392/413/382 1924/398/369 1255/412/381 288/414/383
f 1391/415/384 1921/394/365 1924/398/369 1392/413/382
f 1390/402/373 1918/391/362 1921/394/365 1391/415/384
f 1626/416/385 2879/417/386 270/418/387
f 3146/419/388 328/420/388 87/421/388
f 868/422/389 3341/423/390 3340/424/391
f 392/425/392 398/426/393 75/427/394 30/428/394
f 2642/429/388 131/430/388 217/431/395
f 391/432/396 3340/424/391 410/433/397
f 1734/434/398 3540/435/399 489/436/400
f 390/437/401 3339/438/402 1576/439/403
f 428/440/394 2017/441/394 45/442/394
f 1576/439/403 3334/443/404 396/444/405
f 391/432/396 410/433/397 245/445/388 29/446/388
f 397/447/406 3288/448/407 391/432/396
f 339/449/408 3060/450/409 327/451/410
f 519/452/411 2071/453/412 1642/454/413
f 258/455/414 2331/456/415 419/457/416
f 3340/424/391 3341/423/390 901/458/417
f 159/459/394 2338/460/394 235/461/394
f 108/462/394 2827/463/394 329/464/394
f 390/437/401 1927/465/388 28/466/388 2583/467/388
f 215/468/418 2227/469/419 378/470/420
f 2085/471/394 1566/472/421 389/473/422
f 27/474/394 2085/471/394 389/473/422 1928/475/394
f 1576/439/403 1927/465/388 390/437/401
f 150/476/394 2351/477/394 198/478/394
f 377/479/423 26/480/394 406/481/424 66/482/394
f 2279/483/388 144/484/388 418/485/388
f 1440/486/425 3052/487/426 326/488/427
f 44/489/388 2661/490/388 427/491/388
f 379/492/428 25/493/388 408/494/429 76/495/388
f 236/496/388 448/497/430 427/491/388 148/498/388
f 2700/499/431 224/500/432 448/497/430
f 1931/375/347 1929/384/355 591/501/433
f 388/502/78 1548/503/434 1929/384/355 1574/383/354
f 386/504/435 1546/505/436 1941/373/345
f 3656/145/135 3655/19/19 1759/506/437
f 585/376/348 1931/375/347 21/507/438
f 24/508/439 591/501/433 1929/384/355 1548/509/434
f 3221/510/440 21/507/438 1931/375/347 591/511/433
f 1546/505/436 1545/512/441 1941/373/345
f 1981/513/442 1983/514/443 1484/515/444
f 385/516/445 3325/517/446 1574/383/354 1930/382/353
f 1930/382/353 583/518/447 385/516/445
f 1932/519/448 1933/520/449 1936/521/450 1935/522/451
f 1933/520/449 1934/523/452 1937/524/453 1936/521/450
f 1935/522/451 1936/521/450 1939/525/454 1938/526/455
f 1936/521/450 1937/524/453 1940/527/456 1939/525/454
f 1934/523/452 592/528/457 593/529/458 1937/524/453
f 1937/524/453 593/529/458 594/530/459 1940/527/456
f 1573/531/460 1938/526/455 388/502/78
f 1547/532/461 2853/533/462 387/534/463
f 859/535/464 386/504/435 3312/536/465
f 1572/537/466 1935/522/451 1938/526/455 1573/531/460
f 1571/538/467 1932/519/448 1935/522/451 1572/537/466
f 1942/539/468 1943/374/346 1941/373/345 1545/512/441
f 3222/540/469 3220/541/470 1529/542/471
f 2855/543/472 1547/544/461 23/545/473
f 464/546/474 1978/547/475 1686/548/476
f 3233/549/477 1533/550/478 3234/551/479
f 3232/552/480 595/553/481 1942/539/468 22/554/482
f 1547/544/461 1943/374/346 595/370/481 23/545/473
f 314/555/483 1434/556/484 3029/557/485
f 1969/558/486 1970/559/487 1707/560/488
f 1943/374/346 1547/532/461 387/534/463 1570/372/344
f 1931/375/347 584/377/349 1930/382/353 1929/384/355
f 2308/561/489 2307/562/490 892/563/491
f 3312/536/465 386/504/435 1941/373/345 1570/372/344
f 1944/564/492 1945/565/493 1948/566/494 1947/567/495
f 1945/565/493 1946/568/496 1949/569/497 1948/566/494
f 1947/567/495 1948/566/494 1951/570/498 1950/571/499
f 1948/566/494 1949/569/497 1952/572/500 1951/570/498
f 412/573/501 1556/574/502 1944/564/492 1567/575/503
f 1556/574/502 1555/576/504 1945/565/493 1944/564/492
f 1555/576/504 1554/577/505 1946/568/496 1945/565/493
f 1554/577/505 263/578/506 596/579/507 1946/568/496
f 1946/568/496 596/579/507 597/580/508 1949/569/497
f 1949/569/497 597/580/508 598/581/509 1952/572/500
f 1952/572/500 598/581/509 22/582/482 1544/583/510
f 1951/570/498 1952/572/500 1544/583/510 1545/584/441
f 1950/571/499 1951/570/498 1545/584/441 1546/585/436
f 1569/586/511 1950/571/499 1546/585/436 386/587/435
f 1568/588/512 1947/567/495 1950/571/499 1569/586/511
f 1567/575/503 1944/564/492 1947/567/495 1568/588/512
f 1764/589/513 2351/477/394 478/590/514
f 1957/591/515 1955/592/516 1958/593/517
f 1954/594/518 1955/592/516 1957/591/515 1956/595/519
f 613/596/520 321/597/521 3040/598/522
f 216/599/523 2671/600/524 1086/601/525
f 1955/592/516 1470/602/526 246/603/527 618/604/528
f 1664/605/529 2463/606/388 1663/607/530
f 1958/593/517 619/608/531 39/609/532 1464/610/533
f 1957/591/515 1958/593/517 1464/610/533 1465/611/534
f 2385/612/535 1480/613/536 349/614/537 1465/615/534
f 3196/390/361 589/616/360 358/617/538
f 1485/618/539 1954/594/518 1956/595/519 1486/619/540
f 3187/620/541 354/621/542 1953/622/543 1485/618/539
f 467/623/388 1698/624/388 3493/625/388
f 1960/626/544 1962/627/545 1959/628/546 1695/629/547
f 1961/630/548 1962/627/545 1965/631/549 1964/632/550
f 1962/627/545 1963/633/551 1966/634/552 1965/631/549
f 3061/635/553 337/636/554 207/637/555
f 2593/638/394 57/639/394 184/640/556
f 189/641/557 1023/642/558 3071/643/559
f 1963/633/551 622/644/560 623/645/561 1966/634/552
f 1966/634/552 623/645/561 37/646/562 1687/647/563
f 1965/631/549 1966/634/552 1687/647/563 1688/648/564
f 1964/632/550 1965/631/549 1688/648/564 1689/649/565
f 1709/650/566 1964/632/550 1689/649/565 465/651/567
f 1708/652/568 1961/630/548 1964/632/550 1709/650/566
f 3796/653/394 1789/654/569 510/655/411
f 497/656/570 3581/657/571 1740/658/572
f 377/479/423 113/659/394 380/660/573 26/480/394
f 2663/661/574 446/662/575 436/663/576
f 88/664/394 2148/665/394 251/666/577
f 3133/667/578 723/668/579 227/669/580
f 36/670/394 2699/671/394 113/659/394 1967/672/394
f 3580/673/581 3578/674/582 3581/657/571
f 2265/675/583 2266/676/584 1513/677/585
f 1111/678/586 2706/679/587 223/680/588
f 212/681/589 2661/490/388 44/489/388 2642/429/388
f 2042/682/394 1549/683/590 170/684/591
f 2660/685/388 112/686/388 1968/687/388 35/688/388
f 963/689/388 119/690/388 3493/625/388
f 379/492/428 112/686/388 378/470/420 25/493/388
f 1686/691/476 1980/692/592 34/693/593
f 33/694/594 2864/695/595 1463/696/596
f 599/697/597 1970/559/487 600/698/598
f 1707/560/488 464/546/474 1686/548/476 1969/558/486
f 1650/699/599 2002/700/600 2004/701/601
f 1969/558/486 1686/691/476 34/702/593 624/703/602
f 601/704/603 1971/705/604 31/706/605
f 1971/705/604 624/707/602 3106/708/606 31/706/605
f 1460/709/607 32/360/608 1982/710/609
f 1971/705/604 600/698/598 1970/559/487 1969/558/486
f 1602/711/610 1601/712/611 2003/713/612
f 463/714/613 3524/715/614 1707/560/488 1970/559/487
f 2801/716/615 1713/717/616 146/718/617
f 1463/719/596 2862/720/618 348/721/619
f 1972/722/620 1973/723/621 1976/724/622 1975/725/623
f 1973/723/621 1974/726/624 1977/727/625 1976/724/622
f 1975/725/623 1976/724/622 1979/728/626 1978/547/475
f 1976/724/622 1977/727/625 1980/692/592 1979/728/626
f 1698/624/388 2537/729/388 1693/730/627 470/731/628
f 1704/732/629 470/731/628 1972/722/620
f 1974/726/624 625/733/630 626/734/631 1977/727/625
f 1977/727/625 626/734/631 627/735/632 1980/692/592
f 1978/547/475 1979/728/626 1686/691/476
f 1706/736/633 1978/547/475 464/546/474
f 1696/737/634 466/738/635 2584/739/636
f 1691/740/637 2585/741/638 2584/739/636
f 1705/742/639 1975/725/623 1978/547/475 1706/736/633
f 1704/732/629 1972/722/620 1975/725/623 1705/742/639
f 1981/513/442 1461/743/640 1982/710/609 1983/514/443
f 1982/710/609 628/364/641 1983/514/443
f 3389/744/642 146/745/617 908/746/643
f 2011/747/644 1605/748/645 426/749/646
f 640/750/647 3465/751/648 3464/752/649
f 3093/753/650 628/364/641 1982/710/609 32/754/608
f 1983/514/443 628/755/641 33/694/594 1463/696/596
f 414/756/651 1588/757/652 3348/758/653
f 1475/759/654 348/760/619 2862/720/618
f 1484/515/444 1983/514/443 1463/719/596 348/721/619
f 1956/595/519 1957/591/515 1465/611/534
f 2246/60/58 842/761/655 2247/762/656
f 3183/763/657 347/764/658 1981/513/442 1484/515/444
f 1984/765/659 1985/766/660 1988/767/661 1987/768/662
f 1985/766/660 1986/769/663 1989/770/664 1988/767/661
f 1987/768/662 1988/767/661 1991/771/665 1990/772/666
f 1988/767/661 1989/770/664 1992/773/667 1991/771/665
f 714/774/668 3131/775/669 325/776/670
f 1474/777/671 1473/778/672 1986/769/663 1985/766/660
f 1473/778/672 264/779/673 629/780/674 1986/769/663
f 1986/769/663 629/780/674 630/781/675 1989/770/664
f 1989/770/664 630/781/675 631/782/676 1992/773/667
f 1992/773/667 631/782/676 32/783/608 1460/784/607
f 1991/771/665 1992/773/667 1460/784/607 1461/785/640
f 1990/772/666 1991/771/665 1461/785/640 1462/786/677
f 1483/787/678 1990/772/666 1462/786/677 347/788/658
f 1482/789/679 1987/768/662 1990/772/666 1483/787/678
f 1481/790/680 1984/765/659 1987/768/662 1482/789/679
f 1993/791/681 1994/792/682 1997/793/683 1996/794/684
f 1994/792/682 1995/795/685 1998/796/686 1997/793/683
f 1996/794/684 1997/793/683 2000/797/687 1999/798/688
f 1997/793/683 1998/796/686 2001/799/689 2000/797/687
f 452/800/690 1629/801/691 1993/791/681 1651/802/692
f 1629/801/691 1628/803/693 1994/792/682 1993/791/681
f 1170/804/394 2883/805/394 2882/806/394
f 1995/795/685 650/807/694 651/808/695 1998/796/686
f 1998/796/686 651/808/695 652/809/696 2001/799/689
f 2001/799/689 652/809/696 41/810/697 1601/811/611
f 2000/797/687 2001/799/689 1601/811/611 1602/812/610
f 1999/798/688 2000/797/687 1602/812/610 1603/813/698
f 1653/814/699 1999/798/688 1603/813/698 424/815/700
f 1652/816/701 1996/794/684 1999/798/688 1653/814/699
f 1651/802/692 1993/791/681 1996/794/684 1652/816/701
f 2015/817/702 1646/818/703 2014/819/704
f 2003/713/612 2004/701/601 2002/700/600 1602/711/610
f 2873/820/705 1604/821/706 42/822/707
f 1084/823/708 2650/824/709 2649/825/710
f 653/298/711 2003/713/612 41/826/697 3373/827/712
f 2016/828/713 649/351/714 648/159/715
f 1604/821/706 2004/701/601 653/829/711 42/822/707
f 649/351/714 2016/828/713 50/830/716
f 2052/831/717 2053/832/718 1038/833/89
f 2004/701/601 1604/834/706 425/835/719 1650/699/599
f 1649/836/720 2011/747/644 426/749/646
f 1712/837/721 1711/838/722 2367/839/723
f 3432/840/724 424/841/700 2002/700/600 1650/699/599
f 2005/842/725 2006/843/726 2009/844/727 2008/845/728
f 2006/843/726 2007/846/729 2010/847/730 2009/844/727
f 2008/845/728 2009/844/727 2012/848/731 2011/747/644
f 2009/844/727 2010/847/730 2013/849/732 2012/848/731
f 442/850/733 1623/851/734 2005/842/725 1647/852/735
f 1623/851/734 1622/853/736 2006/843/726 2005/842/725
f 1622/853/736 1621/854/737 2007/846/729 2006/843/726
f 1621/854/737 167/855/738 654/856/739 2007/846/729
f 2007/846/729 654/856/739 655/857/740 2010/847/730
f 2010/847/730 655/857/740 656/858/741 2013/849/732
f 1042/859/742 2620/860/743 64/861/744
f 2011/747/644 2012/848/731 1605/862/645
f 2014/819/704 1646/863/703 426/749/646 1605/748/645
f 1648/864/745 2008/845/728 2011/747/644 1649/836/720
f 1647/852/735 2005/842/725 2008/845/728 1648/864/745
f 668/865/746 2060/866/747 187/867/256
f 1600/868/748 3421/869/749 423/870/750
f 2013/849/732 43/871/751 1605/862/645
f 2014/819/704 1605/862/645 43/872/751 657/873/752
f 2052/831/717 1016/874/753 1015/875/754
f 657/148/752 3473/876/755 50/830/716 2016/828/713
f 2014/819/704 2016/828/713 648/159/715 2015/817/702
f 423/870/750 3421/869/749 1646/818/703 2015/817/702
f 424/841/700 1603/877/698 2002/700/600
f 2015/817/702 647/344/756 423/878/750
f 2019/879/757 2020/880/758 2022/881/759
f 2592/882/760 190/883/761 443/884/430
f 448/497/430 224/500/432 44/489/388 427/491/388
f 1081/885/762 2322/886/394 208/887/763
f 152/888/388 2347/889/388 260/890/388
f 59/891/388 2534/892/388 434/893/388
f 1625/894/764 2665/895/765 208/887/763
f 396/444/405 405/896/766 65/897/388
f 1613/898/767 435/899/768 2068/900/769
f 45/442/394 2017/441/394 208/887/763 2322/886/394
f 3487/901/394 1682/902/394 457/903/394
f 3848/904/770 1606/905/771 46/906/772
f 2590/907/773 471/908/774 1697/909/775
f 661/910/776 247/911/777 1155/912/778 3368/913/779
f 2022/881/759 2025/914/780 2024/915/781
f 3469/916/782 46/906/772 658/917/783
f 183/918/394 1928/475/394 404/919/784
f 2079/920/785 1085/921/786 2081/922/787
f 3486/923/394 1682/902/394 3487/901/394
f 228/924/788 729/925/789 2109/926/790
f 3469/916/782 639/927/791 46/906/772
f 2018/928/792 658/917/783 46/906/772 1606/905/771
f 520/929/793 2019/879/757 1645/930/794
f 2024/915/781 2025/914/780 1607/931/795
f 1606/905/771 3846/932/796 429/933/797
f 2032/934/798 2035/935/799 2034/936/800
f 2020/880/758 2021/937/801 2023/938/802 2022/881/759
f 1645/930/794 2019/879/757 2022/881/759 2024/915/781
f 2022/881/759 2023/938/802 2026/939/803 2025/914/780
f 1827/940/804 1826/941/805 2021/937/801 2020/880/758
f 2416/942/806 659/943/807 514/944/808 1823/945/809
f 2063/946/810 2060/866/747 668/865/746
f 2023/938/802 659/943/807 660/947/811 2026/939/803
f 3796/653/394 159/459/394 437/948/812
f 1643/949/394 2037/950/394 2039/951/394
f 2028/952/813 2027/953/814 661/910/776
f 246/603/527 2782/954/388 87/421/388
f 1994/792/682 1628/803/693 1995/795/685
f 2028/952/813 1609/955/815 2027/953/814
f 1608/956/816 2028/952/813 48/957/817
f 2028/952/813 661/910/776 3370/958/818 48/957/817
f 2039/951/394 2038/959/394 674/960/394
f 520/929/793 3859/961/819 1827/940/804 2019/879/757
f 1620/962/820 1619/963/821 2037/950/394
f 2030/964/822 2031/965/823 2033/966/824 2032/934/798
f 2034/936/800 1644/967/825 2029/968/826 2032/934/798
f 2032/934/798 2033/966/824 2036/969/827 2035/935/799
f 1803/970/828 1802/971/829 2031/965/823 2030/964/822
f 1802/971/829 504/972/830 662/973/831 2031/965/823
f 2031/965/823 662/973/831 663/974/832 2033/966/824
f 2033/966/824 663/974/832 664/975/833 2036/969/827
f 2036/969/827 664/975/833 49/976/834 1610/977/835
f 2035/935/799 2036/969/827 1610/977/835 1611/978/836
f 86/979/394 250/980/394 382/981/837 370/982/394
f 2038/959/394 2039/951/394 2037/950/394 1619/963/821
f 1643/949/394 3415/983/394 441/984/838 2037/950/394
f 157/985/388 2340/986/388 219/987/388
f 674/960/394 2038/959/394 172/988/839 3485/989/394
f 407/990/840 3284/991/841 233/992/842
f 913/993/394 3414/994/394 3416/995/394
f 404/919/784 3266/996/394 394/997/394
f 1613/898/767 3855/998/843 3854/999/844
f 510/655/411 3818/1000/845 1803/970/828 2029/968/826
f 1619/963/821 1618/1001/846 2038/959/394
f 469/1002/847 2522/1003/848 1692/1004/849
f 2583/467/388 188/1005/388 403/1006/850
f 2262/1007/851 361/1008/852 367/1009/853
f 443/884/430 190/883/761 59/891/388 434/893/388
f 1525/1010/388 3216/1011/388 364/1012/388
f 56/1013/388 2538/1014/388 393/1015/388
f 1144/1016/854 3356/1017/855 3359/1018/856
f 1694/1019/857 2591/1020/858 189/641/557
f 2067/1021/859 2069/1022/860 2068/900/769
f 467/623/388 3512/1023/861 471/908/774 2040/1024/388
f 3494/1025/388 963/689/388 3493/625/388
f 1788/1026/862 509/1027/793 3797/1028/388
f 58/1029/388 189/641/557 334/1030/408 323/1031/388
f 608/1032/863 3109/1033/864 607/1034/865
f 1035/1035/866 3484/1036/388 190/883/761
f 58/1029/388 2537/729/388 467/623/388 2040/1024/388
f 2041/1037/394 673/1038/394 57/639/394
f 1692/1004/849 2524/1039/867 171/1040/868
f 1703/1041/394 469/1002/847 1692/1004/849 2041/1037/394
f 2041/1037/394 1692/1004/849 171/1040/868 673/1038/394
f 2593/638/394 1695/629/547 472/1042/869
f 468/1043/394 2041/1037/394 57/639/394 2593/638/394
f 2070/1044/870 1613/898/767 2068/900/769
f 113/659/394 2699/671/394 231/1045/871
f 1934/523/452 1550/1046/872 165/1047/873
f 403/1006/850 188/1005/388 56/1013/388 393/1015/388
f 1025/1048/874 3492/1049/875 193/1050/876
f 65/897/388 1927/465/388 396/444/405
f 1549/683/590 2515/1051/877 170/684/591
f 3854/999/844 435/899/768 1613/898/767
f 3488/1052/878 194/1053/879 120/1054/394
f 1575/1055/880 404/919/784 1928/475/394
f 394/997/394 3300/1056/394 401/1057/881 2042/682/394
f 1550/1046/872 1933/520/449 1932/519/448
f 3272/1058/882 1039/1059/883 195/1060/884
f 2042/682/394 170/684/591 3245/1061/394 55/1062/394
f 3108/1063/885 622/644/560 184/640/556
f 2067/1021/859 2068/900/769 1624/1064/886
f 337/636/554 3061/635/553 325/1065/670
f 2043/1066/887 2044/1067/888 2047/1068/889 2046/1069/890
f 2044/1067/888 2045/1070/891 2048/1071/892 2047/1068/889
f 2046/1069/890 2047/1068/889 2050/1072/893 2049/1073/894
f 2047/1068/889 2048/1071/892 2051/1074/895 2050/1072/893
f 297/1075/896 1282/1076/897 2043/1066/887 1387/1077/898
f 1282/1076/897 1281/1078/899 2044/1067/888 2043/1066/887
f 1281/1078/899 1280/1079/900 2045/1070/891 2044/1067/888
f 1280/1079/900 168/1080/107 669/1081/901 2045/1070/891
f 2045/1070/891 669/1081/901 670/1082/902 2048/1071/892
f 2048/1071/892 670/1082/902 671/1083/903 2051/1074/895
f 2051/1074/895 671/1083/903 53/1084/904 1256/1085/905
f 2050/1072/893 2051/1074/895 1256/1085/905 1257/1086/906
f 2049/1073/894 2050/1072/893 1257/1086/906 1258/1087/907
f 1389/1088/908 2049/1073/894 1258/1087/907 289/1089/909
f 1388/1090/910 2046/1069/890 2049/1073/894 1389/1088/908
f 1387/1077/898 2043/1066/887 2046/1069/890 1388/1090/910
f 1021/1091/911 2570/1092/912 14/1093/241
f 2054/1094/913 681/1095/914 2053/832/718
f 3720/112/105 1017/1096/915 182/110/103
f 668/865/746 187/1097/256 1038/833/89 2053/832/718
f 2623/1098/916 1042/859/742 2626/1099/917
f 2052/831/717 1038/92/89 2582/91/88 181/1100/232
f 2099/1101/918 2098/1102/919 2097/1103/920 1060/1104/921
f 2054/1094/913 53/356/904 2539/1105/922 681/1095/914
f 940/1106/923 939/1107/924 2544/109/102
f 2056/1108/925 2055/1109/926 1037/1110/927
f 52/1111/928 668/1112/746 2053/832/718 681/1113/914
f 2063/946/810 668/865/746 2066/1114/929
f 665/1115/930 2055/1109/926 666/1116/931
f 667/1117/932 666/1116/931 2057/1118/933
f 186/1119/934 2579/1120/935 1037/1110/927 2055/1109/926
f 181/1100/232 1016/874/753 2052/831/717
f 3729/267/248 1062/1121/936 206/143/133
f 182/110/103 1017/1096/915 2056/1108/925 1037/1110/927
f 2573/1122/937 1021/1091/911 2576/274/255
f 2095/1123/938 2094/1124/939 1084/823/708
f 54/1125/940 682/1126/941 2056/1108/925 1017/1127/915
f 2057/1118/933 682/1128/941 2542/1129/942 51/153/943
f 3835/1130/944 1822/1131/945 515/189/175
f 2096/1132/946 688/1133/947 2094/1124/939 2095/1123/938
f 2058/1134/948 2059/1135/949 2062/1136/950 2061/1137/951
f 2059/1135/949 2060/866/747 2063/946/810 2062/1136/950
f 2061/1137/951 2062/1136/950 2065/1138/952 2064/1139/953
f 2062/1136/950 2063/946/810 2066/1114/929 2065/1138/952
f 1288/1140/954 1287/1141/955 2059/1135/949 2058/1134/948
f 1287/1141/955 1286/273/254 2060/866/747 2059/1135/949
f 1259/1142/956 2066/1114/929 52/1111/928
f 3632/1143/957 972/1144/958 169/85/82
f 672/1145/959 3629/1146/960 3632/1143/957
f 2065/1138/952 2066/1114/929 1259/1142/956 1260/1147/961
f 2064/1139/953 2065/1138/952 1260/1147/961 1261/1148/962
f 2070/1044/870 1612/1149/963 1613/898/767
f 3797/1028/388 152/888/388 431/1150/964
f 3331/1151/965 3328/1152/966 1575/1055/880
f 2668/1153/967 1063/1154/968 2670/1155/969
f 2662/1156/970 2664/1157/971 2663/661/574
f 2067/1021/859 698/1158/972 699/1159/973 2069/1022/860
f 2069/1022/860 699/1159/973 700/1160/974 2070/1044/870
f 2070/1044/870 700/1160/974 70/1161/975 1612/1149/963
f 2074/1162/976 2077/1163/977 2076/1164/978
f 2665/895/765 1625/894/764 2663/661/574
f 2080/1165/979 2079/920/785 2081/922/787
f 2072/1166/980 2073/1167/981 2075/1168/982 2074/1162/976
f 2884/1169/394 399/1170/394 86/979/394
f 2074/1162/976 2075/1168/982 2078/1171/983 2077/1163/977
f 2076/1164/978 1642/454/413 2071/453/412 2074/1162/976
f 1825/1172/984 1824/1173/985 2073/1167/981 2072/1166/980
f 1824/1173/985 516/1174/272 695/1175/986 2073/1167/981
f 2073/1167/981 695/1175/986 696/1176/987 2075/1168/982
f 2075/1168/982 696/1176/987 697/1177/988 2078/1171/983
f 2078/1171/983 697/1177/988 69/1178/989 1614/1179/990
f 2077/1163/977 2078/1171/983 1614/1179/990 1615/1180/991
f 2631/1181/388 148/498/388 219/987/388
f 729/925/789 2283/1182/992 80/1183/993
f 1566/472/421 3294/1184/994 389/473/422
f 2083/1185/995 2081/922/787 2084/1186/996
f 2080/1165/979 2081/922/787 2083/1185/995 2082/1187/997
f 874/1188/998 3291/1189/999 3290/1190/1000
f 787/1191/394 108/462/394 2960/1192/394
f 211/1193/1001 691/1194/1002 2081/922/787 1085/921/786
f 67/1195/1003 691/1194/1002 3128/1196/1004 711/1197/1005
f 3831/1198/1006 701/1199/1007 3832/1200/1008
f 2083/1185/995 2084/1186/996 820/1201/1009 821/1202/1010
f 2082/1187/997 2083/1185/995 821/1202/1010 822/1203/1011
f 834/1204/1012 2082/1187/997 822/1203/1011 122/1205/1013
f 833/1206/1014 2080/1165/979 2082/1187/997 834/1204/1012
f 1576/439/403 396/444/405 1927/465/388
f 1575/1055/880 1928/475/394 389/473/422
f 2086/1207/1015 2087/1208/1016 2089/1209/1017
f 364/1012/388 3216/1011/388 56/1013/388
f 2068/900/769 435/899/768 445/1210/1018
f 1108/1211/1019 2281/1212/1020 729/925/789 228/924/788
f 1109/1213/394 2971/1214/394 229/1215/394
f 378/470/420 65/897/388 405/896/766 25/493/388
f 398/426/393 3284/991/841 407/990/840
f 223/680/588 339/449/408 316/1216/388 35/688/388
f 2682/1217/1021 1093/1218/1022 79/1219/1023
f 2087/1208/1016 2088/1220/1024 2090/1221/1025 2089/1209/1017
f 2091/1222/1026 1384/1223/1027 2086/1207/1015 2089/1209/1017
f 2089/1209/1017 2090/1221/1025 2093/1224/1028 2092/1225/1029
f 2086/1207/1015 303/1226/1030 2657/1227/1031 1299/1228/1032
f 2677/223/209 2678/1229/1033 1301/224/210
f 1299/1228/1032 1298/1230/1034 2088/1220/1024 2087/1208/1016
f 690/1231/1035 210/1232/1036 1083/122/114 2098/1102/919
f 1262/1233/1037 2093/1224/1028 64/1234/744
f 713/1235/1038 64/1234/744 690/1236/1035 2098/1102/919
f 2092/1225/1029 2093/1224/1028 1262/1233/1037 1263/1237/1039
f 2091/1222/1026 2092/1225/1029 1263/1237/1039 1264/1238/1040
f 1385/1239/1041 2091/1222/1026 1264/1238/1040 291/1240/1042
f 1386/1241/1043 2061/1137/951 2064/1139/953
f 687/1242/1044 2094/1124/939 688/1133/947
f 689/1243/1045 688/1133/947 2096/1132/946
f 209/1244/1046 2650/824/709 1084/823/708 2094/1124/939
f 2712/1245/1047 1090/1246/1048 2715/1247/1049
f 690/1231/1035 2088/1220/1024 210/1232/1036
f 206/143/133 1062/1121/936 2095/1123/938 1084/823/708
f 2645/157/147 540/204/190 539/1248/214
f 2785/378/350 1161/179/167 2784/1249/1050
f 1804/1250/1051 3862/1251/1052 1805/1252/1053
f 62/1253/1054 712/1254/1055 2095/1123/938 1062/1255/936
f 2096/1132/946 712/829/1055 3862/1251/1052 63/1256/1056
f 61/1257/1057 685/1258/1058 2627/1259/1059
f 3753/1260/1060 1779/1261/1061 503/303/281
f 2098/1102/919 2099/1101/918 713/761/1038
f 2097/1103/920 1061/1262/1062 1060/1104/921
f 1060/1104/921 1059/1263/1063 2099/1101/918
f 1118/1264/1064 1119/1265/1065 2722/1266/1066
f 2097/1103/920 1083/122/114 2647/121/113 205/1267/212
f 1097/180/164 3660/1268/1067 3663/1269/1068
f 1779/1270/1061 3758/1271/1069 74/1257/1070
f 2627/1259/1059 713/761/1038 2099/1101/918 61/1257/1057
f 3582/1272/1071 541/1273/129 11/1274/168
f 2141/1275/1072 2140/1276/1073 1799/1277/1074
f 687/1242/1044 209/1244/1046 2094/1124/939
f 2143/1278/1075 1117/1279/1076 1116/1280/1077
f 2100/1281/1078 2101/1282/1079 2104/1283/1080 2103/1284/1081
f 2101/1282/1079 2102/1285/1082 2105/1286/1083 2104/1283/1080
f 2103/1284/1081 2104/1283/1080 2107/1287/1084 2106/1288/1085
f 2104/1283/1080 2105/1286/1083 2108/1289/1086 2107/1287/1084
f 301/1290/1087 1294/1291/1088 2100/1281/1078 1381/1292/1089
f 1294/1291/1088 1293/1293/1090 2101/1282/1079 2100/1281/1078
f 1293/1293/1090 1292/1294/1091 2102/1285/1082 2101/1282/1079
f 1292/1294/1091 201/1295/250 683/1296/1092 2102/1285/1082
f 2102/1285/1082 683/1296/1092 684/1297/1093 2105/1286/1083
f 2105/1286/1083 684/1297/1093 685/1298/1058 2108/1289/1086
f 2108/1289/1086 685/1298/1058 61/1299/1057 1265/1300/1094
f 2107/1287/1084 2108/1289/1086 1265/1300/1094 1266/1301/1095
f 2106/1288/1085 2107/1287/1084 1266/1301/1095 1267/1302/1096
f 1383/1303/1097 2106/1288/1085 1267/1302/1096 292/1304/1098
f 1382/1305/1099 2103/1284/1081 2106/1288/1085 1383/1303/1097
f 1381/1292/1089 2100/1281/1078 2103/1284/1081 1382/1305/1099
f 2110/1306/1100 2111/1307/1101 2113/1308/1102
f 2116/1309/1103 2118/1310/1104 2117/1311/1105
f 340/1312/1106 3133/667/578 227/669/580
f 3815/1313/1107 1616/1314/1108 80/1183/993
f 195/1060/884 1039/1059/883 3301/1315/388
f 2700/499/431 1093/1218/1022 224/500/432
f 1616/1314/1108 2109/926/790 729/925/789 80/1183/993
f 2999/1316/394 96/1317/394 214/1318/394
f 1641/1319/1109 2110/1306/1100 2113/1308/1102
f 519/452/411 3851/1320/1110 1825/1172/984 2071/453/412
f 3816/1321/1111 1789/654/569 437/948/812 1616/1314/1108
f 2111/1307/1101 2112/1322/1112 2114/1323/1113 2113/1308/1102
f 356/1324/1114 1226/1325/1115 3147/1326/394
f 3246/1327/388 76/495/388 29/446/388
f 1801/1328/1116 1800/1329/1117 2112/1322/1112 2111/1307/1101
f 3800/1330/1118 727/1331/1119 506/1332/1120 1798/1333/1121
f 2114/1323/1113 727/1331/1119 728/1334/1122 2115/1335/1123
f 2689/1336/1124 379/492/428 368/1337/1125
f 2119/1338/1126 829/1339/1127 2117/1311/1105
f 1641/1319/1109 2113/1308/1102 1617/1340/1128 438/1341/1129
f 2117/1311/1105 2118/1310/1104 2121/1342/1130 2120/1343/1131
f 829/1339/1127 231/1045/871 1110/1344/1132 2117/1311/1105
f 880/1345/1133 233/992/842 3284/991/841
f 2118/1310/1104 723/668/579 724/1346/1134 2121/1342/1130
f 2121/1342/1130 724/1346/1134 77/1347/1135 826/1348/1136
f 2120/1343/1131 2121/1342/1130 826/1348/1136 827/1349/1137
f 2119/1338/1126 2120/1343/1131 827/1349/1137 828/1350/1138
f 2218/1351/1139 829/1339/1127 124/1352/1140 1503/1353/1141
f 2147/1354/388 2146/1355/388 1626/416/385
f 3385/1356/394 89/1357/394 252/1358/1142
f 391/432/396 29/446/388 76/495/388 397/447/406
f 228/924/788 2109/926/790 447/1359/1143
f 241/1360/388 1132/1361/388 2968/1362/388
f 3147/1326/394 1226/1325/1115 274/1363/1144
f 2880/1364/394 440/1365/394 89/1357/394
f 1520/1366/394 3203/1367/394 370/982/394
f 380/660/573 75/427/394 407/990/840 26/480/394
f 1627/1368/1145 1626/416/385 2146/1355/388
f 3246/1327/388 1539/1369/1146 368/1337/1125
f 2122/1370/1147 2123/1371/1148 2126/1372/1149 2125/1373/1150
f 2123/1371/1148 2124/1374/1151 2127/1375/1152 2126/1372/1149
f 2125/1373/1150 2126/1372/1149 2129/1376/1153 2128/1377/1154
f 2126/1372/1149 2127/1375/1152 2130/1378/1155 2129/1376/1153
f 305/1379/1156 1304/1380/1157 2122/1370/1147 1378/1381/1158
f 1304/1380/1157 1303/1382/1159 2123/1371/1148 2122/1370/1147
f 1303/1382/1159 1302/1383/1160 2124/1374/1151 2123/1371/1148
f 1302/1383/1160 225/1384/145 719/1385/159 2124/1374/1151
f 2124/1374/1151 719/1385/159 720/1386/1161 2127/1375/1152
f 2127/1375/1152 720/1386/1161 721/1387/1162 2130/1378/1155
f 2130/1378/1155 721/1387/1162 73/1388/1163 1268/1389/1164
f 2129/1376/1153 2130/1378/1155 1268/1389/1164 1269/1390/1165
f 2128/1377/1154 2129/1376/1153 1269/1390/1165 1270/1391/1166
f 1380/1392/1167 2128/1377/1154 1270/1391/1166 293/1393/1168
f 1379/1394/1169 2125/1373/1150 2128/1377/1154 1380/1392/1167
f 1378/1381/1158 2122/1370/1147 2125/1373/1150 1379/1394/1169
f 2131/1395/1170 2132/1396/1171 2135/1397/1172 2134/1398/1173
f 2132/1396/1171 2133/1399/1174 2136/1400/1175 2135/1397/1172
f 2134/1398/1173 2135/1397/1172 2138/1401/1176 2137/1402/1177
f 2135/1397/1172 2136/1400/1175 2139/1403/1178 2138/1401/1176
f 307/1404/1179 1310/1405/1180 2131/1395/1170 1375/1406/1181
f 1310/1405/1180 1309/1407/1182 2132/1396/1171 2131/1395/1170
f 1309/1407/1182 1308/1408/1183 2133/1399/1174 2132/1396/1171
f 2144/1409/1184 718/1410/1185 239/1411/1186 1131/1412/1187
f 72/1413/1188 718/1414/1185 2144/1409/1184 745/553/1189
f 2138/1401/1176 2139/1403/1178 1271/1415/1190 1272/1416/1191
f 2137/1402/1177 2138/1401/1176 1272/1416/1191 1273/1417/1192
f 1377/1418/1193 2137/1402/1177 1273/1417/1192 294/1419/1194
f 1376/1420/1195 2134/1398/1173 2137/1402/1177 1377/1418/1193
f 1375/1406/1181 2131/1395/1170 2134/1398/1173 1376/1420/1195
f 744/1235/1196 2142/1421/1197 2141/1275/1072
f 1116/1280/1077 2145/1422/1198 2144/1409/1184 2143/1278/1075
f 2140/1276/1073 505/1423/1199 3806/1424/1200 1799/1277/1074
f 3858/1425/1201 1808/1426/1202 3861/1427/1203
f 718/1410/1185 2133/1399/1174 239/1411/1186
f 503/303/281 1779/1261/1061 2141/1275/1072 1799/1277/1074
f 3811/1428/1204 1787/1429/1205 3814/1430/1206
f 3005/96/92 3003/1431/1207 1406/53/51
f 74/1432/1070 744/1235/1196 2141/1275/1072 1779/1270/1061
f 2142/1421/1197 744/511/1196 2716/1433/1208 71/861/1209
f 2142/1421/1197 716/1434/1210 2140/1276/1073 2141/1275/1072
f 2145/1422/1198 745/563/1189 2144/1409/1184
f 3761/1435/1211 1168/1436/330 262/1437/1212
f 1116/1280/1077 1115/1438/1213 2145/1422/1198
f 1131/1412/1187 2730/1439/1214 237/1440/376 2143/1278/1075
f 1141/359/270 3696/385/356 3699/1441/1215
f 2157/1442/1216 2156/1443/1217 2155/1444/1218 1166/1445/1219
f 2145/1422/1198 73/1446/1163 2719/1447/1220 745/563/1189
f 1533/550/478 2245/1448/1221 2247/762/656
f 722/1449/1222 3577/1450/1223 3579/1451/1224
f 3579/1451/1224 1103/1452/1225 226/175/163
f 1271/1415/1190 2139/1403/1178 72/1413/1188
f 2110/1306/1100 1641/1319/1109 509/1027/793
f 1640/1453/388 2146/1355/388 2147/1354/388
f 451/1454/1226 1627/1368/1145 2146/1355/388 1639/1455/388
f 1639/1455/388 2146/1355/388 1640/1453/388
f 90/1456/388 2147/1354/388 270/418/387 3386/1457/388
f 3249/1458/388 1540/1459/388 371/1460/388
f 87/421/388 755/1461/388 3146/419/388
f 355/1462/1227 2868/1463/1228 1472/1464/1229
f 353/1465/1230 2779/1466/1231 1469/1467/1232
f 3265/1468/1233 406/481/424 218/1469/1234
f 2878/1470/1235 2879/417/386 1626/416/385
f 449/1471/575 252/1358/1142 89/1357/394 440/1365/394
f 270/418/387 1202/1472/1236 3386/1457/388
f 247/911/777 2027/953/814 450/1473/1018
f 2149/1474/388 2150/1475/388 1472/1464/1229
f 351/1476/394 3172/1477/394 353/1465/1230 2148/665/394
f 1477/1478/1237 2868/1463/1228 355/1462/1227
f 2883/805/394 1474/777/671 2882/806/394
f 344/1479/554 329/464/394 88/664/394 251/666/577
f 2592/882/760 1024/1480/1238 190/883/761
f 2150/1475/388 2149/1474/388 755/1461/388
f 88/664/394 2882/806/394 351/1476/394 2148/665/394
f 2150/1475/388 755/1461/388 87/421/388
f 3285/1481/1239 880/1345/1133 3284/991/841
f 3204/1482/394 1169/1483/394 3203/1367/394
f 352/1484/388 3171/1485/388 355/1462/1227 2150/1475/388
f 1481/790/680 356/1324/1114 1984/765/659
f 755/1461/388 2149/1474/388 269/1486/1240 3144/1487/388
f 2882/806/394 1474/777/671 356/1324/1114
f 2965/1488/388 786/1489/388 107/1490/388 788/1491/388
f 2782/954/388 352/1484/388 2150/1475/388 87/421/388
f 1961/630/548 1959/628/546 1962/627/545
f 754/1492/388 3247/1493/388 3249/1458/388
f 1509/1494/1241 2474/1495/388 1508/1496/1242
f 2034/936/800 1611/978/836 432/1497/1243
f 2764/1498/1244 253/1499/394 344/1479/554
f 399/1170/394 409/1500/554 250/980/394 86/979/394
f 1148/1501/1245 3261/1502/1246 257/1503/1247
f 1160/1504/1248 3185/1505/1249 256/1506/1250
f 381/1507/1251 3219/1508/388 245/445/388
f 2152/1509/388 2153/1510/388 2154/1511/388
f 1458/1512/388 2179/1513/388 1459/1514/388
f 1553/1515/1252 1552/1516/1253 2152/1509/388 2151/1517/388
f 1552/1516/1253 1551/1518/1254 2153/1510/388 2152/1509/388
f 3247/1493/388 754/1492/388 2153/1510/388 268/1519/1255
f 396/444/405 3290/1190/1000 405/896/766
f 2699/671/394 36/670/394 227/669/580
f 2157/1442/1216 762/1520/1256 2156/1443/1217
f 2155/1444/1218 1167/1521/1257 1166/1445/1219
f 753/1522/1258 267/1523/1259 1219/1524/1260 2156/1443/1217
f 1219/1524/1260 2852/42/40 261/1525/15 2155/1444/1218
f 313/1526/1261 1416/1527/1262 2204/1528/1263
f 2194/1529/1264 766/1530/1265 765/1531/1266
f 2157/1442/1216 81/1532/1267 2783/1533/1268 762/1520/1256
f 1134/1534/1269 2786/1535/1270 1135/1536/1271
f 3148/1537/1272 110/1538/1273 802/1539/1274
f 84/1540/143 753/1541/1258 2156/1443/1217 762/1126/1256
f 2158/1542/1275 1218/1543/1276 2159/1544/1277
f 763/1113/1278 2160/1545/1279 2159/1544/1277
f 750/1546/1280 2158/1542/1275 751/1547/1281
f 266/1548/1282 2850/283/263 1218/1543/1276 2158/1542/1275
f 315/1549/1283 2201/1550/1284 1418/1551/1285
f 262/1437/1212 1168/1436/330 2159/1544/1277 1218/1543/1276
f 752/1552/1286 751/1547/1281 2160/1545/1279
f 2193/1553/1287 1453/1554/1288 2192/1555/1289
f 82/867/332 763/1113/1278 2159/1544/1277 1168/354/330
f 2160/1545/1279 763/1556/1278 2786/1535/1270 83/1557/1290
f 281/1558/53 1329/1559/1291 2903/1560/1292
f 2160/1545/1279 751/1547/1281 2158/1542/1275 2159/1544/1277
f 2161/1561/1293 2162/1562/1294 2165/1563/1295 2164/1564/1296
f 2162/1562/1294 2163/1565/1297 2166/1566/1298 2165/1563/1295
f 2164/1564/1296 2165/1563/1295 2168/1567/1299 2167/1568/1300
f 2165/1563/1295 2166/1566/1298 2169/1569/1301 2168/1567/1299
f 311/1570/1302 1322/1571/1303 2161/1561/1293 1372/1572/1304
f 1322/1571/1303 1321/1573/1305 2162/1562/1294 2161/1561/1293
f 1321/1573/1305 1320/1574/1306 2163/1565/1297 2162/1562/1294
f 2166/1566/1298 753/1522/1258 2169/1569/1301
f 1166/1445/1219 1165/1575/1307 2157/1442/1216
f 81/1532/1267 748/1576/1308 2783/1533/1268
f 764/1577/1309 2193/1553/1287 765/1531/1266
f 2168/1567/1299 2169/1569/1301 1274/1578/1310 1275/1579/1311
f 2167/1568/1300 2168/1567/1299 1275/1579/1311 1276/1580/1312
f 1374/1581/1313 2167/1568/1300 1276/1580/1312 295/1582/1314
f 1373/1583/1315 2164/1564/1296 2167/1568/1300 1374/1581/1313
f 1372/1572/1304 2161/1561/1293 2164/1564/1296 1373/1583/1315
f 2170/1584/1316 2171/1585/1317 2174/1586/1318 2173/1587/1319
f 2171/1585/1317 2172/1588/1320 2175/1589/1321 2174/1586/1318
f 2173/1587/1319 2174/1586/1318 2177/1590/1322 2176/1591/1323
f 2174/1586/1318 2175/1589/1321 2178/1592/1324 2177/1590/1322
f 309/1593/1325 1316/1594/1326 2170/1584/1316 1369/1595/1327
f 1316/1594/1326 1315/1596/1328 2171/1585/1317 2170/1584/1316
f 1315/1596/1328 1314/1597/1329 2172/1588/1320 2171/1585/1317
f 1314/1597/1329 248/1598/351 746/1599/1330 2172/1588/1320
f 2172/1588/1320 746/1599/1330 747/1600/1331 2175/1589/1321
f 2175/1589/1321 747/1600/1331 748/1601/1308 2178/1592/1324
f 2178/1592/1324 748/1601/1308 81/1602/1267 1277/1603/1332
f 2177/1590/1322 2178/1592/1324 1277/1603/1332 1278/1604/1333
f 2176/1591/1323 2177/1590/1322 1278/1604/1333 1279/1605/1334
f 1371/1606/1335 2176/1591/1323 1279/1605/1334 296/1607/1336
f 1370/1608/1337 2173/1587/1319 2176/1591/1323 1371/1606/1335
f 1369/1595/1327 2170/1584/1316 2173/1587/1319 1370/1608/1337
f 3206/1609/394 382/981/837 250/980/394
f 2967/1610/388 2968/1362/388 1132/1361/388
f 3246/1327/388 368/1337/1125 76/495/388
f 405/896/766 3290/1190/1000 217/431/395
f 329/464/394 344/1479/554 253/1499/394 108/462/394
f 1431/1611/1338 271/1612/1339 2181/1613/388
f 2968/1362/388 785/1614/388 106/1615/388
f 326/488/427 3133/667/578 340/1312/1106
f 1474/777/671 1985/766/660 1984/765/659
f 2180/1616/388 2181/1613/388 2182/1617/388
f 1108/1211/1019 228/924/788 2688/1618/394
f 2182/1617/388 2181/1613/388 788/1491/388
f 346/1619/1340 1433/1620/1341 2179/1513/388 1458/1512/388
f 1433/1620/1341 1432/1621/1342 2180/1616/388 2179/1513/388
f 1432/1621/1342 1431/1611/1338 2181/1613/388 2180/1616/388
f 788/1491/388 2181/1613/388 271/1612/1339 2963/1622/388
f 1376/1623/1195 1377/1418/1193 2969/1624/388
f 409/1500/554 3261/1502/1246 392/425/392
f 2217/1625/394 1514/1626/1343 255/1627/1344
f 2751/1628/394 2750/1629/394 1716/1630/394
f 2727/1631/388 241/1360/388 2183/1632/388 342/1633/1345
f 106/1615/388 2183/1632/388 241/1360/388 2968/1362/388
f 1725/1634/394 2630/1635/394 220/1636/394
f 2971/1214/394 784/1637/394 105/1638/394
f 2930/1639/394 229/1215/394 96/1317/394
f 1226/1325/1115 3173/1640/1346 274/1363/1144
f 885/1641/1347 217/431/395 3290/1190/1000
f 1455/1642/394 2185/1643/394 1456/1644/394
f 3263/1645/1348 408/494/429 234/1646/1349
f 3144/1487/388 3146/419/388 755/1461/388
f 326/488/427 340/1312/1106 229/1215/394 105/1638/394
f 2974/1647/394 783/1648/394 104/1649/394
f 1382/1305/1099 1383/1303/1097 2975/1650/394
f 324/1651/1350 3128/1196/1004 338/1652/397
f 1128/1653/1351 342/1633/1345 3137/1654/1352
f 1457/1655/1353 2183/1632/388 327/451/410
f 2632/1656/388 1741/1657/1354 2631/1181/388
f 2608/1658/1355 203/1659/394 2184/1660/1356 336/1661/1357
f 3134/1662/1358 723/668/579 3133/667/578
f 104/1649/394 2184/1660/1356 203/1659/394 2974/1647/394
f 2976/1663/388 782/1664/388 103/1665/388
f 2934/1666/388 213/1667/388 95/1668/388
f 2187/1669/394 789/1670/394 2188/1671/394
f 2485/1672/388 323/1031/388 102/1673/388
f 324/1651/1350 338/1652/397 213/1667/388 103/1665/388
f 1036/1674/388 2978/1675/388 191/1676/388
f 1133/1677/394 2984/1678/394 242/1679/394
f 2556/1680/388 151/1681/388 197/1682/388
f 1454/1683/1359 3118/1684/1360 341/1685/1361
f 3449/1686/394 185/1687/1362 60/1688/394
f 2536/1689/388 2534/892/388 943/1690/388
f 994/1691/1363 993/1692/1364 2979/1693/394
f 334/1030/408 191/1676/388 102/1673/388 323/1031/388
f 102/1673/388 959/1694/388 2485/1672/388
f 1388/1090/910 1389/1088/908 2982/1695/394
f 1456/1644/394 2185/1643/394 2188/1671/394
f 97/1696/394 2608/1658/1355 318/1697/1365
f 1057/1698/388 2992/1699/388 2993/1700/388
f 2024/915/781 1607/931/795 430/1701/1366
f 332/1702/1367 1427/1703/1368 2185/1643/394 1455/1642/394
f 1427/1703/1368 1426/1704/1369 2186/1705/394 2185/1643/394
f 1426/1704/1369 1425/1706/1370 2187/1669/394 2186/1705/394
f 789/1670/394 2187/1669/394 173/1707/1371 2979/1693/394
f 321/597/521 3124/1708/1372 1454/1683/1359
f 319/1709/1373 2191/1710/1374 98/1711/388
f 609/1712/1375 3113/1713/1376 3112/1714/1377
f 2986/1715/388 790/1716/388 254/1717/388
f 3043/1718/1378 320/1719/1379 1439/1720/1380
f 2726/1721/394 242/1679/394 2189/1722/394 341/1685/1361
f 2984/1678/394 100/1723/394 2189/1722/394 242/1679/394
f 1057/1698/388 2993/1700/388 204/1724/388
f 100/1723/394 2764/1498/1244 321/597/521 2189/1722/394
f 3082/1725/388 942/1726/388 3081/1727/388
f 400/1728/388 2154/1511/388 85/1729/388
f 1968/687/388 1111/678/586 223/680/588
f 2764/1498/1244 1145/1730/394 253/1499/394
f 1456/1644/394 2188/1671/394 322/1731/394
f 2998/1732/394 774/1733/394 775/1734/394
f 99/1735/388 2727/1631/388 320/1719/1379 2190/1736/1381
f 2607/1737/1382 204/1724/388 2191/1710/1374 335/1738/1383
f 607/1034/865 3109/1033/864 3108/1063/885
f 98/1711/388 2191/1710/1374 204/1724/388 2993/1700/388
f 2996/1739/394 1399/245/229 1400/258/240
f 1041/1740/394 2997/1741/394 192/1742/394
f 3043/1718/1378 611/1743/1384 320/1719/1379
f 185/1687/1362 2018/928/792 444/1744/1143
f 1454/1683/1359 2189/1722/394 321/597/521
f 2929/1745/394 773/1746/394 284/1747/1385
f 3109/1033/864 622/644/560 3108/1063/885
f 333/1748/1106 192/1742/394 97/1696/394 318/1697/1365
f 408/494/429 3263/1645/1348 397/447/406
f 2040/1024/388 189/641/557 58/1029/388
f 337/1749/554 214/1318/394 96/1317/394 317/1750/394
f 230/1751/388 1112/1752/388 3001/1753/388
f 1437/1754/394 1438/1755/394 3038/1756/394
f 1437/1754/394 3038/1756/394 3036/1757/394
f 30/428/394 3206/1609/394 250/980/394
f 336/1661/1357 3064/1758/1386 318/1697/1365 2608/1658/1355
f 2567/1759/1387 193/1050/876 376/1760/430
f 1540/1459/388 3248/1761/388 384/1762/1388
f 316/1216/388 339/449/408 230/1751/388 95/1668/388
f 2018/928/792 429/933/797 444/1744/1143
f 1682/902/394 2296/1763/394 457/903/394
f 255/1627/1344 1159/1764/1389 3172/1477/394
f 2218/1351/1139 369/1765/1390 380/660/573
f 791/1766/1391 2194/1529/1264 2192/1555/1289
f 3107/1767/1392 3105/1768/1393 1453/1554/1288
f 315/1549/1283 1418/1551/1285 2192/1555/1289 1453/1554/1288
f 1449/1769/1394 2204/1528/1263 2206/1770/1395
f 3004/1771/1396 1231/1772/1397 91/1125/1398
f 94/1773/1399 791/1766/1391 2192/1555/1289 1418/1774/1285
f 791/1128/1391 3004/1771/1396 91/745/1398 2194/1529/1264
f 1414/1775/1400 92/1776/1401 2205/1777/1402
f 2820/1778/1403 1490/1779/1404 110/1780/1273
f 1415/1781/1405 1414/1775/1400 2205/1777/1402
f 2193/1553/1287 330/1782/1406 3107/1767/1392 1453/1554/1288
f 2057/1118/933 666/1116/931 2055/1109/926 2056/1108/925
f 1417/1783/1407 2831/1784/1408 314/1785/483
f 2195/1786/1409 2196/1787/1410 2199/1788/1411 2198/1789/1412
f 2196/1787/1410 2197/1790/1413 2200/1791/1414 2199/1788/1411
f 2198/1789/1412 2199/1788/1411 2202/1792/1415 2201/1550/1284
f 2199/1788/1411 2200/1791/1414 2203/1793/1416 2202/1792/1415
f 331/1794/1417 1424/1795/1418 2195/1786/1409 1450/1796/1419
f 1424/1795/1418 1423/1797/1420 2196/1787/1410 2195/1786/1409
f 1423/1797/1420 1422/1798/1421 2197/1790/1413 2196/1787/1410
f 1422/1798/1421 174/1799/1422 792/1800/1423 2197/1790/1413
f 2197/1790/1413 792/1800/1423 793/1801/1424 2200/1791/1414
f 2200/1791/1414 793/1801/1424 794/1802/1425 2203/1793/1416
f 2201/1550/1284 2202/1792/1415 1418/1774/1285
f 1452/1803/1426 2201/1550/1284 315/1549/1283
f 602/1804/1427 313/1805/1261 3094/1806/1428
f 1451/1807/1429 2198/1789/1412 2201/1550/1284 1452/1803/1426
f 1450/1796/1419 2195/1786/1409 2198/1789/1412 1451/1807/1429
f 2205/1777/1402 2206/1770/1395 2204/1528/1263 1415/1781/1405
f 2206/1770/1395 2205/1777/1402 795/1808/55
f 1449/1809/1394 3094/1806/1428 313/1526/1261 2204/1528/1263
f 2833/1810/1430 1417/1811/1407 93/1812/1431
f 3015/56/54 795/1808/55 2205/1777/1402 92/1813/1401
f 1417/1811/1407 2206/1770/1395 795/57/55 93/1812/1431
f 348/760/619 1475/759/654 3150/1814/1432
f 2254/1815/1433 1491/1816/1434 359/1817/1435
f 1449/1769/1394 2206/1770/1395 1417/1783/1407 314/871/483
f 765/1531/1266 2193/1553/1287 2192/1555/1289 2194/1529/1264
f 1603/877/698 1602/711/610 2002/700/600
f 1486/619/540 1956/595/519 349/614/537
f 2207/1818/1436 2208/1819/1437 2211/1820/1438 2210/1821/1439
f 2208/1819/1437 2209/1822/1440 2212/1823/1441 2211/1820/1438
f 2210/1821/1439 2211/1820/1438 2214/1824/1442 2213/1825/1443
f 2211/1820/1438 2212/1823/1441 2215/1826/1444 2214/1824/1442
f 345/1827/1445 1430/1828/1446 2207/1818/1436 1446/1829/1447
f 1430/1828/1446 1429/1830/1448 2208/1819/1437 2207/1818/1436
f 1429/1830/1448 1428/1831/1449 2209/1822/1440 2208/1819/1437
f 1428/1831/1449 272/1832/1450 796/1833/1451 2209/1822/1440
f 2209/1822/1440 796/1833/1451 797/1834/1452 2212/1823/1441
f 2212/1823/1441 797/1834/1452 798/1835/1453 2215/1826/1444
f 2215/1826/1444 798/1835/1453 92/1836/1401 1414/1837/1400
f 2214/1824/1442 2215/1826/1444 1414/1837/1400 1415/1838/1405
f 2213/1825/1443 2214/1824/1442 1415/1838/1405 1416/1839/1262
f 1448/1840/1454 2213/1825/1443 1416/1839/1262 313/1841/1261
f 1447/1842/1455 2210/1821/1439 2213/1825/1443 1448/1840/1454
f 1446/1829/1447 2207/1818/1436 2210/1821/1439 1447/1842/1455
f 1516/1843/1456 2826/1844/1457 273/1845/1458
f 384/1762/1388 1516/1843/1456 2216/1846/388 1540/1459/388
f 1227/1847/1459 3302/1848/1460 276/1849/1461
f 126/1850/388 2216/1846/388 273/1845/1458 3171/1485/388
f 2644/1851/1462 1072/1852/1463 216/599/523
f 126/1850/388 2757/1853/388 371/1460/388 2216/1846/388
f 1933/520/449 1550/1046/872 1934/523/452
f 1514/1626/1343 2763/1854/1464 255/1627/1344
f 2228/1855/1465 1500/1856/1466 1501/1857/1467
f 2119/1338/1126 124/1352/1140 829/1339/1127
f 233/992/842 2688/1618/394 132/1858/394
f 1515/1859/1468 2237/1860/1469 2236/1861/1470
f 125/1862/394 2217/1625/394 255/1627/1344 3172/1477/394
f 3334/443/404 874/1188/998 396/444/405
f 2273/1863/1471 1503/1353/1141 124/1352/1140
f 370/982/394 2217/1625/394 125/1862/394 2817/1864/394
f 2219/1865/1472 2220/1866/1473 2222/1867/1474
f 2222/1867/1474 2225/1868/1475 2224/1869/1476
f 338/1652/397 3128/1196/1004 211/1193/1001
f 1503/1353/1141 2272/1870/1477 2271/1871/1478
f 2119/1338/1126 828/1350/1138 124/1352/1140
f 833/1206/1014 2228/1855/1465 2227/469/419
f 2079/920/785 2080/1165/979 833/1206/1014
f 2224/1869/1476 1539/1369/1146 2219/1865/1472 2222/1867/1474
f 2220/1866/1473 2221/1872/1479 2223/1873/1480 2222/1867/1474
f 2222/1867/1474 2223/1873/1480 2226/1874/1481 2225/1868/1475
f 362/1875/1482 2268/1876/1483 1495/1877/1484 2219/1865/1472
f 2276/1878/1485 2277/1879/1486 1497/1880/1487
f 1495/1877/1484 1494/1881/1488 2221/1872/1479 2220/1866/1473
f 1494/1881/1488 116/1882/1489 830/1883/1490 2221/1872/1479
f 2221/1872/1479 830/1883/1490 831/1884/1491 2223/1873/1480
f 2223/1873/1480 831/1884/1491 832/1885/1492 2226/1874/1481
f 2224/1869/1476 2225/1868/1475 1502/1886/1493
f 2227/469/419 367/1009/853 378/470/420
f 2229/1887/1494 2231/1888/1495 2230/1889/1496
f 2184/1660/1356 104/1649/394 325/776/670
f 2228/1855/1465 1501/1857/1467 2227/469/419
f 175/1890/1497 998/1891/1498 3509/1892/394
f 2261/1893/1499 2263/1894/1500 2262/1007/851
f 2228/1855/1465 834/1204/1012 122/1205/1013 1500/1856/1466
f 2232/1895/1501 1498/1896/1502 1499/1897/1503
f 27/474/394 1928/475/394 183/918/394
f 2232/1895/1501 1499/1897/1503 2230/1889/1496
f 1511/1898/1504 1510/1899/1505 2234/1900/394
f 2261/1893/1499 2262/1007/851 1501/1857/1467
f 2265/675/583 2267/1901/1506 2266/676/584
f 2229/1887/1494 835/1902/1507 836/1903/1508 2231/1888/1495
f 2231/1888/1495 836/1903/1508 837/1904/1509 2232/1895/1501
f 2232/1895/1501 837/1904/1509 121/1905/1510 1498/1896/1502
f 2296/1763/394 1665/1906/1511 177/1907/1512
f 2233/1908/394 1511/1898/1504 2234/1900/394 2235/1909/394
f 370/982/394 3203/1367/394 86/979/394
f 2235/1909/394 2234/1900/394 838/1910/394
f 374/1911/1513 1512/1912/1514 2233/1908/394 1537/1913/394
f 838/1910/394 2234/1900/394 175/1890/1497 3509/1892/394
f 829/1339/1127 2218/1351/1139 231/1045/871
f 334/1030/408 3071/643/559 319/1709/1373
f 1023/642/558 3070/1914/1515 3071/643/559
f 333/1748/1106 3108/1063/885 184/640/556
f 3213/1915/1516 985/1916/1517 170/684/591
f 364/1012/388 376/1760/430 193/1050/876 119/690/388
f 216/599/523 1086/601/525 1967/672/394
f 1739/1917/1518 477/1918/1519 2681/1919/394
f 2689/1336/1124 232/1920/1520 379/492/428
f 101/1921/394 2942/1922/394 192/1742/394
f 2236/1861/1470 2237/1860/1469 2240/1923/1521 2239/1924/1522
f 2237/1860/1469 2238/1925/1523 2241/1926/1524 2240/1923/1521
f 2239/1924/1522 2240/1923/1521 2243/1927/1525 2242/1928/1526
f 2240/1923/1521 2241/1926/1524 2244/1929/1527 2243/1927/1525
f 1520/1366/394 2817/1864/394 1515/1859/1468 383/1930/1528
f 2881/1931/394 1630/1932/394 2880/1364/394
f 1534/1933/1529 383/1930/1528 2236/1861/1470
f 2238/1925/1523 839/1934/1530 840/1935/1531 2241/1926/1524
f 2241/1926/1524 840/1935/1531 841/1936/1532 2244/1929/1527
f 2244/1929/1527 841/1936/1532 109/1937/1533 1487/1938/57
f 2243/1927/1525 2244/1929/1527 1487/1938/57 1488/1939/56
f 2242/1928/1526 2243/1927/1525 1488/1939/56 1489/1940/1534
f 1536/1941/1535 2242/1928/1526 1489/1940/1534 357/1942/1536
f 1535/1943/1537 2239/1924/1522 2242/1928/1526 1536/1941/1535
f 1534/1933/1529 2236/1861/1470 2239/1924/1522 1535/1943/1537
f 2246/60/58 2247/762/656 2245/1448/1221 1488/58/56
f 814/1944/1538 2258/1945/1539 815/1946/1540
f 1533/550/478 3233/549/477 357/1947/1536 2245/1448/1221
f 1491/1948/1434 2256/1949/1541 111/181/1542
f 842/761/655 2246/60/58 109/1950/1533 3182/1951/1543
f 1037/1110/927 2579/1120/935 2578/1952/1544
f 1490/1779/1404 2247/762/656 842/1953/655 110/1780/1273
f 816/1954/1545 2259/1955/1546 118/1956/1547
f 3519/1957/1548 803/1958/1549 111/1959/1542
f 2247/762/656 1490/1960/1404 358/1961/538 1533/550/478
f 1532/1962/1550 2254/1815/1433 359/1817/1435
f 1942/539/468 595/553/481 1943/374/346
f 2248/1963/1551 2249/1964/1552 2252/1965/1553 2251/1966/1554
f 2249/1964/1552 2250/1967/1555 2253/1968/1556 2252/1965/1553
f 2251/1966/1554 2252/1965/1553 2255/1969/1557 2254/1815/1433
f 2252/1965/1553 2253/1968/1556 2256/1949/1541 2255/1969/1557
f 373/1970/1558 1509/1494/1241 2248/1963/1551 1530/1971/1559
f 1509/1494/1241 1508/1496/1242 2249/1964/1552 2248/1963/1551
f 1508/1496/1242 1507/1972/1560 2250/1967/1555 2249/1964/1552
f 1507/1972/1560 176/1973/1561 843/1974/1562 2250/1967/1555
f 2250/1967/1555 843/1974/1562 844/1975/1563 2253/1968/1556
f 2253/1968/1556 844/1975/1563 845/1976/1564 2256/1949/1541
f 846/185/1565 2259/1955/1546 2257/1977/1566
f 1595/1978/1567 2306/1979/1568 2308/561/489
f 2257/1977/1566 1529/542/471 359/1817/1435 1491/1816/1434
f 357/1947/1536 1489/1980/1534 2245/1448/1221
f 1531/1981/1569 2251/1966/1554 2254/1815/1433 1532/1962/1550
f 1530/1971/1559 2248/1963/1551 2251/1966/1554 1531/1981/1569
f 1580/1982/1570 2809/1983/1571 414/1984/651
f 129/1985/1572 2811/1986/1573 1580/1987/1570
f 2258/1945/1539 814/1944/1538 372/1988/1574
f 2254/1815/1433 2255/1969/1557 1491/1948/1434
f 3523/1989/1575 1683/1990/1576 118/1991/1547
f 111/1992/1542 846/185/1565 2257/1977/1566 1491/1948/1434
f 846/1993/1565 3523/1989/1575 118/1956/1547 2259/1955/1546
f 1543/1994/1577 3325/517/446 385/516/445
f 2259/1955/1546 815/1946/1540 2258/1945/1539 2257/1977/1566
f 1578/1995/1578 1577/1996/1579 2307/562/490
f 3222/540/469 1529/542/471 2258/1945/1539 372/1988/1574
f 586/1997/1580 357/1947/1536 3233/549/477
f 1506/1998/1581 3222/540/469 372/1988/1574
f 327/451/410 2183/1632/388 106/1615/388
f 3443/1999/1582 3446/2000/1583 1024/1480/1238
f 2473/2001/388 1525/1010/388 364/1012/388
f 2644/1851/1462 216/599/523 377/479/423
f 2262/1007/851 2263/1894/1500 2264/2002/1584
f 97/1696/394 775/1734/394 2939/2003/394
f 1538/2004/394 2235/1909/394 365/2005/394
f 417/2006/394 3385/1356/394 420/2007/1585
f 143/2008/394 2808/2009/394 417/2006/394
f 3526/2010/1586 114/2011/1587 847/2012/1588
f 1501/1857/1467 1500/1856/1466 2261/1893/1499
f 2756/2013/1589 257/1503/1247 420/2007/1585
f 1538/2004/394 2233/1908/394 2235/1909/394
f 1723/2014/394 2554/2015/394 198/478/394
f 422/2016/1590 2815/2017/1591 1587/2018/1592
f 28/466/388 1927/465/388 65/897/388
f 322/1731/394 2188/1671/394 101/1921/394
f 1025/1048/874 193/1050/876 2567/1759/1387
f 3526/2010/1586 806/2019/1593 114/2011/1587
f 2260/2020/1594 847/2012/1588 114/2011/1587 1492/2021/1595
f 2274/2022/1596 2277/1879/1486 2276/1878/1485
f 2264/2002/1584 850/2023/1597 115/2024/1598
f 363/2025/1599 1521/2026/1600 3206/1609/394
f 2264/2002/1584 1493/2027/1601 2262/1007/851
f 2271/1871/1478 2272/1870/1477 2274/2022/1596
f 2226/1874/1481 832/1885/1492 123/2028/1602
f 1500/1856/1466 122/1205/1013 848/2029/1603 2261/1893/1499
f 2261/1893/1499 848/2029/1603 849/2030/1604 2263/1894/1500
f 2263/1894/1500 849/2030/1604 850/2023/1597 2264/2002/1584
f 1493/2027/1601 2264/2002/1584 115/2024/1598
f 2230/1889/1496 2231/1888/1495 2232/1895/1501
f 3434/2031/1605 278/2032/1606 1225/2033/1607
f 2266/676/584 2267/1901/1506 2270/2034/1608 2269/2035/1609
f 381/1507/1251 1513/677/585 2266/676/584 1528/2036/1610
f 2237/1860/1469 1515/1859/1468 2238/1925/1523
f 851/2037/1611 2265/675/583 256/1506/1250 3185/1505/1249
f 2267/1901/1506 851/2037/1611 852/2038/1612 2270/2034/1608
f 2270/2034/1608 852/2038/1612 116/1882/1489 1494/1881/1488
f 2269/2035/1609 2270/2034/1608 1494/1881/1488 1495/1877/1484
f 1497/1880/1487 2759/2039/1613 2758/2040/1614
f 2276/1878/1485 1527/2041/1615 2271/1871/1478 2274/2022/1596
f 2272/1870/1477 2273/1863/1471 2275/2042/1616 2274/2022/1596
f 2274/2022/1596 2275/2042/1616 2278/2043/1617 2277/1879/1486
f 2079/920/785 833/1206/1014 215/468/418
f 1587/2018/1592 2816/2044/1618 275/2045/1619
f 2273/1863/1471 853/2046/1620 854/2047/1621 2275/2042/1616
f 2275/2042/1616 854/2047/1621 855/2048/1622 2278/2043/1617
f 2278/2043/1617 855/2048/1622 117/2049/1623 1496/2050/1624
f 2277/1879/1486 2278/2043/1617 1496/2050/1624 1497/1880/1487
f 2758/2040/1614 363/2025/1599 2276/1878/1485 1497/1880/1487
f 2297/2051/388 1668/2052/1625 195/1060/884
f 2280/2053/1626 2282/2054/1627 2281/1212/1020
f 418/485/388 3386/1457/388 422/2016/1590 2279/483/388
f 3283/2055/388 144/484/388 2279/483/388 275/2045/1619
f 2701/2056/1628 1098/2057/1629 123/2028/1602
f 2182/1617/388 107/1490/388 328/420/388
f 2025/914/780 2026/939/803 1607/931/795
f 2283/1182/992 729/925/789 2281/1212/1020
f 3218/2058/394 75/427/394 369/1765/1390
f 2299/2059/1630 1586/2060/1631 276/1849/1461
f 420/2007/1585 257/1503/1247 143/2008/394 417/2006/394
f 177/1907/1512 995/2061/1632 3300/1056/394
f 2295/2062/394 1665/1906/1511 2296/1763/394
f 194/1053/879 2260/2020/1594 375/2063/1143
f 2034/936/800 2035/935/799 1611/978/836
f 1665/1906/1511 2472/2064/1633 177/1907/1512
f 2281/1212/1020 2284/2065/1634 2283/1182/992
f 2281/1212/1020 2282/2054/1627 2285/2066/1635 2284/2065/1634
f 3244/2067/394 3245/1061/394 985/1916/1517
f 2282/2054/1627 880/1345/1133 881/2068/1636 2285/2066/1635
f 2285/2066/1635 881/2068/1636 142/2069/1637 737/2070/1638
f 2284/2065/1634 2285/2066/1635 737/2070/1638 738/2071/1639
f 2283/1182/992 2284/2065/1634 738/2071/1639 739/2072/1640
f 3751/2073/1641 3752/2074/1642 730/2075/1643
f 2999/1316/394 773/1746/394 96/1317/394
f 2283/1182/992 739/2072/1640 80/1183/993
f 2286/2076/1644 2287/2077/1645 2290/2078/1646 2289/2079/1647
f 2287/2077/1645 2288/2080/1648 2291/2081/1649 2290/2078/1646
f 2289/2079/1647 2290/2078/1646 2293/2082/1650 2292/2083/1651
f 2290/2078/1646 2291/2081/1649 2294/2084/1652 2293/2082/1650
f 1561/2085/1653 3269/2086/1654 390/437/401
f 2291/2081/1649 885/1641/1347 886/2087/1655 2294/2084/1652
f 2294/2084/1652 886/2087/1655 140/2088/1656 708/2089/1657
f 2293/2082/1650 2294/2084/1652 708/2089/1657 709/2090/1658
f 2292/2083/1651 2293/2082/1650 709/2090/1658 710/2091/1659
f 700/1160/974 2292/2083/1651 710/2091/1659 70/1161/975
f 699/1159/973 2289/2079/1647 2292/2083/1651 700/1160/974
f 698/1158/972 2286/2076/1644 2289/2079/1647 699/1159/973
f 1682/902/394 2295/2062/394 2296/1763/394
f 1107/2092/1660 234/1646/1349 2321/2093/388
f 462/2094/1661 2565/2095/1662 1668/2096/1625
f 1682/902/394 3486/923/394 460/2097/1663 2295/2062/394
f 472/1042/869 3525/2098/1664 194/1053/879 3488/1052/878
f 138/2099/394 2296/1763/394 177/1907/1512 3300/1056/394
f 99/1735/388 778/2100/388 2924/2101/388
f 138/2099/394 2558/2102/394 457/903/394 2296/1763/394
f 1668/2052/1625 2566/2103/1665 195/1060/884
f 456/2104/388 3484/1036/388 462/2094/1661 2297/2051/388
f 137/2105/388 2297/2051/388 195/1060/884 3301/1315/388
f 3302/1848/1460 3305/2106/1666 890/2107/1667
f 1074/2108/1668 3265/1468/1233 218/1469/1234
f 1725/1634/394 220/1636/394 2353/2109/394
f 456/2104/388 2297/2051/388 137/2105/388 2462/2110/388
f 2310/2111/1669 1663/607/530 2311/2112/1670
f 2299/2059/1630 2301/2113/1671 2298/2114/1672 1586/2060/1631
f 2300/2115/1673 2301/2113/1671 2304/2116/1674 2303/2117/1675
f 2301/2113/1671 2302/2118/1676 2305/2119/1677 2304/2116/1674
f 2816/2044/1618 1587/2018/1592 2815/2017/1591 2813/2120/1678
f 2830/2121/394 2827/463/394 1186/2122/394
f 3302/1848/1460 890/2107/1667 2299/2059/1630 276/1849/1461
f 2302/2118/1676 890/2107/1667 891/2123/1679 2305/2119/1677
f 2305/2119/1677 891/2123/1679 128/2124/1680 1577/2125/1579
f 2304/2116/1674 2305/2119/1677 1577/2125/1579 1578/2126/1578
f 2303/2117/1675 2304/2116/1674 1578/2126/1578 1579/2127/1681
f 1597/2128/1682 2303/2117/1675 1579/2127/1681 413/2129/1683
f 1596/2130/1684 2300/2115/1673 2303/2117/1675 1597/2128/1682
f 3378/2131/1685 421/2132/1686 2298/2114/1672 1596/2130/1684
f 2307/562/490 2308/561/489 2306/1979/1568 1578/1995/1578
f 1595/1978/1567 3374/2133/1687 413/2134/1683 2306/1979/1568
f 895/1953/1688 2320/2135/1689 2318/2136/1690
f 3617/2137/1691 1/33/46 1717/47/45
f 3311/2138/1692 892/563/491 2307/562/490 128/2139/1680
f 892/1254/491 129/1985/1572 1580/1987/1570 2308/561/489
f 453/2140/1693 2315/2141/1694 1654/2142/1695
f 2308/561/489 1580/1982/1570 414/1984/651 1595/1978/1567
f 147/2143/1696 3428/2144/1697 909/1811/1698
f 647/344/756 2015/817/702 648/159/715
f 2012/848/731 2013/849/732 1605/862/645
f 2309/2145/1699 2310/2111/1669 2313/2146/1700 2312/2147/1701
f 2310/2111/1669 2311/2112/1670 2314/2148/1702 2313/2146/1700
f 2312/2147/1701 2313/2146/1700 2316/2149/1703 2315/2141/1694
f 2313/2146/1700 2314/2148/1702 2317/2150/1704 2316/2149/1703
f 459/2151/1705 1664/605/529 2309/2145/1699 1679/2152/1706
f 1664/605/529 1663/607/530 2310/2111/1669 2309/2145/1699
f 893/2153/1707 2311/2112/1670 178/2154/1708 3314/2155/1709
f 1610/977/835 49/976/834 2780/2156/1710
f 2314/2148/1702 893/2153/1707 894/2157/1711 2317/2150/1704
f 1755/2158/1712 2367/839/723 2369/2159/1713
f 475/2160/100 2364/2161/1714 1714/2162/1715
f 1659/2163/1716 2560/2164/1717 2559/2165/1718
f 453/2140/1693 1654/2142/1695 2318/2136/1690 1678/2166/1719
f 1680/2167/1720 2312/2147/1701 2315/2141/1694 1681/2168/1721
f 1679/2152/1706 2309/2145/1699 2312/2147/1701 1680/2167/1720
f 2317/2150/1704 130/1950/1722 1654/2169/1695
f 1956/595/519 1465/615/534 349/614/537
f 1669/2170/1723 455/2171/1724 2559/2165/1718
f 2440/2172/1725 1592/2173/1726 2439/2174/1727
f 1681/2168/1721 2315/2141/1694 453/2140/1693
f 2318/2136/1690 1654/2169/1695 130/2175/1722 895/1953/1688
f 858/2176/1728 2320/2135/1689 127/1538/1729
f 2320/2135/1689 895/165/1688 3324/2177/1730 127/1538/1729
f 3390/2178/1731 908/746/643 3391/2179/1732
f 2320/2135/1689 857/2180/1733 2319/2181/1734 2318/2136/1690
f 3474/2182/1735 1678/2166/1719 2319/2181/1734 458/2183/1736
f 1980/692/592 627/735/632 34/2184/593
f 1662/2185/1737 3474/2182/1735 458/2183/1736
f 1107/2092/1660 2321/2093/388 224/500/432
f 2325/2186/1738 2323/2187/1739 2326/2188/1740
f 3261/1502/1246 409/1500/554 257/1503/1247
f 2706/679/587 1111/678/586 2704/2189/1741
f 3340/424/391 901/458/417 258/455/414
f 3412/2190/388 438/1341/1129 160/2191/388
f 208/887/763 2639/2192/1742 1081/885/762
f 1566/472/421 2085/471/394 395/2193/1743
f 1081/885/762 2641/2194/1744 218/1469/1234
f 2642/429/388 44/489/388 2321/2093/388 131/430/388
f 489/436/400 3778/2195/1745 1778/2196/1746
f 421/2132/1686 1201/2197/1747 3355/2198/394
f 2017/441/394 1625/894/764 208/887/763
f 376/1760/430 364/1012/388 56/1013/388 188/1005/388
f 1593/2199/1748 3367/2200/1749 419/457/416
f 2109/926/790 437/948/812 447/1359/1143
f 2332/2201/1750 1593/2199/1748 2331/456/415
f 2226/1874/1481 123/2028/1602 1502/1886/1493
f 45/442/394 2322/886/394 132/1858/394 2688/1618/394
f 2324/2202/1751 2326/2188/1740 2323/2187/1739 1667/2203/1752
f 2325/2186/1738 2326/2188/1740 2329/2204/1753 2328/2205/1754
f 2326/2188/1740 2327/2206/1755 2330/2207/1756 2329/2204/1753
f 1778/2196/1746 3772/2208/1757 500/2209/1758
f 3326/2210/1759 896/2211/1760 2324/2202/1751 196/2212/1761
f 2327/2206/1755 896/2211/1760 897/2213/1762 2330/2207/1756
f 2330/2207/1756 897/2213/1762 133/2214/1763 1655/2215/1764
f 2329/2204/1753 2330/2207/1756 1655/2215/1764 1656/2216/1765
f 2328/2205/1754 2329/2204/1753 1656/2216/1765 1657/2217/1766
f 1677/2218/1767 2328/2205/1754 1657/2217/1766 454/2219/1768
f 1676/2220/1769 2325/2186/1738 2328/2205/1754 1677/2218/1767
f 3466/2221/1770 461/2222/1771 2323/2187/1739 1676/2220/1769
f 2331/456/415 2333/2223/1772 2332/2201/1750
f 2334/2224/1773 2331/456/415 901/458/417
f 2756/2013/1589 2755/2225/1774 1148/1501/1245
f 254/1717/388 2190/1736/1381 343/2226/397
f 502/2227/1775 2805/2228/1776 1730/2229/1777
f 1148/1501/1245 257/1503/1247 2756/2013/1589
f 2334/2224/1773 901/458/417 3341/423/390 135/2230/1778
f 2333/2223/1772 2334/2224/1773 1581/2231/1779 1582/2232/1780
f 415/2233/1781 1582/2234/1780 2439/2174/1727 1592/2173/1726
f 413/2134/1683 1579/2235/1681 2306/1979/1568
f 2076/1164/978 2077/1163/977 1615/1180/991
f 3412/2190/388 507/2236/388 3797/1028/388 509/1027/793
f 500/2209/1758 1728/2237/394 2335/2238/394 1778/2196/1746
f 1729/2239/1782 2371/2240/1783 2370/2241/1784
f 3410/2242/388 3411/2243/388 1223/2244/1785
f 488/2245/1786 3769/2246/1787 1777/2247/1788
f 3838/2248/388 157/985/388 435/899/768
f 277/2249/1789 1223/2244/1785 3411/2243/388
f 1663/607/530 2463/606/388 2462/2110/388
f 162/2250/394 2798/2251/394 489/436/400 2335/2238/394
f 1085/921/786 2660/685/388 211/1193/1001
f 1730/2229/1777 2807/2252/1790 277/2249/1789
f 502/2227/1775 1730/2229/1777 2336/2253/388 1777/2247/1788
f 1586/2060/1631 2298/2114/1672 421/2132/1686
f 1454/1683/1359 341/1685/1361 2189/1722/394
f 2336/2253/388 277/2249/1789 3411/2243/388 161/2254/388
f 3803/2255/388 1715/2256/388 152/888/388
f 3001/1753/388 95/1668/388 230/1751/388
f 488/2245/1786 2336/2253/388 161/2254/388 2749/2257/388
f 1720/2258/1791 2359/2259/1792 2358/2260/1793
f 420/2007/1585 3361/2261/1794 1591/2262/1795
f 2997/1741/394 97/1696/394 192/1742/394
f 3713/2263/1796 492/2264/1797 1770/2265/1798
f 1775/2266/1799 3747/2267/1800 498/2268/1801
f 160/2191/388 2337/2269/388 507/2236/388 3412/2190/388
f 392/425/392 3344/2270/1802 398/426/393
f 1774/2271/1803 3739/2272/1804 522/2273/1805
f 2680/2274/388 487/2275/1806 2337/2269/388 160/2191/388
f 756/2276/1807 3769/2246/1787 488/2245/1786
f 507/2236/388 2337/2269/388 512/2277/1808 3803/2255/388
f 2076/1164/978 436/663/576 1642/454/413
f 2034/936/800 432/1497/1243 1644/967/825
f 2681/1919/394 235/461/394 2338/460/394 498/2268/1801
f 156/2278/388 2342/2279/388 197/1682/388
f 3802/2280/394 1790/2281/1809 486/2282/1810
f 159/459/394 3802/2280/394 486/2282/1810 2338/460/394
f 3752/2074/1642 1775/2266/1799 486/2282/1810
f 1643/949/394 2039/951/394 433/2283/394
f 485/2284/1811 3744/2285/1812 1774/2286/1803
f 517/2287/394 2339/2288/394 522/2273/1805 3845/2289/394
f 3851/1320/1110 3852/2290/1813 1825/1172/984
f 3584/2291/1814 476/2292/1815 1741/1657/1354
f 3413/2293/394 158/2294/394 2339/2288/394 517/2287/394
f 1774/2286/1803 2339/2288/394 485/2284/1811
f 3751/2073/1641 3749/2295/1816 3752/2074/1642
f 1775/2266/1799 2338/460/394 486/2282/1810
f 2630/1635/394 485/2284/1811 2339/2288/394 158/2294/394
f 1738/2296/1817 488/2245/1786 2749/2257/388
f 3794/2297/1818 3792/2298/1819 3795/2299/1820
f 2344/2300/394 2343/2301/394 913/993/394
f 2342/2279/388 2341/2302/388 1724/2303/388
f 2288/2080/1648 1082/2304/1821 217/431/395
f 484/2305/1822 3736/2306/1823 1773/2307/1824
f 496/2308/1825 1726/2309/388 2340/986/388 1773/2307/1824
f 379/492/428 232/1920/1520 112/686/388
f 1773/2307/1824 2340/986/388 484/2305/1822
f 484/2305/1822 2340/986/388 157/985/388 3844/2310/388
f 3744/2285/1812 3741/2311/1826 3739/2272/1804 1774/2271/1803
f 3512/1023/861 119/690/388 193/1050/876
f 2451/2312/388 1751/2313/1827 483/2314/1828
f 492/2264/1797 2459/2315/1829 1722/2316/1830
f 2341/2302/388 494/2317/1831 2557/2318/388 1724/2303/388
f 483/2314/1828 3728/2319/1832 1772/2320/1833
f 429/933/797 3839/2321/394 150/476/394
f 2347/889/388 2346/2322/388 1727/2323/388
f 2347/889/388 1727/2323/388 260/890/388
f 156/2278/388 2451/2312/388 483/2314/1828 2342/2279/388
f 1769/2324/1834 3704/2325/1835 511/2326/1836
f 482/2327/1837 3719/2328/1838 1770/2265/1798
f 2554/2015/394 1746/2329/1839 482/2327/1837
f 492/2264/1797 1722/2316/1830 2344/2300/394 1770/2265/1798
f 3414/994/394 913/993/394 2343/2301/394 179/2330/1840
f 520/929/793 1645/930/794 3418/2331/388
f 325/776/670 3131/775/669 336/1661/1357 2184/1660/1356
f 155/2332/394 2554/2015/394 482/2327/1837 2344/2300/394
f 1771/2333/1841 2341/2302/388 1772/2320/1833
f 3416/995/394 3415/983/394 1643/949/394
f 1641/1319/1109 3412/2190/388 509/1027/793
f 508/2334/394 2345/2335/394 511/2326/1836 3802/2280/394
f 481/2336/1842 3710/2337/1843 1769/2324/1834
f 153/2338/394 2345/2335/394 508/2334/394 3417/2339/394
f 3219/1508/388 29/446/388 245/445/388
f 2345/2335/394 1716/1630/394 481/2336/1842 1769/2324/1834
f 3716/2340/1844 3713/2263/1796 1770/2265/1798
f 2348/2341/388 2347/889/388 1715/2256/388
f 479/2342/1845 3692/2343/1846 1765/2344/1847
f 2749/2257/388 1727/2323/388 499/2345/1848 1738/2346/1817
f 149/2347/394 2353/2109/394 220/1636/394
f 2351/477/394 1723/2014/394 198/478/394
f 480/2348/1849 1715/2256/388 3803/2255/388 1791/2349/1850
f 1816/2350/1851 3823/2351/1852 478/590/514
f 518/2352/388 2349/2353/388 521/2354/1853 3844/2310/388
f 969/2355/388 2451/2312/388 156/2278/388
f 3418/2331/388 151/1681/388 2349/2353/388 518/2352/388
f 847/2012/1588 194/1053/879 3525/2098/1664
f 2352/2356/394 1725/1634/394 2353/2109/394
f 479/2342/1845 2349/2353/388 151/1681/388 2556/1680/388
f 3707/2357/1854 3704/2325/1835 1769/2324/1834
f 3815/1313/1107 3816/1321/1111 1616/1314/1108
f 1763/2358/1855 2350/2359/394 1764/589/513
f 493/2360/1856 2555/2361/394 1723/2014/394 2350/2359/394
f 3683/2362/1857 1764/589/513 478/590/514
f 2017/441/394 428/440/394 446/662/575
f 2976/1663/388 103/1665/388 213/1667/388
f 1761/2363/1858 495/2364/1859 2352/2356/394
f 1111/678/586 1968/687/388 232/1920/1520
f 150/476/394 3845/2289/394 478/590/514 2351/477/394
f 1820/2365/1860 521/2354/1853 3686/2366/1861
f 1775/2266/1799 498/2268/1801 2338/460/394
f 1761/2363/1858 2352/2356/394 1762/2367/1862
f 477/1918/1519 3674/2368/1863 1762/2367/1862
f 1743/2369/1864 2630/1635/394 1725/1634/394 495/2364/1859
f 1762/2367/1862 2352/2356/394 2353/2109/394
f 408/494/429 25/493/388 405/896/766 131/430/388
f 1762/2367/1862 2353/2109/394 477/1918/1519
f 2463/606/388 1674/2370/388 2462/2110/388
f 2452/2371/388 1720/2258/1791 2451/2312/388
f 2681/1919/394 477/1918/1519 2353/2109/394 149/2347/394
f 1770/2265/1798 2344/2300/394 482/2327/1837
f 1967/672/394 113/659/394 216/599/523
f 476/2292/1815 3665/2372/1865 1760/2373/1866
f 236/496/388 2354/2374/388 497/656/570 2680/2274/388
f 1768/2375/1867 1767/2376/1868 2348/2341/388
f 3628/2377/1869 483/2314/1828 1751/2313/1827
f 66/482/394 366/2378/1870 377/479/423
f 1550/1046/872 2538/1014/388 165/1047/873
f 476/2292/1815 2354/2374/388 148/498/388 2631/1181/388
f 3680/2379/1871 1764/589/513 3683/2362/1857
f 1714/2380/1715 2366/2381/1872 147/1813/1696
f 911/2382/1873 2356/2383/1874 2355/2384/1875 2357/2385/1876
f 2357/2385/1876 2355/2384/1875 914/57/1877
f 475/2160/100 1714/2162/1715 2355/2384/1875 1759/506/437
f 2369/2159/1713 2368/2386/1878 918/1520/1879
f 3779/2387/1880 570/2388/1881 18/2389/334
f 2355/2384/1875 1714/2380/1715 147/1785/1696 914/57/1877
f 3420/2390/1882 1598/874/1883 154/1100/1884
f 145/2391/1885 907/2392/1886 3431/2393/1887
f 3420/2390/1882 154/2394/1884 2357/2385/1876 914/2395/1877
f 1465/615/534 2384/2396/1888 2385/612/535
f 1711/838/722 1710/2397/1889 2368/2386/1878
f 2356/2383/1874 490/146/136 3656/145/135 1759/506/437
f 503/303/281 1794/302/280 3753/1260/1060
f 2358/2260/1793 2359/2259/1792 2362/2398/1890 2361/2399/1891
f 2359/2259/1792 2360/2400/1892 2363/2401/1893 2362/2398/1890
f 2361/2399/1891 2362/2398/1890 2365/2402/1894 2364/2161/1714
f 2362/2398/1890 2363/2401/1893 2366/2381/1872 2365/2402/1894
f 2451/2312/388 1720/2258/1791 491/2403/1895 1751/2404/1827
f 675/2405/1896 3719/2328/1838 482/2327/1837
f 1720/2258/1791 1719/2406/1897 2360/2400/1892 2359/2259/1792
f 1719/2406/1897 180/2407/1898 915/2408/1899 2360/2400/1892
f 2360/2400/1892 915/2408/1899 916/2409/1900 2363/2401/1893
f 2363/2401/1893 916/2409/1900 917/2410/1901 2366/2381/1872
f 1758/2411/1902 2364/2161/1714 475/2160/100
f 1713/2412/616 2799/2413/1903 474/2414/1904
f 1717/47/45 3618/2415/1905 3617/2137/1691
f 473/2416/1906 1712/837/721 2367/839/723
f 1757/2417/1907 2361/2399/1891 2364/2161/1714 1758/2411/1902
f 1756/2418/1908 2358/2260/1793 2361/2399/1891 1757/2417/1907
f 2368/2386/1878 2369/2159/1713 2367/839/723 1711/838/722
f 1755/2158/1712 3644/2419/1909 473/2416/1906 2367/839/723
f 2386/2420/1910 1480/613/536 2385/612/535
f 918/1520/1879 2368/2386/1878 145/2391/1885 3431/2393/1887
f 2369/2159/1713 918/1766/1879 146/718/617 1713/717/616
f 830/2421/1490 116/2422/1489 2379/2423/1911
f 1731/2424/1912 474/2425/1904 2799/2413/1903
f 2369/2159/1713 1713/2412/616 474/2414/1904 1755/2158/1712
f 1779/1270/1061 3756/2426/1913 3758/1271/1069
f 2539/1105/922 2540/2427/1914 681/1113/914
f 2370/2241/1784 2371/2240/1783 2374/2428/1915 2373/2429/1916
f 2371/2240/1783 2372/2430/1917 2375/2431/1918 2374/2428/1915
f 2373/2429/1916 2374/2428/1915 2377/2432/1919 2376/2433/1920
f 2374/2428/1915 2375/2431/1918 2378/2434/1921 2377/2432/1919
f 1734/2435/398 2798/2251/394 1729/2239/1782 501/2436/1922
f 1752/2437/1923 501/2436/1922 2370/2241/1784
f 2372/2430/1917 919/2438/1924 920/2439/1925 2375/2431/1918
f 2375/2431/1918 920/2439/1925 921/2440/1926 2378/2434/1921
f 2378/2434/1921 921/2440/1926 145/2441/1885 1710/2442/1889
f 2377/2432/1919 2378/2434/1921 1710/2442/1889 1711/2443/722
f 2376/2433/1920 2377/2432/1919 1711/2443/722 1712/2444/721
f 1754/2445/1927 2376/2433/1920 1712/2444/721 473/2446/1906
f 1753/2447/1928 2373/2429/1916 2376/2433/1920 1754/2445/1927
f 1752/2437/1923 2370/2241/1784 2373/2429/1916 1753/2447/1928
f 2380/2448/1929 2381/2449/1930 2379/2423/1911 922/2450/1931
f 2380/2448/1929 855/2451/1622 854/2452/1621
f 925/2453/1932 2391/2454/1933 2390/2455/1934 2392/2456/1935
f 3169/2457/1936 922/2453/1931 3167/2458/1937 3168/2459/1938
f 3167/2458/1937 922/2450/1931 2379/2423/1911 116/2460/1489
f 2380/2448/1929 922/2453/1931 3169/2457/1936 117/2461/1623
f 825/2462/1939 2388/2463/1940 824/2464/1941
f 2383/2465/1942 124/2466/1140 2389/2467/1943 923/2468/1944
f 1464/2469/533 39/702/532 2384/2396/1888
f 923/2470/1944 2388/2463/1940 123/2471/1602 2382/2472/1945
f 823/2473/1946 824/2464/1941 2391/2454/1933
f 854/2452/1621 853/2474/1620 2383/2465/1942
f 2387/2475/1947 1466/2476/1948 1467/2477/1949
f 1124/2478/1950 2393/2479/1951 2395/2480/1952
f 2390/2455/1934 2391/2454/1933 824/2464/1941 2388/2463/1940
f 615/2481/1953 616/2482/1954 2393/2479/1951
f 579/343/319 2728/368/341 2729/2483/1955
f 924/707/1956 2384/2396/1888 39/2484/532 2396/2485/1957
f 2387/2475/1947 924/2468/1956 2394/2486/1958 40/2487/1959
f 2725/2488/1960 726/2489/1961 78/2490/1962
f 2387/2475/1947 1467/2477/1949 2386/2420/1910 2385/612/535
f 2386/2420/1910 350/2491/1963 3170/2492/1964 1480/613/536
f 347/764/658 1462/2493/677 1981/513/442
f 2389/2467/1943 2390/2455/1934 2388/2463/1940 923/2470/1944
f 827/2494/1137 826/2495/1136 2392/2456/1935
f 616/2482/1954 617/2496/1965 2394/2486/1958
f 827/2494/1137 2392/2456/1935 2390/2455/1934 2389/2467/1943
f 124/2466/1140 828/2497/1138 2389/2467/1943
f 2383/2465/1942 853/2474/1620 124/2484/1140
f 924/707/1956 2387/2475/1947 2385/612/535 2384/2396/1888
f 1122/2498/1966 2396/2485/1957 39/2484/532
f 925/2453/1932 2392/2456/1935 77/2499/1135 2722/1266/1066
f 2725/2488/1960 78/2500/1962 2391/2454/1933 925/2501/1932
f 77/2499/1135 1118/1264/1064 2722/1266/1066
f 2389/2467/1943 828/2497/1138 827/2494/1137
f 2401/2502/1967 2399/2503/1968 2398/2504/1969 821/2505/1010
f 2393/2479/1951 616/2482/1954 2394/2486/1958 2395/2480/1952
f 1702/2506/1970 2402/2507/1971 2404/2508/1972
f 3524/715/614 3522/2509/1973 1707/560/488
f 924/2468/1956 2396/2485/1957 2395/2480/1952 2394/2486/1958
f 823/2473/1946 2391/2454/1933 78/2500/1962
f 568/2510/378 567/2511/377 2730/1439/1214
f 1466/2476/1948 2387/2475/1947 40/2487/1959
f 617/2496/1965 40/2471/1959 2394/2486/1958
f 817/2512/1974 818/2513/1975 2400/2514/1976
f 1124/2478/1950 2395/2480/1952 1123/2515/1977 240/2516/1978
f 238/2517/1979 615/2481/1953 2393/2479/1951
f 2723/2518/1980 238/2517/1979 2393/2479/1951 1124/2478/1950
f 2397/2519/1981 927/2520/1982 2398/2504/1969 2399/2503/1968
f 926/2470/1983 2400/2514/1976 2399/2503/1968 2401/2502/1967
f 818/2513/1975 2397/2519/1981 2399/2503/1968 2400/2514/1976
f 2397/2519/1981 121/2521/1510 2409/2522/1984 927/2520/1982
f 819/2523/1985 2397/2519/1981 818/2513/1975
f 927/2520/1982 2410/2524/1986 122/2525/1013 2398/2504/1969
f 2415/294/274 1811/2526/1987 2418/2527/1988 2416/942/806
f 1688/2528/564 1687/2529/563 2403/2530/1989
f 2603/2531/1990 926/2470/1983 2401/2502/1967 67/2532/1003
f 837/2533/1509 2409/2522/1984 121/2521/1510
f 926/2534/1983 2605/2535/1991 68/2536/1992 2400/2514/1976
f 67/2532/1003 1043/2537/1993 2603/2531/1990
f 2414/2538/1994 2412/2539/1995 2411/2540/1996 928/2541/1997
f 821/2505/1010 820/2542/1009 2401/2502/1967
f 2413/2543/1998 1051/2544/1999 2412/2539/1995
f 2403/2530/1989 2404/2508/1972 2402/2507/1971 1688/2528/564
f 2629/268/249 1058/205/191 2628/2545/2000
f 1702/2506/1970 3506/2546/2001 465/2547/567 2402/2507/1971
f 2403/2530/1989 37/2548/562 2414/2538/1994 928/2501/1997
f 621/2549/2002 38/2550/2003 2411/2540/1996
f 2405/2551/2004 928/2541/1997 2411/2540/1996 38/2490/2003
f 2410/2524/1986 927/2520/1982 2409/2522/1984 2408/2552/2005
f 2404/2508/1972 1691/740/637 466/2553/635 1702/2506/1970
f 3644/2419/1909 1755/2158/1712 3645/263/243
f 2800/2554/2006 1713/2412/616 2801/716/615
f 2365/2402/1894 2366/2381/1872 1714/2380/1715
f 835/2555/1507 2406/2556/2007 836/2557/1508
f 837/2533/1509 836/2557/1508 2409/2522/1984
f 929/2558/2008 2406/2556/2007 114/2559/1587 3505/2560/2009
f 115/2561/1598 850/2562/1597 2407/2563/2010
f 2407/2563/2010 929/2534/2008 3508/2564/2011 115/2561/1598
f 70/2565/975 710/2566/1659 2420/2567/2012
f 2410/2524/1986 2408/2552/2005 2407/2563/2010 849/2568/1604
f 1048/2569/2013 2414/2538/1994 37/2548/562
f 2405/2551/2004 1690/2570/2014 1691/2571/637
f 2410/2524/1986 848/2572/1603 122/2525/1013
f 620/2573/2015 621/2549/2002 2411/2540/1996
f 2407/2563/2010 850/2562/1597 849/2568/1604
f 1823/945/809 2415/294/274 2416/942/806
f 3864/288/268 3863/2574/2016 1828/279/259
f 506/2575/1120 3814/1430/1206 1787/2576/1205
f 200/2577/2017 620/2573/2015 2412/2539/1995 1051/2544/1999
f 114/2559/1587 806/2578/1593 3505/2560/2009
f 2407/2563/2010 2408/2552/2005 2406/2556/2007 929/2558/2008
f 2414/2538/1994 1048/2569/2013 1049/2579/2018
f 2412/2539/1995 2414/2538/1994 1049/2579/2018 2413/2543/1998
f 2413/2543/1998 202/2580/2019 2606/2581/2020 1051/2544/1999
f 2417/2582/2021 659/2583/807 2416/942/806
f 3474/2182/1735 3472/2584/2022 1678/2166/1719
f 2418/2527/1988 931/2585/1944 2417/2582/2021 2416/942/806
f 1657/2586/1766 1656/2587/1765 2424/2588/2023
f 1286/273/254 187/275/256 2060/866/747
f 946/2589/81 5/90/20 1852/101/96
f 2415/294/274 1823/945/809 3843/2590/2024 516/292/272
f 931/2585/1944 2418/2527/1988 46/2591/772 3462/2592/2025
f 889/2593/2026 139/2594/2027 2429/2595/2028
f 3465/751/648 47/2594/2029 2417/2582/2021 931/2596/1944
f 46/2591/772 639/2597/791 3462/2592/2025
f 2424/2588/2023 2426/2598/2030 1675/2599/2031
f 1015/875/754 1014/868/2032 2054/1094/913
f 707/2600/2033 2419/2601/2034 706/2602/2035
f 705/2603/2036 706/2602/2035 2422/2604/2037
f 709/2605/1658 708/2606/1657 2423/2607/2038
f 69/2550/989 3841/2608/2039 930/2609/2040 2419/2601/2034
f 3465/751/648 641/2610/2041 47/2611/2029
f 2420/2567/2012 930/2541/2040 3840/2612/2042 70/2565/975
f 707/2600/2033 69/2613/989 2419/2601/2034
f 709/2605/1658 2423/2607/2038 2421/2614/2043 2420/2567/2012
f 140/2615/1656 2432/2616/2044 932/2558/1956 2423/2607/2038
f 1655/2617/1764 133/2565/1763 2425/2618/2045
f 2429/2595/2028 139/2619/2027 2422/2604/2037 932/2585/1956
f 2437/2620/2046 902/2621/2047 903/2622/2048
f 2438/2623/2049 2439/2174/1727 1582/2234/1780
f 887/2624/2050 888/2625/2051 2428/2626/2052
f 2424/2588/2023 1656/2587/1765 2425/2618/2045 2426/2598/2030
f 3375/2627/2053 3374/2133/1687 1595/1978/1567
f 888/2625/2051 889/2593/2026 2429/2595/2028
f 933/2609/2054 2427/2628/2055 2426/2598/2030 2425/2618/2045
f 2428/2626/2052 933/2609/2054 2425/2618/2045 133/2629/1763
f 2427/2628/2055 933/2630/2054 2431/2631/2056 134/2613/2057
f 1585/2632/2058 2440/2172/1725 1584/2633/2059
f 883/2634/2060 884/2635/2061 2434/2636/2062
f 1675/2599/2031 2426/2598/2030 1659/2163/1716 455/2637/1724
f 454/2638/1768 1657/2586/1766 2424/2588/2023
f 1979/728/626 1980/692/592 1686/691/476
f 3463/2639/2063 454/2638/1768 2424/2588/2023 1675/2599/2031
f 2428/2626/2052 888/2625/2051 2429/2595/2028 2430/2640/2064
f 899/2641/2065 2431/2631/2056 2430/2640/2064 2432/2616/2044
f 933/2630/2054 2428/2626/2052 2430/2640/2064 2431/2631/2056
f 932/2585/1956 2432/2616/2044 2430/2640/2064 2429/2595/2028
f 1658/2642/2066 2427/2628/2055 134/2613/2057
f 2423/2607/2038 932/2558/1956 2422/2604/2037 2421/2614/2043
f 2423/2607/2038 708/2606/1657 140/2561/1656
f 900/2643/2067 2431/2631/2056 899/2641/2065
f 133/2629/1763 887/2624/2050 2428/2626/2052
f 2441/2644/2068 2439/2174/1727 2438/2623/2049 934/2645/2069
f 2437/2620/2046 2435/2646/2070 2434/2636/2062 935/2645/1997
f 1581/2647/1779 135/2648/1778 2438/2623/2049
f 2431/2631/2056 900/2643/2067 134/2649/2057
f 2433/2650/2071 883/2634/2060 2434/2636/2062 2435/2646/2070
f 903/2622/2048 2436/2651/2072 2435/2646/2070 2437/2620/2046
f 934/2652/2069 2433/2650/2071 2435/2646/2070 2436/2651/2072
f 934/2645/2069 2438/2623/2049 135/2653/1778 2433/2650/2071
f 2448/2654/2073 2450/2655/2074 936/2656/1982 2449/2657/2075
f 935/2645/1997 2434/2636/2062 141/2611/2076 2445/2658/2077
f 2437/2620/2046 935/2596/1997 2446/2659/2078 142/2648/1637
f 2450/2655/2074 1786/2660/2079 48/2661/817
f 2445/2658/2077 735/2662/2080 2442/2663/2081 2444/2664/2082
f 2441/2644/2068 1583/2665/2083 1584/2633/2059
f 2441/2644/2068 934/2652/2069 2436/2651/2072 136/2666/2084
f 904/2667/2085 2436/2651/2072 903/2622/2048
f 1583/2665/2083 2441/2644/2068 136/2666/2084
f 2441/2644/2068 1584/2633/2059 2440/2172/1725 2439/2174/1727
f 2450/2655/2074 2448/2654/2073 1787/2576/1205
f 3805/2668/2086 3804/365/338 578/364/335
f 644/2669/2087 3366/2670/2088 416/2671/2089
f 2443/2672/2090 738/2673/1639 2446/2659/2078 2444/2664/2082
f 734/2674/2091 2445/2658/2077 141/2611/2076
f 884/2635/2061 141/2666/2076 2434/2636/2062
f 2446/2659/2078 935/2596/1997 2445/2658/2077 2444/2664/2082
f 416/2671/2089 3366/2670/2088 1592/2173/1726 2440/2172/1725
f 1598/874/1883 3420/2390/1882 1599/875/2092
f 2448/2654/2073 2447/2675/2093 1798/1333/1121
f 736/2676/2094 2442/2663/2081 735/2662/2080
f 734/2674/2091 735/2662/2080 2445/2658/2077
f 2539/1105/922 670/2677/902 2541/130/120 2540/2427/1914
f 2442/2663/2081 79/1526/1023 3799/2678/2095 937/2450/2096
f 80/2422/993 739/2679/1640 2443/2672/2090
f 2443/2672/2090 937/2680/2096 3798/2681/2097 80/2422/993
f 670/2677/902 669/2682/901 2541/130/120
f 3626/2683/2098 672/2684/959 54/2685/940
f 48/2661/817 643/2686/2099 3363/2687/2100
f 902/2621/2047 2437/2620/2046 142/2648/1637
f 2446/2659/2078 737/2688/1638 142/2591/1637
f 738/2673/1639 737/2688/1638 2446/2659/2078
f 2448/2654/2073 2449/2657/2075 663/2689/832 2447/2675/2093
f 941/2690/2101 2547/2691/2102 52/1557/928
f 1787/2576/1205 1786/2660/2079 2450/2655/2074
f 504/2692/830 3801/2693/2103 1798/1333/1121 2447/2675/2093
f 696/2694/987 695/2695/986 3843/2590/2024
f 2540/2427/1914 2541/130/120 1009/76/73
f 506/2575/1120 1787/2576/1205 2448/2654/2073 1798/1333/1121
f 717/2696/2104 716/1434/1210 2142/1421/1197
f 3365/2697/2105 646/2698/2106 49/2699/834
f 3363/2687/2100 936/2656/1982 2450/2655/2074 48/2661/817
f 936/2656/1982 3365/2697/2105 49/2699/834 2449/2657/2075
f 1782/2700/2107 1781/2701/2108 3801/2693/2103
f 983/2702/2109 165/1047/873 3216/1011/388
f 970/2703/2110 3634/2704/2111 491/2403/1895
f 1815/2705/2112 484/2305/1822 3844/2310/388
f 969/2355/388 3399/2706/388 180/2707/1898 2452/2371/388
f 3213/1915/1516 3214/2708/2113 985/1916/1517
f 983/2702/2109 3223/2709/2114 165/1047/873
f 2459/2315/1829 2460/2710/2115 1722/2316/1830
f 545/2711/2116 3665/2372/1865 476/2292/1815
f 2453/2712/2117 2454/2713/2118 2457/2714/2119 2456/2715/2120
f 2454/2713/2118 2455/2716/2121 2458/2717/2122 2457/2714/2119
f 2456/2715/2120 2457/2714/2119 2460/2710/2115 2459/2315/1829
f 2457/2714/2119 2458/2717/2122 2461/2718/2123 2460/2710/2115
f 490/2719/136 910/2720/2124 2453/2712/2117 1748/2721/2125
f 910/2720/2124 911/2722/1873 2454/2713/2118 2453/2712/2117
f 911/2722/1873 912/2723/2126 2455/2716/2121 2454/2713/2118
f 912/2723/2126 154/2724/1884 966/2725/2127 2455/2716/2121
f 2455/2716/2121 966/2725/2127 967/2726/2128 2458/2717/2122
f 2458/2717/2122 967/2726/2128 968/2727/2129 2461/2718/2123
f 2461/2718/2123 968/2727/2129 179/2330/1840 1721/2728/2130
f 2460/2710/2115 2461/2718/2123 1721/2728/2130 1722/2316/1830
f 1745/2729/2131 1744/2730/2132 2557/2318/388
f 1764/589/513 2350/2359/394 2351/477/394
f 1749/2731/2133 2456/2715/2120 2459/2315/1829 1750/2732/2134
f 1748/2721/2125 2453/2712/2117 2456/2715/2120 1749/2731/2133
f 2474/1495/388 1525/1010/388 2473/2001/388
f 2462/2110/388 137/2105/388 3273/2733/388 178/2154/1708
f 1695/629/547 2593/638/394 184/640/556
f 1719/2406/1897 2452/2371/388 180/2707/1898
f 1594/2734/2135 1593/2199/1748 2332/2201/1750
f 2463/606/388 459/2151/1705 3461/2735/388 1674/2370/388
f 2464/2736/2136 2465/2737/2137 2468/2738/2138 2467/2739/2139
f 2465/2737/2137 2466/2740/2140 2469/2741/2141 2468/2738/2138
f 2467/2739/2139 2468/2738/2138 2471/2742/2142 2470/2743/2143
f 2468/2738/2138 2469/2741/2141 2472/2064/1633 2471/2742/2142
f 458/2744/1736 856/2745/2144 2464/2736/2136 1671/2746/2145
f 856/2745/2144 857/2747/1733 2465/2737/2137 2464/2736/2136
f 857/2747/1733 858/2748/1728 2466/2740/2140 2465/2737/2137
f 858/2748/1728 127/2749/1729 964/2750/2146 2466/2740/2140
f 2466/2740/2140 964/2750/2146 965/2751/2147 2469/2741/2141
f 965/2751/2147 3280/2752/2148 177/1907/1512 2472/2064/1633
f 2470/2743/2143 2471/2742/2142 1665/1906/1511 1666/2753/2149
f 1673/2754/2150 2470/2743/2143 1666/2753/2149 460/2097/1663
f 1672/2755/2151 2467/2739/2139 2470/2743/2143 1673/2754/2150
f 1671/2746/2145 2464/2736/2136 2467/2739/2139 1672/2755/2151
f 1508/1496/1242 2474/1495/388 2473/2001/388 2475/2756/388
f 838/1910/394 3509/1892/394 3511/2757/394
f 2235/1909/394 838/1910/394 120/1054/394
f 2475/2756/388 963/689/388 3494/1025/388 176/1973/1561
f 2469/2741/2141 965/2751/2147 2472/2064/1633
f 1445/2758/388 1444/2759/388 2486/2760/388
f 1526/2761/388 2474/1495/388 1509/1494/1241 373/1970/1558
f 2476/2762/2152 2477/2763/2153 2480/2764/2154 2479/2765/2155
f 2477/2763/2153 2478/2766/2156 2481/2767/2157 2480/2764/2154
f 2479/2765/2155 2480/2764/2154 2483/2768/2158 2482/2769/2159
f 2480/2764/2154 2481/2767/2157 2484/2770/2160 2483/2768/2158
f 372/2771/1574 814/2772/1538 2476/2762/2152 1522/2773/2161
f 814/2772/1538 815/2774/1540 2477/2763/2153 2476/2762/2152
f 815/2774/1540 816/2775/1545 2478/2766/2156 2477/2763/2153
f 816/2775/1545 118/2776/1547 960/2777/2162 2478/2766/2156
f 2478/2766/2156 960/2777/2162 961/2778/2163 2481/2767/2157
f 2481/2767/2157 961/2778/2163 962/2779/2164 2484/2770/2160
f 2484/2770/2160 962/2779/2164 175/1890/1497 1510/1899/1505
f 2483/2768/2158 2484/2770/2160 1510/1899/1505 1511/1898/1504
f 2482/2769/2159 2483/2768/2158 1511/1898/1504 1512/1912/1514
f 1524/2780/2165 2482/2769/2159 1512/1912/1514 374/1911/1513
f 1523/2781/2166 2479/2765/2155 2482/2769/2159 1524/2780/2165
f 1522/2773/2161 2476/2762/2152 2479/2765/2155 1523/2781/2166
f 2488/2782/388 2485/1672/388 959/1694/388
f 2946/2783/388 1363/2784/2167 1364/2785/2168
f 2488/2782/388 959/1694/388 2948/2786/388 174/1799/1422
f 942/1726/388 3082/1725/388 166/2787/2169
f 2487/2788/388 2488/2782/388 1422/1798/1421 1423/1797/1420
f 2486/2760/388 2487/2788/388 1423/1797/1420 1424/1795/1418
f 1445/2758/388 2486/2760/388 1424/1795/1418 331/1794/1417
f 2535/2789/388 1635/2790/388 2534/892/388
f 2489/2791/2170 2490/2792/2171 2493/2793/2172 2492/2794/2173
f 2490/2792/2171 2491/2795/2174 2494/2796/2175 2493/2793/2172
f 2492/2794/2173 2493/2793/2172 2496/2797/2176 2495/2798/2177
f 2493/2793/2172 2494/2796/2175 2497/2799/2178 2496/2797/2176
f 330/2800/1406 764/2801/1309 2489/2791/2170 1441/2802/2179
f 764/2801/1309 765/2803/1266 2490/2792/2171 2489/2791/2170
f 765/2803/1266 766/2804/1265 2491/2795/2174 2490/2792/2171
f 766/2804/1265 91/2805/1398 956/2806/2180 2491/2795/2174
f 2491/2795/2174 956/2806/2180 957/2807/2181 2494/2796/2175
f 2494/2796/2175 957/2807/2181 958/2808/2182 2497/2799/2178
f 2497/2799/2178 958/2808/2182 173/1707/1371 1425/1706/1370
f 2496/2797/2176 2497/2799/2178 1425/1706/1370 1426/1704/1369
f 2495/2798/2177 2496/2797/2176 1426/1704/1369 1427/1703/1368
f 1443/2809/2183 2495/2798/2177 1427/1703/1368 332/1702/1367
f 1442/2810/2184 2492/2794/2173 2495/2798/2177 1443/2809/2183
f 1441/2802/2179 2489/2791/2170 2492/2794/2173 1442/2810/2184
f 2498/2811/2185 2499/124/116 2502/2812/2186 2501/2813/2187
f 2499/124/116 2500/89/86 2503/2814/2188 2502/2812/2186
f 2501/2813/2187 2502/2812/2186 2505/2815/2189 2504/2816/2190
f 2502/2812/2186 2503/2814/2188 2506/2817/2191 2505/2815/2189
f 279/2818/93 525/2819/2192 2498/2811/2185 1366/2820/2193
f 525/2819/2192 526/125/97 2499/124/116 2498/2811/2185
f 2841/2821/2194 1236/54/52 2842/2822/2195
f 1853/116/109 945/115/108 944/129/85
f 2503/2814/2188 944/88/85 945/2823/108 2506/2817/2191
f 2506/2817/2191 945/2823/108 168/1080/107 1280/1079/900
f 2505/2815/2189 2506/2817/2191 1280/1079/900 1281/1078/899
f 2504/2816/2190 2505/2815/2189 1281/1078/899 1282/1076/897
f 1368/2824/2196 2504/2816/2190 1282/1076/897 297/1075/896
f 1367/2825/2197 2501/2813/2187 2504/2816/2190 1368/2824/2196
f 1366/2820/2193 2498/2811/2185 2501/2813/2187 1367/2825/2197
f 2507/2826/2198 2508/2827/2199 2511/2828/2200 2510/2829/2201
f 2508/2827/2199 2509/2830/2202 2512/2831/2203 2511/2828/2200
f 2510/2829/2201 2511/2828/2200 2514/2832/2204 2513/2833/2205
f 2511/2828/2200 2512/2831/2203 2515/1051/877 2514/2832/2204
f 385/2834/445 583/2835/447 2507/2826/2198 1562/2836/2206
f 583/2835/447 584/2837/349 2508/2827/2199 2507/2826/2198
f 584/2837/349 585/2838/348 2509/2830/2202 2508/2827/2199
f 585/2838/348 21/2839/438 947/2840/2207 2509/2830/2202
f 2509/2830/2202 947/2840/2207 948/2841/2208 2512/2831/2203
f 2512/2831/2203 948/2841/2208 949/2842/2209 2515/1051/877
f 1564/2843/2210 2513/2833/2205 401/1057/881
f 231/1045/871 2218/1351/1139 380/660/573
f 1747/2844/2211 1746/2329/1839 2555/2361/394
f 165/1047/873 592/528/457 1934/523/452
f 1563/2845/2212 2510/2829/2201 2513/2833/2205 1564/2843/2210
f 1562/2836/2206 2507/2826/2198 2510/2829/2201 1563/2845/2212
f 2516/2846/2213 2517/2847/2214 2520/2848/2215 2519/2849/2216
f 2517/2847/2214 2518/2850/2217 2521/2851/2218 2520/2848/2215
f 2519/2849/2216 2520/2848/2215 2523/2852/2219 2522/1003/848
f 2520/2848/2215 2521/2851/2218 2524/1039/867 2523/2852/2219
f 463/2853/613 599/2854/597 2516/2846/2213 1699/2855/2220
f 599/2854/597 600/2856/598 2517/2847/2214 2516/2846/2213
f 600/2856/598 601/2857/603 2518/2850/2217 2517/2847/2214
f 601/2857/603 31/2184/605 950/2858/2221 2518/2850/2217
f 2518/2850/2217 950/2858/2221 951/2859/2222 2521/2851/2218
f 2521/2851/2218 951/2859/2222 952/2860/2223 2524/1039/867
f 1701/2861/2224 2522/1003/848 469/1002/847
f 2660/685/388 215/468/418 112/686/388
f 166/2787/2169 625/733/630 1974/726/624
f 1973/723/621 1693/730/627 1974/726/624
f 1700/2862/2225 2519/2849/2216 2522/1003/848 1701/2861/2224
f 1699/2855/2220 2516/2846/2213 2519/2849/2216 1700/2862/2225
f 2525/2863/2226 2526/2864/2227 2529/2865/2228 2528/2866/2229
f 2526/2864/2227 2527/2867/2230 2530/2868/2231 2529/2865/2228
f 2528/2866/2229 2529/2865/2228 2532/2869/2232 2531/2870/2233
f 2529/2865/2228 2530/2868/2231 2533/2871/2234 2532/2869/2232
f 423/2872/750 647/2873/756 2525/2863/2226 1636/2874/2235
f 647/2873/756 648/2875/715 2526/2864/2227 2525/2863/2226
f 648/2875/715 649/2876/714 2527/2867/2230 2526/2864/2227
f 649/2876/714 50/2877/716 953/2878/2236 2527/2867/2230
f 2527/2867/2230 953/2878/2236 954/2879/2237 2530/2868/2231
f 2530/2868/2231 954/2879/2237 955/2880/2238 2533/2871/2234
f 2533/2871/2234 955/2880/2238 172/988/839 1618/1001/846
f 2532/2869/2232 2533/2871/2234 1618/1001/846 1619/963/821
f 2531/2870/2233 2532/2869/2232 1619/963/821 1620/962/820
f 1638/2881/2239 2531/2870/2233 1620/962/820 441/984/838
f 1637/2882/2240 2528/2866/2229 2531/2870/2233 1638/2881/2239
f 1636/2874/2235 2525/2863/2226 2528/2866/2229 1637/2882/2240
f 1622/853/736 2535/2789/388 2534/892/388 2536/1689/388
f 3413/2293/394 1642/454/413 436/663/576
f 691/1194/1002 2084/1186/996 2081/922/787
f 2089/1209/1017 2092/1225/1029 2091/1222/1026
f 1630/1932/394 440/1365/394 2880/1364/394
f 3460/2883/388 978/2884/2241 167/855/738
f 1974/726/624 1693/730/627 166/2787/2169
f 3460/2883/388 167/855/738 2536/1689/388 943/1690/388
f 2535/2789/388 442/850/733 3400/2885/388 1635/2790/388
f 2555/2361/394 1746/2329/1839 2554/2015/394
f 1972/722/620 470/731/628 1693/730/627
f 2523/2852/2219 2524/1039/867 1692/1004/849
f 658/917/783 2018/928/792 185/1687/1362
f 472/1042/869 3488/1052/878 468/1043/394 2593/638/394
f 3082/1725/388 988/2886/2242 166/2787/2169
f 1693/730/627 2537/729/388 942/1726/388 166/2787/2169
f 1693/730/627 1973/723/621 1972/722/620
f 3495/2887/388 3493/625/388 1698/624/388
f 996/2888/2243 469/1002/847 3510/2889/394
f 440/1365/394 3387/2890/394 162/2250/394
f 2068/900/769 2069/1022/860 2070/1044/870
f 3216/1011/388 165/1047/873 2538/1014/388 56/1013/388
f 461/2222/1771 1034/2891/2244 3449/1686/394
f 1571/538/467 402/2892/2245 1932/519/448
f 3245/1061/394 365/2005/394 55/1062/394
f 66/482/394 2085/471/394 27/474/394
f 2154/1511/388 2153/1510/388 754/1492/388
f 2582/91/88 2581/93/90 2580/276/257 556/131/121
f 2097/1103/920 2098/1102/919 1083/122/114
f 665/1115/930 186/1119/934 2055/1109/926
f 164/2893/76 2553/2894/2246 941/2895/2101
f 2577/299/277 563/298/261 2578/1952/1544
f 1009/76/73 164/2893/76 941/2895/2101 2540/2427/1914
f 2580/276/257 557/2896/233 556/131/121
f 2550/2897/2247 941/2690/2101 2553/2894/2246
f 672/1145/959 3632/1143/957 169/2898/82
f 938/2899/2248 2542/1129/942 939/1107/924
f 686/2900/2249 3833/2901/2250 3835/1130/944
f 1806/2902/2251 3864/288/268 513/287/267
f 938/2899/2248 51/1773/943 2542/1129/942
f 54/2685/940 672/2684/959 2543/113/106 682/1126/941
f 2543/113/106 672/1145/959 169/2898/82 1010/100/95
f 667/1117/932 2057/1118/933 51/153/943
f 940/1106/923 2544/109/102 163/108/101
f 1017/1127/915 3723/2903/2252 3726/2904/2253
f 3726/2904/2253 680/2905/2254 54/2685/940
f 2544/109/102 939/1107/924 2542/1129/942 2543/113/106
f 2545/2906/2255 2546/2907/2256 2549/2908/2257 2548/2909/2258
f 2546/2907/2256 2547/2691/2102 2550/2897/2247 2549/2908/2257
f 2548/2909/2258 2549/2908/2257 2552/2910/2259 2551/2911/2260
f 2549/2908/2257 2550/2897/2247 2553/2894/2246 2552/2910/2259
f 290/2912/2261 1261/1148/962 2545/2906/2255 1363/2784/2167
f 1261/1148/962 1260/1147/961 2546/2907/2256 2545/2906/2255
f 1260/1147/961 1259/1142/956 2547/2691/2102 2546/2907/2256
f 1283/75/72 2553/2894/2246 164/2893/76
f 2503/2814/2188 2500/89/86 944/88/85
f 2552/2910/2259 2553/2894/2246 1283/75/72 1284/74/71
f 2551/2911/2260 2552/2910/2259 1284/74/71 1285/72/69
f 1365/2913/2262 2551/2911/2260 1285/72/69 298/71/68
f 1364/2785/2168 2548/2909/2258 2551/2911/2260 1365/2913/2262
f 1363/2784/2167 2545/2906/2255 2548/2909/2258 1364/2785/2168
f 2557/2318/388 1744/2730/2132 2556/1680/388
f 3601/2914/2263 479/2342/1845 1744/2730/2132
f 2348/2341/388 1767/2376/1868 2346/2322/388 2347/889/388
f 491/2403/1895 3634/2704/2111 1751/2404/1827
f 2027/953/814 431/1150/964 450/1473/1018
f 2311/2112/1670 1663/607/530 178/2154/1708
f 1747/2844/2211 2555/2361/394 493/2360/1856
f 1772/2320/1833 2341/2302/388 2342/2279/388
f 1723/2014/394 2555/2361/394 2554/2015/394
f 2358/2260/1793 491/2403/1895 1720/2258/1791
f 3461/2735/388 3459/2915/388 1674/2370/388
f 1724/2303/388 2557/2318/388 2556/1680/388
f 3845/2289/394 1816/2350/1851 478/590/514
f 1765/2344/1847 2349/2353/388 479/2342/1845
f 1771/2333/1841 494/2317/1831 2341/2302/388
f 1742/2916/2264 1741/1657/1354 2632/1656/388
f 3266/996/394 1040/2917/2265 196/2212/1761
f 1667/2203/1752 2323/2187/1739 461/2222/1771
f 1526/2761/388 1525/1010/388 2474/1495/388
f 196/2212/1761 2558/2102/394 138/2099/394 3266/996/394
f 2592/882/760 443/884/430 430/1701/1366
f 2565/2095/1662 462/2094/1661 3448/2918/2266 1670/2919/2267
f 3447/2920/2268 1670/2919/2267 3448/2918/2266
f 3468/2921/2269 3466/2221/1770 1676/2220/1769
f 2559/2165/1718 2560/2164/1717 2563/2922/2270 2562/2923/2271
f 2560/2164/1717 2561/2924/2272 2564/2925/2273 2563/2922/2270
f 2566/2103/1665 1668/2052/1625 2565/2095/1662 2563/2922/2270
f 1525/1010/388 3217/2926/388 3216/1011/388
f 637/2927/2274 454/2638/1768 3463/2639/2063
f 1659/2163/1716 1658/2928/2066 2561/2924/2272 2560/2164/1717
f 1658/2928/2066 134/2929/2057 1026/2930/2275 2561/2924/2272
f 2561/2924/2272 1026/2930/2275 1027/2931/2276 2564/2925/2273
f 2566/2103/1665 1027/2931/2276 3272/1058/882 195/1060/884
f 487/2275/1806 3760/2932/2277 1776/2933/2278
f 1670/2919/2267 2562/2923/2271 2565/2095/1662
f 1669/2170/1723 2559/2165/1718 2562/2923/2271 1670/2919/2267
f 1726/2309/388 2631/1181/388 219/987/388
f 365/2005/394 120/1054/394 194/1053/879 375/2063/1143
f 462/2094/1661 1668/2096/1625 2297/2051/388
f 3510/2889/394 1703/1041/394 3511/2757/394
f 2268/1876/1483 2269/2035/1609 1495/1877/1484
f 1495/1877/1484 2220/1866/1473 2219/1865/1472
f 2268/1876/1483 1528/2036/1610 2266/676/584
f 2567/1759/1387 1493/2027/1601 115/2024/1598 1025/1048/874
f 2588/2934/2279 2589/2935/2280 2591/1020/858
f 2185/1643/394 2186/1705/394 2188/1671/394
f 2186/1705/394 2187/1669/394 2188/1671/394
f 333/1748/1106 322/1731/394 101/1921/394 192/1742/394
f 1540/1459/388 2216/1846/388 371/1460/388
f 1667/2203/1752 2558/2102/394 196/2212/1761
f 998/1891/1498 997/2936/2281 3509/1892/394
f 335/1738/1383 3068/2937/2282 324/1651/1350 2607/1737/1382
f 342/1633/1345 3049/2938/2283 1439/1720/1380
f 334/1030/408 319/1709/1373 98/1711/388 191/1676/388
f 1041/1740/394 192/1742/394 2942/1922/394
f 2568/2939/2284 2569/2940/2285 2572/2941/2286 2571/2942/2287
f 2569/2940/2285 2570/1092/912 2573/1122/937 2572/2941/2286
f 2571/2942/2287 2572/2941/2286 2575/2943/2288 2574/2944/2289
f 2572/2941/2286 2573/1122/937 2576/274/255 2575/2943/2288
f 286/322/300 1249/320/298 2568/2939/2284 1360/2945/2290
f 1249/320/298 1248/319/297 2569/2940/2285 2568/2939/2284
f 1248/319/297 1247/318/296 2570/1092/912 2569/2940/2285
f 2576/274/255 1021/290/911 187/275/256
f 187/275/256 1021/290/911 2581/93/90 1038/833/89
f 2575/2943/2288 2576/274/255 1286/273/254 1287/1141/955
f 2574/2944/2289 2575/2943/2288 1287/1141/955 1288/1140/954
f 1362/2946/2291 2574/2944/2289 1288/1140/954 299/2947/2292
f 1361/2948/2293 2571/2942/2287 2574/2944/2289 1362/2946/2291
f 1360/2945/2290 2568/2939/2284 2571/2942/2287 1361/2948/2293
f 558/316/294 3605/315/293 182/2949/103
f 2580/276/257 2581/93/90 562/281/246
f 1019/2950/2294 2577/299/277 2578/1952/1544 2579/1120/935
f 2604/2951/2295 2603/2531/1990 1044/2952/2296
f 570/2953/1881 3782/2954/2297 3785/301/279
f 1785/2955/2298 3806/1424/1200 505/1423/1199
f 553/2956/2299 1893/282/262 13/300/278
f 16/2957/276 558/2958/294 2578/1952/1544 563/265/261
f 1890/264/245 1045/2959/2300 15/300/234
f 2578/1952/1544 558/316/294 182/2949/103 1037/1110/927
f 1018/2960/2301 13/2961/278 2577/299/277
f 1020/2962/2302 2579/1120/935 186/1119/934
f 543/165/138 2645/157/147 2646/123/115
f 2582/91/88 555/132/122 181/2963/232
f 2606/2581/2020 2604/2951/2295 1051/2544/1999
f 1044/2964/2296 3069/2965/2303 200/2966/2017
f 1574/383/354 3325/517/446 3323/2967/2304
f 3684/187/173 3687/2968/2305 1809/297/174
f 1018/2960/2301 2577/299/277 1019/2950/2294
f 684/2969/1093 683/2970/1092 2629/268/249
f 2623/1098/916 2620/860/743 1042/859/742
f 1043/2537/1993 1044/2952/2296 2603/2531/1990
f 682/1126/941 2057/1118/933 2056/1108/925
f 1262/1233/1037 64/1234/744 2620/860/743
f 3443/1999/1582 1024/1480/1238 47/2971/2029
f 1008/2972/2306 3314/2155/1709 178/2154/1708
f 1036/1674/388 191/1676/388 2944/2973/388
f 2945/2974/388 1362/2946/2291 299/2947/2292
f 2584/739/636 2585/741/638 2588/2934/2279 2587/2975/2307
f 2585/741/638 2586/2976/2308 2589/2935/2280 2588/2934/2279
f 2591/1020/858 1694/1019/857 2590/907/773 2588/2934/2279
f 2026/939/803 47/2971/2029 1607/931/795
f 804/2977/2309 465/2547/567 3506/2546/2001
f 1691/740/637 1690/2978/2014 2586/2976/2308 2585/741/638
f 1690/2978/2014 38/2979/2003 1022/2980/2310 2586/2976/2308
f 2586/2976/2308 1022/2980/2310 1023/642/558 2589/2935/2280
f 329/464/394 3036/1757/394 88/664/394
f 3125/2981/394 673/1038/394 171/1040/868
f 35/688/388 1968/687/388 223/680/588
f 1750/2732/2134 2459/2315/1829 492/2264/1797
f 1696/737/634 2584/739/636 2587/2975/2307 1697/909/775
f 472/1042/869 1959/628/546 1708/652/568
f 1609/955/815 3808/2982/2311 3807/2983/2312
f 47/2971/2029 1024/1480/1238 2592/882/760 1607/931/795
f 1959/628/546 472/1042/869 1695/629/547
f 2218/1351/1139 1503/1353/1141 369/1765/1390
f 3495/2887/388 1698/624/388 470/731/628
f 460/2097/1663 1666/2753/2149 2295/2062/394
f 433/2283/394 60/1688/394 185/1687/1362 444/1744/1143
f 90/1456/388 3362/2984/388 247/911/777
f 1615/1180/991 1614/1179/990 2662/1156/970
f 212/681/589 698/1158/972 2067/1021/859
f 2524/1039/867 952/2860/2223 171/1040/868
f 3127/2985/394 3126/2986/394 1456/1644/394
f 394/997/394 55/1062/394 183/918/394 404/919/784
f 27/474/394 360/2987/2313 366/2378/1870 66/482/394
f 2594/2988/2314 2595/2989/2315 2598/2990/2316 2597/2991/2317
f 2595/2989/2315 2596/2992/2318 2599/2993/2319 2598/2990/2316
f 2597/2991/2317 2598/2990/2316 2601/2994/2320 2600/2995/2321
f 2598/2990/2316 2599/2993/2319 2602/2996/2322 2601/2994/2320
f 1258/1087/907 1257/1086/906 2595/2989/2315 2594/2988/2314
f 1257/1086/906 1256/1085/905 2596/2992/2318 2595/2989/2315
f 1256/1085/905 53/1084/904 1014/2997/2032 2596/2992/2318
f 2596/2992/2318 1014/2997/2032 1015/2998/754 2599/2993/2319
f 2599/2993/2319 1015/2998/754 1016/2999/753 2602/2996/2322
f 2602/2996/2322 1016/2999/753 181/248/232 1289/247/231
f 2601/2994/2320 2602/2996/2322 1289/247/231 1290/246/230
f 2600/2995/2321 2601/2994/2320 1290/246/230 1291/244/228
f 2945/2974/388 1036/1674/388 2944/2973/388
f 693/3000/2323 2605/2535/1991 2604/2951/2295 2606/2581/2020
f 926/2534/1983 2603/2531/1990 2604/2951/2295 2605/2535/1991
f 1050/3001/2324 2413/2543/1998 1049/2579/2018
f 2627/1259/1059 2628/2545/2000 713/1235/1038
f 1051/2544/1999 2604/2951/2295 1044/2964/2296 200/2966/2017
f 201/269/250 1047/183/170 1888/182/169
f 684/2969/1093 2629/268/249 2628/2545/2000 2627/1259/1059
f 2629/268/249 683/2970/1092 201/269/250
f 2719/1447/1220 2720/3002/2325 745/553/1189
f 539/1248/214 538/3003/213 2647/121/113
f 1689/3004/565 1688/2528/564 2402/2507/1971
f 2405/2551/2004 2404/2508/1972 2403/2530/1989 928/2501/1997
f 1054/3005/2326 3065/3006/2327 3064/1758/1386
f 1354/3007/2328 1355/3008/2329 2937/3009/388
f 2936/3010/388 204/1724/388 2607/1737/1382 103/1665/388
f 2608/1658/1355 97/1696/394 2939/2003/394 203/1659/394
f 2937/3009/388 1355/3008/2329 302/310/288
f 103/1665/388 782/1664/388 2936/3010/388
f 2726/1721/394 1440/486/425 326/488/427
f 2938/3011/394 2939/2003/394 775/1734/394
f 2609/3012/2330 2610/3013/2331 2613/3014/2332 2612/3015/2333
f 2610/3013/2331 2611/3016/2334 2614/3017/2335 2613/3014/2332
f 2612/3015/2333 2613/3014/2332 2616/3018/2336 2615/3019/2337
f 2613/3014/2332 2614/3017/2335 2617/3020/2338 2616/3018/2336
f 285/257/239 1246/255/237 2609/3012/2330 1356/3021/2339
f 1246/255/237 1245/254/236 2610/3013/2331 2609/3012/2330
f 1245/254/236 1244/253/235 2611/3016/2334 2610/3013/2331
f 1244/253/235 15/252/234 1045/3022/2300 2611/3016/2334
f 2611/3016/2334 1045/3022/2300 1046/3023/171 2614/3017/2335
f 2614/3017/2335 1046/3023/171 1047/3024/170 2617/3020/2338
f 2617/3020/2338 1047/3024/170 201/1295/250 1292/1294/1091
f 2616/3018/2336 2617/3020/2338 1292/1294/1091 1293/1293/1090
f 2615/3019/2337 2616/3018/2336 1293/1293/1090 1294/1291/1088
f 1358/3025/2340 2615/3019/2337 1294/1291/1088 301/1290/1087
f 1357/3026/2341 2612/3015/2333 2615/3019/2337 1358/3025/2340
f 1356/3021/2339 2609/3012/2330 2612/3015/2333 1357/3026/2341
f 2618/3027/2342 2619/3028/2343 2622/3029/2344 2621/3030/2345
f 2619/3028/2343 2620/860/743 2623/1098/916 2622/3029/2344
f 2621/3030/2345 2622/3029/2344 2625/3031/2346 2624/3032/2347
f 2622/3029/2344 2623/1098/916 2626/1099/917 2625/3031/2346
f 291/1240/1042 1264/1238/1040 2618/3027/2342 1353/3033/2348
f 1264/1238/1040 1263/1237/1039 2619/3028/2343 2618/3027/2342
f 1263/1237/1039 1262/1233/1037 2620/860/743 2619/3028/2343
f 2653/271/252 12/2175/153 1070/272/253
f 199/3034/161 1042/3035/742 2628/2545/2000 1058/205/191
f 3069/2965/2303 1053/3036/2349 200/2577/2017
f 2625/3031/2346 2626/1099/917 1295/314/292 1296/313/291
f 2624/3032/2347 2625/3031/2346 1296/313/291 1297/311/289
f 1355/3008/2329 2624/3032/2347 1297/311/289 302/310/288
f 1354/3007/2328 2621/3030/2345 2624/3032/2347 1355/3008/2329
f 1353/3033/2348 2618/3027/2342 2621/3030/2345 1354/3007/2328
f 2626/1099/917 1042/3035/742 199/3034/161
f 2627/1259/1059 685/1258/1058 684/2969/1093
f 2139/1403/1178 718/1414/1185 72/1413/1188
f 2136/1400/1175 2133/1399/1174 718/1410/1185
f 3734/3037/2350 702/3038/2351 62/3039/1054
f 1308/1408/1183 239/3040/1186 2133/1399/1174
f 1090/1246/1048 2709/3041/2352 72/3042/1188
f 1062/1255/936 3732/3043/2353 3734/3037/2350
f 1044/2964/2296 3067/3044/2354 3069/2965/2303
f 2413/2543/1998 1050/3001/2324 202/2580/2019
f 1295/314/292 2626/1099/917 199/3034/161
f 495/2364/1859 3598/3045/2355 1743/2369/1864
f 2342/2279/388 1724/2303/388 197/1682/388
f 434/893/388 3398/3046/388 156/2278/388
f 1742/2916/2264 2632/1656/388 496/2308/1825
f 3604/3047/2356 3601/2914/2263 1744/2730/2132
f 3416/995/394 433/2283/394 155/2332/394
f 1726/2309/388 2632/1656/388 2631/1181/388
f 3418/2331/388 430/1701/1366 151/1681/388
f 2452/2371/388 2451/2312/388 969/2355/388
f 2633/3048/2357 2634/3049/2358 2637/3050/2359 2636/3051/2360
f 2634/3049/2358 2635/3052/2361 2638/3053/2362 2637/3050/2359
f 2636/3051/2360 2637/3050/2359 2640/3054/2363 2639/2192/1742
f 2637/3050/2359 2638/3053/2362 2641/2194/1744 2640/3054/2363
f 69/1178/989 707/3055/2033 2633/3048/2357 1064/3056/2364
f 707/3055/2033 706/3057/2035 2634/3049/2358 2633/3048/2357
f 706/3057/2035 705/3058/2036 2635/3052/2361 2634/3049/2358
f 705/3058/2036 139/3059/2027 1073/3060/2365 2635/3052/2361
f 2635/3052/2361 1073/3060/2365 1074/2108/1668 2638/3053/2362
f 2749/2257/388 161/2254/388 260/890/388
f 2639/2192/1742 2640/3054/2363 1081/885/762
f 698/1158/972 212/681/589 2286/2076/1644
f 1065/3061/2366 2636/3051/2360 2639/2192/1742 1066/3062/2367
f 1064/3056/2364 2633/3048/2357 2636/3051/2360 1065/3061/2366
f 2286/2076/1644 212/681/589 1082/2304/1821
f 2333/2223/1772 2331/456/415 2334/2224/1773
f 2661/490/388 445/1210/1018 427/491/388
f 2638/3053/2362 1074/2108/1668 2641/2194/1744
f 95/1668/388 772/3063/388 2934/1666/388
f 1498/1896/1502 121/1905/1510 1071/3064/2368 2643/3065/2369
f 1066/3062/2367 2639/2192/1742 208/887/763
f 231/1045/871 380/660/573 113/659/394
f 1082/2304/1821 2642/429/388 217/431/395
f 341/1685/1361 3058/3066/2370 1440/486/425
f 337/636/554 325/776/670 104/1649/394 214/1318/394
f 399/1170/394 3250/3067/394 143/2008/394
f 833/1206/1014 2227/469/419 215/468/418
f 2935/3068/388 2936/3010/388 782/1664/388
f 316/1216/388 95/1668/388 213/1667/388 338/1652/397
f 104/1649/394 783/1648/394 2933/3069/394
f 384/1762/1388 2824/3070/2371 1516/1843/1456
f 210/3071/1036 2659/3072/2372 1070/3073/253
f 2649/825/710 2648/186/172 544/185/37
f 2725/2488/1960 925/2501/1932 2722/1266/1066 2724/3074/2373
f 539/1248/214 2647/121/113 2646/123/115 2645/157/147
f 3657/203/189 3660/1268/1067 1097/180/164
f 1067/3075/2374 2648/186/172 1068/3076/2375
f 2656/270/251 1070/272/253 2659/3072/2372
f 3830/3077/2376 686/3078/2249 62/3039/1054
f 1089/3079/2377 1088/3080/2378 2718/170/158
f 210/3071/1036 1070/3073/253 2646/123/115 1083/122/114
f 2647/121/113 538/3003/213 205/1267/212
f 541/139/129 3588/141/131 206/3081/133
f 1068/3076/2375 2648/186/172 2649/825/710 2650/824/709
f 3574/3082/2379 722/3083/1222 74/3084/1070
f 1046/184/171 1045/2959/2300 1890/264/245
f 1295/314/292 199/3034/161 1896/172/160
f 1067/3075/2374 9/1956/155 2648/186/172
f 11/1274/168 541/1273/129 2649/825/710 544/37/37
f 1866/194/180 1863/127/118 542/126/117
f 1084/823/708 2649/825/710 541/139/129 206/3081/133
f 3582/1272/1071 3585/140/130 541/139/129
f 1069/3085/2380 2650/824/709 209/1244/1046
f 2712/1245/1047 2709/3041/2352 1090/1246/1048
f 1271/1415/1190 72/1413/1188 2709/3041/2352
f 2651/3086/2381 2652/3087/2382 2655/3088/2383 2654/3089/2384
f 2652/3087/2382 2653/271/252 2656/270/251 2655/3088/2383
f 2654/3089/2384 2655/3088/2383 2658/3090/2385 2657/1227/1031
f 2655/3088/2383 2656/270/251 2659/3072/2372 2658/3090/2385
f 1352/3091/2386 2654/3089/2384 2657/1227/1031
f 1240/209/195 1239/208/194 2652/3087/2382 2651/3086/2381
f 1239/208/194 1238/207/193 2653/271/252 2652/3087/2382
f 1298/1230/1034 2659/3072/2372 210/3071/1036
f 712/1254/1055 2096/1132/946 2095/1123/938
f 1069/3085/2380 1068/3076/2375 2650/824/709
f 205/1267/212 1061/1262/1062 2097/1103/920
f 2658/3090/2385 2659/3072/2372 1298/1230/1034 1299/1228/1032
f 2086/1207/1015 1384/1223/1027 303/1226/1030
f 1359/3092/2387 2597/2991/2317 2600/2995/2321
f 162/2250/394 2335/2238/394 259/3093/394
f 2672/3094/2388 2673/3095/2389 2675/3096/2390
f 3060/450/409 3059/3097/2391 742/3098/2392
f 2058/1134/948 2061/1137/951 1386/1241/1043
f 303/1226/1030 2976/1663/388 213/1667/388 2934/1666/388
f 1072/1852/1463 2669/3099/2393 2671/600/524
f 2662/1156/970 2663/661/574 1615/1180/991
f 3071/643/559 334/1030/408 189/641/557
f 3847/3100/2394 1606/905/771 3848/904/770
f 3280/2752/2148 995/2061/1632 177/1907/1512
f 3131/775/669 1054/3005/2326 336/1661/1357
f 1352/3091/2386 303/1226/1030 2934/1666/388
f 2665/895/765 1066/3062/2367 208/887/763
f 2667/3101/2395 2668/1153/967 2670/1155/969
f 1350/3102/2396 2672/3094/2388 1351/3103/2397
f 2757/1853/388 1513/677/585 381/1507/1251
f 80/1183/993 1780/3104/2398 3815/1313/1107
f 1614/1179/990 69/1178/989 1064/3056/2364 2662/1156/970
f 2662/1156/970 1064/3056/2364 1065/3061/2366 2664/1157/971
f 2664/1157/971 1065/3061/2366 1066/3062/2367 2665/895/765
f 2666/3105/2399 2667/3101/2395 2670/1155/969 2669/3099/2393
f 2669/3099/2393 2670/1155/969 2671/600/524
f 121/1905/1510 819/3106/1985 2666/3105/2399 1071/3064/2368
f 819/3106/1985 818/3107/1975 2667/3101/2395 2666/3105/2399
f 818/3107/1975 817/3108/1974 2668/1153/967 2667/3101/2395
f 2933/3069/394 1351/3103/2397 304/222/208
f 1086/601/525 2670/1155/969 1063/1154/968 207/637/555
f 1082/2304/1821 212/681/589 2642/429/388
f 1072/1852/1463 2671/600/524 216/599/523
f 1071/3064/2368 2666/3105/2399 2669/3099/2393 1072/1852/1463
f 234/1646/1349 408/494/429 131/430/388
f 3127/2985/394 322/1731/394 57/639/394
f 1953/622/543 1470/602/526 1955/592/516
f 2673/3095/2389 2674/3109/2400 2676/3110/2401 2675/3096/2390
f 1351/3103/2397 2672/3094/2388 2675/3096/2390 2677/223/209
f 2675/3096/2390 2676/3110/2401 2679/3111/2402 2678/1229/1033
f 292/1304/1098 1267/1302/1096 2672/3094/2388 1350/3102/2396
f 1267/1302/1096 1266/1301/1095 2673/3095/2389 2672/3094/2388
f 1266/1301/1095 1265/1300/1094 2674/3109/2400 2673/3095/2389
f 1265/1300/1094 61/1299/1057 1059/3112/1063 2674/3109/2400
f 2674/3109/2400 1059/3112/1063 1060/3113/921 2676/3110/2401
f 2676/3110/2401 1060/3113/921 1061/3114/1062 2679/3111/2402
f 2679/3111/2402 1061/3114/1062 205/226/212 1300/225/211
f 2678/1229/1033 2679/3111/2402 1300/225/211 1301/224/210
f 2657/1227/1031 303/1226/1030 1352/3091/2386
f 498/2268/1801 3573/3115/2403 1739/1917/1518
f 3755/3116/2404 512/2277/1808 1776/2933/2278
f 1726/2309/388 219/987/388 2340/986/388
f 3413/2293/394 436/663/576 158/2294/394
f 519/452/411 1642/454/413 3413/2293/394
f 3730/3117/2405 3731/3118/2406 3733/3119/2407
f 3587/3120/2408 3584/2291/1814 1741/1657/1354
f 1093/1218/1022 2682/1217/1021 2685/3121/2409
f 2687/3122/2410 1107/2092/1660 2685/3121/2409
f 1744/2730/2132 479/2342/1845 2556/1680/388
f 496/2308/1825 2632/1656/388 1726/2309/388
f 391/432/396 868/422/389 3340/424/391
f 148/498/388 2354/2374/388 236/496/388
f 511/2326/1836 1790/2281/1809 3802/2280/394
f 1776/2933/2278 2337/2269/388 487/2275/1806
f 1737/3123/2411 1736/3124/2412 2752/3125/394
f 1766/3126/2413 2346/2322/388 1767/2376/1868
f 2750/1629/394 481/2336/1842 1716/1630/394
f 3735/3127/2414 3733/3119/2407 3736/2306/1823
f 2039/951/394 60/1688/394 433/2283/394
f 2683/3128/2415 2684/3129/2416 2686/3130/2417 2685/3121/2409
f 2224/1869/1476 1502/1886/1493 368/1337/1125
f 2700/499/431 1617/1340/1128 79/1219/1023 1093/1218/1022
f 736/3131/2094 735/3132/2080 2683/3128/2415 2682/1217/1021
f 735/3132/2080 734/3133/2091 2684/3129/2416 2683/3128/2415
f 734/3133/2091 141/3134/2076 1099/3135/2418 2684/3129/2416
f 2684/3129/2416 1099/3135/2418 1100/3136/2419 2686/3130/2417
f 132/1858/394 2322/886/394 218/1469/1234
f 224/500/432 1093/1218/1022 2685/3121/2409 1107/2092/1660
f 447/1359/1143 428/440/394 45/442/394 228/924/788
f 220/1636/394 446/662/575 428/440/394 149/2347/394
f 96/1317/394 773/1746/394 2930/1639/394
f 2217/1625/394 370/982/394 382/981/837
f 124/1352/1140 853/2046/1620 2273/1863/1471
f 622/644/560 1960/626/544 184/640/556
f 123/2028/1602 1098/2057/1629 2689/1336/1124 1502/1886/1493
f 2686/3130/2417 1100/3136/2419 2687/3122/2410
f 1440/486/425 2726/1721/394 341/1685/1361
f 114/2011/1587 835/1902/1507 2229/1887/1494
f 217/431/395 131/430/388 405/896/766
f 188/1005/388 2583/467/388 28/466/388
f 2266/676/584 2269/2035/1609 2268/1876/1483
f 339/449/408 327/451/410 106/1615/388 230/1751/388
f 1052/3137/2420 3069/2965/2303 3068/2937/2282
f 317/1750/394 96/1317/394 229/1215/394 340/1312/1106
f 106/1615/388 785/1614/388 2927/3138/388
f 2690/3139/2421 2691/3140/2422 2694/3141/2423 2693/3142/2424
f 2691/3140/2422 2692/3143/2425 2695/3144/2426 2694/3141/2423
f 2693/3142/2424 2694/3141/2423 2697/3145/2427 2696/3146/2428
f 2694/3141/2423 2695/3144/2426 2698/3147/2429 2697/3145/2427
f 284/1747/1385 1243/233/217 2690/3139/2421 1347/3148/2430
f 1243/233/217 1242/232/216 2691/3140/2422 2690/3139/2421
f 1242/232/216 1241/231/215 2692/3143/2425 2691/3140/2422
f 1241/231/215 10/230/146 1094/3149/111 2692/3143/2425
f 2692/3143/2425 1094/3149/111 1095/3150/110 2695/3144/2426
f 2695/3144/2426 1095/3150/110 1096/3151/2431 2698/3147/2429
f 2698/3147/2429 1096/3151/2431 225/1384/145 1302/1383/1160
f 2697/3145/2427 2698/3147/2429 1302/1383/1160 1303/1382/1159
f 2696/3146/2428 2697/3145/2427 1303/1382/1159 1304/1380/1157
f 1349/3152/2432 2696/3146/2428 1304/1380/1157 305/1379/1156
f 1348/3153/2433 2693/3142/2424 2696/3146/2428 1349/3152/2432
f 1347/3148/2430 2690/3139/2421 2693/3142/2424 1348/3153/2433
f 1674/2370/388 456/2104/388 2462/2110/388
f 395/2193/1743 3299/3154/2434 1566/472/421
f 3061/635/553 714/774/668 325/1065/670
f 112/686/388 215/468/418 378/470/420
f 2182/1617/388 788/1491/388 107/1490/388
f 1040/2917/2265 3266/996/394 404/919/784
f 1708/652/568 1709/650/566 3528/3155/2435
f 2930/1639/394 1109/1213/394 229/1215/394
f 123/2028/1602 825/3156/1939 2701/2056/1628
f 2534/892/388 1635/2790/388 434/893/388
f 46/906/772 1810/3157/2436 3848/904/770
f 2115/1335/1123 1617/1340/1128 2113/1308/1102
f 2701/2056/1628 2702/3158/2437 2704/2189/1741
f 170/684/591 985/1916/1517 3245/1061/394
f 2115/1335/1123 79/1219/1023 1617/1340/1128
f 2685/3121/2409 2686/3130/2417 2687/3122/2410
f 2702/3158/2437 2703/3159/2438 2705/3160/2439 2704/2189/1741
f 2704/2189/1741 2705/3160/2439 2706/679/587
f 872/3161/2440 3299/3154/2434 395/2193/1743
f 232/1920/1520 1098/2057/1629 2704/2189/1741 1111/678/586
f 825/3156/1939 824/3162/1941 2702/3158/2437 2701/2056/1628
f 824/3162/1941 823/3163/1946 2703/3159/2438 2702/3158/2437
f 823/3163/1946 78/3164/1962 1091/3165/2441 2703/3159/2438
f 2703/3159/2438 1091/3165/2441 1092/3166/2442 2705/3160/2439
f 36/670/394 1967/672/394 207/637/555
f 3558/3167/2443 488/2245/1786 1738/2296/1817
f 1169/1483/394 86/979/394 3203/1367/394
f 1561/2085/1653 390/437/401 2583/467/388
f 2705/3160/2439 1092/3166/2442 2706/679/587
f 252/1358/1142 1144/1016/854 3359/1018/856 1156/3168/2444
f 2707/3169/2445 2708/3170/2446 2711/3171/2447 2710/3172/2448
f 2708/3170/2446 2709/3041/2352 2712/1245/1047 2711/3171/2447
f 2710/3172/2448 2711/3171/2447 2714/3173/2449 2713/3174/2450
f 2711/3171/2447 2712/1245/1047 2715/1247/1049 2714/3173/2449
f 294/1419/1194 1273/1417/1192 2707/3169/2445 1344/3175/2451
f 1273/1417/1192 1272/1416/1191 2708/3170/2446 2707/3169/2445
f 1272/1416/1191 1271/1415/1190 2709/3041/2352 2708/3170/2446
f 568/2510/378 2730/1439/1214 2729/2483/1955 2728/368/341
f 222/3176/119 1090/3177/1048 2720/3002/2325 1114/135/125
f 1809/297/174 3690/3178/2452 16/3179/276
f 2714/3173/2449 2715/1247/1049 1305/202/188 1306/201/187
f 2713/3174/2450 2714/3173/2449 1306/201/187 1307/199/185
f 1346/3180/2453 2713/3174/2450 1307/199/185 306/198/184
f 1345/3181/2454 2710/3172/2448 2713/3174/2450 1346/3180/2453
f 1344/3175/2451 2707/3169/2445 2710/3172/2448 1345/3181/2454
f 722/1449/1222 3579/1451/1224 226/3182/163
f 2723/2518/1980 1124/2478/1950 2724/3074/2373
f 1088/3080/2378 2716/1433/1208 2717/3183/2455 2718/170/158
f 73/1446/1163 721/3184/1162 2719/1447/1220
f 2155/1444/1218 2156/1443/1217 1219/1524/1260
f 717/2696/2104 2142/1421/1197 71/861/1209
f 74/3084/1070 722/3083/1222 2717/3183/2455 744/1235/1196
f 3135/3185/2456 3138/3186/2457 725/3187/2458
f 1113/162/152 2717/3183/2455 722/1449/1222 226/3182/163
f 3574/3082/2379 3577/1450/1223 722/1449/1222
f 1097/180/164 3663/1269/1068 11/3188/168
f 2783/1533/1268 2784/1249/1050 762/1126/1256
f 225/155/145 1096/3189/2431 1855/133/123
f 725/3190/2458 2725/2488/1960 2724/3074/2373
f 2715/1247/1049 1090/3177/1048 222/3176/119
f 3135/3185/2456 725/3190/2458 240/3191/1978
f 749/3192/2459 3559/3193/2460 3562/3194/2461
f 3562/3194/2461 1151/3195/2462 249/291/271
f 1305/202/188 2715/1247/1049 222/3176/119
f 2721/154/144 2720/3002/2325 2719/1447/1220 720/3196/1161
f 1119/1265/1065 1120/3197/2463 2723/2518/1980
f 1250/340/318 20/341/128 2733/137/127
f 3663/1269/1068 547/3198/2464 11/1274/168
f 2736/3199/2465 2733/137/127 1121/136/126
f 2723/2518/1980 2724/3074/2373 2722/1266/1066 1119/1265/1065
f 726/2489/1961 2725/2488/1960 725/3190/2458
f 2605/2535/1991 694/3200/2466 68/2559/1992
f 2730/1439/1214 1131/1412/1187 2729/2483/1955
f 237/1440/376 1117/1279/1076 2143/1278/1075
f 2730/1439/1214 567/2511/377 237/1440/376
f 2724/3074/2373 1124/2478/1950 240/3191/1978 725/3190/2458
f 2392/2456/1935 826/2495/1136 77/2460/1135
f 2409/2522/1984 836/2557/1508 2406/2556/2007 2408/2552/2005
f 242/1679/394 2726/1721/394 105/1638/394 2921/3201/394
f 207/637/555 337/636/554 317/1750/394 36/670/394
f 2925/3202/388 1343/3203/2467 307/1404/1179
f 2188/1671/394 789/1670/394 101/1921/394
f 1128/1653/1351 3049/2938/2283 342/1633/1345
f 2727/1631/388 99/1735/388 2924/2101/388 241/1360/388
f 308/400/371 1390/402/373 2983/3204/394
f 2921/3201/394 1133/1677/394 242/1679/394
f 239/3040/1186 2739/3205/2468 1121/3206/126
f 1837/9/9 528/41/17 4/46/44
f 2728/368/341 569/367/340 568/2510/378
f 23/545/473 1174/3207/2469 2855/543/472
f 1541/3208/2470 3324/2177/1730 1542/3209/2471
f 358/617/538 1517/3210/2472 3196/390/361
f 3529/3211/2473 7/3212/2474 531/50/48
f 747/3213/1331 746/3214/1330 2785/378/350
f 1274/1578/1310 84/1540/143 2791/152/142
f 239/3040/1186 1121/3206/126 2729/2483/1955 1131/1412/1187
f 2405/2551/2004 1691/2571/637 2404/2508/1972
f 2736/3199/2465 1121/136/126 2739/3205/2468
f 2731/3215/2475 2732/3216/2476 2735/3217/2477 2734/3218/2478
f 2732/3216/2476 2733/137/127 2736/3199/2465 2735/3217/2477
f 2734/3218/2478 2735/3217/2477 2738/3219/2479 2737/3220/2480
f 2735/3217/2477 2736/3199/2465 2739/3205/2468 2738/3219/2479
f 287/349/325 1252/347/323 2731/3215/2475 1341/3221/2481
f 1252/347/323 1251/346/322 2732/3216/2476 2731/3215/2475
f 1251/346/322 1250/340/318 2733/137/127 2732/3216/2476
f 1308/1408/1183 2739/3205/2468 239/3040/1186
f 2794/3222/2482 2791/152/142 1137/151/141
f 1123/2515/1977 3044/3223/2483 3047/3224/2484
f 3047/3224/2484 1130/3225/2485 240/3191/1978
f 2738/3219/2479 2739/3205/2468 1308/1408/1183 1309/1407/1182
f 2737/3220/2480 2738/3219/2479 1309/1407/1182 1310/1405/1180
f 1343/3203/2467 2737/3220/2480 1310/1405/1180 307/1404/1179
f 1342/3226/2486 2734/3218/2478 2737/3220/2480 1343/3203/2467
f 1341/3221/2481 2731/3215/2475 2734/3218/2478 1342/3226/2486
f 2740/3227/2487 2741/3228/2488 2744/3229/2489 2743/3230/2490
f 2741/3228/2488 2742/3231/2491 2745/3232/2492 2744/3229/2489
f 2743/3230/2490 2744/3229/2489 2747/3233/2493 2746/3234/2494
f 2744/3229/2489 2745/3232/2492 2748/3235/2495 2747/3233/2493
f 293/1393/1168 1270/1391/1166 2740/3227/2487 1338/3236/2496
f 1270/1391/1166 1269/1390/1165 2741/3228/2488 2740/3227/2487
f 1269/1390/1165 1268/1389/1164 2742/3231/2491 2741/3228/2488
f 1268/1389/1164 73/1388/1163 1115/3237/1213 2742/3231/2491
f 2742/3231/2491 1115/3237/1213 1116/3238/1077 2745/3232/2492
f 2745/3232/2492 1116/3238/1077 1117/3239/1076 2748/3235/2495
f 2748/3235/2495 1117/3239/1076 237/405/376 1311/404/375
f 2747/3233/2493 2748/3235/2495 1311/404/375 1312/403/374
f 2746/3234/2494 2747/3233/2493 1312/403/374 1313/401/372
f 1340/3240/2497 2746/3234/2494 1313/401/372 308/400/371
f 1339/3241/2498 2743/3230/2490 2746/3234/2494 1340/3240/2497
f 1338/3236/2496 2740/3227/2487 2743/3230/2490 1339/3241/2498
f 2346/2322/388 499/2345/1848 1727/2323/388
f 2751/1628/394 153/2338/394 259/3093/394
f 3186/3242/2499 1160/1504/1248 3187/620/541
f 1766/3126/2413 499/2345/1848 2346/2322/388
f 1737/3123/2411 2752/3125/394 500/2209/1758
f 1591/2262/1795 2753/3243/2500 2756/2013/1589
f 236/496/388 2680/2274/388 160/2191/388
f 1736/3124/2412 2750/1629/394 2751/1628/394 2752/3125/394
f 153/2338/394 3417/2339/394 432/1497/1243
f 2700/499/431 448/497/430 438/1341/1129
f 1528/2036/1610 3219/1508/388 381/1507/1251
f 499/2345/1848 3564/3244/2501 1738/2346/1817
f 278/2032/1606 919/2438/1924 2372/2430/1917
f 2371/2240/1783 1729/2239/1782 2372/2430/1917
f 2776/3245/2502 1142/3246/2503 1143/3247/2504
f 2753/3243/2500 2754/3248/2505 2756/2013/1589
f 3763/3249/2506 502/2227/1775 1777/2247/1788
f 419/457/416 418/485/388 144/484/388 258/455/414
f 1727/2323/388 2749/2257/388 260/890/388
f 1666/2753/2149 1665/1906/1511 2295/2062/394
f 2754/3248/2505 2755/2225/1774 2756/2013/1589
f 416/3250/2089 1585/3251/2058 2753/3243/2500 1590/3252/2507
f 1585/3251/2058 1584/3253/2059 2754/3248/2505 2753/3243/2500
f 1584/3253/2059 1583/3254/2083 2755/2225/1774 2754/3248/2505
f 3260/3255/2508 1148/1501/1245 2755/2225/1774 136/3256/2084
f 422/2016/1590 1587/2018/1592 2279/483/388
f 2911/3257/388 254/1717/388 107/1490/388
f 2813/2120/1678 2814/3258/2509 2816/2044/1618
f 1143/3247/2504 3039/3259/2510 3040/598/522
f 255/1627/1344 3164/3260/2511 1159/1764/1389
f 3157/3261/388 256/1506/1250 2757/1853/388 126/1850/388
f 1583/3254/2083 136/3256/2084 2755/2225/1774
f 2922/3262/394 1133/1677/394 2921/3201/394
f 2759/2039/1613 2760/3263/2512 2762/3264/2513 2761/3265/2514
f 520/929/793 3418/2331/388 518/2352/388 3838/2248/388
f 1497/1880/1487 1496/2050/1624 2760/3263/2512 2759/2039/1613
f 1496/2050/1624 117/2049/1623 1146/3266/2515 2760/3263/2512
f 2760/3263/2512 1146/3266/2515 1147/3267/2516 2762/3264/2513
f 3164/3260/2511 255/1627/1344 2763/1854/1464 1147/3267/2516
f 1438/1755/394 1437/1754/394 2828/3268/394
f 274/1363/1144 839/1934/1530 2238/1925/1523
f 2179/1513/388 2180/1616/388 2182/1617/388
f 2827/463/394 2829/3269/394 2828/3268/394
f 343/2226/397 328/420/388 107/1490/388 254/1717/388
f 1591/2262/1795 2756/2013/1589 420/2007/1585
f 3166/3270/2517 353/1465/1230 1159/3271/1389
f 2778/3272/2518 2776/3245/2502 1143/3247/2504
f 790/1716/388 2986/1715/388 2989/3273/388
f 98/1711/388 2944/2973/388 191/1676/388
f 323/1031/388 3081/1727/388 58/1029/388
f 1063/1154/968 2668/1153/967 68/3274/1992
f 2765/3275/2519 2766/3276/2520 2769/3277/2521 2768/3278/2522
f 2766/3276/2520 2767/3279/2523 2770/3280/2524 2769/3277/2521
f 2768/3278/2522 2769/3277/2521 2772/3281/2525 2771/3282/2526
f 2769/3277/2521 2770/3280/2524 2773/3283/2527 2772/3281/2525
f 288/414/383 1255/412/381 2765/3275/2519 1335/3284/2528
f 1255/412/381 1254/411/380 2766/3276/2520 2765/3275/2519
f 1254/411/380 1253/410/379 2767/3279/2523 2766/3276/2520
f 1253/410/379 17/409/339 1138/3285/343 2767/3279/2523
f 2767/3279/2523 1138/3285/343 1139/3286/337 2770/3280/2524
f 2770/3280/2524 1139/3286/337 1140/3287/336 2773/3283/2527
f 2773/3283/2527 1140/3287/336 248/1598/351 1314/1597/1329
f 2772/3281/2525 2773/3283/2527 1314/1597/1329 1315/1596/1328
f 2771/3282/2526 2772/3281/2525 1315/1596/1328 1316/1594/1326
f 1337/3288/2529 2771/3282/2526 1316/1594/1326 309/1593/1325
f 1336/3289/2530 2768/3278/2522 2771/3282/2526 1337/3288/2529
f 1335/3284/2528 2765/3275/2519 2768/3278/2522 1336/3289/2530
f 609/1712/1375 3112/1714/1377 319/1709/1373
f 1469/3290/1232 2779/1466/1231 2778/3272/2518
f 2775/3291/2531 2776/3245/2502 2778/3272/2518
f 1741/1657/1354 476/2292/1815 2631/1181/388
f 2260/2020/1594 360/2987/2313 375/2063/1143
f 409/1500/554 392/425/392 30/428/394 250/980/394
f 2911/3257/388 1164/3292/388 254/1717/388
f 353/1465/1230 3166/3270/2517 1479/3293/2532 2779/1466/1231
f 1561/3294/1653 2583/467/388 403/1006/850
f 2774/3295/2533 2775/3291/2531 2778/3272/2518 2777/3296/2534
f 2777/3296/2534 2778/3272/2518 2779/1466/1231
f 350/3297/1963 1468/3298/2535 2774/3295/2533 1478/3299/2536
f 1468/3298/2535 1467/3300/1949 2775/3291/2531 2774/3295/2533
f 1467/3300/1949 1466/3301/1948 2776/3245/2502 2775/3291/2531
f 1466/3301/1948 40/3302/1959 1142/3246/2503 2776/3245/2502
f 2780/2156/1710 2781/3303/2537 1611/978/836
f 1469/3290/1232 2778/3272/2518 1143/3247/2504 251/666/577
f 1478/3299/2536 2774/3295/2533 2777/3296/2534 1479/3293/2532
f 1144/1016/854 2780/2156/1710 49/976/834 3356/1017/855
f 1145/1730/394 2917/3304/394 253/1499/394
f 398/426/393 407/990/840 75/427/394
f 1953/622/543 354/621/542 1470/602/526
f 450/1473/1018 439/3305/388 90/1456/388 247/911/777
f 1186/2122/394 2827/463/394 108/462/394
f 1609/955/815 3807/2983/2312 431/1150/964
f 2879/417/386 1182/3306/2538 270/418/387
f 1611/978/836 1610/977/835 2780/2156/1710
f 2660/685/388 35/688/388 211/1193/1001
f 393/1015/388 3301/1315/388 403/1006/850
f 2868/1463/1228 2869/3307/2539 1472/1464/1229
f 3163/3308/2540 1479/3293/2532 3166/3270/2517
f 2272/1870/1477 1503/1353/1141 2273/1863/1471
f 2370/2241/1784 501/2436/1922 1729/2239/1782
f 2372/2430/1917 1729/2239/1782 278/2032/1606
f 2514/2832/2204 2515/1051/877 1549/683/590
f 2515/1051/877 949/2842/2209 170/684/591
f 400/1728/388 85/1729/388 245/445/388 410/433/397
f 1470/602/526 2782/954/388 246/603/527
f 2885/3309/394 1556/574/502 412/573/501
f 244/3310/317 2797/3311/2541 1137/3312/141
f 3556/3313/2542 749/1112/2459 82/3314/332
f 747/3213/1331 2785/378/350 2784/1249/1050 2783/1533/1268
f 752/1552/1286 2160/1545/1279 83/1557/1290
f 3761/1435/1211 3764/3315/2543 1168/354/330
f 2786/1535/1270 763/1556/1278 2787/358/333
f 1172/3316/2544 1171/284/264 2850/283/263
f 244/3310/317 1137/3312/141 2784/1249/1050 1161/179/167
f 1915/177/165 1139/363/337 1917/369/342 1916/178/166
f 1136/3317/2545 2788/353/329 243/352/328
f 749/3192/2459 3562/3194/2461 249/3318/271
f 1171/380/264 3641/21/21 3/706/244
f 1135/1536/1271 2786/1535/1270 2787/358/333 2788/353/329
f 628/755/641 3093/753/650 3095/3319/2546
f 93/1812/1431 1183/3320/2547 2833/1810/1430
f 82/3314/332 749/1112/2459 2787/358/333 763/1113/1278
f 2166/1566/1298 2163/1565/1297 753/1522/1258
f 1162/357/275 2787/358/333 749/3192/2459 249/3321/271
f 3556/3313/2542 3559/3193/2460 749/3192/2459
f 1141/359/270 3699/1441/1215 18/1097/334
f 1168/354/330 3764/3315/2543 3767/355/331
f 3767/355/331 758/3322/2548 82/3314/332
f 2789/3323/2549 2790/3324/2550 2793/3325/2551 2792/3326/2552
f 2790/3324/2550 2791/152/142 2794/3222/2482 2793/3325/2551
f 2792/3326/2552 2793/3325/2551 2796/3327/2553 2795/3328/2554
f 2793/3325/2551 2794/3222/2482 2797/3311/2541 2796/3327/2553
f 295/1582/1314 1276/1580/1312 2789/3323/2549 1332/3329/2555
f 1276/1580/1312 1275/1579/1311 2790/3324/2550 2789/3323/2549
f 1275/1579/1311 1274/1578/1310 2791/152/142 2790/3324/2550
f 2794/3222/2482 1137/151/141 2797/3311/2541
f 1317/337/315 2797/3311/2541 244/3310/317
f 3699/1441/1215 577/3330/2556 18/2389/334
f 2796/3327/2553 2797/3311/2541 1317/337/315 1318/336/314
f 2795/3328/2554 2796/3327/2553 1318/336/314 1319/334/312
f 1334/3331/2557 2795/3328/2554 1319/334/312 310/333/311
f 1333/3332/2558 2792/3326/2552 2795/3328/2554 1334/3331/2557
f 1332/3329/2555 2789/3323/2549 2792/3326/2552 1333/3332/2558
f 1756/2418/1908 491/2403/1895 2358/2260/1793
f 2238/1925/1523 1515/1859/1468 274/1363/1144
f 278/2032/1606 2798/2251/394 162/2250/394 3387/2890/394
f 3367/2200/1749 3369/3333/2559 3368/913/779
f 2807/2252/1790 1194/3334/2560 277/2249/1789
f 3561/3335/2561 3558/3167/2443 1738/2296/1817
f 2799/2413/1903 2800/2554/2006 2803/3336/2562 2802/3337/2563
f 2800/2554/2006 2801/716/615 2804/3338/2564 2803/3336/2562
f 2802/3337/2563 2803/3336/2562 2806/3339/2565 2805/2228/1776
f 2803/3336/2562 2804/3338/2564 2807/2252/1790 2806/3339/2565
f 2366/2381/1872 917/2410/1901 147/2143/1696
f 1713/2412/616 2800/2554/2006 2799/2413/1903
f 2801/716/615 1192/3340/2566 1193/3341/2567 2804/3338/2564
f 2804/3338/2564 1193/3341/2567 1194/3334/2560 2807/2252/1790
f 1733/3342/2568 2805/2228/1776 502/2227/1775
f 3766/3343/2569 1777/2247/1788 3769/2246/1787
f 759/3344/2570 489/436/400 3540/435/399
f 3543/3345/2571 3540/435/399 1734/434/398
f 1732/3346/2572 2802/3337/2563 2805/2228/1776 1733/3342/2568
f 1731/2424/1912 2799/2413/1903 2802/3337/2563 1732/3346/2572
f 3250/3067/394 276/1849/1461 2808/2009/394 143/2008/394
f 1739/1917/1518 2681/1919/394 498/2268/1801
f 2815/2017/1591 422/2016/1590 3354/3347/2573 1589/3348/2574
f 3351/3349/2575 1589/3348/2574 3354/3347/2573
f 1086/601/525 2671/600/524 2670/1155/969
f 2809/1983/1571 2810/3350/2576 2813/2120/1678 2812/3351/2577
f 2810/3350/2576 2811/1986/1573 2814/3258/2509 2813/2120/1678
f 2829/3269/394 2827/463/394 2830/2121/394
f 1594/2734/2135 2332/2201/1750 415/2233/1781
f 1580/1982/1570 2810/3350/2576 2809/1983/1571
f 1588/757/652 414/756/651 2809/1983/1571
f 2811/1986/1573 1190/3352/2578 1191/3353/2579 2814/3258/2509
f 2816/2044/1618 1191/3353/2579 3257/3354/2580 275/2045/1619
f 1589/3348/2574 2812/3351/2577 2815/2017/1591
f 1588/757/652 2809/1983/1571 2812/3351/2577 1589/3348/2574
f 613/596/520 3124/1708/1372 321/597/521
f 1593/2199/1748 419/457/416 2331/456/415
f 2763/1854/1464 1514/1626/1343 2761/3265/2514
f 2229/1887/1494 2230/1889/1496 1492/2021/1595
f 274/1363/1144 2817/1864/394 125/1862/394 3147/1326/394
f 1729/2239/1782 2798/2251/394 278/2032/1606
f 2826/1844/1457 1189/3355/2581 273/1845/1458
f 2818/3356/2582 2819/3357/2583 2822/3358/2584 2821/3359/2585
f 2819/3357/2583 2820/1778/1403 2823/3360/2586 2822/3358/2584
f 2821/3359/2585 2822/3358/2584 2825/3361/2587 2824/3070/2371
f 2822/3358/2584 2823/3360/2586 2826/1844/1457 2825/3361/2587
f 2255/1969/1557 2256/1949/1541 1491/1948/1434
f 2256/1949/1541 845/1976/1564 111/1959/1542
f 1490/1960/1404 2819/3357/2583 2818/3356/2582
f 2820/1778/1403 1187/3362/2588 1188/3363/2589 2823/3360/2586
f 2823/3360/2586 1188/3363/2589 1189/3355/2581 2826/1844/1457
f 1519/3364/2590 2824/3070/2371 384/1762/1388
f 847/2012/1588 2260/2020/1594 194/1053/879
f 2236/1861/1470 383/1930/1528 1515/1859/1468
f 1518/3365/2591 2821/3359/2585 2824/3070/2371 1519/3364/2590
f 1517/3210/2472 2818/3356/2582 2821/3359/2585 1518/3365/2591
f 2913/3366/388 1164/3292/388 2911/3257/388
f 1631/3367/394 1630/1932/394 2881/1931/394
f 3001/1753/388 772/3063/388 95/1668/388
f 788/1491/388 2963/1622/388 2965/1488/388
f 1428/1831/1449 2830/2121/394 272/1832/1450
f 2830/2121/394 1186/2122/394 2899/3368/394 272/1832/1450
f 2829/3269/394 2830/2121/394 1428/1831/1449 1429/1830/1448
f 2828/3268/394 2829/3269/394 1429/1830/1448 1430/1828/1446
f 1438/1755/394 2828/3268/394 1430/1828/1446 345/1827/1445
f 2831/1784/1408 2832/3369/2592 2835/3370/2593 2834/3371/2594
f 2832/3369/2592 2833/1810/1430 2836/3372/2595 2835/3370/2593
f 2834/3371/2594 2835/3370/2593 2838/3373/2596 2837/3374/2597
f 2835/3370/2593 2836/3372/2595 2839/3375/2598 2838/3373/2596
f 2202/1792/1415 2203/1793/1416 1418/1774/1285
f 2203/1793/1416 794/1802/1425 94/3376/1399
f 1490/1960/1404 2818/3356/2582 358/1961/538
f 1434/556/484 314/555/483 2831/1784/1408
f 2833/1810/1430 1183/3320/2547 1184/3377/2599 2836/3372/2595
f 2836/3372/2595 1184/3377/2599 1185/3378/2600 2839/3375/2598
f 2839/3375/2598 1185/3378/2600 271/1612/1339 1431/1611/1338
f 2838/3373/2596 2839/3375/2598 1431/1611/1338 1432/1621/1342
f 2837/3374/2597 2838/3373/2596 1432/1621/1342 1433/1620/1341
f 1436/3379/2601 2837/3374/2597 1433/1620/1341 346/1619/1340
f 1435/3380/2602 2834/3371/2594 2837/3374/2597 1436/3379/2601
f 1434/556/484 2831/1784/1408 2834/3371/2594 1435/3380/2602
f 2840/3381/2603 2841/2821/2194 2844/3382/2604 2843/3383/2605
f 2841/2821/2194 2842/2822/2195 2845/3384/2606 2844/3382/2604
f 2843/3383/2605 2844/3382/2604 2847/3385/2607 2846/3386/2608
f 2844/3382/2604 2845/3384/2606 2848/3387/2609 2847/3385/2607
f 1847/69/66 1848/70/67 1237/32/32
f 1846/38/38 1847/69/66 1237/32/32
f 1070/272/253 12/3388/153 543/165/138 2646/123/115
f 267/3389/1259 1173/3390/2610 2851/43/41 1219/1524/1260
f 261/1525/15 1167/1521/1257 2155/1444/1218
f 2847/3385/2607 2848/3387/2609 1320/1574/1306 1321/1573/1305
f 2846/3386/2608 2847/3385/2607 1321/1573/1305 1322/1571/1303
f 1331/3391/2611 2846/3386/2608 1322/1571/1303 311/1570/1302
f 1330/3392/2612 2843/3383/2605 2846/3386/2608 1331/3391/2611
f 1329/1559/1291 2840/3381/2603 2843/3383/2605 1330/3392/2612
f 1234/24/24 4/3393/44 1839/45/43
f 94/3376/1399 3012/3394/2613 771/3395/2614
f 3645/263/243 7/3396/2474 2849/285/265 3/94/244
f 3094/1806/1428 1449/1809/1394 3095/3319/2546
f 1236/3397/52 1839/45/43 8/44/42
f 1283/75/72 164/2893/76 1842/67/64
f 532/3398/2615 262/3399/1212 1218/1543/1276 2849/285/265
f 1845/68/65 533/78/75 1848/70/67
f 2852/42/40 527/3400/16 261/1525/15
f 3004/1771/1396 791/1128/1391 3003/1431/1207
f 3005/96/92 1233/95/91 1232/3401/2616
f 2845/3384/2606 1173/3402/2610 2848/3387/2609
f 2901/3403/2617 93/2394/1431 770/3404/2618
f 528/41/17 527/3400/16 2852/42/40
f 1231/1772/1397 3004/1771/1396 1232/3401/2616
f 1799/1277/1074 3806/1424/1200 3805/2668/2086
f 1236/54/52 2841/2821/2194 2840/3381/2603
f 2332/2201/1750 1582/2234/1780 415/2233/1781
f 1836/7/7 1837/9/9 1234/24/24
f 809/3405/2619 3193/3406/2620 349/3407/537
f 1172/3316/2544 2850/283/263 266/1548/1282
f 1320/1574/1306 2848/3387/2609 267/3389/1259
f 2853/533/462 2854/3408/2621 2857/3409/2622 2856/3410/2623
f 2854/3408/2621 2855/543/472 2858/3411/2624 2857/3409/2622
f 2856/3410/2623 2857/3409/2622 2860/3412/2625 2859/3413/2626
f 2857/3409/2622 2858/3411/2624 2861/3414/2627 2860/3412/2625
f 1939/525/454 1940/527/456 1548/509/434
f 1940/527/456 594/530/459 24/2839/439
f 1547/532/461 2854/3408/2621 2853/533/462
f 2855/543/472 1174/3207/2469 1175/3415/2628 2858/3411/2624
f 2858/3411/2624 1175/3415/2628 1176/3416/2629 2861/3414/2627
f 2861/3414/2627 1176/3416/2629 268/1519/1255 1551/1518/1254
f 2860/3412/2625 2861/3414/2627 1551/1518/1254 1552/1516/1253
f 2859/3413/2626 2860/3412/2625 1552/1516/1253 1553/1515/1252
f 1560/3417/2630 2859/3413/2626 1553/1515/1252 411/3418/2631
f 1559/3419/2632 2856/3410/2623 2859/3413/2626 1560/3417/2630
f 1558/3420/2633 2853/533/462 2856/3410/2623 1559/3419/2632
f 2862/720/618 2863/3421/2634 2866/3422/2635 2865/3423/2636
f 2863/3421/2634 2864/695/595 2867/3424/2637 2866/3422/2635
f 2865/3423/2636 2866/3422/2635 2869/3307/2539 2868/1463/1228
f 2866/3422/2635 2867/3424/2637 2870/3425/2638 2869/3307/2539
f 2396/2485/1957 1123/3426/1977 2395/2480/1952
f 1463/719/596 2863/3421/2634 2862/720/618
f 1604/834/706 2871/3427/2639 425/835/719
f 2864/695/595 1177/3428/2640 1178/3429/2641 2867/3424/2637
f 2867/3424/2637 1178/3429/2641 1179/3430/2642 2870/3425/2638
f 2870/3425/2638 1179/3430/2642 269/1486/1240 1471/3431/2643
f 2869/3307/2539 2870/3425/2638 1471/3431/2643 1472/1464/1229
f 1476/3432/2644 2865/3423/2636 2868/1463/1228 1477/1478/1237
f 1475/759/654 2862/720/618 2865/3423/2636 1476/3432/2644
f 2871/3427/2639 2872/3433/2645 2875/3434/2646 2874/3435/2647
f 2872/3433/2645 2873/820/705 2876/3436/2648 2875/3434/2646
f 2874/3435/2647 2875/3434/2646 2878/1470/1235 2877/3437/2649
f 2875/3434/2646 2876/3436/2648 2879/417/386 2878/1470/1235
f 2013/849/732 656/858/741 43/2877/751
f 1604/834/706 2872/3433/2645 2871/3427/2639
f 2873/820/705 1180/3438/2650 1181/3439/2651 2876/3436/2648
f 2876/3436/2648 1181/3439/2651 1182/3306/2538 2879/417/386
f 2898/3440/394 2899/3368/394 1186/2122/394
f 265/3441/2652 650/807/694 1995/795/685
f 2877/3437/2649 2878/1470/1235 1626/416/385 1627/1368/1145
f 1634/3442/2653 2877/3437/2649 1627/1368/1145 451/1454/1226
f 1633/3443/2654 2874/3435/2647 2877/3437/2649 1634/3442/2653
f 1632/3444/2655 2871/3427/2639 2874/3435/2647 1633/3443/2654
f 2897/3445/394 2898/3440/394 787/1191/394
f 2781/3303/2537 449/1471/575 432/1497/1243
f 1995/795/685 1628/803/693 265/3441/2652
f 1644/967/825 432/1497/1243 3417/2339/394
f 1640/1453/388 2147/1354/388 439/3305/388
f 2880/1364/394 89/1357/394 3355/2198/394 265/3441/2652
f 1227/1847/1459 276/1849/1461 3250/3067/394
f 430/1701/1366 1607/931/795 2592/882/760
f 1631/3367/394 2881/1931/394 1629/801/691 452/800/690
f 2885/3309/394 1557/3446/394 2884/1169/394
f 1984/765/659 356/1324/1114 1474/777/671
f 2883/805/394 1473/778/672 1474/777/671
f 354/621/542 3157/3261/388 352/1484/388 2782/954/388
f 1473/778/672 2883/805/394 264/779/673
f 2883/805/394 1170/804/394 3037/3447/394 264/779/673
f 2897/3445/394 1327/3448/2656 2900/3449/394 2898/3440/394
f 2887/3450/394 2884/1169/394 1169/1483/394
f 105/1638/394 2726/1721/394 326/488/427
f 419/457/416 3362/2984/388 418/485/388
f 3204/1482/394 1205/3451/2657 263/578/506
f 343/2226/397 3114/3452/2658 246/603/527
f 1169/1483/394 3204/1482/394 263/578/506 2887/3450/394
f 2886/3453/394 2887/3450/394 1554/577/505 1555/576/504
f 2885/3309/394 2886/3453/394 1555/576/504 1556/574/502
f 2888/3454/2659 2889/3455/2660 2892/3456/2661 2891/3457/2662
f 2889/3455/2660 2890/3458/2663 2893/3459/2664 2892/3456/2661
f 2891/3457/2662 2892/3456/2661 2895/3460/2665 2894/3461/2666
f 2892/3456/2661 2893/3459/2664 2896/3462/2667 2895/3460/2665
f 296/1607/1336 1279/1605/1334 2888/3454/2659 1326/3463/2668
f 1279/1605/1334 1278/1604/1333 2889/3455/2660 2888/3454/2659
f 1278/1604/1333 1277/1603/1332 2890/3458/2663 2889/3455/2660
f 1277/1603/1332 81/1602/1267 1165/3464/1307 2890/3458/2663
f 2890/3458/2663 1165/3464/1307 1166/3465/1219 2893/3459/2664
f 2893/3459/2664 1166/3465/1219 1167/3466/1257 2896/3462/2667
f 2896/3462/2667 1167/3466/1257 261/15/15 1323/14/14
f 2895/3460/2665 2896/3462/2667 1323/14/14 1324/13/13
f 2894/3461/2666 2895/3460/2665 1324/13/13 1325/11/11
f 1328/3467/2669 2894/3461/2666 1325/11/11 312/10/10
f 1327/3448/2656 2891/3457/2662 2894/3461/2666 1328/3467/2669
f 1326/3463/2668 2888/3454/2659 2891/3457/2662 1327/3448/2656
f 786/1489/388 2910/3468/388 2911/3257/388
f 1327/3448/2656 1328/3467/2669 2900/3449/394
f 1230/3469/2670 2899/3368/394 1229/3470/2671
f 1186/2122/394 108/462/394 787/1191/394 2898/3440/394
f 787/1191/394 2962/3471/394 296/1607/1336 2897/3445/394
f 2975/1650/394 2974/1647/394 2973/3472/394 1382/1305/1099
f 2910/3468/388 2912/3473/388 2911/3257/388
f 2900/3449/394 1328/3467/2669 312/10/10 1228/3474/2672
f 2900/3449/394 1229/3470/2671 2899/3368/394 2898/3440/394
f 1203/3475/2673 3205/3476/394 383/1930/1528
f 2899/3368/394 1230/3469/2670 272/1832/1450
f 2901/3403/2617 2902/3477/2674 2905/3478/2675 2904/3479/2676
f 2902/3477/2674 2903/1560/1292 2906/3480/2677 2905/3478/2675
f 2904/3479/2676 2905/3478/2675 2908/3481/2678 2907/3482/2679
f 2905/3478/2675 2906/3480/2677 2909/3483/2680 2908/3481/2678
f 795/57/55 3017/31/31 770/3404/2618 93/3484/1431
f 1850/52/50 525/3485/2192 279/97/93
f 281/1558/53 770/3486/2618 3017/31/31 1410/30/30
f 1183/3320/2547 93/1812/1431 2901/3403/2617
f 2903/1560/1292 1329/1559/1291 1330/3392/2612 2906/3480/2677
f 2906/3480/2677 1330/3392/2612 1331/3391/2611 2909/3483/2680
f 2909/3483/2680 1331/3391/2611 311/1570/1302 1215/3487/2681
f 2908/3481/2678 2909/3483/2680 1215/3487/2681 1216/3488/2682
f 2907/3482/2679 2908/3481/2678 1216/3488/2682 1217/3489/2683
f 1185/3378/2600 2907/3482/2679 1217/3489/2683 271/1612/1339
f 1184/3377/2599 2904/3479/2676 2907/3482/2679 1185/3378/2600
f 1183/3320/2547 2901/3403/2617 2904/3479/2676 1184/3377/2599
f 1164/3292/388 2986/1715/388 254/1717/388
f 2917/3304/394 1145/1730/394 2915/3490/394
f 2914/3491/394 2916/3492/394 2915/3490/394
f 2920/3493/394 1338/3236/2496 1339/3241/2498
f 1513/677/585 2757/1853/388 256/1506/1250
f 2910/3468/388 786/1489/388 2966/3494/388 295/1582/1314
f 2910/3468/388 1332/3329/2555 1333/3332/2558 2912/3473/388
f 2912/3473/388 1333/3332/2558 1334/3331/2557 2913/3366/388
f 2913/3366/388 1334/3331/2557 310/333/311 1163/3495/388
f 2922/3262/394 2921/3201/394 2920/3493/394 1339/3241/2498
f 2914/3491/394 2915/3490/394 779/3496/394
f 2762/3264/2513 1147/3267/2516 2763/1854/1464
f 2727/1631/388 1439/1720/1380 320/1719/1379
f 784/1637/394 2920/3493/394 2921/3201/394
f 2925/3202/388 1132/1361/388 2924/2101/388
f 2915/3490/394 2916/3492/394 2919/3497/394 2918/3498/394
f 100/1723/394 779/3496/394 2915/3490/394 1145/1730/394
f 779/3496/394 2985/3499/394 288/414/383 2914/3491/394
f 2992/1699/388 2994/3500/388 2993/1700/388
f 2914/3491/394 1335/3284/2528 1336/3289/2530 2916/3492/394
f 2916/3492/394 1336/3289/2530 1337/3288/2529 2919/3497/394
f 2919/3497/394 1337/3288/2529 309/1593/1325 1157/3501/394
f 2918/3498/394 2919/3497/394 1157/3501/394 1158/3502/394
f 2962/3471/394 787/1191/394 2960/1192/394
f 2926/3503/388 2927/3138/388 785/1614/388
f 2989/3273/388 778/2100/388 99/1735/388 790/1716/388
f 784/1637/394 2972/3504/394 293/1393/1168 2920/3493/394
f 1342/3226/2486 1343/3203/2467 2925/3202/388
f 2983/3204/394 1133/1677/394 2922/3262/394 308/400/371
f 2923/3505/388 2924/2101/388 778/2100/388
f 1345/3181/2454 1346/3506/2453 2928/3507/388
f 307/1404/1179 1375/1406/1181 2967/1610/388
f 2930/1639/394 2931/3508/394 1109/1213/394
f 2969/1624/388 785/1614/388 2968/1362/388
f 2931/3508/394 2930/1639/394 2929/1745/394 1348/3153/2433
f 105/1638/394 784/1637/394 2921/3201/394
f 2923/3505/388 778/2100/388 2991/3509/388 287/349/325
f 2977/3510/388 782/1664/388 2976/1663/388
f 2967/1610/388 1132/1361/388 2925/3202/388 307/1404/1179
f 2928/3507/388 1112/1752/388 2927/3138/388
f 1339/3241/2498 1340/3240/2497 2922/3262/394
f 320/1719/1379 3114/3452/2658 343/2226/397 2190/1736/1381
f 283/211/197 2651/3086/2381 1352/3091/2386
f 119/690/388 963/689/388 2473/2001/388
f 2966/3494/388 1374/1581/1313 295/1582/1314
f 785/1614/388 2969/1624/388 294/1419/1194 2926/3503/388
f 2928/3507/388 2927/3138/388 2926/3503/388 1345/3181/2454
f 3000/3511/388 1112/1752/388 2928/3507/388 306/198/184
f 2929/1745/394 2930/1639/394 773/1746/394
f 2926/3503/388 1344/3175/2451 1345/3181/2454
f 2972/3504/394 784/1637/394 2971/1214/394
f 1348/3153/2433 1349/3152/2432 2931/3508/394
f 2927/3138/388 1112/1752/388 230/1751/388
f 284/1747/1385 773/1746/394 2999/1316/394 1402/3512/2684
f 65/897/388 367/1009/853 361/1008/852 28/466/388
f 995/2061/1632 401/1057/881 3300/1056/394
f 2970/3513/394 1109/1213/394 2931/3508/394 305/1379/1156
f 2932/3514/394 2933/3069/394 783/1648/394
f 203/1659/394 1056/3515/394 2974/1647/394
f 2929/1745/394 1347/3148/2430 1348/3153/2433
f 2935/3068/388 1353/3033/2348 1354/3007/2328
f 2932/3514/394 1350/3102/2396 1351/3103/2397
f 2939/2003/394 2940/3516/394 2941/3517/394
f 2689/1336/1124 1098/2057/1629 232/1920/1520
f 2932/3514/394 783/1648/394 2975/1650/394 292/1304/1098
f 2651/3086/2381 2654/3089/2384 1352/3091/2386
f 772/3063/388 3002/3518/388 283/211/197
f 304/222/208 2999/1316/394 214/1318/394 2933/3069/394
f 3000/3511/388 1403/3519/186 1404/212/198
f 1352/3091/2386 2934/1666/388 772/3063/388 283/211/197
f 2079/920/785 215/468/418 1085/921/786
f 289/1089/909 1258/1087/907 2594/2988/2314
f 2995/3520/388 777/3521/388 2993/1700/388
f 775/1734/394 774/1733/394 2938/3011/394
f 1354/3007/2328 2937/3009/388 2936/3010/388 2935/3068/388
f 2981/3522/394 2982/1695/394 780/3523/394
f 2935/3068/388 782/1664/388 2977/3510/388 291/1240/1042
f 2992/1699/388 1057/1698/388 2937/3009/388 302/310/288
f 2941/3517/394 1056/3515/394 2939/2003/394
f 3052/487/426 740/3524/2685 326/488/427
f 2996/1739/394 1041/1740/394 300/243/227
f 2981/3522/394 780/3523/394 101/1921/394 789/1670/394
f 2943/3525/388 1361/2948/2293 2945/2974/388 2944/2973/388
f 774/1733/394 285/257/239 1356/3021/2339 2938/3011/394
f 2938/3011/394 1356/3021/2339 1357/3026/2341 2940/3516/394
f 2940/3516/394 1357/3026/2341 1358/3025/2340 2941/3517/394
f 2941/3517/394 301/1290/1087 2973/3472/394 1056/3515/394
f 2600/2995/2321 300/243/227 1359/3092/2387
f 2594/2988/2314 1359/3092/2387 289/1089/909
f 780/3523/394 2982/1695/394 289/1089/909
f 318/1697/1365 3108/1063/885 333/1748/1106
f 2943/3525/388 2944/2973/388 777/3521/388
f 290/2912/2261 1363/2784/2167 2946/2783/388
f 1359/3092/2387 2942/1922/394 780/3523/394 289/1089/909
f 2600/2995/2321 1291/244/228 300/243/227
f 300/243/227 1041/1740/394 2942/1922/394 1359/3092/2387
f 115/2024/1598 808/3526/2686 3489/3527/2687
f 2948/2786/388 959/1694/388 2947/3528/388
f 2064/1139/953 290/2912/2261 1386/1241/1043
f 1457/1655/1353 342/1633/1345 2183/1632/388
f 1013/3529/2688 2948/2786/388 1012/3530/2689
f 101/1921/394 780/3523/394 2942/1922/394
f 2991/3509/388 1395/3531/324 287/349/325
f 776/3532/388 286/322/300 1360/2945/2290 2943/3525/388
f 789/1670/394 2979/1693/394 2981/3522/394
f 1386/1241/1043 2978/1675/388 1036/1674/388 299/2947/2292
f 1158/3502/394 2959/3533/394 2960/1192/394
f 2917/3304/394 1158/3502/394 253/1499/394
f 2949/3534/388 1011/3535/2690 1012/3530/2689
f 102/1673/388 781/3536/388 2947/3528/388 959/1694/388
f 2977/3510/388 1385/1239/1041 291/1240/1042
f 290/2912/2261 781/3536/388 2978/1675/388 1386/1241/1043
f 1422/1798/1421 2488/2782/388 174/1799/1422
f 2949/3534/388 2947/3528/388 2946/2783/388 1364/2785/2168
f 2949/3534/388 1365/2913/2262 298/71/68 1011/3535/2690
f 2959/3533/394 2961/3537/394 2960/1192/394
f 1373/1583/1315 1374/1581/1313 2966/3494/388
f 2475/2756/388 1507/1972/1560 1508/1496/1242
f 2948/2786/388 1013/3529/2688 174/1799/1422
f 2950/3538/2691 2951/3539/2692 2954/3540/2693 2953/3541/2694
f 2951/3539/2692 2952/3542/2695 2955/3543/2696 2954/3540/2693
f 2953/3541/2694 2954/3540/2693 2957/3544/2697 2956/3545/2698
f 2954/3540/2693 2955/3543/2696 2958/3546/2699 2957/3544/2697
f 91/2805/1398 1231/3547/1397 2950/3538/2691 956/2806/2180
f 1231/3547/1397 1232/3548/2616 2951/3539/2692 2950/3538/2691
f 1232/3548/2616 1233/3549/91 2952/3542/2695 2951/3539/2692
f 1233/3549/91 279/2818/93 1366/2820/2193 2952/3542/2695
f 2952/3542/2695 1366/2820/2193 1367/2825/2197 2955/3543/2696
f 2955/3543/2696 1367/2825/2197 1368/2824/2196 2958/3546/2699
f 2958/3546/2699 1368/2824/2196 297/1075/896 992/3550/2700
f 2957/3544/2697 2958/3546/2699 992/3550/2700 993/3551/1364
f 2956/3545/2698 2957/3544/2697 993/3551/1364 994/1691/1363
f 958/2808/2182 2956/3545/2698 994/1691/1363 173/1707/1371
f 957/2807/2181 2953/3541/2694 2956/3545/2698 958/2808/2182
f 956/2806/2180 2950/3538/2691 2953/3541/2694 957/2807/2181
f 2960/1192/394 2961/3537/394 2962/3471/394
f 1216/3488/2682 1215/3552/2681 2964/3553/388
f 2964/3553/388 1372/1572/1304 1373/1583/1315
f 2322/886/394 1081/885/762 218/1469/1234
f 1157/3501/394 309/1593/1325 1369/1595/1327 2959/3533/394
f 2959/3533/394 1369/1595/1327 1370/1608/1337 2961/3537/394
f 2961/3537/394 1370/1608/1337 1371/1606/1335 2962/3471/394
f 271/1612/1339 1217/3489/2683 2963/1622/388
f 2913/3366/388 1163/3495/388 1164/3292/388
f 1628/803/693 2881/1931/394 2880/1364/394
f 1457/1655/1353 3137/1654/1352 342/1633/1345
f 2964/3553/388 2965/1488/388 2963/1622/388 1216/3488/2682
f 2967/1610/388 1375/1406/1181 1376/1623/1195
f 327/451/410 3143/3554/2701 1457/1655/1353
f 1215/3552/2681 311/1570/1302 1372/1572/1304 2964/3553/388
f 1373/1583/1315 2966/3494/388 2965/1488/388 2964/3553/388
f 2923/3505/388 1341/3221/2481 1342/3226/2486
f 1554/577/505 2887/3450/394 263/578/506
f 2962/3471/394 1371/1606/1335 296/1607/1336
f 1217/3489/2683 1216/3488/2682 2963/1622/388
f 2973/3472/394 2974/1647/394 1056/3515/394
f 1376/1623/1195 2969/1624/388 2968/1362/388 2967/1610/388
f 2922/3262/394 1340/3240/2497 308/400/371
f 2970/3513/394 1378/1381/1158 1379/1394/1169
f 295/1582/1314 1332/3329/2555 2910/3468/388
f 1379/1394/1169 2972/3504/394 2971/1214/394 2970/3513/394
f 2938/3011/394 2940/3516/394 2939/2003/394
f 1160/1504/1248 3157/3261/388 354/621/542
f 2969/1624/388 1377/1418/1193 294/1419/1194
f 1379/1394/1169 1380/1392/1167 2972/3504/394
f 1384/1223/1027 2977/3510/388 2976/1663/388
f 302/310/288 1396/312/290 2992/1699/388
f 1384/1223/1027 1385/1239/1041 2977/3510/388
f 2972/3504/394 1380/1392/1167 293/1393/1168
f 299/2947/2292 2058/1134/948 1386/1241/1043
f 1133/1677/394 2983/3204/394 2984/1678/394
f 993/1692/1364 992/3550/2700 2980/3555/394
f 299/2947/2292 1288/1140/954 2058/1134/948
f 2975/1650/394 1383/1303/1097 292/1304/1098
f 292/1304/1098 1350/3102/2396 2932/3514/394
f 943/1690/388 2534/892/388 59/891/388
f 1036/1674/388 2945/2974/388 299/2947/2292
f 2485/1672/388 2487/2788/388 2486/2760/388
f 1404/212/198 1405/210/196 3002/3518/388
f 1870/213/199 1873/216/202 1402/3512/2684
f 2982/1695/394 2981/3522/394 2980/3555/394 1388/1090/910
f 173/1707/1371 994/1691/1363 2979/1693/394
f 2983/3204/394 1390/402/373 1391/415/384
f 291/1240/1042 1353/3033/2348 2935/3068/388
f 1425/1706/1370 173/1707/1371 2187/1669/394
f 2946/2783/388 2947/3528/388 781/3536/388
f 2980/3555/394 2981/3522/394 2979/1693/394 993/1692/1364
f 992/3550/2700 297/1075/896 1387/1077/898 2980/3555/394
f 2983/3204/394 1391/415/384 2985/3499/394 2984/1678/394
f 3000/3511/388 3001/1753/388 1112/1752/388
f 1402/3512/2684 1873/216/202 1876/220/206
f 2985/3499/394 779/3496/394 2984/1678/394
f 1391/415/384 1392/3556/382 2985/3499/394
f 2986/1715/388 2987/3557/388 2989/3273/388
f 2991/3509/388 778/2100/388 2989/3273/388
f 2982/1695/394 1389/1088/908 289/1089/909
f 344/1479/554 3040/598/522 321/597/521 2764/1498/1244
f 2989/3273/388 2990/3558/388 2991/3509/388
f 2987/3557/388 2988/3559/388 2990/3558/388 2989/3273/388
f 2995/3520/388 776/3532/388 777/3521/388
f 611/1743/1384 3115/3560/2702 3114/3452/2658
f 2886/3453/394 2884/1169/394 2887/3450/394
f 1164/3292/388 1163/3495/388 2988/3559/388 2987/3557/388
f 1163/3495/388 310/333/311 1393/335/313 2988/3559/388
f 2988/3559/388 1393/335/313 1394/350/326 2990/3558/388
f 2990/3558/388 1394/350/326 1395/3531/324 2991/3509/388
f 2985/3499/394 1392/3556/382 288/414/383
f 3110/3561/2703 1052/3137/2420 3112/1714/1377
f 3000/3511/388 1404/212/198 3002/3518/388 3001/1753/388
f 1740/658/572 3576/3562/2704 487/3563/1806
f 2992/1699/388 1396/312/290 1397/323/301 2994/3500/388
f 2994/3500/388 1397/323/301 1398/321/299 2995/3520/388
f 2995/3520/388 1398/321/299 286/322/300 776/3532/388
f 1400/258/240 1401/256/238 2998/1732/394
f 287/349/325 1341/3221/2481 2923/3505/388
f 2998/1732/394 775/1734/394 2997/1741/394
f 1400/258/240 2998/1732/394 2997/1741/394 2996/1739/394
f 1499/1897/1503 1498/1896/1502 2643/3065/2369
f 2998/1732/394 1401/256/238 285/257/239 774/1733/394
f 1870/213/199 1402/3512/2684 304/222/208
f 1876/220/206 284/1747/1385 1402/3512/2684
f 1876/220/206 1243/233/217 284/1747/1385
f 2932/3514/394 1351/3103/2397 2933/3069/394
f 3037/3447/394 1170/804/394 3036/1757/394
f 3038/1756/394 1209/3564/2705 1210/3565/2706
f 220/1636/394 2630/1635/394 158/2294/394
f 3040/598/522 344/1479/554 251/666/577
f 284/1747/1385 1347/3148/2430 2929/1745/394
f 1521/2026/1600 2761/3265/2514 1514/3566/1343 382/981/837
f 771/3567/2614 3014/3568/2707 282/3569/39
f 2903/1560/1292 770/3486/2618 281/1558/53
f 94/3376/1399 771/3395/2614 3003/1431/1207 791/1766/1391
f 766/1530/1265 2194/1529/1264 91/745/1398
f 1406/53/51 3003/1431/1207 771/3567/2614 282/3569/39
f 769/3570/2708 768/3571/2709 3015/56/54
f 767/3572/2710 280/61/27 3016/29/29
f 3027/3573/2711 33/3574/594 605/3575/2712
f 768/3571/2709 767/3572/2710 3016/29/29
f 3251/3576/2713 129/1256/1572 862/3577/2714
f 92/1813/1401 769/3570/2708 3015/56/54
f 3006/3578/2715 3007/3579/2716 3010/3580/2717 3009/3581/2718
f 3007/3579/2716 3008/3582/2719 3011/3583/2720 3010/3580/2717
f 3009/3581/2718 3010/3580/2717 3013/3584/2721 3012/3394/2613
f 3010/3580/2717 3011/3583/2720 3014/3568/2707 3013/3584/2721
f 174/1799/1422 1013/3529/2688 3006/3578/2715 792/1800/1423
f 1013/3529/2688 1012/3530/2689 3007/3579/2716 3006/3578/2715
f 1012/3530/2689 1011/3535/2690 3008/3582/2719 3007/3579/2716
f 1011/3535/2690 298/71/68 1407/73/70 3008/3582/2719
f 3008/3582/2719 1407/73/70 1408/86/83 3011/3583/2720
f 3011/3583/2720 1408/86/83 1409/87/84 3014/3568/2707
f 3012/3394/2613 3013/3584/2721 771/3567/2614
f 794/1802/1425 3012/3394/2613 94/3376/1399
f 1489/1980/1534 1488/58/56 2245/1448/1221
f 1421/3585/2722 3107/1767/1392 330/1782/1406
f 793/1801/1424 3009/3581/2718 3012/3394/2613 794/1802/1425
f 792/1800/1423 3006/3578/2715 3009/3581/2718 793/1801/1424
f 3016/29/29 3017/31/31 3015/56/54 768/3571/2709
f 810/3586/2723 809/3587/2619 3167/2458/1937
f 3168/2459/1938 3167/2458/1937 809/3587/2619
f 1417/1783/1407 2832/3369/2592 2831/1784/1408
f 604/3588/2724 603/3589/2725 3093/753/650
f 2832/3369/2592 1417/1783/1407 2833/1810/1430
f 3312/536/465 1570/372/344 3313/3590/2726
f 603/3589/2725 602/1804/1427 3094/1806/1428
f 770/3404/2618 2902/3477/2674 2901/3403/2617
f 3013/3584/2721 3014/3568/2707 771/3567/2614
f 3014/3568/2707 1409/87/84 282/40/39
f 110/1780/1273 1187/3362/2588 2820/1778/1403
f 3149/3591/2727 802/1539/1274 3150/1814/1432
f 3018/3592/2728 3019/3593/2729 3022/3594/2730 3021/3595/2731
f 3019/3593/2729 3020/3596/2732 3023/3597/2733 3022/3594/2730
f 3021/3595/2731 3022/3594/2730 3025/3598/2734 3024/3599/2735
f 3022/3594/2730 3023/3597/2733 3026/3600/2736 3025/3598/2734
f 272/1832/1450 1230/3469/2670 3018/3592/2728 796/1833/1451
f 1230/3469/2670 1229/3470/2671 3019/3593/2729 3018/3592/2728
f 1229/3470/2671 1228/3474/2672 3020/3596/2732 3019/3593/2729
f 1228/3474/2672 312/10/10 1411/12/12 3020/3596/2732
f 3020/3596/2732 1411/12/12 1412/28/28 3023/3597/2733
f 3023/3597/2733 1412/28/28 1413/26/26 3026/3600/2736
f 3026/3600/2736 1413/26/26 280/27/27 767/3601/2710
f 3025/3598/2734 3026/3600/2736 767/3601/2710 768/3602/2709
f 3024/3599/2735 3025/3598/2734 768/3602/2709 769/3603/2708
f 798/1835/1453 3024/3599/2735 769/3603/2708 92/1836/1401
f 797/1834/1452 3021/3595/2731 3024/3599/2735 798/1835/1453
f 796/1833/1451 3018/3592/2728 3021/3595/2731 797/1834/1452
f 3027/3573/2711 3028/3604/2737 3031/3605/2738 3030/3606/2739
f 3028/3604/2737 3029/557/485 3032/3607/2740 3031/3605/2738
f 3030/3606/2739 3031/3605/2738 3034/3608/2741 3033/3609/2742
f 3031/3605/2738 3032/3607/2740 3035/3610/2743 3034/3608/2741
f 3095/3319/2546 605/3575/2712 33/3611/594 628/755/641
f 3104/3612/2744 1452/1803/1426 315/1549/1283
f 314/555/483 605/748/2712 3095/3319/2546 1449/1769/1394
f 3029/557/485 1434/556/484 1435/3380/2602 3032/3607/2740
f 3032/3607/2740 1435/3380/2602 1436/3379/2601 3035/3610/2743
f 3035/3610/2743 1436/3379/2601 346/1619/1340 1212/3613/2745
f 3034/3608/2741 3035/3610/2743 1212/3613/2745 1213/3614/2746
f 3033/3609/2742 3034/3608/2741 1213/3614/2746 1214/3615/2747
f 1179/3430/2642 3033/3609/2742 1214/3615/2747 269/1486/1240
f 1178/3429/2641 3030/3606/2739 3033/3609/2742 1179/3430/2642
f 1177/3428/2640 3027/3573/2711 3030/3606/2739 1178/3429/2641
f 1210/3565/2706 3037/3447/394 3036/1757/394 3038/1756/394
f 3040/598/522 3039/3259/2510 613/596/520
f 2757/1853/388 381/1507/1251 371/1460/388
f 3002/3518/388 1405/210/196 283/211/197
f 1158/3502/394 2960/1192/394 253/1499/394
f 3038/1756/394 1438/1755/394 345/1827/1445 1209/3564/2705
f 1142/3246/2503 3039/3259/2510 1143/3247/2504
f 1156/3168/2444 3385/1356/394 252/1358/1142
f 3037/3447/394 1211/3616/2748 264/779/673
f 878/3617/2749 3284/991/841 398/426/393
f 40/3302/1959 614/3618/2750 3039/3259/2510 1142/3246/2503
f 1616/1314/1108 437/948/812 2109/926/790
f 49/976/834 646/3619/2106 3356/1017/855
f 1170/804/394 88/664/394 3036/1757/394
f 3288/448/407 868/422/389 391/432/396
f 87/421/388 328/420/388 343/2226/397 246/603/527
f 1437/1754/394 3036/1757/394 329/464/394
f 3046/3620/2751 3043/1718/1378 1439/1720/1380
f 356/1324/1114 3147/1326/394 351/1476/394 2882/806/394
f 1155/912/778 247/911/777 3362/2984/388
f 3041/3621/2752 3042/3622/2753 3045/3623/2754 3044/3223/2483
f 3042/3622/2753 3043/1718/1378 3046/3620/2751 3045/3623/2754
f 3044/3223/2483 3045/3623/2754 3048/3624/2755 3047/3224/2484
f 3045/3623/2754 3046/3620/2751 3049/2938/2283 3048/3624/2755
f 39/609/532 612/3625/2756 3041/3621/2752 1122/3626/1966
f 612/3625/2756 611/1743/1384 3042/3622/2753 3041/3621/2752
f 3055/3627/2757 3052/487/426 1440/486/425
f 3048/3624/2755 3049/2938/2283 1128/1653/1351 1129/3628/2758
f 3047/3224/2484 3048/3624/2755 1129/3628/2758 1130/3225/2485
f 1120/3197/2463 238/2517/1979 2723/2518/1980
f 1122/3626/1966 3041/3621/2752 3044/3223/2483 1123/2515/1977
f 3050/3629/2759 3051/3630/2760 3054/3631/2761 3053/3632/2762
f 3051/3630/2760 3052/487/426 3055/3627/2757 3054/3631/2761
f 3053/3632/2762 3054/3631/2761 3057/3633/2763 3056/3634/2764
f 3054/3631/2761 3055/3627/2757 3058/3066/2370 3057/3633/2763
f 77/1347/1135 741/3635/2765 3050/3629/2759 1118/3636/1064
f 741/3635/2765 740/3524/2685 3051/3630/2760 3050/3629/2759
f 3055/3627/2757 1440/486/425 3058/3066/2370
f 3057/3633/2763 3058/3066/2370 1125/3637/2766 1126/3638/2767
f 3056/3634/2764 3057/3633/2763 1126/3638/2767 1127/3639/2768
f 1120/3640/2463 3056/3634/2764 1127/3639/2768 238/3641/1979
f 1119/3642/1065 3053/3632/2762 3056/3634/2764 1120/3640/2463
f 1118/3636/1064 3050/3629/2759 3053/3632/2762 1119/3642/1065
f 233/992/842 1108/1211/1019 2688/1618/394
f 36/670/394 317/1750/394 340/1312/1106 227/669/580
f 2931/3508/394 1349/3152/2432 305/1379/1156
f 2706/679/587 1092/3166/2442 223/680/588
f 1213/3614/2746 1212/3613/2745 3145/3643/388
f 445/1210/1018 1624/1064/886 2068/900/769
f 658/917/783 185/1687/1362 1034/2891/2244 3467/3644/2769
f 2117/1311/1105 2120/1343/1131 2119/1338/1126
f 1092/3166/2442 3059/3097/2391 3060/450/409
f 78/3164/1962 743/3645/2770 3059/3097/2391 1091/3165/2441
f 1091/3165/2441 3059/3097/2391 1092/3166/2442
f 336/1661/1357 1054/3005/2326 3064/1758/1386
f 1551/1518/1254 268/1519/1255 2153/1510/388
f 2039/951/394 674/960/394 60/1688/394
f 68/3274/1992 3132/3646/2771 714/774/668
f 35/688/388 316/1216/388 338/1652/397 211/1193/1001
f 3060/450/409 742/3098/2392 327/451/410
f 2067/1021/859 1624/1064/886 212/681/589
f 740/3524/2685 3133/667/578 326/488/427
f 3068/2937/2282 3066/3647/2772 711/1197/1005
f 68/3274/1992 714/774/668 3061/635/553 1063/1154/968
f 607/1034/865 318/1697/1365 3064/1758/1386
f 1055/3648/2773 3065/3006/2327 1054/3005/2326
f 1384/1223/1027 2976/1663/388 303/1226/1030
f 618/604/528 619/608/531 1958/593/517
f 3071/643/559 3070/1914/1515 609/1712/1375
f 37/646/562 608/1032/863 3062/3649/2774 1048/3650/2013
f 3068/2937/2282 711/1197/1005 324/1651/1350
f 1053/3036/2349 3069/2965/2303 1052/3137/2420
f 301/1290/1087 1381/1292/1089 2973/3472/394
f 1050/3651/2324 3065/3006/2327 1055/3648/2773 202/3652/2019
f 1049/3653/2018 3063/3654/2775 3065/3006/2327 1050/3651/2324
f 1048/3650/2013 3062/3649/2774 3063/3654/2775 1049/3653/2018
f 610/3655/2776 609/1712/1375 3070/1914/1515
f 320/1719/1379 611/1743/1384 3114/3452/2658
f 189/641/557 2591/1020/858 1023/642/558
f 3145/3643/388 1458/1512/388 1459/1514/388
f 3071/643/559 609/1712/1375 319/1709/1373
f 1760/2373/1866 2354/2374/388 476/2292/1815
f 660/3656/811 659/2583/807 2417/2582/2021
f 1043/3657/1993 3066/3647/2772 3067/3044/2354 1044/2964/2296
f 1022/2980/2310 3070/1914/1515 1023/642/558
f 988/2886/2242 3082/1725/388 987/3658/2777
f 38/2979/2003 610/3655/2776 3070/1914/1515 1022/2980/2310
f 324/1651/1350 711/1197/1005 3128/1196/1004
f 3046/3620/2751 1439/1720/1380 3049/2938/2283
f 2027/953/814 1609/955/815 431/1150/964
f 47/2971/2029 641/3659/2041 3443/1999/1582
f 942/1726/388 58/1029/388 3081/1727/388
f 57/639/394 322/1731/394 333/1748/1106 184/640/556
f 1444/2759/388 3081/1727/388 323/1031/388
f 1697/909/775 471/908/774 3492/1049/875
f 3072/3660/2778 3073/3661/2779 3076/3662/2780 3075/3663/2781
f 3073/3661/2779 3074/3664/2782 3077/3665/2783 3076/3662/2780
f 3075/3663/2781 3076/3662/2780 3079/3666/2784 3078/3667/2785
f 3076/3662/2780 3077/3665/2783 3080/3668/2786 3079/3666/2784
f 31/2184/605 1419/3669/2787 3072/3660/2778 950/2858/2221
f 1419/3669/2787 1420/3670/2788 3073/3661/2779 3072/3660/2778
f 1420/3670/2788 1421/3671/2722 3074/3664/2782 3073/3661/2779
f 1421/3671/2722 330/2800/1406 1441/2802/2179 3074/3664/2782
f 3074/3664/2782 1441/2802/2179 1442/2810/2184 3077/3665/2783
f 3077/3665/2783 1442/2810/2184 1443/2809/2183 3080/3668/2786
f 3080/3668/2786 1443/2809/2183 332/1702/1367 989/3672/2789
f 3079/3666/2784 3080/3668/2786 989/3672/2789 990/3673/2790
f 3078/3667/2785 3079/3666/2784 990/3673/2790 991/3674/2791
f 952/2860/2223 3078/3667/2785 991/3674/2791 171/1040/868
f 951/2859/2222 3075/3663/2781 3078/3667/2785 952/2860/2223
f 950/2858/2221 3072/3660/2778 3075/3663/2781 951/2859/2222
f 2085/471/394 66/482/394 395/2193/1743
f 3083/3675/388 986/3676/2792 987/3658/2777
f 3249/1458/388 371/1460/388 85/1729/388
f 3083/3675/388 1445/2758/388 331/1794/1417 986/3676/2792
f 3083/3675/388 987/3658/2777 3082/1725/388 3081/1727/388
f 3084/3677/2793 3085/3678/2794 3088/3679/2795 3087/3680/2796
f 3085/3678/2794 3086/3681/2797 3089/3682/2798 3088/3679/2795
f 3087/3680/2796 3088/3679/2795 3091/3683/2799 3090/3684/2800
f 3088/3679/2795 3089/3682/2798 3092/3685/2801 3091/3683/2799
f 264/779/673 1211/3616/2748 3084/3677/2793 629/780/674
f 1211/3616/2748 1210/3565/2706 3085/3678/2794 3084/3677/2793
f 1210/3565/2706 1209/3564/2705 3086/3681/2797 3085/3678/2794
f 1209/3564/2705 345/1827/1445 1446/1829/1447 3086/3681/2797
f 3086/3681/2797 1446/1829/1447 1447/1842/1455 3089/3682/2798
f 3089/3682/2798 1447/1842/1455 1448/1840/1454 3092/3685/2801
f 3092/3685/2801 1448/1840/1454 313/1841/1261 602/3686/1427
f 3091/3683/2799 3092/3685/2801 602/3686/1427 603/3687/2725
f 3090/3684/2800 3091/3683/2799 603/3687/2725 604/3688/2724
f 631/782/676 3090/3684/2800 604/3688/2724 32/783/608
f 630/781/675 3087/3680/2796 3090/3684/2800 631/782/676
f 629/780/674 3084/3677/2793 3087/3680/2796 630/781/675
f 3094/1806/1428 3095/3319/2546 3093/753/650 603/3589/2725
f 3102/3689/2802 606/3690/2803 34/2184/593
f 3106/708/606 624/707/602 3105/1768/1393
f 1419/3691/2787 3106/708/606 1420/3692/2788
f 1177/3428/2640 33/694/594 3027/3573/2711
f 3103/3693/2804 3104/3612/2744 606/3694/2803
f 2193/1553/1287 764/1577/1309 330/1782/1406
f 2003/713/612 653/298/711 2004/701/601
f 3347/3695/2805 635/3696/2806 3348/758/653
f 3096/3697/2807 3097/3698/2808 3100/3699/2809 3099/3700/2810
f 3097/3698/2808 3098/3701/2811 3101/3702/2812 3100/3699/2809
f 3099/3700/2810 3100/3699/2809 3103/3693/2804 3102/3689/2802
f 3100/3699/2809 3101/3702/2812 3104/3612/2744 3103/3693/2804
f 166/2787/2169 988/2886/2242 3096/3697/2807 625/733/630
f 988/2886/2242 987/3658/2777 3097/3698/2808 3096/3697/2807
f 987/3658/2777 986/3676/2792 3098/3701/2811 3097/3698/2808
f 986/3676/2792 331/1794/1417 1450/1796/1419 3098/3701/2811
f 3098/3701/2811 1450/1796/1419 1451/1807/1429 3101/3702/2812
f 3101/3702/2812 1451/1807/1429 1452/1803/1426 3104/3612/2744
f 1453/1554/1288 3105/1768/1393 606/3694/2803 315/3703/1283
f 3105/1768/1393 624/703/602 34/2184/593 606/3690/2803
f 692/3704/2813 2606/2581/2020 202/2580/2019
f 626/734/631 3099/3700/2810 3102/3689/2802 627/735/632
f 625/733/630 3096/3697/2807 3099/3700/2810 626/734/631
f 3107/1767/1392 1420/3692/2788 3106/708/606 3105/1768/1393
f 3170/2492/1964 3168/2459/1938 1480/613/536
f 1811/2526/1987 1810/3705/2436 2418/2527/1988
f 200/2577/2017 1053/3036/2349 3110/3561/2703
f 3102/3689/2802 3103/3693/2804 606/3694/2803
f 800/3706/2814 799/3707/2815 3183/763/657
f 33/694/594 1177/3428/2640 2864/695/595
f 2863/3421/2634 1463/719/596 2864/695/595
f 813/3708/2816 3169/2457/1936 812/3709/2817
f 3170/2492/1964 811/3710/2818 812/3709/2817
f 32/754/608 604/3588/2724 3093/753/650
f 3106/708/606 1419/3691/2787 31/2487/605
f 3063/3654/2775 3062/3649/2774 3064/1758/1386
f 1214/3615/2747 1213/3614/2746 3144/1487/388
f 3062/3649/2774 607/1034/865 3064/1758/1386
f 3063/3654/2775 3064/1758/1386 3065/3006/2327
f 743/3645/2770 742/3098/2392 3059/3097/2391
f 3115/3560/2702 618/604/528 3114/3452/2658
f 190/883/761 1024/1480/1238 3446/2000/1583 1035/1035/866
f 619/608/531 618/604/528 3115/3560/2702
f 3111/3711/2819 3112/1714/1377 3113/1713/1376
f 623/645/561 3109/1033/864 608/1032/863 37/646/562
f 991/3674/2791 990/3673/2790 3125/2981/394
f 612/3625/2756 3115/3560/2702 611/1743/1384
f 3067/3044/2354 3068/2937/2282 3069/2965/2303
f 3126/2986/394 1455/1642/394 1456/1644/394
f 3121/3712/2820 3118/1684/1360 1454/1683/1359
f 621/3713/2002 3113/1713/1376 610/3655/2776 38/2979/2003
f 620/3714/2015 3111/3711/2819 3113/1713/1376 621/3713/2002
f 1462/2493/677 1461/743/640 1981/513/442
f 2084/1186/996 691/1194/1002 67/1195/1003
f 673/1038/394 3125/2981/394 3127/2985/394
f 1963/633/551 1960/626/544 622/644/560
f 1125/3637/2766 341/1685/1361 3118/1684/1360
f 723/668/579 2116/1309/1103 227/669/580
f 3123/3715/2821 3124/1708/1372 613/596/520
f 711/1197/1005 3066/3647/2772 67/1195/1003
f 619/608/531 3115/3560/2702 612/3625/2756 39/609/532
f 3116/3716/2822 3117/3717/2823 3120/3718/2824 3119/3719/2825
f 3117/3717/2823 3118/1684/1360 3121/3712/2820 3120/3718/2824
f 3119/3719/2825 3120/3718/2824 3123/3715/2821 3122/3720/2826
f 3120/3718/2824 3121/3712/2820 3124/1708/1372 3123/3715/2821
f 238/3641/1979 1127/3639/2768 3116/3716/2822 615/3721/1953
f 1127/3639/2768 1126/3638/2767 3117/3717/2823 3116/3716/2822
f 1126/3638/2767 1125/3637/2766 3118/1684/1360 3117/3717/2823
f 3121/3712/2820 1454/1683/1359 3124/1708/1372
f 1960/626/544 1963/633/551 1962/627/545
f 3122/3720/2826 3123/3715/2821 613/596/520 614/3618/2750
f 617/3722/1965 3122/3720/2826 614/3618/2750 40/3302/1959
f 616/3723/1954 3119/3719/2825 3122/3720/2826 617/3722/1965
f 615/3721/1953 3116/3716/2822 3119/3719/2825 616/3723/1954
f 3126/2986/394 3127/2985/394 3125/2981/394 990/3673/2790
f 989/3672/2789 332/1702/1367 1455/1642/394 3126/2986/394
f 1055/3648/2773 1054/3005/2326 3129/3724/2827
f 1364/2785/2168 1365/2913/2262 2949/3534/388
f 2064/1139/953 1261/1148/962 290/2912/2261
f 1385/1239/1041 1384/1223/1027 2091/1222/1026
f 3416/995/394 1643/949/394 433/2283/394
f 2567/1759/1387 376/1760/430 361/1008/852
f 3131/775/669 3129/3724/2827 1054/3005/2326
f 3130/3725/2828 3129/3724/2827 3131/775/669
f 820/1201/1009 2084/1186/996 67/1195/1003
f 777/3521/388 776/3532/388 2943/3525/388
f 740/3524/2685 3134/1662/1358 3133/667/578
f 2040/1024/388 1694/1019/857 189/641/557
f 3735/3127/2414 3736/2306/1823 701/1199/1007
f 3132/3646/2771 3131/775/669 714/774/668
f 202/3652/2019 1055/3648/2773 3129/3724/2827 692/3726/2813
f 724/1346/1134 723/668/579 3134/1662/1358
f 741/3635/2765 3134/1662/1358 740/3524/2685
f 1469/3290/1232 251/666/577 2148/665/394
f 693/3727/2323 3130/3725/2828 3132/3646/2771 694/3728/2466
f 692/3726/2813 3129/3724/2827 3130/3725/2828 693/3727/2323
f 305/1379/1156 1378/1381/1158 2970/3513/394
f 3140/3729/2829 3137/1654/1352 1457/1655/1353
f 3142/3730/2830 3143/3554/2701 742/3098/2392
f 1201/2197/1747 265/3441/2652 3355/2198/394
f 724/1346/1134 3134/1662/1358 741/3635/2765 77/1347/1135
f 3145/3643/388 1459/1514/388 3146/419/388
f 3135/3185/2456 3136/3731/2831 3139/3732/2832 3138/3186/2457
f 3136/3731/2831 3137/1654/1352 3140/3729/2829 3139/3732/2832
f 3138/3186/2457 3139/3732/2832 3142/3730/2830 3141/3733/2833
f 3139/3732/2832 3140/3729/2829 3143/3554/2701 3142/3730/2830
f 1173/3402/2610 8/3212/42 2851/43/41
f 1130/3225/2485 1129/3628/2758 3136/3731/2831 3135/3185/2456
f 1129/3628/2758 1128/1653/1351 3137/1654/1352 3136/3731/2831
f 1459/1514/388 2179/1513/388 2182/1617/388
f 268/1519/1255 1208/3734/2834 3247/1493/388
f 3141/3733/2833 3142/3730/2830 742/3098/2392 743/3645/2770
f 726/3735/1961 3141/3733/2833 743/3645/2770 78/3164/1962
f 725/3187/2458 3138/3186/2457 3141/3733/2833 726/3735/1961
f 2114/1323/1113 2112/1322/1112 727/1331/1119
f 3144/1487/388 1213/3614/2746 3145/3643/388 3146/419/388
f 1212/3613/2745 346/1619/1340 1458/1512/388 3145/3643/388
f 1472/1464/1229 1471/3431/2643 2149/1474/388
f 2594/2988/2314 2597/2991/2317 1359/3092/2387
f 2917/3304/394 2918/3498/394 1158/3502/394
f 1565/3736/388 2151/1517/388 2154/1511/388
f 614/3618/2750 613/596/520 3039/3259/2510
f 661/910/776 2027/953/814 247/911/777
f 1728/2237/394 2751/1628/394 259/3093/394
f 354/621/542 3187/620/541 1160/1504/1248
f 3172/1477/394 351/1476/394 3147/1326/394 125/1862/394
f 3171/1485/388 1221/3737/2835 355/1462/1227
f 2825/3361/2587 2826/1844/1457 1516/1843/1456
f 1226/1325/1115 3174/3738/2836 3173/1640/1346
f 355/1462/1227 1472/1464/1229 2150/1475/388
f 3175/3739/2837 1226/1325/1115 356/1324/1114
f 1191/3353/2579 3254/3740/2838 3257/3354/2580
f 3156/3741/2839 1477/1478/1237 355/1462/1227
f 3148/1537/1272 3149/3591/2727 3152/3742/2840 3151/3743/2841
f 3149/3591/2727 3150/1814/1432 3153/3744/2842 3152/3742/2840
f 3151/3743/2841 3152/3742/2840 3155/3745/2843 3154/3746/2844
f 3152/3742/2840 3153/3744/2842 3156/3741/2839 3155/3745/2843
f 842/1953/655 3184/3747/2845 802/1539/1274 110/3748/1273
f 3521/3749/2846 1706/736/633 464/546/474
f 348/760/619 802/3750/1274 3184/3747/2845 1484/515/444
f 1187/3362/2588 110/1780/1273 3148/1537/1272
f 3150/1814/1432 1475/759/654 1476/3432/2644 3153/3744/2842
f 3153/3744/2842 1476/3432/2644 1477/1478/1237 3156/3741/2839
f 3172/1477/394 1159/3271/1389 353/1465/1230
f 1221/3737/2835 3156/3741/2839 355/1462/1227
f 1188/3363/2589 3151/3743/2841 3154/3746/2844 1189/3355/2581
f 1187/3362/2588 3148/1537/1272 3151/3743/2841 1188/3363/2589
f 3171/1485/388 352/1484/388 3157/3261/388 126/1850/388
f 1221/3737/2835 3171/1485/388 273/1845/1458
f 1479/3293/2532 2777/3296/2534 2779/1466/1231
f 353/1465/1230 1469/1467/1232 2148/665/394
f 2265/675/583 1513/677/585 256/1506/1250
f 136/3256/2084 871/3751/2847 3260/3255/2508
f 3158/3752/2848 3159/3753/2849 3162/3754/2850 3161/3755/2851
f 3159/3753/2849 3160/3756/2852 3163/3308/2540 3162/3754/2850
f 3161/3755/2851 3162/3754/2850 3165/3757/2853 3164/3260/2511
f 3162/3754/2850 3163/3308/2540 3166/3270/2517 3165/3757/2853
f 117/2049/1623 813/3758/2816 3158/3752/2848 1146/3266/2515
f 813/3758/2816 812/3759/2817 3159/3753/2849 3158/3752/2848
f 812/3759/2817 811/3760/2818 3160/3756/2852 3159/3753/2849
f 811/3760/2818 350/3297/1963 1478/3299/2536 3160/3756/2852
f 3160/3756/2852 1478/3299/2536 1479/3293/2532 3163/3308/2540
f 2758/2040/1614 2759/2039/1613 2761/3265/2514
f 1146/3266/2515 3158/3752/2848 3161/3755/2851 1147/3267/2516
f 3184/3747/2845 3183/763/657 1484/515/444
f 3194/3761/2854 23/3762/473 589/389/360
f 117/2461/1623 855/2451/1622 2380/2448/1929
f 3170/2492/1964 812/3709/2817 3169/2457/1936 3168/2459/1938
f 809/3405/2619 349/3407/537 1480/613/536 3168/2459/1938
f 2386/2420/1910 1468/3763/2535 350/2491/1963
f 799/3707/2815 347/764/658 3183/763/657
f 801/3764/2855 800/3706/2814 3182/1951/1543
f 595/370/481 3232/552/480 3234/551/479
f 825/2462/1939 123/2536/1602 2388/2463/1940
f 1468/3763/2535 2386/2420/1910 1467/2477/1949
f 3169/2457/1936 813/3708/2816 117/2500/1623
f 3395/3765/2856 3396/3766/2857 1223/2244/1785
f 1189/3355/2581 3154/3746/2844 273/1845/1458
f 1194/3334/2560 3395/3765/2856 277/2249/1789
f 2828/3268/394 1437/1754/394 2827/463/394
f 98/1711/388 777/3521/388 2944/2973/388
f 1953/622/543 1954/594/518 1485/618/539
f 501/2436/1922 3546/3767/2858 1734/2435/398
f 3173/1640/1346 3174/3738/2836 3177/3768/2859 3176/3769/2860
f 3174/3738/2836 3175/3739/2837 3178/3770/2861 3177/3768/2859
f 3176/3769/2860 3177/3768/2859 3180/3771/2862 3179/3772/2863
f 3177/3768/2859 3178/3770/2861 3181/3773/2864 3180/3771/2862
f 412/573/501 1567/575/503 3304/3774/2865
f 839/1934/1530 274/1363/1144 3173/1640/1346
f 3175/3739/2837 1481/790/680 1482/789/679 3178/3770/2861
f 3178/3770/2861 1482/789/679 1483/787/678 3181/3773/2864
f 3181/3773/2864 1483/787/678 347/788/658 799/3775/2815
f 3180/3771/2862 3181/3773/2864 799/3775/2815 800/3776/2814
f 3179/3772/2863 3180/3771/2862 800/3776/2814 801/3777/2855
f 841/1936/1532 3179/3772/2863 801/3777/2855 109/1937/1533
f 840/1935/1531 3176/3769/2860 3179/3772/2863 841/1936/1532
f 839/1934/1530 3173/1640/1346 3176/3769/2860 840/1935/1531
f 3183/763/657 3184/3747/2845 3182/1951/1543 800/3706/2814
f 3150/1814/1432 802/3750/1274 348/760/619
f 24/2839/439 3229/3778/2866 590/3779/2867
f 2819/3357/2583 1490/1960/1404 2820/1778/1403
f 2258/1945/1539 1529/542/471 2257/1977/1566
f 802/1539/1274 3149/3591/2727 3148/1537/1272
f 3520/3780/2868 3521/3749/2846 803/3781/1549
f 1579/2235/1681 1578/1995/1578 2306/1979/1568
f 1517/3210/2472 358/617/538 2818/3356/2582
f 3185/1505/1249 3186/3242/2499 3189/3782/2869 3188/3783/2870
f 3186/3242/2499 3187/620/541 3190/3784/2871 3189/3782/2869
f 3188/3783/2870 3189/3782/2869 3192/3785/2872 3191/3786/2873
f 3189/3782/2869 3190/3784/2871 3193/3406/2620 3192/3785/2872
f 1148/1501/1245 3260/3255/2508 3261/1502/1246
f 1160/1504/1248 3186/3242/2499 3185/1505/1249
f 3190/3784/2871 1485/618/539 1486/619/540 3193/3406/2620
f 109/1950/1533 801/3764/2855 3182/1951/1543
f 3191/3786/2873 3192/3785/2872 809/3405/2619 810/3787/2723
f 852/2038/1612 3191/3786/2873 810/3787/2723 116/1882/1489
f 851/2037/1611 3188/3783/2870 3191/3786/2873 852/2038/1612
f 3194/3761/2854 3195/388/359 3198/3788/2874 3197/3789/2875
f 3195/388/359 3196/390/361 3199/3790/2876 3198/3788/2874
f 3197/3789/2875 3198/3788/2874 3201/3791/2877 3200/3792/2878
f 3198/3788/2874 3199/3790/2876 3202/3793/2879 3201/3791/2877
f 595/370/481 3234/551/479 589/389/360 23/3042/473
f 3234/551/479 1533/550/478 358/617/538 589/616/360
f 1174/3207/2469 23/545/473 3194/3761/2854
f 3196/390/361 1517/3210/2472 1518/3365/2591 3199/3790/2876
f 3199/3790/2876 1518/3365/2591 1519/3364/2590 3202/3793/2879
f 3202/3793/2879 1519/3364/2590 384/1762/1388 1206/3794/2880
f 3201/3791/2877 3202/3793/2879 1206/3794/2880 1207/3795/2881
f 3200/3792/2878 3201/3791/2877 1207/3795/2881 1208/3734/2834
f 1176/3416/2629 3200/3792/2878 1208/3734/2834 268/1519/1255
f 1175/3415/2628 3197/3789/2875 3200/3792/2878 1176/3416/2629
f 1174/3207/2469 3194/3761/2854 3197/3789/2875 1175/3415/2628
f 198/478/394 2554/2015/394 155/2332/394
f 1521/2026/1600 2758/2040/1614 2761/3265/2514
f 3203/1367/394 3205/3476/394 1204/3796/2882 3204/1482/394
f 1211/3616/2748 3037/3447/394 1210/3565/2706
f 2897/3445/394 1326/3463/2668 1327/3448/2656
f 3218/2058/394 363/2025/1599 3206/1609/394 30/428/394
f 410/433/397 3340/424/391 258/455/414
f 361/1008/852 1493/2027/1601 2567/1759/1387
f 85/1729/388 371/1460/388 381/1507/1251 245/445/388
f 1155/912/778 3362/2984/388 419/457/416
f 3154/3746/2844 1221/3737/2835 273/1845/1458
f 2227/469/419 1501/1857/1467 367/1009/853
f 1539/1369/1146 3246/1327/388 362/1875/1482
f 377/479/423 216/599/523 113/659/394
f 161/2254/388 3411/2243/388 439/3305/388
f 218/1469/1234 406/481/424 132/1858/394
f 1527/2041/1615 3218/2058/394 369/1765/1390
f 1160/1504/1248 256/1506/1250 3157/3261/388
f 1110/1344/1132 2699/671/394 227/669/580
f 1052/3137/2420 3068/2937/2282 335/1738/1383
f 397/447/406 76/495/388 408/494/429
f 1502/1886/1493 2689/1336/1124 368/1337/1125
f 607/1034/865 3108/1063/885 318/1697/1365
f 2076/1164/978 1615/1180/991 436/663/576
f 608/1032/863 607/1034/865 3062/3649/2774
f 406/481/424 395/2193/1743 66/482/394
f 378/470/420 367/1009/853 65/897/388
f 2260/2020/1594 1492/2021/1595 360/2987/2313
f 817/3108/1974 68/3274/1992 2668/1153/967
f 1739/1917/1518 3567/3797/2883 477/1918/1519
f 1528/2036/1610 362/1875/1482 3219/1508/388
f 3217/2926/388 982/3798/2884 983/2702/2109
f 28/466/388 361/1008/852 376/1760/430 188/1005/388
f 3112/1714/1377 1052/3137/2420 335/1738/1383
f 2589/2935/2280 1023/642/558 2591/1020/858
f 943/1690/388 59/891/388 3459/2915/388
f 55/1062/394 365/2005/394 375/2063/1143 183/918/394
f 2463/606/388 1664/605/529 459/2151/1705
f 1674/2370/388 3459/2915/388 456/2104/388
f 2660/685/388 1085/921/786 215/468/418
f 207/637/555 1063/1154/968 3061/635/553
f 3207/3799/2885 3208/3800/2886 3211/3801/2887 3210/3802/2888
f 3208/3800/2886 3209/3803/2889 3212/3804/2890 3211/3801/2887
f 3210/3802/2888 3211/3801/2887 3214/2708/2113 3213/1915/1516
f 3211/3801/2887 3212/3804/2890 3215/3805/2891 3214/2708/2113
f 21/2839/438 1504/3806/2892 3207/3799/2885 947/2840/2207
f 1504/3806/2892 1505/3807/2893 3208/3800/2886 3207/3799/2885
f 1505/3807/2893 1506/3808/1581 3209/3803/2889 3208/3800/2886
f 1506/3808/1581 372/2771/1574 1522/2773/2161 3209/3803/2889
f 3209/3803/2889 1522/2773/2161 1523/2781/2166 3212/3804/2890
f 3212/3804/2890 1523/2781/2166 1524/2780/2165 3215/3805/2891
f 3215/3805/2891 1524/2780/2165 374/1911/1513 984/3809/2894
f 3214/2708/2113 3215/3805/2891 984/3809/2894 985/1916/1517
f 948/2841/2208 3210/3802/2888 3213/1915/1516 949/2842/2209
f 947/2840/2207 3207/3799/2885 3210/3802/2888 948/2841/2208
f 3449/1686/394 1034/2891/2244 185/1687/1362
f 1525/1010/388 1526/2761/388 3217/2926/388
f 2230/1889/1496 366/2378/1870 360/2987/2313
f 367/1009/853 1501/1857/1467 2262/1007/851
f 3217/2926/388 1526/2761/388 373/1970/1558 982/3798/2884
f 2276/1878/1485 363/2025/1599 1527/2041/1615
f 369/1765/1390 2271/1871/1478 1527/2041/1615
f 1008/2972/2306 178/2154/1708 3273/2733/388
f 3051/3630/2760 740/3524/2685 3052/487/426
f 85/1729/388 754/1492/388 3249/1458/388
f 2758/2040/1614 1521/2026/1600 363/2025/1599
f 2154/1511/388 754/1492/388 85/1729/388
f 2268/1876/1483 362/1875/1482 1528/2036/1610
f 1557/3446/394 399/1170/394 2884/1169/394
f 362/1875/1482 3246/1327/388 29/446/388 3219/1508/388
f 1958/593/517 1955/592/516 618/604/528
f 3114/3452/2658 618/604/528 246/603/527
f 1043/3657/1993 67/1195/1003 3066/3647/2772
f 3111/3711/2819 3110/3561/2703 3112/1714/1377
f 2262/1007/851 1493/2027/1601 361/1008/852
f 183/918/394 375/2063/1143 360/2987/2313 27/474/394
f 1208/3734/2834 1207/3795/2881 3247/1493/388
f 3261/1502/1246 3260/3255/2508 870/3810/2895
f 985/1916/1517 984/3809/2894 3244/2067/394
f 590/3811/2867 3231/3812/2896 359/3813/1435
f 587/3814/2897 586/1997/1580 3233/549/477
f 24/2839/439 590/3779/2867 3220/541/470 591/501/433
f 861/3815/2898 860/3816/2899 3311/2138/1692
f 590/3811/2867 359/3813/1435 1529/542/471 3220/541/470
f 624/703/602 1971/705/604 1969/558/486
f 588/3817/2900 587/3814/2897 3232/552/480
f 3222/540/469 1505/3818/2893 3221/510/440 3220/541/470
f 3325/517/446 1543/1994/1577 1542/3209/2471
f 1544/3819/510 22/1446/482 1942/539/468
f 22/554/482 588/3817/2900 3232/552/480
f 3221/510/440 1504/3820/2892 21/1432/438
f 3223/2709/2114 3224/3821/2901 3227/3822/2902 3226/3823/2903
f 3224/3821/2901 3225/3824/2904 3228/3825/2905 3227/3822/2902
f 3226/3823/2903 3227/3822/2902 3230/3826/2906 3229/3778/2866
f 3227/3822/2902 3228/3825/2905 3231/3812/2896 3230/3826/2906
f 949/2842/2209 3213/1915/1516 170/684/591
f 983/2702/2109 982/3798/2884 3225/3824/2904 3224/3821/2901
f 982/3798/2884 373/1970/1558 1530/1971/1559 3225/3824/2904
f 3225/3824/2904 1530/1971/1559 1531/1981/1569 3228/3825/2905
f 3228/3825/2905 1531/1981/1569 1532/1962/1550 3231/3812/2896
f 3229/3778/2866 3230/3826/2906 590/3811/2867
f 583/518/447 1930/382/353 584/377/349
f 1938/526/455 1939/525/454 1548/509/434
f 593/529/458 3226/3823/2903 3229/3778/2866 594/530/459
f 592/528/457 3223/2709/2114 3226/3823/2903 593/529/458
f 3232/552/480 587/3814/2897 3233/549/477 3234/551/479
f 892/1254/491 3311/2138/1692 3313/3590/2726
f 3373/827/712 3375/2627/2053 653/829/711
f 1558/3420/2633 387/3827/463 2853/533/462
f 2259/1955/1546 816/1954/1545 815/1946/1540
f 2854/3408/2621 1547/532/461 2855/543/472
f 1971/705/604 601/704/603 600/698/598
f 860/3816/2899 859/535/464 3312/536/465
f 3107/1767/1392 1421/3585/2722 1420/3692/2788
f 3231/3812/2896 1532/1962/1550 359/1817/1435
f 3230/3826/2906 3231/3812/2896 590/3811/2867
f 1418/1774/1285 2203/1793/1416 94/2391/1399
f 3028/3604/2737 605/3575/2712 3029/557/485
f 3235/3828/2907 3236/3829/2908 3239/3830/2909 3238/3831/2910
f 3236/3829/2908 3237/3832/2911 3240/3833/2912 3239/3830/2909
f 3238/3831/2910 3239/3830/2909 3242/3834/2913 3241/3835/2914
f 3239/3830/2909 3240/3833/2912 3243/3836/2915 3242/3834/2913
f 263/578/506 1205/3451/2657 3235/3828/2907 596/579/507
f 1205/3451/2657 1204/3796/2882 3236/3829/2908 3235/3828/2907
f 1204/3796/2882 1203/3475/2673 3237/3832/2911 3236/3829/2908
f 1203/3475/2673 383/1930/1528 1534/1933/1529 3237/3832/2911
f 3237/3832/2911 1534/1933/1529 1535/1943/1537 3240/3833/2912
f 3240/3833/2912 1535/1943/1537 1536/1941/1535 3243/3836/2915
f 3243/3836/2915 1536/1941/1535 357/1942/1536 586/3837/1580
f 3242/3834/2913 3243/3836/2915 586/3837/1580 587/3838/2897
f 3241/3835/2914 3242/3834/2913 587/3838/2897 588/3839/2900
f 598/581/509 3241/3835/2914 588/3839/2900 22/582/482
f 597/580/508 3238/3831/2910 3241/3835/2914 598/581/509
f 596/579/507 3235/3828/2907 3238/3831/2910 597/580/508
f 3245/1061/394 3244/2067/394 1538/2004/394
f 1444/2759/388 1445/2758/388 3083/3675/388
f 1053/3036/2349 1052/3137/2420 3110/3561/2703
f 1537/1913/394 2233/1908/394 1538/2004/394
f 171/1040/868 991/3674/2791 3125/2981/394
f 1092/3166/2442 3060/450/409 223/680/588
f 1746/2329/1839 3610/3840/2916 482/2327/1837
f 1743/2369/1864 3593/3841/2917 485/2284/1811
f 3281/3842/2918 3282/3843/2919 995/2061/1632
f 984/3809/2894 374/1911/1513 1537/1913/394 3244/2067/394
f 1512/1912/1514 1511/1898/1504 2233/1908/394
f 3492/1049/875 3491/3844/2920 1697/909/775
f 319/1709/1373 3112/1714/1377 335/1738/1383 2191/1710/1374
f 610/3655/2776 3113/1713/1376 609/1712/1375
f 3067/3044/2354 3066/3647/2772 3068/2937/2282
f 833/1206/1014 834/1204/1012 2228/1855/1465
f 3130/3725/2828 3131/775/669 3132/3646/2771
f 2993/1700/388 777/3521/388 98/1711/388
f 362/1875/1482 2219/1865/1472 1539/1369/1146
f 1503/1353/1141 2271/1871/1478 369/1765/1390
f 2118/1310/1104 2116/1309/1103 723/668/579
f 2677/223/209 304/222/208 1351/3103/2397
f 1207/3795/2881 1206/3794/2880 3248/1761/388
f 1125/3637/2766 3058/3066/2370 341/1685/1361
f 3140/3729/2829 1457/1655/1353 3143/3554/2701
f 990/3673/2790 989/3672/2789 3126/2986/394
f 1206/3794/2880 384/1762/1388 3248/1761/388
f 412/573/501 3304/3774/2865 1227/1847/1459
f 269/1486/1240 1214/3615/2747 3144/1487/388
f 878/3617/2749 3285/1481/1239 3284/991/841
f 3247/1493/388 1207/3795/2881 3248/1761/388 3249/1458/388
f 3248/1761/388 1540/1459/388 3249/1458/388
f 2885/3309/394 412/573/501 1557/3446/394
f 1437/1754/394 329/464/394 2827/463/394
f 1954/594/518 1953/622/543 1955/592/516
f 2151/1517/388 2152/1509/388 2154/1511/388
f 2751/1628/394 1716/1630/394 153/2338/394
f 2808/2009/394 1586/2060/1631 421/2132/1686
f 885/1641/1347 2288/2080/1648 217/431/395
f 257/1503/1247 409/1500/554 399/1170/394 143/2008/394
f 3261/1502/1246 870/3810/2895 392/425/392
f 2657/1227/1031 2658/3090/2385 1299/1228/1032
f 3250/3067/394 1557/3446/394 412/573/501 1227/1847/1459
f 1301/224/210 1871/214/200 1870/213/199
f 3387/2890/394 1225/2033/1607 278/2032/1606
f 1640/1453/388 439/3305/388 3411/2243/388
f 1107/2092/1660 2687/3122/2410 234/1646/1349
f 3251/3576/2713 3252/3845/2921 3255/3846/2922 3254/3740/2838
f 3252/3845/2921 3253/3847/2923 3256/3848/2924 3255/3846/2922
f 3254/3740/2838 3255/3846/2922 3258/3849/2925 3257/3354/2580
f 3255/3846/2922 3256/3848/2924 3259/3850/2926 3258/3849/2925
f 3313/3590/2726 862/3577/2714 129/3851/1572 892/1254/491
f 387/3827/463 862/3852/2714 3313/3590/2726 1570/372/344
f 3253/3847/2923 1558/3420/2633 1559/3419/2632 3256/3848/2924
f 3256/3848/2924 1559/3419/2632 1560/3417/2630 3259/3850/2926
f 3283/2055/388 1220/3853/2927 411/3418/2631 1565/3736/388
f 3154/3746/2844 3155/3745/2843 1221/3737/2835
f 2336/2253/388 1730/2229/1777 277/2249/1789
f 402/2892/2245 3273/2733/388 393/1015/388 2538/1014/388
f 1190/3352/2578 3251/3576/2713 3254/3740/2838 1191/3353/2579
f 1220/3853/2927 3283/2055/388 275/2045/1619
f 144/484/388 400/1728/388 410/433/397 258/455/414
f 258/455/414 901/458/417 2331/456/415
f 2235/1909/394 120/1054/394 365/2005/394
f 2687/3122/2410 1100/3136/2419 234/1646/1349
f 1515/1859/1468 2817/1864/394 274/1363/1144
f 1629/801/691 2881/1931/394 1628/803/693
f 1735/3854/2928 2750/1629/394 1736/3124/2412
f 877/3855/2929 876/3856/2930 3262/3857/2931
f 3263/1645/1348 876/3856/2930 397/447/406
f 3164/3260/2511 3165/3757/2853 1159/3271/1389
f 1606/905/771 429/933/797 2018/928/792
f 3262/3857/2931 3263/1645/1348 1100/3136/2419
f 3268/3858/2932 3269/2086/1654 3271/3859/2933
f 141/3134/2076 877/3855/2929 3262/3857/2931 1099/3135/2418
f 1099/3135/2418 3262/3857/2931 1100/3136/2419
f 1132/1361/388 241/1360/388 2924/2101/388
f 2280/2053/1626 1108/1211/1019 233/992/842
f 1663/607/530 2462/2110/388 178/2154/1708
f 873/3860/2934 872/3161/2440 3264/3861/2935
f 3343/3862/2936 3342/3863/2937 3344/2270/1802
f 397/447/406 876/3856/2930 3288/448/407
f 2812/3351/2577 2813/2120/1678 2815/2017/1591
f 233/992/842 132/1858/394 407/990/840
f 1703/1041/394 2041/1037/394 468/1043/394
f 306/198/184 1403/3519/186 3000/3511/388
f 3265/1468/1233 3264/3861/2935 872/3161/2440
f 1074/2108/1668 3264/3861/2935 3265/1468/1233
f 2641/2194/1744 1074/2108/1668 218/1469/1234
f 139/3059/2027 873/3860/2934 3264/3861/2935 1073/3060/2365
f 1073/3060/2365 3264/3861/2935 1074/2108/1668
f 1008/2972/2306 3273/2733/388 402/2892/2245
f 369/1765/1390 75/427/394 380/660/573
f 3218/2058/394 30/428/394 75/427/394
f 1039/3864/883 3272/1058/882 3271/3859/2933
f 3338/3865/2938 3336/3866/2939 3339/438/402
f 3265/1468/1233 872/3161/2440 395/2193/1743
f 406/481/424 3265/1468/1233 395/2193/1743
f 461/2222/1771 3449/1686/394 457/903/394 2558/2102/394
f 3300/1056/394 394/997/394 3266/996/394 138/2099/394
f 1557/3446/394 3250/3067/394 399/1170/394
f 2943/3525/388 1360/2945/2290 1361/2948/2293
f 1040/2917/2265 404/919/784 1575/1055/880 3328/1152/966
f 675/2405/1896 482/2327/1837 3610/3840/2916
f 3267/3867/2940 3268/3858/2932 3271/3859/2933 3270/3868/2941
f 402/2892/2245 3316/3869/2942 1008/2972/2306
f 3270/3868/2941 3271/3859/2933 3272/1058/882
f 134/2929/2057 867/3870/2943 3267/3867/2940 1026/2930/2275
f 867/3870/2943 866/3871/2944 3268/3858/2932 3267/3867/2940
f 866/3871/2944 3339/438/402 390/437/401 3269/2086/1654
f 875/3872/2945 3291/1189/999 874/1188/998
f 3257/3354/2580 1220/3853/2927 275/2045/1619
f 3271/3859/2933 1561/3294/1653 403/1006/850 1039/3864/883
f 3328/1152/966 3326/2210/1759 1040/2917/2265
f 1026/2930/2275 3267/3867/2940 3270/3868/2941 1027/2931/2276
f 2344/2300/394 913/993/394 155/2332/394
f 3301/1315/388 393/1015/388 3273/2733/388 137/2105/388
f 2538/1014/388 1550/1046/872 402/2892/2245
f 1960/626/544 1695/629/547 184/640/556
f 2487/2788/388 2485/1672/388 2488/2782/388
f 2471/2742/2142 2472/2064/1633 1665/1906/1511
f 3274/3873/2946 3275/3874/2947 3278/3875/2948 3277/3876/2949
f 3275/3874/2947 3276/3877/2950 3279/3878/2951 3278/3875/2948
f 3277/3876/2949 3278/3875/2948 3281/3842/2918 3280/2752/2148
f 3278/3875/2948 3279/3878/2951 3282/3843/2919 3281/3842/2918
f 127/2749/1729 1541/3879/2470 3274/3873/2946 964/2750/2146
f 1541/3879/2470 1542/3880/2471 3275/3874/2947 3274/3873/2946
f 1542/3880/2471 1543/3881/1577 3276/3877/2950 3275/3874/2947
f 1543/3881/1577 385/2834/445 1562/2836/2206 3276/3877/2950
f 3276/3877/2950 1562/2836/2206 1563/2845/2212 3279/3878/2951
f 3279/3878/2951 1563/2845/2212 1564/2843/2210 3282/3843/2919
f 1039/3864/883 403/1006/850 3301/1315/388
f 3282/3843/2919 401/1057/881 995/2061/1632
f 976/3882/2952 3461/2735/388 459/2151/1705
f 964/2750/2146 3274/3873/2946 3277/3876/2949 965/2751/2147
f 411/3418/2631 2151/1517/388 1565/3736/388
f 879/3883/2953 3285/1481/1239 878/3617/2749
f 1108/1211/1019 2280/2053/1626 2281/1212/1020
f 3155/3745/2843 3156/3741/2839 1221/3737/2835
f 3190/3784/2871 3187/620/541 1485/618/539
f 880/1345/1133 2280/2053/1626 233/992/842
f 383/1930/1528 3205/3476/394 1520/1366/394
f 3165/3757/2853 3166/3270/2517 1159/3271/1389
f 881/2068/1636 880/1345/1133 3285/1481/1239
f 2282/2054/1627 2280/2053/1626 880/1345/1133
f 3287/3884/2954 3286/3885/2955 3288/448/407
f 401/1057/881 1549/683/590 2042/682/394
f 877/3855/2929 3289/3886/2956 876/3856/2930
f 881/2068/1636 3285/1481/1239 879/3883/2953 142/2069/1637
f 869/3887/2957 868/422/389 3286/3885/2955
f 2291/2081/1649 2288/2080/1648 885/1641/1347
f 876/3856/2930 3289/3886/2956 3288/448/407
f 3293/3888/2958 3294/1184/994 3296/3889/2959
f 3291/1189/999 885/1641/1347 3290/1190/1000
f 135/2230/1778 869/3887/2957 3286/3885/2955 882/3890/2960
f 396/444/405 874/1188/998 3290/1190/1000
f 3287/3884/2954 3288/448/407 3289/3886/2956
f 884/3891/2061 3289/3886/2956 877/3855/2929 141/3134/2076
f 883/3892/2060 3287/3884/2954 3289/3886/2956 884/3891/2061
f 882/3890/2960 3286/3885/2955 3287/3884/2954 883/3892/2060
f 3298/3893/2961 3296/3889/2959 3299/3154/2434
f 402/2892/2245 1571/538/467 3316/3869/2942
f 886/2087/1655 885/1641/1347 3291/1189/999
f 886/2087/1655 3291/1189/999 875/3872/2945 140/2088/1656
f 2300/2115/1673 2298/2114/1672 2301/2113/1671
f 3292/3894/2962 3293/3888/2958 3296/3889/2959 3295/3895/2963
f 3294/1184/994 1566/472/421 3299/3154/2434 3296/3889/2959
f 3295/3895/2963 3296/3889/2959 3298/3893/2961 3297/3896/2964
f 133/2214/1763 865/3897/2965 3292/3894/2962 887/3898/2050
f 865/3897/2965 864/3899/2966 3293/3888/2958 3292/3894/2962
f 3294/1184/994 864/3899/2966 3331/1151/965 389/473/422
f 3268/3858/2932 866/3871/2944 3269/2086/1654
f 3297/3896/2964 3298/3893/2961 872/3161/2440 873/3860/2934
f 889/3900/2026 3297/3896/2964 873/3860/2934 139/3059/2027
f 888/3901/2051 3295/3895/2963 3297/3896/2964 889/3900/2026
f 887/3898/2050 3292/3894/2962 3295/3895/2963 888/3901/2051
f 411/3418/2631 1553/1515/1252 2151/1517/388
f 3495/2887/388 1005/3902/2967 1006/3903/2968
f 300/243/227 1399/245/229 2996/1739/394
f 3298/3893/2961 3299/3154/2434 872/3161/2440
f 2299/2059/1630 2302/2118/1676 2301/2113/1671
f 3575/3904/2969 3576/3562/2704 3578/674/582
f 3327/3905/2970 3326/2210/1759 3328/1152/966
f 2302/2118/1676 2299/2059/1630 890/2107/1667
f 3259/3850/2926 411/3418/2631 1220/3853/2927
f 2937/3009/388 1057/1698/388 2936/3010/388
f 3302/1848/1460 3303/3906/2971 3306/3907/2972 3305/2106/1666
f 3303/3906/2971 3304/3774/2865 3307/3908/2973 3306/3907/2972
f 3305/2106/1666 3306/3907/2972 3309/3909/2974 3308/3910/2975
f 3306/3907/2972 3307/3908/2973 3310/3911/2976 3309/3909/2974
f 2314/2148/1702 2311/2112/1670 893/2153/1707
f 1227/1847/1459 3303/3906/2971 3302/1848/1460
f 1299/1228/1032 2087/1208/1016 2086/1207/1015
f 3304/3774/2865 1567/575/503 1568/588/512 3307/3908/2973
f 3307/3908/2973 1568/588/512 1569/586/511 3310/3911/2976
f 3310/3911/2976 1569/586/511 386/587/435 859/3912/464
f 3309/3909/2974 3310/3911/2976 859/3912/464 860/3913/2899
f 3308/3910/2975 3309/3909/2974 860/3913/2899 861/3914/2898
f 891/2123/1679 3308/3910/2975 861/3914/2898 128/2124/1680
f 890/2107/1667 3305/2106/1666 3308/3910/2975 891/2123/1679
f 3314/2155/1709 3317/3915/2977 893/2153/1707
f 3312/536/465 3313/3590/2726 3311/2138/1692 860/3816/2899
f 643/2686/2099 642/3916/2978 3363/2687/2100
f 3365/2697/2105 936/2656/1982 3363/2687/2100 3364/3917/2979
f 2332/2201/1750 2333/2223/1772 1582/2232/1780
f 2315/2141/1694 2316/2149/1703 1654/2169/1695
f 1190/3352/2578 129/1985/1572 3251/3576/2713
f 3321/3918/2980 3322/80/77 863/82/79
f 2356/2383/1874 1759/506/437 2355/2384/1875
f 3314/2155/1709 3315/3919/2981 3318/3920/2982 3317/3915/2977
f 3315/3919/2981 3316/3869/2942 3319/3921/2983 3318/3920/2982
f 3317/3915/2977 3318/3920/2982 3321/3918/2980 3320/3922/2984
f 3318/3920/2982 3319/3921/2983 3322/80/77 3321/3918/2980
f 1008/2972/2306 3315/3919/2981 3314/2155/1709
f 3316/3869/2942 1571/538/467 1572/537/466 3319/3921/2983
f 3319/3921/2983 1572/537/466 1573/531/460 3322/80/77
f 3323/2967/2304 863/82/79 388/81/78 1574/383/354
f 3320/3922/2984 3321/3918/2980 863/82/79
f 3323/2967/2304 895/1953/1688 130/3923/1722 863/3924/79
f 1577/1996/1579 128/3925/1680 2307/562/490
f 893/2153/1707 3317/3915/2977 3320/3922/2984 894/2157/1711
f 1542/3209/2471 3324/2177/1730 3323/2967/2304 3325/517/446
f 642/3926/2978 3372/3927/2985 415/3928/1781
f 1592/2173/1726 3366/2670/2088 3364/3917/2979
f 2319/2181/1734 1678/2166/1719 2318/2136/1690
f 128/2139/1680 861/3815/2898 3311/2138/1692
f 1548/509/434 1940/527/456 24/366/439
f 129/1985/1572 1190/3352/2578 2811/1986/1573
f 2810/3350/2576 1580/1982/1570 2811/1986/1573
f 3420/2390/1882 914/2395/1877 3419/3929/2986
f 646/2698/2106 3365/2697/2105 645/3930/2987
f 3324/2177/1730 1541/3208/2470 127/156/1729
f 2287/2077/1645 1082/2304/1821 2288/2080/1648
f 2928/3507/388 1346/3506/2453 306/198/184
f 3333/3931/2988 3334/443/404 3336/3866/2939
f 86/979/394 1169/1483/394 2884/1169/394
f 283/211/197 1240/209/195 2651/3086/2381
f 3342/3863/2937 878/3617/2749 3344/2270/1802
f 2327/2206/1755 2324/2202/1751 896/2211/1760
f 3330/3932/2989 3331/1151/965 864/3899/2966
f 1361/2948/2293 1362/2946/2291 2945/2974/388
f 3326/2210/1759 3327/3905/2970 896/2211/1760
f 3327/3905/2970 3328/1152/966 3330/3932/2989 3329/3933/2990
f 1164/3292/388 2987/3557/388 2986/1715/388
f 3330/3932/2989 3328/1152/966 3331/1151/965
f 3338/3865/2938 3339/438/402 866/3871/2944
f 3329/3933/2990 3330/3932/2989 864/3899/2966 865/3897/2965
f 897/2213/1762 3329/3933/2990 865/3897/2965 133/2214/1763
f 896/2211/1760 3327/3905/2970 3329/3933/2990 897/2213/1762
f 500/2209/1758 2752/3125/394 1728/2237/394
f 3332/3934/2991 3333/3931/2988 3336/3866/2939 3335/3935/2992
f 3339/438/402 3336/3866/2939 3334/443/404 1576/439/403
f 3335/3935/2992 3336/3866/2939 3338/3865/2938 3337/3936/2993
f 140/2088/1656 875/3872/2945 3332/3934/2991 898/3937/2994
f 875/3872/2945 874/1188/998 3333/3931/2988 3332/3934/2991
f 3388/3938/394 3387/2890/394 1630/1932/394
f 107/1490/388 786/1489/388 2911/3257/388
f 3337/3936/2993 3338/3865/2938 866/3871/2944 867/3870/2943
f 900/3939/2067 3337/3936/2993 867/3870/2943 134/2929/2057
f 899/3940/2065 3335/3935/2992 3337/3936/2993 900/3939/2067
f 898/3937/2994 3332/3934/2991 3335/3935/2992 899/3940/2065
f 1201/2197/1747 3376/3941/2995 265/3441/2652
f 871/3751/2847 3345/3942/2996 870/3810/2895
f 869/3887/2957 3341/423/390 868/422/389
f 3341/423/390 869/3887/2957 135/2230/1778
f 879/3883/2953 878/3617/2749 3342/3863/2937
f 3378/2131/1685 1201/2197/1747 421/2132/1686
f 3343/3862/2936 3344/2270/1802 3345/3942/2996
f 1581/2231/1779 2334/2224/1773 135/2230/1778
f 419/457/416 3367/2200/1749 1155/912/778
f 3356/1017/855 3357/3943/2997 3359/1018/856
f 142/2069/1637 879/3883/2953 3342/3863/2937 902/3944/2047
f 2558/2102/394 1667/2203/1752 461/2222/1771
f 2563/2922/2270 2564/2925/2273 2566/2103/1665
f 904/3945/2085 3345/3942/2996 871/3751/2847 136/3256/2084
f 903/3946/2048 3343/3862/2936 3345/3942/2996 904/3945/2085
f 902/3944/2047 3342/3863/2937 3343/3862/2936 903/3946/2048
f 3346/3947/2998 3347/3695/2805 3350/3948/2999 3349/3949/3000
f 3347/3695/2805 3348/758/653 3351/3349/2575 3350/3948/2999
f 3349/3949/3000 3350/3948/2999 3353/3950/3001 3352/3951/3002
f 3350/3948/2999 3351/3349/2575 3354/3347/2573 3353/3950/3001
f 635/3696/2806 42/2961/707 653/829/711 3375/2627/2053
f 3483/3952/3003 1681/2168/1721 453/2140/1693
f 414/756/651 635/3953/2806 3375/2627/2053 1595/1978/1567
f 3348/758/653 1588/757/652 1589/3348/2574 3351/3349/2575
f 406/481/424 26/480/394 407/990/840 132/1858/394
f 1182/3306/2538 3352/3951/3002 270/418/387
f 1202/1472/1236 3354/3347/2573 422/2016/1590
f 1181/3439/2651 3349/3949/3000 3352/3951/3002 1182/3306/2538
f 1180/3438/2650 3346/3947/2998 3349/3949/3000 1181/3439/2651
f 3361/2261/1794 1156/3954/2444 3359/1018/856
f 3385/1356/394 417/2006/394 3355/2198/394 89/1357/394
f 3385/1356/394 1156/3954/2444 420/2007/1585
f 1590/3252/2507 2753/3243/2500 1591/2262/1795
f 3360/3955/3004 1591/2262/1795 3361/2261/1794
f 1201/2197/1747 3377/3956/3005 3376/3941/2995
f 2900/3449/394 1228/3474/2672 1229/3470/2671
f 3359/1018/856 3360/3955/3004 3361/2261/1794
f 3357/3943/2997 3358/3957/3006 3360/3955/3004 3359/1018/856
f 3370/958/818 661/910/776 3368/913/779
f 646/3619/2106 645/3958/2987 3357/3943/2997 3356/1017/855
f 645/3958/2987 644/3959/2087 3358/3957/3006 3357/3943/2997
f 644/3959/2087 416/3250/2089 1590/3252/2507 3358/3957/3006
f 3358/3957/3006 1590/3252/2507 1591/2262/1795 3360/3955/3004
f 3386/1457/388 1202/1472/1236 422/2016/1590
f 2781/3303/2537 2780/2156/1710 1144/1016/854
f 3386/1457/388 418/485/388 3362/2984/388 90/1456/388
f 742/3098/2392 3143/3554/2701 327/451/410
f 3369/3333/2559 3367/2200/1749 1593/2199/1748
f 3346/3947/2998 42/1253/707 635/3696/2806
f 3366/2670/2088 644/2669/2087 645/3930/2987
f 634/3960/3007 633/3961/3008 3373/827/712
f 645/3930/2987 3365/2697/2105 3364/3917/2979 3366/2670/2088
f 1592/2173/1726 3364/3917/2979 642/3926/2978 415/3928/1781
f 2440/2172/1725 1585/2632/2058 416/2671/2089
f 632/3962/3009 413/2134/1683 3374/2133/1687
f 3391/2179/1732 908/3963/643 425/3964/719
f 633/3961/3008 632/3962/3009 3374/2133/1687
f 79/1526/1023 728/3965/1122 3799/2678/2095
f 2443/2672/2090 2444/2664/2082 2442/2663/2081 937/2450/2096
f 2539/1105/922 671/3966/903 670/2677/902
f 3352/3951/3002 1202/1472/1236 270/418/387
f 3368/913/779 3369/3333/2559 3372/3927/2985 3371/3967/3010
f 1539/1369/1146 2224/1869/1476 368/1337/1125
f 3368/913/779 3371/3967/3010 3370/958/818
f 3369/3333/2559 1593/2199/1748 1594/2734/2135 3372/3927/2985
f 41/826/697 634/3960/3007 3373/827/712
f 3370/958/818 3371/3967/3010 642/3926/2978 643/3968/2099
f 3370/958/818 643/3968/2099 48/957/817
f 3374/2133/1687 3375/2627/2053 3373/827/712 633/3961/3008
f 3421/869/749 1600/868/748 1599/875/2092
f 918/1766/1879 3431/2393/1887 3433/3969/3011
f 2320/2135/1689 858/2176/1728 857/2180/1733
f 2872/3433/2645 1604/834/706 2873/820/705
f 42/822/707 1180/3438/2650 2873/820/705
f 2054/1094/913 2053/832/718 2052/831/717 1015/875/754
f 1180/3438/2650 42/822/707 3346/3947/2998
f 3482/3970/3012 3483/3952/3003 636/3971/3013
f 2357/2385/1876 912/3972/2126 911/2382/1873
f 1632/3444/2655 425/3964/719 2871/3427/2639
f 3376/3941/2995 3377/3956/3005 3380/3973/3014 3379/3974/3015
f 3377/3956/3005 3378/2131/1685 3381/3975/3016 3380/3973/3014
f 3379/3974/3015 3380/3973/3014 3383/3976/3017 3382/3977/3018
f 3380/3973/3014 3381/3975/3016 3384/3978/3019 3383/3976/3017
f 3353/3950/3001 3354/3347/2573 1202/1472/1236
f 650/807/694 265/3441/2652 3376/3941/2995
f 3381/3975/3016 1596/2130/1684 1597/2128/1682 3384/3978/3019
f 3384/3978/3019 1597/2128/1682 413/2129/1683 632/3979/3009
f 3383/3976/3017 3384/3978/3019 632/3979/3009 633/3980/3008
f 3382/3977/3018 3383/3976/3017 633/3980/3008 634/3981/3007
f 652/809/696 3382/3977/3018 634/3981/3007 41/810/697
f 651/808/695 3379/3974/3015 3382/3977/3018 652/809/696
f 650/807/694 3376/3941/2995 3379/3974/3015 651/808/695
f 1156/3954/2444 3361/2261/1794 420/2007/1585
f 392/425/392 870/3810/2895 3344/2270/1802
f 3258/3849/2925 3259/3850/2926 1220/3853/2927
f 3352/3951/3002 3353/3950/3001 1202/1472/1236
f 3259/3850/2926 1560/3417/2630 411/3418/2631
f 871/3751/2847 870/3810/2895 3260/3255/2508
f 1645/930/794 2024/915/781 430/3982/1366
f 3388/3938/394 1225/2033/1607 3387/2890/394
f 259/3093/394 449/1471/575 440/1365/394 162/2250/394
f 1740/658/572 2680/2274/388 497/656/570
f 2978/1675/388 102/1673/388 191/1676/388
f 3388/3938/394 1631/3367/394 452/800/690 1224/3983/3020
f 3389/744/642 3390/2178/1731 3393/3984/3021 3392/3985/3022
f 3390/2178/1731 3391/2179/1732 3394/3986/3023 3393/3984/3021
f 3392/3985/3022 3393/3984/3021 3396/3766/2857 3395/3765/2856
f 3393/3984/3021 3394/3986/3023 3397/3987/3024 3396/3766/2857
f 3433/3969/3011 908/746/643 146/3988/617 918/1766/1879
f 3433/3969/3011 1650/699/599 425/3964/719 908/3963/643
f 638/3989/3025 637/2927/2274 3463/2639/2063
f 3391/2179/1732 1632/3444/2655 1633/3443/2654 3394/3986/3023
f 3394/3986/3023 1633/3443/2654 1634/3442/2653 3397/3987/3024
f 3397/3987/3024 1634/3442/2653 451/1454/1226 1222/3990/3026
f 3396/3766/2857 3397/3987/3024 1222/3990/3026 1223/2244/1785
f 3174/3738/2836 1226/1325/1115 3175/3739/2837
f 1193/3341/2567 3392/3985/3022 3395/3765/2856 1194/3334/2560
f 1192/3340/2566 3389/744/642 3392/3985/3022 1193/3341/2567
f 450/1473/1018 260/890/388 161/2254/388 439/3305/388
f 2798/2251/394 1734/434/398 489/436/400
f 1628/803/693 2880/1364/394 265/3441/2652
f 2298/2114/1672 2300/2115/1673 1596/2130/1684
f 1630/1932/394 3387/2890/394 440/1365/394
f 449/1471/575 259/3093/394 153/2338/394 432/1497/1243
f 913/993/394 3416/995/394 155/2332/394
f 1149/3991/3027 3564/3244/2501 499/2345/1848
f 432/1497/1243 1611/978/836 2781/3303/2537
f 507/2236/388 3803/2255/388 152/888/388 3797/1028/388
f 160/2191/388 438/1341/1129 448/497/430 236/496/388
f 1777/2247/1788 2336/2253/388 488/2245/1786
f 382/981/837 1514/3566/1343 2217/1625/394
f 100/1723/394 1145/1730/394 2764/1498/1244
f 149/2347/394 428/440/394 447/1359/1143 235/461/394
f 517/2287/394 3845/2289/394 150/476/394 3839/2321/394
f 1459/1514/388 2182/1617/388 328/420/388
f 2682/1217/1021 2683/3128/2415 2685/3121/2409
f 1778/2196/1746 2335/2238/394 489/436/400
f 1789/654/569 3796/653/394 437/948/812
f 518/2352/388 3844/2310/388 157/985/388 3838/2248/388
f 234/1646/1349 1100/3136/2419 3263/1645/1348
f 158/2294/394 436/663/576 446/662/575 220/1636/394
f 304/222/208 1402/3512/2684 2999/1316/394
f 2644/1851/1462 377/479/423 366/2378/1870
f 2640/3054/2363 2641/2194/1744 1081/885/762
f 2230/1889/1496 1499/1897/1503 366/2378/1870
f 1708/652/568 3525/2098/1664 472/1042/869
f 1716/1630/394 2345/2335/394 153/2338/394
f 148/498/388 427/491/388 445/1210/1018 219/987/388
f 436/663/576 1615/1180/991 2663/661/574
f 76/495/388 368/1337/1125 379/492/428
f 969/2355/388 156/2278/388 3398/3046/388
f 3399/2706/388 969/2355/388 3398/3046/388
f 155/2332/394 433/2283/394 444/1744/1143 198/478/394
f 434/893/388 1635/2790/388 3398/3046/388
f 3490/3992/3028 3491/3844/2920 3492/1049/875
f 978/2884/2241 3460/2883/388 977/3993/3029
f 1788/1026/862 3797/1028/388 431/1150/964
f 3400/2885/388 3398/3046/388 1635/2790/388
f 1004/3994/3030 3399/2706/388 1003/3995/3031
f 151/1681/388 430/1701/1366 443/884/430 197/1682/388
f 1745/2729/2131 2557/2318/388 494/2317/1831
f 1057/1698/388 204/1724/388 2936/3010/388
f 1003/3995/3031 3399/2706/388 3398/3046/388 3400/2885/388
f 197/1682/388 443/884/430 434/893/388 156/2278/388
f 2147/1354/388 1626/416/385 270/418/387
f 3399/2706/388 1004/3994/3030 180/2707/1898
f 2535/2789/388 1623/851/734 442/850/733
f 592/528/457 165/1047/873 3223/2709/2114
f 3401/3996/3032 3402/3997/3033 3405/3998/3034 3404/3999/3035
f 3402/3997/3033 3403/4000/3036 3406/4001/3037 3405/3998/3034
f 3404/3999/3035 3405/3998/3034 3408/4002/3038 3407/4003/3039
f 3405/3998/3034 3406/4001/3037 3409/4004/3040 3408/4002/3038
f 154/2724/1884 1598/4005/1883 3401/3996/3032 966/2725/2127
f 1598/4005/1883 1599/4006/2092 3402/3997/3033 3401/3996/3032
f 1599/4006/2092 1600/4007/748 3403/4000/3036 3402/3997/3033
f 1600/4007/748 423/2872/750 1636/2874/2235 3403/4000/3036
f 3403/4000/3036 1636/2874/2235 1637/2882/2240 3406/4001/3037
f 3406/4001/3037 1637/2882/2240 1638/2881/2239 3409/4004/3040
f 3409/4004/3040 1638/2881/2239 441/984/838 999/4008/3041
f 3408/4002/3038 3409/4004/3040 999/4008/3041 1000/4009/3042
f 3407/4003/3039 3408/4002/3038 1000/4009/3042 1001/4010/3043
f 968/2727/2129 3407/4003/3039 1001/4010/3043 179/2330/1840
f 967/2726/2128 3404/3999/3035 3407/4003/3039 968/2727/2129
f 966/2725/2127 3401/3996/3032 3404/3999/3035 967/2726/2128
f 3395/3765/2856 1223/2244/1785 277/2249/1789
f 1225/2033/1607 3435/4011/3044 3434/2031/1605
f 3344/2270/1802 878/3617/2749 398/426/393
f 3410/2242/388 1640/1453/388 3411/2243/388
f 2805/2228/1776 2806/3339/2565 1730/2229/1777
f 3410/2242/388 1639/1455/388 1640/1453/388
f 919/2438/1924 278/2032/1606 3434/2031/1605
f 1222/3990/3026 451/1454/1226 1639/1455/388 3410/2242/388
f 3511/2757/394 1703/1041/394 468/1043/394
f 1790/2281/1809 3790/4012/3045 486/2282/1810
f 509/1027/793 3812/4013/3046 1801/1328/1116 2110/1306/1100
f 510/655/411 2029/968/826 1644/967/825
f 2113/1308/1102 2114/1323/1113 2115/1335/1123
f 1813/4014/3047 3839/2321/394 429/933/797
f 2216/1846/388 1516/1843/1456 273/1845/1458
f 2663/661/574 1625/894/764 446/662/575
f 235/461/394 447/1359/1143 437/948/812 159/459/394
f 508/2334/394 3802/2280/394 159/459/394 3796/653/394
f 521/2354/1853 3837/4015/3048 1815/2705/2112
f 2661/490/388 1624/1064/886 445/1210/1018
f 219/987/388 445/1210/1018 435/899/768 157/985/388
f 1722/2316/1830 1721/2728/2130 2343/2301/394
f 2343/2301/394 2344/2300/394 1722/2316/1830
f 441/984/838 1620/962/820 2037/950/394
f 999/4008/3041 441/984/838 3415/983/394
f 1000/4009/3042 999/4008/3041 3415/983/394
f 1814/4016/3049 3838/2248/388 435/899/768
f 179/2330/1840 1001/4010/3043 3414/994/394
f 3415/983/394 3416/995/394 3414/994/394 1000/4009/3042
f 471/908/774 2590/907/773 1694/4017/857
f 1765/2344/1847 3686/2366/1861 521/2354/1853
f 1791/2349/1850 3781/4018/3050 480/2348/1849
f 1728/2237/394 2752/3125/394 2751/1628/394
f 3060/450/409 339/449/408 223/680/588
f 3146/419/388 1459/1514/388 328/420/388
f 438/1341/1129 1617/1340/1128 2700/499/431
f 2781/3303/2537 1144/1016/854 252/1358/1142
f 2225/1868/1475 2226/1874/1481 1502/1886/1493
f 2029/968/826 2030/964/822 2032/934/798
f 3810/4019/3051 3813/4020/3052 3812/4013/3046
f 1715/2256/388 2347/889/388 152/888/388
f 260/890/388 450/1473/1018 431/1150/964 152/888/388
f 3818/1000/845 1789/654/569 3816/1321/1111
f 3846/932/796 3847/3100/2394 3849/4021/3053
f 2643/3065/2369 2644/1851/1462 1499/1897/1503
f 1763/2358/1855 493/2360/1856 2350/2359/394
f 1760/2373/1866 3659/4022/3054 497/656/570
f 232/1920/1520 1968/687/388 112/686/388
f 429/933/797 150/476/394 198/478/394 444/1744/1143
f 79/1219/1023 736/3131/2094 2682/1217/1021
f 3206/1609/394 1521/2026/1600 382/981/837
f 3448/2918/2266 1035/1035/866 3446/2000/1583
f 2324/2202/1751 2327/2206/1755 2326/2188/1740
f 909/4023/1698 3430/4024/3055 426/3484/646
f 3445/4025/3056 640/750/647 455/2171/1724
f 147/2143/1696 909/1811/1698 3419/3929/2986 914/57/1877
f 907/2392/1886 906/4026/3057 3431/2393/1887
f 909/4023/1698 426/3574/646 1646/863/703 3419/3929/2986
f 3428/2144/1697 3429/4027/3058 909/4023/1698
f 2016/828/713 2014/819/704 657/873/752
f 905/4028/3059 424/841/700 3432/840/724
f 3463/2639/2063 1675/2599/2031 3464/752/649
f 906/4026/3057 905/4028/3059 3432/840/724
f 2380/2448/1929 854/2452/1621 2383/2465/1942 2381/2449/1930
f 2382/2472/1945 831/4029/1491 2379/2423/1911 2381/2449/1930
f 3422/4030/3060 3423/4031/3061 3426/4032/3062 3425/4033/3063
f 3423/4031/3061 3424/4034/3064 3427/4035/3065 3426/4032/3062
f 3425/4033/3063 3426/4032/3062 3429/4027/3058 3428/2144/1697
f 3426/4032/3062 3427/4035/3065 3430/4024/3055 3429/4027/3058
f 180/2407/1898 1004/3994/3030 3422/4030/3060 915/2408/1899
f 1004/3994/3030 1003/3995/3031 3423/4031/3061 3422/4030/3060
f 1003/3995/3031 1002/4036/3066 3424/4034/3064 3423/4031/3061
f 1002/4036/3066 442/850/733 1647/852/735 3424/4034/3064
f 3424/4034/3064 1647/852/735 1648/864/745 3427/4035/3065
f 3427/4035/3065 1648/864/745 1649/836/720 3430/4024/3055
f 917/2410/1901 3428/2144/1697 147/2143/1696
f 912/3972/2126 2357/2385/1876 154/2394/1884
f 2364/2161/1714 2365/2402/1894 1714/2380/1715
f 916/2409/1900 3425/4033/3063 3428/2144/1697 917/2410/1901
f 915/2408/1899 3422/4030/3060 3425/4033/3063 916/2409/1900
f 3432/840/724 3433/3969/3011 3431/2393/1887 906/4026/3057
f 3465/751/648 931/2596/1944 3462/2592/2025 3464/752/649
f 3221/510/440 591/511/433 3220/541/470
f 639/2597/791 638/3989/3025 3462/2592/2025
f 2316/2149/1703 2317/2150/1704 1654/2169/1695
f 2432/2616/2044 898/4037/2994 899/2641/2065
f 2317/2150/1704 894/2157/1711 130/3923/1722
f 830/2421/1490 2379/2423/1911 831/4029/1491
f 1192/3340/2566 146/718/617 3389/744/642
f 3430/4024/3055 1649/836/720 426/749/646
f 3429/4027/3058 3430/4024/3055 909/4023/1698
f 116/2460/1489 810/3586/2723 3167/2458/1937
f 3434/2031/1605 3435/4011/3044 3438/4038/3067 3437/4039/3068
f 3435/4011/3044 3436/4040/3069 3439/4041/3070 3438/4038/3067
f 3437/4039/3068 3438/4038/3067 3441/4042/3071 3440/4043/3072
f 3438/4038/3067 3439/4041/3070 3442/4044/3073 3441/4042/3071
f 356/1324/1114 1481/790/680 3175/3739/2837
f 1225/2033/1607 1224/3983/3020 3436/4040/3069 3435/4011/3044
f 1224/3983/3020 452/800/690 1651/802/692 3436/4040/3069
f 3436/4040/3069 1651/802/692 1652/816/701 3439/4041/3070
f 3439/4041/3070 1652/816/701 1653/814/699 3442/4044/3073
f 3442/4044/3073 1653/814/699 424/815/700 905/4045/3059
f 3441/4042/3071 3442/4044/3073 905/4045/3059 906/4046/3057
f 3440/4043/3072 3441/4042/3071 906/4046/3057 907/4047/1886
f 921/2440/1926 3440/4043/3072 907/4047/1886 145/2441/1885
f 920/2439/1925 3437/4039/3068 3440/4043/3072 921/2440/1926
f 919/2438/1924 3434/2031/1605 3437/4039/3068 920/2439/1925
f 3444/4048/3074 3445/4025/3056 3447/2920/2268 3446/2000/1583
f 3446/2000/1583 3447/2920/2268 3448/2918/2266
f 1520/1366/394 370/982/394 2817/1864/394
f 641/3659/2041 640/4049/647 3444/4048/3074 3443/1999/1582
f 455/2171/1724 640/750/647 3464/752/649 1675/2599/2031
f 3445/4025/3056 1669/2170/1723 1670/2919/2267 3447/2920/2268
f 1698/624/388 467/623/388 2537/729/388
f 3466/2221/1770 3467/3644/2769 1034/2891/2244
f 1109/1213/394 2970/3513/394 2971/1214/394
f 3460/2883/388 943/1690/388 3459/2915/388
f 674/960/394 3485/989/394 3487/901/394
f 3487/901/394 457/903/394 3449/1686/394 60/1688/394
f 3461/2735/388 976/3882/2952 977/3993/3029
f 3467/3644/2769 3470/4050/3075 3469/916/782
f 235/461/394 2681/1919/394 149/2347/394
f 3466/2221/1770 1034/2891/2244 461/2222/1771
f 3450/4051/3076 3451/4052/3077 3454/4053/3078 3453/4054/3079
f 3451/4052/3077 3452/4055/3080 3455/4056/3081 3454/4053/3078
f 3453/4054/3079 3454/4053/3078 3457/4057/3082 3456/4058/3083
f 3454/4053/3078 3455/4056/3081 3458/4059/3084 3457/4057/3082
f 50/2877/716 1660/4060/3085 3450/4051/3076 953/2878/2236
f 1660/4060/3085 1661/4061/3086 3451/4052/3077 3450/4051/3076
f 1661/4061/3086 1662/4062/1737 3452/4055/3080 3451/4052/3077
f 1662/4062/1737 458/2744/1736 1671/2746/2145 3452/4055/3080
f 3452/4055/3080 1671/2746/2145 1672/2755/2151 3455/4056/3081
f 3455/4056/3081 1672/2755/2151 1673/2754/2150 3458/4059/3084
f 3458/4059/3084 1673/2754/2150 460/2097/1663 979/4063/3087
f 3457/4057/3082 3458/4059/3084 979/4063/3087 980/4064/3088
f 3456/4058/3083 3457/4057/3082 980/4064/3088 981/4065/3089
f 955/2880/2238 3456/4058/3083 981/4065/3089 172/988/839
f 954/2879/2237 3453/4054/3079 3456/4058/3083 955/2880/2238
f 953/2878/2236 3450/4051/3076 3453/4054/3079 954/2879/2237
f 977/3993/3029 3460/2883/388 3459/2915/388 3461/2735/388
f 2190/1736/1381 790/1716/388 99/1735/388
f 3469/916/782 658/917/783 3467/3644/2769
f 3484/1036/388 456/2104/388 3459/2915/388 59/891/388
f 3484/1036/388 1035/1035/866 462/2094/1661
f 3466/2221/1770 3468/2921/2269 3467/3644/2769
f 2323/2187/1739 2325/2186/1738 1676/2220/1769
f 981/4065/3089 980/4064/3088 3485/989/394
f 2536/1689/388 1621/854/737 1622/853/736
f 1932/519/448 402/2892/2245 1550/1046/872
f 3463/2639/2063 3464/752/649 3462/2592/2025 638/3989/3025
f 641/2610/2041 3465/751/648 640/750/647
f 705/2603/2036 2422/2604/2037 139/2619/2027
f 3473/876/755 657/148/752 3472/2584/2022
f 1660/4066/3085 3473/876/755 1661/4067/3086
f 2411/2540/1996 2412/2539/1995 620/2573/2015
f 3371/3967/3010 3372/3927/2985 642/3926/2978
f 3372/3927/2985 1594/2734/2135 415/2233/1781
f 2418/2527/1988 1810/3705/2436 46/2615/772
f 882/4068/2960 883/2634/2060 2433/2650/2071
f 3528/3155/2435 3525/2098/1664 1708/652/568
f 3467/3644/2769 3468/2921/2269 3471/4069/3090 3470/4050/3075
f 3468/2921/2269 1676/2220/1769 1677/2218/1767 3471/4069/3090
f 3471/4069/3090 1677/2218/1767 454/2219/1768 637/4070/2274
f 3470/4050/3075 3471/4069/3090 637/4070/2274 638/4071/3025
f 3469/916/782 3470/4050/3075 638/4071/3025 639/927/791
f 2028/952/813 1608/956/816 1609/955/815
f 636/3971/3013 3483/3952/3003 453/4072/1693
f 1683/1990/1576 3523/1989/1575 1684/4073/3091
f 43/2877/751 636/4074/3013 3472/2584/2022 657/873/752
f 455/2171/1724 1669/2170/1723 3445/4025/3056
f 1678/2166/1719 3472/2584/2022 636/3971/3013 453/4072/1693
f 3481/4075/3092 3482/3970/3012 636/3971/3013
f 3507/4076/3093 3508/2564/2011 929/2534/2008 3505/2560/2009
f 1461/743/640 1460/709/607 1982/710/609
f 806/2578/1593 805/4077/3094 3505/2560/2009
f 808/4078/2686 3508/2564/2011 807/4079/3095
f 2427/2628/2055 1659/4080/1716 2426/2598/2030
f 2023/938/802 2021/937/801 659/943/807
f 805/4077/3094 804/2977/2309 3506/2546/2001
f 3475/4081/3096 3476/4082/3097 3479/4083/3098 3478/4084/3099
f 3476/4082/3097 3477/4085/3100 3480/4086/3101 3479/4083/3098
f 3478/4084/3099 3479/4083/3098 3482/3970/3012 3481/4075/3092
f 3479/4083/3098 3480/4086/3101 3483/3952/3003 3482/3970/3012
f 167/855/738 978/2884/2241 3475/4081/3096 654/856/739
f 978/2884/2241 977/3993/3029 3476/4082/3097 3475/4081/3096
f 977/3993/3029 976/3882/2952 3477/4085/3100 3476/4082/3097
f 976/3882/2952 459/2151/1705 1679/2152/1706 3477/4085/3100
f 3477/4085/3100 1679/2152/1706 1680/2167/1720 3480/4086/3101
f 3480/4086/3101 1680/2167/1720 1681/2168/1721 3483/3952/3003
f 656/858/741 3481/4075/3092 43/2877/751
f 3473/876/755 1660/4066/3085 50/3388/716
f 3474/2182/1735 1662/2185/1737 1661/4067/3086
f 2319/2181/1734 856/4087/2144 458/2183/1736
f 655/857/740 3478/4084/3099 3481/4075/3092 656/858/741
f 654/856/739 3475/4081/3096 3478/4084/3099 655/857/740
f 1035/1035/866 3448/2918/2266 462/2094/1661
f 980/4064/3088 979/4063/3087 3486/923/394
f 979/4063/3087 460/2097/1663 3486/923/394
f 3489/3527/2687 3490/3992/3028 3492/1049/875
f 172/988/839 981/4065/3089 3485/989/394
f 3485/989/394 980/4064/3088 3486/923/394 3487/901/394
f 1444/2759/388 323/1031/388 2485/1672/388
f 401/1057/881 2513/2833/2205 1549/683/590
f 3244/2067/394 1537/1913/394 1538/2004/394
f 1586/2060/1631 2808/2009/394 276/1849/1461
f 1728/2237/394 259/3093/394 2335/2238/394
f 1025/1048/874 3489/3527/2687 3492/1049/875
f 3511/2757/394 468/1043/394 3488/1052/878 120/1054/394
f 2782/954/388 1470/602/526 354/621/542
f 2806/3339/2565 2807/2252/1790 1730/2229/1777
f 1056/3515/394 203/1659/394 2939/2003/394
f 1027/2931/2276 3270/3868/2941 3272/1058/882
f 3491/3844/2920 1696/737/634 1697/909/775
f 838/1910/394 3511/2757/394 120/1054/394
f 808/3526/2686 807/4088/3095 3490/3992/3028 3489/3527/2687
f 466/738/635 807/4079/3095 3507/4076/3093 1702/2506/1970
f 3526/2010/1586 847/2012/1588 3525/2098/1664
f 446/662/575 1625/894/764 2017/441/394
f 1724/2303/388 2556/1680/388 197/1682/388
f 3512/1023/861 467/623/388 3493/625/388 119/690/388
f 471/908/774 1694/4017/857 2040/1024/388
f 3494/1025/388 1007/4089/3102 176/1973/1561
f 1005/3902/2967 3495/2887/388 470/731/628
f 1587/2018/1592 275/2045/1619 2279/483/388
f 3527/4090/3103 3525/2098/1664 3528/3155/2435
f 997/2936/2281 996/2888/2243 3510/2889/394
f 3315/3919/2981 1008/2972/2306 3316/3869/2942
f 965/2751/2147 3277/3876/2949 3280/2752/2148
f 1507/1972/1560 2475/2756/388 176/1973/1561
f 3496/4091/3104 3497/4092/3105 3500/4093/3106 3499/4094/3107
f 3497/4092/3105 3498/4095/3108 3501/4096/3109 3500/4093/3106
f 3499/4094/3107 3500/4093/3106 3503/4097/3110 3502/4098/3111
f 3500/4093/3106 3501/4096/3109 3504/4099/3112 3503/4097/3110
f 118/2776/1547 1683/4100/1576 3496/4091/3104 960/2777/2162
f 1683/4100/1576 1684/4101/3091 3497/4092/3105 3496/4091/3104
f 1684/4101/3091 1685/4102/3113 3498/4095/3108 3497/4092/3105
f 1685/4102/3113 463/2853/613 1699/2855/2220 3498/4095/3108
f 3498/4095/3108 1699/2855/2220 1700/2862/2225 3501/4096/3109
f 3501/4096/3109 1700/2862/2225 1701/2861/2224 3504/4099/3112
f 3504/4099/3112 1701/2861/2224 469/1002/847 996/2888/2243
f 3503/4097/3110 3504/4099/3112 996/2888/2243 997/2936/2281
f 3502/4098/3111 3503/4097/3110 997/2936/2281 998/1891/1498
f 962/2779/2164 3502/4098/3111 998/1891/1498 175/1890/1497
f 961/2778/2163 3499/4094/3107 3502/4098/3111 962/2779/2164
f 960/2777/2162 3496/4091/3104 3499/4094/3107 961/2778/2163
f 3506/2546/2001 3507/4076/3093 3505/2560/2009 805/4077/3094
f 3524/715/614 1685/4103/3113 1684/4073/3091
f 530/262/23 529/4104/3114 3644/2419/1909
f 530/262/23 3644/2419/1909 3645/263/243
f 3193/3406/2620 1486/619/540 349/614/537
f 3192/3785/2872 3193/3406/2620 809/3405/2619
f 1807/4105/3115 70/2548/975 3840/2612/2042
f 3508/2564/2011 808/4078/2686 115/2532/1598
f 3510/2889/394 3511/2757/394 3509/1892/394 997/2936/2281
f 3489/3527/2687 1025/1048/874 115/2024/1598
f 519/452/411 3413/2293/394 517/2287/394 3839/2321/394
f 1205/3451/2657 3204/1482/394 1204/3796/2882
f 1743/2369/1864 485/2284/1811 2630/1635/394
f 1645/930/794 430/3982/1366 3418/2331/388
f 1789/654/569 3818/1000/845 510/655/411
f 2354/2374/388 1760/2373/1866 497/656/570
f 3400/2885/388 1002/4036/3066 1003/3995/3031
f 1959/628/546 1961/630/548 1708/652/568
f 2475/2756/388 2473/2001/388 963/689/388
f 3513/4106/3116 3514/4107/3117 3517/4108/3118 3516/4109/3119
f 3514/4107/3117 3515/4110/3120 3518/4111/3121 3517/4108/3118
f 3516/4109/3119 3517/4108/3118 3520/3780/2868 3519/1957/1548
f 3517/4108/3118 3518/4111/3121 3521/3749/2846 3520/3780/2868
f 176/1973/1561 1007/4089/3102 3513/4106/3116 843/1974/1562
f 1007/4089/3102 1006/3903/2968 3514/4107/3117 3513/4106/3116
f 1006/3903/2968 1005/3902/2967 3515/4110/3120 3514/4107/3117
f 1005/3902/2967 470/731/628 1704/732/629 3515/4110/3120
f 3515/4110/3120 1704/732/629 1705/742/639 3518/4111/3121
f 3518/4111/3121 1705/742/639 1706/736/633 3521/3749/2846
f 1707/560/488 3522/2509/1973 803/3781/1549 464/4112/474
f 111/1959/1542 803/1958/1549 3522/2509/1973 846/185/1565
f 466/738/635 1696/737/634 3491/3844/2920
f 844/1975/1563 3516/4109/3119 3519/1957/1548 845/1976/1564
f 843/1974/1562 3513/4106/3116 3516/4109/3119 844/1975/1563
f 803/3781/1549 3521/3749/2846 464/4112/474
f 1684/4073/3091 3523/1989/1575 3522/2509/1973 3524/715/614
f 3641/21/21 530/262/23 3/94/244
f 1798/1333/1121 3801/2693/2103 3800/1330/1118
f 3523/1989/1575 846/1993/1565 3522/2509/1973
f 1685/4103/3113 3524/715/614 463/714/613
f 845/1976/1564 3519/1957/1548 111/1959/1542
f 1970/559/487 599/697/597 463/714/613
f 2383/2465/1942 923/2468/1944 2382/2472/1945 2381/2449/1930
f 146/718/617 1192/3340/2566 2801/716/615
f 3801/2693/2103 1781/2701/2108 3798/2681/2097 3800/1330/1118
f 3432/840/724 1650/699/599 3433/3969/3011
f 387/3827/463 1558/3420/2633 3253/3847/2923
f 3525/2098/1664 3527/4090/3103 3526/2010/1586
f 2997/1741/394 775/1734/394 97/1696/394
f 2229/1887/1494 1492/2021/1595 114/2011/1587
f 3597/4113/3122 3595/4114/3123 3598/3045/2355
f 3528/3155/2435 1709/650/566 465/651/567 804/4115/2309
f 3527/4090/3103 3528/3155/2435 804/4115/2309 805/4116/3094
f 3526/2010/1586 3527/4090/3103 805/4116/3094 806/2019/1593
f 3185/1505/1249 3188/3783/2870 851/2037/1611
f 2267/1901/1506 2265/675/583 851/2037/1611
f 3529/3211/2473 3530/49/47 3533/4117/3124 3532/4118/3125
f 3530/49/47 3531/51/49 3534/4119/3126 3533/4117/3124
f 3532/4118/3125 3533/4117/3124 3536/4120/3127 3535/4121/3128
f 3533/4117/3124 3534/4119/3126 3537/4122/3129 3536/4120/3127
f 3645/263/243 1755/2158/1712 474/2425/1904 531/4123/48
f 3531/51/49 1731/2424/1912 1732/3346/2572 3534/4119/3126
f 3534/4119/3126 1732/3346/2572 1733/3342/2568 3537/4122/3129
f 3537/4122/3129 1733/3342/2568 502/2227/1775 1198/4124/3130
f 3536/4120/3127 3537/4122/3129 1198/4124/3130 1199/4125/3131
f 3535/4121/3128 3536/4120/3127 1199/4125/3131 1200/4126/3132
f 3529/3211/2473 3532/4118/3125 532/3398/2615
f 3538/4127/3133 3539/4128/3134 3542/4129/3135 3541/4130/3136
f 3539/4128/3134 3540/435/399 3543/3345/2571 3542/4129/3135
f 3541/4130/3136 3542/4129/3135 3545/4131/3137 3544/4132/3138
f 3542/4129/3135 3543/3345/2571 3546/3767/2858 3545/4131/3137
f 83/4133/1290 761/4134/3139 3538/4127/3133 752/4135/1286
f 761/4134/3139 760/4136/3140 3539/4128/3134 3538/4127/3133
f 760/4136/3140 759/3344/2570 3540/435/399 3539/4128/3134
f 1195/4137/3141 3546/3767/2858 501/2436/1922
f 3543/3345/2571 1734/434/398 3546/3767/2858
f 756/2276/1807 488/2245/1786 3558/3167/2443
f 3545/4131/3137 3546/3767/2858 1195/4137/3141 1196/4138/3142
f 3544/4132/3138 3545/4131/3137 1196/4138/3142 1197/4139/3143
f 750/4140/1280 3544/4132/3138 1197/4139/3143 266/4141/1282
f 751/4142/1281 3541/4130/3136 3544/4132/3138 750/4140/1280
f 752/4135/1286 3538/4127/3133 3541/4130/3136 751/4142/1281
f 3547/4143/3144 3548/4144/3145 3551/4145/3146 3550/4146/3147
f 3548/4144/3145 3549/4147/3148 3552/4148/3149 3551/4145/3146
f 3550/4146/3147 3551/4145/3146 3554/4149/3150 3553/4150/3151
f 3551/4145/3146 3552/4148/3149 3555/4151/3152 3554/4149/3150
f 19/4152/321 582/4153/3153 3547/4143/3144 573/4154/320
f 582/4153/3153 581/4155/3154 3548/4144/3145 3547/4143/3144
f 581/4155/3154 580/4156/3155 3549/4147/3148 3548/4144/3145
f 580/4156/3155 481/2336/1842 1735/3854/2928 3549/4147/3148
f 3549/4147/3148 1735/3854/2928 1736/3124/2412 3552/4148/3149
f 3552/4148/3149 1736/3124/2412 1737/3123/2411 3555/4151/3152
f 3555/4151/3152 1737/3123/2411 500/2209/1758 1152/4157/3156
f 3554/4149/3150 3555/4151/3152 1152/4157/3156 1153/4158/3157
f 3553/4150/3151 3554/4149/3150 1153/4158/3157 1154/4159/3158
f 571/4160/327 3553/4150/3151 1154/4159/3158 243/4161/328
f 572/4162/149 3550/4146/3147 3553/4150/3151 571/4160/327
f 573/4154/320 3547/4143/3144 3550/4146/3147 572/4162/149
f 3556/3313/2542 3557/4163/3159 3560/4164/3160 3559/3193/2460
f 3557/4163/3159 3558/3167/2443 3561/3335/2561 3560/4164/3160
f 3559/3193/2460 3560/4164/3160 3563/4165/3161 3562/3194/2461
f 3560/4164/3160 3561/3335/2561 3564/3244/2501 3563/4165/3161
f 1320/1574/1306 267/3389/1259 2163/1565/1297
f 758/3322/2548 757/4166/3162 3557/4163/3159 3556/3313/2542
f 757/4166/3162 756/2276/1807 3558/3167/2443 3557/4163/3159
f 3561/3335/2561 1738/2296/1817 3564/3244/2501
f 548/4167/3163 477/1918/1519 3567/3797/2883
f 3570/4168/3164 3567/3797/2883 1739/1917/1518
f 3563/4165/3161 3564/3244/2501 1149/3991/3027 1150/4169/3165
f 3562/3194/2461 3563/4165/3161 1150/4169/3165 1151/3195/2462
f 82/3314/332 758/3322/2548 3556/3313/2542
f 1134/1534/1269 83/4170/1290 2786/1535/1270
f 3565/4171/3166 3566/4172/3167 3569/4173/3168 3568/4174/3169
f 3566/4172/3167 3567/3797/2883 3570/4168/3164 3569/4173/3168
f 3568/4174/3169 3569/4173/3168 3572/4175/3170 3571/4176/3171
f 3569/4173/3168 3570/4168/3164 3573/3115/2403 3572/4175/3170
f 9/4177/155 550/4178/3172 3565/4171/3166 537/4179/154
f 550/4178/3172 549/4180/3173 3566/4172/3167 3565/4171/3166
f 549/4180/3173 548/4167/3163 3567/3797/2883 3566/4172/3167
f 1104/4181/3174 3573/3115/2403 498/2268/1801
f 3570/4168/3164 1739/1917/1518 3573/3115/2403
f 3572/4175/3170 3573/3115/2403 1104/4181/3174 1105/4182/3175
f 3571/4176/3171 3572/4175/3170 1105/4182/3175 1106/4183/3176
f 535/4184/156 3571/4176/3171 1106/4183/3176 221/4185/157
f 536/4186/139 3568/4174/3169 3571/4176/3171 535/4184/156
f 537/4179/154 3565/4171/3166 3568/4174/3169 536/4186/139
f 3574/3082/2379 3575/3904/2969 3578/674/582 3577/1450/1223
f 3592/4187/3177 3593/3841/2917 3595/4114/3123
f 3577/1450/1223 3578/674/582 3580/673/581 3579/1451/1224
f 3576/3562/2704 1740/658/572 3581/657/571 3578/674/582
f 240/3191/1978 1130/3225/2485 3135/3185/2456
f 733/4188/3178 732/4189/3179 3575/3904/2969 3574/3082/2379
f 3576/3562/2704 732/4189/3179 3760/2932/2277 487/2275/1806
f 545/2711/2116 476/2292/1815 3584/2291/1814
f 3580/673/581 3581/657/571 1101/4190/3180 1102/4191/3181
f 3579/1451/1224 3580/673/581 1102/4191/3181 1103/1452/1225
f 74/3084/1070 733/4188/3178 3574/3082/2379
f 1087/4192/3182 71/508/1209 2716/1433/1208
f 2783/1533/1268 748/1576/1308 747/3213/1331
f 3582/1272/1071 3583/4193/3183 3586/4194/3184 3585/140/130
f 3583/4193/3183 3584/2291/1814 3587/3120/2408 3586/4194/3184
f 3585/140/130 3586/4194/3184 3589/4195/3185 3588/141/131
f 3586/4194/3184 3587/3120/2408 3590/4196/3186 3589/4195/3185
f 1305/202/188 222/3176/119 1863/127/118
f 547/3198/2464 546/4197/3187 3583/4193/3183 3582/1272/1071
f 546/4197/3187 545/2711/2116 3584/2291/1814 3583/4193/3183
f 2352/2356/394 495/2364/1859 1725/1634/394
f 564/4198/3188 3692/2343/1846 479/2342/1845
f 3587/3120/2408 1741/1657/1354 1742/2916/2264 3590/4196/3186
f 3590/4196/3186 1742/2916/2264 496/2308/1825 1078/4199/3189
f 3589/4195/3185 3590/4196/3186 1078/4199/3189 1079/4200/3190
f 3588/141/131 3589/4195/3185 1079/4200/3190 1080/142/132
f 11/1274/168 547/3198/2464 3582/1272/1071
f 2716/1433/1208 744/511/1196 2717/3183/2455
f 3591/4201/3191 3592/4187/3177 3595/4114/3123 3594/4202/3192
f 3598/3045/2355 3595/4114/3123 3593/3841/2917 1743/2369/1864
f 3594/4202/3192 3595/4114/3123 3597/4113/3122 3596/4203/3193
f 63/4204/1056 704/4205/3194 3591/4201/3191 689/4206/1045
f 704/4205/3194 703/4207/3195 3592/4187/3177 3591/4201/3191
f 703/4207/3195 3744/2285/1812 485/2284/1811 3593/3841/2917
f 2643/3065/2369 1071/3064/2368 1072/1852/1463
f 3743/4208/3196 3741/2311/1826 3744/2285/1812
f 564/4198/3188 479/2342/1845 3601/2914/2263
f 3597/4113/3122 3598/3045/2355 1075/4209/3197 1076/4210/3198
f 3596/4203/3193 3597/4113/3122 1076/4210/3198 1077/4211/3199
f 687/4212/1044 3596/4203/3193 1077/4211/3199 209/4213/1046
f 688/4214/947 3594/4202/3192 3596/4203/3193 687/4212/1044
f 689/4206/1045 3591/4201/3191 3594/4202/3192 688/4214/947
f 3599/4215/3200 3600/4216/3201 3603/4217/3202 3602/317/295
f 3600/4216/3201 3601/2914/2263 3604/3047/2356 3603/4217/3202
f 3602/317/295 3603/4217/3202 3606/4218/3203 3605/315/293
f 3603/4217/3202 3604/3047/2356 3607/4219/3204 3606/4218/3203
f 553/2956/2299 552/286/266 1893/282/262
f 566/4220/3205 565/4221/3206 3600/4216/3201 3599/4215/3200
f 565/4221/3206 564/4198/3188 3601/2914/2263 3600/4216/3201
f 3613/4222/3207 3610/3840/2916 1746/2329/1839
f 3631/4223/3208 3628/2377/1869 1751/2313/1827
f 3604/3047/2356 1744/2730/2132 1745/2729/2131 3607/4219/3204
f 3607/4219/3204 1745/2729/2131 494/2317/1831 1031/4224/3209
f 3606/4218/3203 3607/4219/3204 1031/4224/3209 1032/4225/3210
f 3605/315/293 3606/4218/3203 1032/4225/3210 1033/111/104
f 3599/4215/3200 3602/317/295 558/316/294
f 15/277/234 557/2896/233 2580/276/257
f 3608/4226/3211 3609/4227/3212 3612/4228/3213 3611/4229/3214
f 3609/4227/3212 3610/3840/2916 3613/4222/3207 3612/4228/3213
f 3611/4229/3214 3612/4228/3213 3615/4230/3215 3614/4231/3216
f 3612/4228/3213 3613/4222/3207 3616/4232/3217 3615/4230/3215
f 51/4233/943 677/4234/3218 3608/4226/3211 667/4235/932
f 677/4234/3218 676/4236/3219 3609/4227/3212 3608/4226/3211
f 676/4236/3219 675/2405/1896 3610/3840/2916 3609/4227/3212
f 678/4237/3220 483/2314/1828 3628/2377/1869
f 3613/4222/3207 1746/2329/1839 1747/2844/2211 3616/4232/3217
f 3616/4232/3217 1747/2844/2211 493/2360/1856 1028/4238/3221
f 3615/4230/3215 3616/4232/3217 1028/4238/3221 1029/4239/3222
f 3614/4231/3216 3615/4230/3215 1029/4239/3222 1030/4240/3223
f 665/4241/930 3614/4231/3216 1030/4240/3223 186/4242/934
f 666/4243/931 3611/4229/3214 3614/4231/3216 665/4241/930
f 667/4235/932 3608/4226/3211 3611/4229/3214 666/4243/931
f 3617/2137/1691 3618/2415/1905 3621/4244/3224 3620/4245/3225
f 3618/2415/1905 3619/4246/3226 3622/4247/3227 3621/4244/3224
f 3620/4245/3225 3621/4244/3224 3624/4248/3228 3623/4249/3229
f 3621/4244/3224 3622/4247/3227 3625/4250/3230 3624/4248/3228
f 946/2589/81 3649/4251/3231 3652/4252/3232
f 1123/2515/1977 3047/3224/2484 240/2516/1978
f 1717/47/45 1718/4253/134 3619/4246/3226 3618/2415/1905
f 1718/4253/134 490/2719/136 1748/2721/2125 3619/4246/3226
f 3619/4246/3226 1748/2721/2125 1749/2731/2133 3622/4247/3227
f 3622/4247/3227 1749/2731/2133 1750/2732/2134 3625/4250/3230
f 3625/4250/3230 1750/2732/2134 492/2264/1797 973/4254/3233
f 3624/4248/3228 3625/4250/3230 973/4254/3233 974/4255/3234
f 3623/4249/3229 3624/4248/3228 974/4255/3234 975/4256/3235
f 523/4257/3236 3623/4249/3229 975/4256/3235 163/4258/101
f 524/4259/98 3620/4245/3225 3623/4249/3229 523/4257/3236
f 3626/2683/2098 3627/4260/3237 3630/4261/3238 3629/1146/960
f 3627/4260/3237 3628/2377/1869 3631/4223/3208 3630/4261/3238
f 3629/1146/960 3630/4261/3238 3633/4262/3239 3632/1143/957
f 3630/4261/3238 3631/4223/3208 3634/2704/2111 3633/4262/3239
f 53/356/904 671/3966/903 2539/1105/922
f 680/2905/2254 679/4263/3240 3627/4260/3237 3626/2683/2098
f 679/4263/3240 678/4237/3220 3628/2377/1869 3627/4260/3237
f 3631/4223/3208 1751/2313/1827 3634/2704/2111
f 1101/4190/3180 497/656/570 3659/4022/3054
f 3662/4264/3241 3659/4022/3054 1760/2373/1866
f 3633/4262/3239 3634/2704/2111 970/2703/2110 971/4265/3242
f 3632/1143/957 3633/4262/3239 971/4265/3242 972/1144/958
f 3626/2683/2098 3629/1146/960 672/1145/959
f 54/2685/940 680/2905/2254 3626/2683/2098
f 1113/162/152 2718/170/158 2717/3183/2455
f 3635/4266/3243 3636/4267/3244 3639/4268/3245 3638/381/352
f 3636/4267/3244 3637/4269/3246 3640/4270/3247 3639/4268/3245
f 3638/381/352 3639/4268/3245 3642/22/22 3641/21/21
f 3639/4268/3245 3640/4270/3247 3643/4271/3248 3642/22/22
f 266/4141/1282 1197/4139/3143 3635/4266/3243 1172/4272/2544
f 1197/4139/3143 1196/4138/3142 3636/4267/3244 3635/4266/3243
f 1196/4138/3142 1195/4137/3141 3637/4269/3246 3636/4267/3244
f 1195/4137/3141 501/2436/1922 1752/2437/1923 3637/4269/3246
f 3637/4269/3246 1752/2437/1923 1753/2447/1928 3640/4270/3247
f 3640/4270/3247 1753/2447/1928 1754/2445/1927 3643/4271/3248
f 3643/4271/3248 1754/2445/1927 473/2446/1906 529/4273/3114
f 3642/22/22 3643/4271/3248 529/4273/3114 530/23/23
f 4/46/44 528/41/17 2851/43/41
f 532/3398/2615 3532/4118/3125 3535/4121/3128
f 1329/1559/1291 281/1558/53 2840/3381/2603
f 1172/4272/2544 3635/4266/3243 3638/381/352 1171/380/264
f 3652/4252/3232 534/18/18 5/20/20
f 3531/51/49 531/4123/48 474/2425/1904
f 1854/77/74 944/88/85 2/138/87
f 659/943/807 2021/937/801 514/944/808
f 1659/2163/1716 2559/2165/1718 455/2637/1724
f 1691/740/637 2584/739/636 466/2553/635
f 3656/145/135 1718/144/134 1717/4274/45
f 1845/68/65 1842/67/64 533/78/75
f 3535/4121/3128 1200/4126/3132 262/1437/1212
f 2852/42/40 1219/1524/1260 2851/43/41
f 3110/3561/2703 620/2573/2015 200/2577/2017
f 3646/83/80 3647/4275/3249 3650/4276/3250 3649/4251/3231
f 3647/4275/3249 3648/4277/3251 3651/4278/3252 3650/4276/3250
f 3649/4251/3231 3650/4276/3250 3653/147/137 3652/4252/3232
f 3650/4276/3250 3651/4278/3252 3654/105/99 3653/147/137
f 1020/2962/2302 1019/2950/2294 2579/1120/935
f 972/1144/958 971/4265/3242 3647/4275/3249 3646/83/80
f 971/4265/3242 970/2703/2110 3648/4277/3251 3647/4275/3249
f 970/2703/2110 491/2403/1895 1756/2418/1908 3648/4277/3251
f 3648/4277/3251 1756/2418/1908 1757/2417/1907 3651/4278/3252
f 3651/4278/3252 1757/2417/1907 1758/2411/1902 3654/105/99
f 534/107/18 475/106/100 1759/506/437 3655/19/19
f 3652/4252/3232 3653/147/137 534/107/18
f 2/98/87 526/103/97 1849/34/34
f 1855/133/123 1096/3189/2431 1095/118/110
f 523/4279/3236 163/108/101 1851/99/94
f 2541/130/120 669/2682/901 168/114/107
f 3799/2678/2095 727/4280/1119 3800/1330/1118
f 3656/145/135 1717/4274/45 3655/19/19
f 3253/3847/2923 862/3852/2714 387/3827/463
f 2356/2383/1874 910/4281/2124 490/146/136
f 3758/1271/1069 733/4188/3178 74/3084/1070
f 532/4282/2615 2849/285/265 7/3396/2474
f 529/4104/3114 473/2416/1906 3644/2419/1909
f 3646/83/80 3649/4251/3231 946/2589/81
f 1409/87/84 1846/38/38 282/40/39
f 3657/203/189 3658/4283/3253 3661/4284/3254 3660/1268/1067
f 3658/4283/3253 3659/4022/3054 3662/4264/3241 3661/4284/3254
f 3660/1268/1067 3661/4284/3254 3664/4285/3255 3663/1269/1068
f 3661/4284/3254 3662/4264/3241 3665/2372/1865 3664/4285/3255
f 720/3196/1161 719/171/159 2721/154/144
f 1103/1452/1225 1102/4191/3181 3658/4283/3253 3657/203/189
f 1102/4191/3181 1101/4190/3180 3659/4022/3054 3658/4283/3253
f 3662/4264/3241 1760/2373/1866 3665/2372/1865
f 548/4167/3163 3674/2368/1863 477/1918/1519
f 3671/4286/3256 1762/2367/1862 3674/2368/1863
f 3664/4285/3255 3665/2372/1865 545/2711/2116 546/4197/3187
f 3663/1269/1068 3664/4285/3255 546/4197/3187 547/3198/2464
f 226/175/163 1103/1452/1225 3657/203/189
f 535/168/156 221/169/157 1858/150/140
f 1089/3079/2377 2718/170/158 221/169/157
f 3666/4287/3257 3667/4288/3258 3670/4289/3259 3669/4290/3260
f 3667/4288/3258 3668/4291/3261 3671/4286/3256 3670/4289/3259
f 3669/4290/3260 3670/4289/3259 3673/4292/3262 3672/4293/3263
f 3670/4289/3259 3671/4286/3256 3674/2368/1863 3673/4292/3262
f 209/4213/1046 1077/4211/3199 3666/4287/3257 1069/4294/2380
f 1077/4211/3199 1076/4210/3198 3667/4288/3258 3666/4287/3257
f 1076/4210/3198 1075/4209/3197 3668/4291/3261 3667/4288/3258
f 1075/4209/3197 495/2364/1859 1761/2363/1858 3668/4291/3261
f 3668/4291/3261 1761/2363/1858 1762/2367/1862 3671/4286/3256
f 510/655/411 1644/967/825 3417/2339/394
f 559/4295/3264 3683/2362/1857 478/590/514
f 3673/4292/3262 3674/2368/1863 548/4167/3163 549/4180/3173
f 3672/4293/3263 3673/4292/3262 549/4180/3173 550/4178/3172
f 1067/4296/2374 3672/4293/3263 550/4178/3172 9/4177/155
f 1068/4297/2375 3669/4290/3260 3672/4293/3263 1067/4296/2374
f 1069/4294/2380 3666/4287/3257 3669/4290/3260 1068/4297/2375
f 3675/4298/3265 3676/4299/3266 3679/4300/3267 3678/4301/3268
f 3676/4299/3266 3677/4302/3269 3680/2379/1871 3679/4300/3267
f 3678/4301/3268 3679/4300/3267 3682/4303/3270 3681/4304/3271
f 3679/4300/3267 3680/2379/1871 3683/2362/1857 3682/4303/3270
f 186/4242/934 1030/4240/3223 3675/4298/3265 1020/4305/2302
f 1030/4240/3223 1029/4239/3222 3676/4299/3266 3675/4298/3265
f 1029/4239/3222 1028/4238/3221 3677/4302/3269 3676/4299/3266
f 1028/4238/3221 493/2360/1856 1763/2358/1855 3677/4302/3269
f 3677/4302/3269 1763/2358/1855 1764/589/513 3680/2379/1871
f 3689/4306/3272 3686/2366/1861 1765/2344/1847
f 3682/4303/3270 3683/2362/1857 559/4295/3264 560/4307/3273
f 3681/4304/3271 3682/4303/3270 560/4307/3273 561/4308/3274
f 1018/4309/2301 3681/4304/3271 561/4308/3274 13/4310/278
f 1019/4311/2294 3678/4301/3268 3681/4304/3271 1018/4309/2301
f 1020/4305/2302 3675/4298/3265 3678/4301/3268 1019/4311/2294
f 3684/187/173 3685/4312/3275 3688/4313/3276 3687/2968/2305
f 3685/4312/3275 3686/2366/1861 3689/4306/3272 3688/4313/3276
f 3687/2968/2305 3688/4313/3276 3691/4314/3277 3690/3178/2452
f 3688/4313/3276 3689/4306/3272 3692/2343/1846 3691/4314/3277
f 526/103/97 1850/52/50 1849/34/34
f 1822/1131/945 1821/4315/3278 3685/4312/3275 3684/187/173
f 1821/4315/3278 1820/2365/1860 3686/2366/1861 3685/4312/3275
f 3689/4306/3272 1765/2344/1847 3692/2343/1846
f 1772/2320/1833 2342/2279/388 483/2314/1828
f 1795/4316/3279 511/2326/1836 3704/2325/1835
f 3691/4314/3277 3692/2343/1846 564/4198/3188 565/4221/3206
f 3690/3178/2452 3691/4314/3277 565/4221/3206 566/4220/3205
f 515/189/175 1822/1131/945 3684/187/173
f 1839/45/43 1838/62/59 1234/4317/24
f 3843/2590/2024 695/2695/986 516/292/272
f 3693/289/269 3694/4318/3280 3697/4319/3281 3696/385/356
f 3694/4318/3280 3695/4320/3282 3698/4321/3283 3697/4319/3281
f 3696/385/356 3697/4319/3281 3700/4322/3284 3699/1441/1215
f 3697/4319/3281 3698/4321/3283 3701/4323/3285 3700/4322/3284
f 2785/378/350 746/3214/1330 248/379/351
f 1151/3195/2462 1150/4169/3165 3694/4318/3280 3693/289/269
f 1150/4169/3165 1149/3991/3027 3695/4320/3282 3694/4318/3280
f 1149/3991/3027 499/2345/1848 1766/3126/2413 3695/4320/3282
f 3695/4320/3282 1766/3126/2413 1767/2376/1868 3698/4321/3283
f 3698/4321/3283 1767/2376/1868 1768/2375/1867 3701/4323/3285
f 3701/4323/3285 1768/2375/1867 480/2348/1849 575/4324/3286
f 3700/4322/3284 3701/4323/3285 575/4324/3286 576/4325/3287
f 3699/1441/1215 3700/4322/3284 576/4325/3287 577/3330/2556
f 249/291/271 1151/3195/2462 3693/289/269
f 571/351/327 243/4326/328 1912/160/150
f 1136/3317/2545 1135/1536/1271 2788/353/329
f 3702/4327/3288 3703/4328/3289 3706/4329/3290 3705/4330/3291
f 3703/4328/3289 3704/2325/1835 3707/2357/1854 3706/4329/3290
f 3705/4330/3291 3706/4329/3290 3709/4331/3292 3708/4332/3293
f 3706/4329/3290 3707/2357/1854 3710/2337/1843 3709/4331/3292
f 505/4333/1199 1797/4334/3294 3702/4327/3288 1785/4335/2298
f 1797/4334/3294 1796/4336/3295 3703/4328/3289 3702/4327/3288
f 1796/4336/3295 1795/4316/3279 3704/2325/1835 3703/4328/3289
f 580/4156/3155 3710/2337/1843 481/2336/1842
f 3707/2357/1854 1769/2324/1834 3710/2337/1843
f 973/4254/3233 492/2264/1797 3713/2263/1796
f 3709/4331/3292 3710/2337/1843 580/4156/3155 581/4155/3154
f 3708/4332/3293 3709/4331/3292 581/4155/3154 582/4153/3153
f 1783/4337/357 3708/4332/3293 582/4153/3153 19/4152/321
f 1784/4338/358 3705/4330/3291 3708/4332/3293 1783/4337/357
f 1785/4335/2298 3702/4327/3288 3705/4330/3291 1784/4338/358
f 3711/4339/3296 3712/4340/3297 3715/4341/3298 3714/4342/3299
f 3712/4340/3297 3713/2263/1796 3716/2340/1844 3715/4341/3298
f 3714/4342/3299 3715/4341/3298 3718/4343/3300 3717/4344/3301
f 3715/4341/3298 3716/2340/1844 3719/2328/1838 3718/4343/3300
f 163/4258/101 975/4256/3235 3711/4339/3296 940/4345/923
f 975/4256/3235 974/4255/3234 3712/4340/3297 3711/4339/3296
f 974/4255/3234 973/4254/3233 3713/2263/1796 3712/4340/3297
f 3716/2340/1844 1770/2265/1798 3719/2328/1838
f 678/4237/3220 3728/2319/1832 483/2314/1828
f 3725/4346/3302 1772/2320/1833 3728/2319/1832
f 3718/4343/3300 3719/2328/1838 675/2405/1896 676/4236/3219
f 3717/4344/3301 3718/4343/3300 676/4236/3219 677/4234/3218
f 938/4347/2248 3717/4344/3301 677/4234/3218 51/4233/943
f 939/4348/924 3714/4342/3299 3717/4344/3301 938/4347/2248
f 940/4345/923 3711/4339/3296 3714/4342/3299 939/4348/924
f 3720/112/105 3721/4349/3303 3724/4350/3304 3723/2903/2252
f 3721/4349/3303 3722/4351/3305 3725/4346/3302 3724/4350/3304
f 3723/2903/2252 3724/4350/3304 3727/4352/3306 3726/2904/2253
f 3724/4350/3304 3725/4346/3302 3728/2319/1832 3727/4352/3306
f 2573/1122/937 2570/1092/912 1021/1091/911
f 1033/111/104 1032/4225/3210 3721/4349/3303 3720/112/105
f 1032/4225/3210 1031/4224/3209 3722/4351/3305 3721/4349/3303
f 1031/4224/3209 494/2317/1831 1771/2333/1841 3722/4351/3305
f 3722/4351/3305 1771/2333/1841 1772/2320/1833 3725/4346/3302
f 1078/4199/3189 496/2308/1825 3731/3118/2406
f 3727/4352/3306 3728/2319/1832 678/4237/3220 679/4263/3240
f 3726/2904/2253 3727/4352/3306 679/4263/3240 680/2905/2254
f 3720/112/105 3723/2903/2252 1017/1127/915
f 1017/1127/915 3726/2904/2253 54/1532/940
f 1247/318/296 14/259/241 2570/1092/912
f 3729/267/248 3730/3117/2405 3733/3119/2407 3732/3043/2353
f 3731/3118/2406 1773/2307/1824 3736/2306/1823 3733/3119/2407
f 3732/3043/2353 3733/3119/2407 3735/3127/2414 3734/3037/2350
f 3738/4353/3307 3739/2272/1804 3741/2311/1826
f 1080/142/132 1079/4200/3190 3730/3117/2405 3729/267/248
f 1079/4200/3190 1078/4199/3189 3731/3118/2406 3730/3117/2405
f 510/655/411 3417/2339/394 508/2334/394 3796/653/394
f 1817/4354/3308 522/2273/1805 3739/2272/1804
f 3736/2306/1823 484/2305/1822 3832/1200/1008 701/1199/1007
f 3592/4187/3177 703/4207/3195 3593/3841/2917
f 3734/3037/2350 3735/3127/2414 701/1199/1007 702/3038/2351
f 3729/267/248 3732/3043/2353 1062/1255/936
f 1062/1255/936 3734/3037/2350 62/2139/1054
f 1238/207/193 12/163/153 2653/271/252
f 3737/4355/3309 3738/4353/3307 3741/2311/1826 3740/4356/3310
f 3746/4357/3311 3747/2267/1800 3749/2295/1816
f 3740/4356/3310 3741/2311/1826 3743/4208/3196 3742/4358/3312
f 3759/4359/3313 3757/4360/3314 3760/2932/2277
f 513/4361/267 1819/4362/3315 3737/4355/3309 1806/4363/2251
f 1819/4362/3315 1818/4364/3316 3738/4353/3307 3737/4355/3309
f 1818/4364/3316 1817/4354/3308 3739/2272/1804 3738/4353/3307
f 1740/658/572 487/3563/1806 2680/2274/388
f 1104/4181/3174 498/2268/1801 3747/2267/1800
f 3742/4358/3312 3743/4208/3196 703/4207/3195 704/4205/3194
f 1804/4365/1051 3742/4358/3312 704/4205/3194 63/4204/1056
f 1805/4366/1053 3740/4356/3310 3742/4358/3312 1804/4365/1051
f 1806/4363/2251 3737/4355/3309 3740/4356/3310 1805/4366/1053
f 3745/4367/3317 3746/4357/3311 3749/2295/1816 3748/4368/3318
f 3752/2074/1642 3749/2295/1816 3747/2267/1800 1775/2266/1799
f 3748/4368/3318 3749/2295/1816 3751/2073/1641 3750/4369/3319
f 221/4185/157 1106/4183/3176 3745/4367/3317 1089/4370/2377
f 1106/4183/3176 1105/4182/3175 3746/4357/3311 3745/4367/3317
f 1105/4182/3175 1104/4181/3174 3747/2267/1800 3746/4357/3311
f 1776/2933/2278 3760/2932/2277 3757/4360/3314 3755/3116/2404
f 1792/4371/3320 512/2277/1808 3755/3116/2404
f 3759/4359/3313 3760/2932/2277 732/4189/3179
f 3790/4012/3045 730/2075/1643 3752/2074/1642 486/2282/1810
f 3750/4369/3319 3751/2073/1641 730/2075/1643 731/4372/3321
f 1087/4373/3182 3750/4369/3319 731/4372/3321 71/4374/1209
f 1088/4375/2378 3748/4368/3318 3750/4369/3319 1087/4373/3182
f 1089/4370/2377 3745/4367/3317 3748/4368/3318 1088/4375/2378
f 3753/1260/1060 3754/4376/3322 3757/4360/3314 3756/2426/1913
f 3789/4377/3323 3790/4012/3045 3792/2298/1819
f 3756/2426/1913 3757/4360/3314 3759/4359/3313 3758/1271/1069
f 1800/1329/1117 3814/1430/1206 506/2575/1120
f 1794/302/280 1793/4378/3324 3754/4376/3322 3753/1260/1060
f 1793/4378/3324 1792/4371/3320 3755/3116/2404 3754/4376/3322
f 3766/3343/2569 3763/3249/2506 1777/2247/1788
f 3758/1271/1069 3759/4359/3313 732/4189/3179 733/4188/3178
f 3753/1260/1060 3756/2426/1913 1779/1270/1061
f 662/4379/831 504/2692/830 2447/2675/2093
f 3761/1435/1211 3762/4380/3325 3765/4381/3326 3764/3315/2543
f 3762/4380/3325 3763/3249/2506 3766/3343/2569 3765/4381/3326
f 3764/3315/2543 3765/4381/3326 3768/4382/3327 3767/355/331
f 3765/4381/3326 3766/3343/2569 3769/2246/1787 3768/4382/3327
f 1200/4126/3132 1199/4125/3131 3762/4380/3325 3761/1435/1211
f 1199/4125/3131 1198/4124/3130 3763/3249/2506 3762/4380/3325
f 1152/4157/3156 500/2209/1758 3772/2208/1757
f 3775/4383/3328 3772/2208/1757 1778/2196/1746
f 3768/4382/3327 3769/2246/1787 756/2276/1807 757/4166/3162
f 3767/355/331 3768/4382/3327 757/4166/3162 758/3322/2548
f 262/1437/1212 1200/4126/3132 3761/1435/1211
f 750/1546/1280 266/1548/1282 2158/1542/1275
f 3770/4384/3329 3771/4385/3330 3774/4386/3331 3773/4387/3332
f 3771/4385/3330 3772/2208/1757 3775/4383/3328 3774/4386/3331
f 3773/4387/3332 3774/4386/3331 3777/4388/3333 3776/4389/3334
f 3774/4386/3331 3775/4383/3328 3778/2195/1745 3777/4388/3333
f 243/4161/328 1154/4159/3158 3770/4384/3329 1136/4390/2545
f 1154/4159/3158 1153/4158/3157 3771/4385/3330 3770/4384/3329
f 1153/4158/3157 1152/4157/3156 3772/2208/1757 3771/4385/3330
f 759/3344/2570 3778/2195/1745 489/436/400
f 3775/4383/3328 1778/2196/1746 3778/2195/1745
f 3777/4388/3333 3778/2195/1745 759/3344/2570 760/4136/3140
f 3776/4389/3334 3777/4388/3333 760/4136/3140 761/4134/3139
f 1134/4391/1269 3776/4389/3334 761/4134/3139 83/4133/1290
f 1135/4392/1271 3773/4387/3332 3776/4389/3334 1134/4391/1269
f 1136/4390/2545 3770/4384/3329 3773/4387/3332 1135/4392/1271
f 3779/2387/1880 3780/4393/3335 3783/4394/3336 3782/2954/2297
f 3780/4393/3335 3781/4018/3050 3784/4395/3337 3783/4394/3336
f 3782/2954/2297 3783/4394/3336 3786/4396/3338 3785/301/279
f 3783/4394/3336 3784/4395/3337 3787/4397/3339 3786/4396/3338
f 3805/2668/2086 578/361/335 18/2389/334 570/2388/1881
f 577/3330/2556 576/4325/3287 3780/4393/3335 3779/2387/1880
f 576/4325/3287 575/4324/3286 3781/4018/3050 3780/4393/3335
f 119/690/388 2473/2001/388 364/1012/388
f 2978/1675/388 781/3536/388 102/1673/388
f 1815/2705/2112 3844/2310/388 521/2354/1853
f 3786/4396/3338 3787/4397/3339 1792/4371/3320 1793/4378/3324
f 3785/301/279 3786/4396/3338 1793/4378/3324 1794/302/280
f 3843/2590/2024 1823/945/809 3842/4398/3340
f 1799/1277/1074 3805/2668/2086 570/2953/1881 503/4399/281
f 3788/4400/3341 3789/4377/3323 3792/2298/1819 3791/4401/3342
f 3795/2299/1820 3792/2298/1819 3790/4012/3045 1790/2281/1809
f 3791/4401/3342 3792/2298/1819 3794/2297/1818 3793/4402/3343
f 71/4374/1209 731/4372/3321 3788/4400/3341 717/4403/2104
f 731/4372/3321 730/2075/1643 3789/4377/3323 3788/4400/3341
f 1101/4190/3180 3581/657/571 497/656/570
f 1198/4124/3130 502/2227/1775 3763/3249/2506
f 3787/4397/3339 1791/2349/1850 512/2277/1808
f 512/2277/1808 1791/2349/1850 3803/2255/388
f 3784/4395/3337 1791/2349/1850 3787/4397/3339
f 3794/2297/1818 3795/2299/1820 1795/4316/3279 1796/4336/3295
f 3793/4402/3343 3794/2297/1818 1796/4336/3295 1797/4334/3294
f 715/4404/3344 3793/4402/3343 1797/4334/3294 505/4333/1199
f 716/4405/1210 3791/4401/3342 3793/4402/3343 715/4404/3344
f 717/4403/2104 3788/4400/3341 3791/4401/3342 716/4405/1210
f 3839/2321/394 1813/4014/3047 519/452/411
f 2348/2341/388 1715/2256/388 480/2348/1849
f 1769/2324/1834 511/2326/1836 2345/2335/394
f 253/1499/394 2960/1192/394 108/462/394
f 3807/2983/2312 1788/1026/862 431/1150/964
f 2927/3138/388 230/1751/388 106/1615/388
f 2337/2269/388 1776/2933/2278 512/2277/1808
f 2971/1214/394 105/1638/394 229/1215/394
f 104/1649/394 2933/3069/394 214/1318/394
f 3798/2681/2097 937/2680/2096 3799/2678/2095 3800/1330/1118
f 1780/4406/2398 3798/2681/2097 1781/2701/2108
f 84/4407/143 762/1126/1256 2784/1249/1050 1137/151/141
f 531/50/48 7/693/2474 3645/263/243
f 1259/1142/956 52/1111/928 2547/2691/2102
f 2550/2897/2247 2547/2691/2102 941/2690/2101
f 1785/2955/2298 1784/387/358 3806/1424/1200
f 1780/4406/2398 80/4408/993 3798/2681/2097
f 72/3925/1188 745/553/1189 2720/3002/2325 1090/1246/1048
f 1131/1412/1187 2143/1278/1075 2144/1409/1184
f 606/3694/2803 3104/3612/2744 315/3703/1283
f 662/4379/831 2447/2675/2093 663/2689/832
f 3863/2574/2016 3862/1251/1052 712/829/1055
f 715/4409/3344 2140/1276/1073 716/1434/1210
f 3799/2678/2095 728/3965/1122 727/4280/1119
f 64/4410/744 713/1235/1038 2628/2545/2000 1042/859/742
f 2607/1737/1382 324/1651/1350 103/1665/388
f 439/3305/388 2147/1354/388 90/1456/388
f 779/3496/394 100/1723/394 2984/1678/394
f 3807/2983/2312 3808/2982/2311 3810/4019/3051
f 3831/1198/1006 3832/1200/1008 3834/4411/3345
f 3784/4395/3337 3781/4018/3050 1791/2349/1850
f 575/4324/3286 480/2348/1849 3781/4018/3050
f 1795/4316/3279 3795/2299/1820 511/2326/1836
f 790/1716/388 2190/1736/1381 254/1717/388
f 1170/804/394 2882/806/394 88/664/394
f 2486/2760/388 1444/2759/388 2485/1672/388
f 1735/3854/2928 481/2336/1842 2750/1629/394
f 1768/2375/1867 2348/2341/388 480/2348/1849
f 1792/4371/3320 3787/4397/3339 512/2277/1808
f 1788/1026/862 3812/4013/3046 509/1027/793
f 3836/4412/3346 3834/4411/3345 3837/4015/3048
f 1801/1328/1116 2111/1307/1101 2110/1306/1100
f 3812/4013/3046 3813/4020/3052 1801/1328/1116
f 1803/970/828 2030/964/822 2029/968/826
f 514/4413/808 3861/1427/1203 1808/4414/1202
f 3029/557/485 605/748/2712 314/555/483
f 1784/387/358 3804/365/338 3805/2668/2086 3806/1424/1200
f 1/20/46 524/104/98 1852/101/96
f 3364/3917/2979 3363/2687/2100 642/3916/2978
f 1917/369/342 1138/371/343 17/554/339
f 1783/386/357 19/3611/321 3804/365/338
f 1911/332/310 574/342/316 20/341/128
f 1908/329/307 1905/328/306 574/338/316
f 3779/2387/1880 3782/2954/2297 570/2953/1881
f 3348/758/653 635/3953/2806 414/756/651
f 715/4409/3344 505/1423/1199 2140/1276/1073
f 1826/941/805 3861/1427/1203 514/4413/808
f 2540/2427/1914 941/2690/2101 52/3318/928 681/1113/914
f 3815/1313/1107 3817/4415/3347 3816/1321/1111
f 3808/2982/2311 3809/4416/3348 3811/1428/1204 3810/4019/3051
f 1788/1026/862 3807/2983/2312 3810/4019/3051 3812/4013/3046
f 3810/4019/3051 3811/1428/1204 3814/1430/1206 3813/4020/3052
f 1609/955/815 1608/956/816 3809/4416/3348 3808/2982/2311
f 1608/956/816 48/957/817 1786/4417/2079 3809/4416/3348
f 3809/4416/3348 1786/4417/2079 1787/1429/1205 3811/1428/1204
f 3840/2612/2042 3842/4398/3340 1808/4414/1202
f 1782/2700/2107 3801/2693/2103 504/2692/830
f 3813/4020/3052 3814/1430/1206 1800/1329/1117 1801/1328/1116
f 3818/1000/845 3819/4418/3349 1803/970/828
f 3816/1321/1111 3819/4418/3349 3818/1000/845
f 1814/4016/3049 3859/961/819 520/929/793
f 3816/1321/1111 3817/4415/3347 3820/4419/3350 3819/4418/3349
f 2115/1335/1123 728/1334/1122 79/1219/1023
f 3815/1313/1107 1780/3104/2398 1781/4420/2108 3817/4415/3347
f 3817/4415/3347 1781/4420/2108 1782/4421/2107 3820/4419/3350
f 3820/4419/3350 1782/4421/2107 504/972/830 1802/971/829
f 3819/4418/3349 3820/4419/3350 1802/971/829 1803/970/828
f 3795/2299/1820 1790/2281/1809 511/2326/1836
f 3821/4422/3351 3822/4423/3352 3825/4424/3353 3824/4425/3354
f 3822/4423/3352 3823/2351/1852 3826/4426/3355 3825/4424/3353
f 3824/4425/3354 3825/4424/3353 3828/4427/3356 3827/4428/3357
f 3825/4424/3353 3826/4426/3355 3829/4429/3358 3828/4427/3356
f 13/4310/278 561/4308/3274 3821/4422/3351 553/4430/2299
f 561/4308/3274 560/4307/3273 3822/4423/3352 3821/4422/3351
f 560/4307/3273 559/4295/3264 3823/2351/1852 3822/4423/3352
f 366/2378/1870 1499/1897/1503 2644/1851/1462
f 2781/3303/2537 252/1358/1142 449/1471/575
f 3828/4427/3356 3829/4429/3358 1817/4354/3308 1818/4364/3316
f 3827/4428/3357 3828/4427/3356 1818/4364/3316 1819/4362/3315
f 551/4431/3359 3827/4428/3357 1819/4362/3315 513/4361/267
f 552/4432/266 3824/4425/3354 3827/4428/3357 551/4431/3359
f 553/4430/2299 3821/4422/3351 3824/4425/3354 552/4432/266
f 3830/3077/2376 3831/1198/1006 3834/4411/3345 3833/2901/2250
f 3837/4015/3048 3834/4411/3345 3832/1200/1008 1815/2705/2112
f 3833/2901/2250 3834/4411/3345 3836/4412/3346 3835/1130/944
f 62/3039/1054 686/3078/2249 3863/2574/2016 712/1254/1055
f 702/3038/2351 701/1199/1007 3831/1198/1006 3830/3077/2376
f 3754/4376/3322 3755/3116/2404 3757/4360/3314
f 3743/4208/3196 3744/2285/1812 703/4207/3195
f 3826/4426/3355 3823/2351/1852 1816/2350/1851
f 1816/2350/1851 3845/2289/394 522/2273/1805
f 3836/4412/3346 3837/4015/3048 1820/2365/1860 1821/4315/3278
f 3835/1130/944 3836/4412/3346 1821/4315/3278 1822/1131/945
f 3617/2137/1691 524/104/98 1/20/46
f 1828/279/259 3863/2574/2016 686/2900/2249 515/4433/175
f 3854/999/844 1814/4016/3049 435/899/768
f 2071/453/412 2072/1166/980 2074/1162/976
f 3443/1999/1582 3444/4048/3074 3446/2000/1583
f 2688/1618/394 228/924/788 45/442/394
f 1765/2344/1847 521/2354/1853 2349/2353/388
f 1641/1319/1109 438/1341/1129 3412/2190/388
f 674/960/394 3487/901/394 60/1688/394
f 2321/2093/388 44/489/388 224/500/432
f 870/3810/2895 3345/3942/2996 3344/2270/1802
f 1538/2004/394 365/2005/394 3245/1061/394
f 3849/4021/3053 3852/2290/1813 3851/1320/1110
f 3838/2248/388 1814/4016/3049 520/929/793
f 1774/2271/1803 522/2273/1805 2339/2288/394
f 673/1038/394 3127/2985/394 57/639/394
f 3484/1036/388 59/891/388 190/883/761
f 1565/3736/388 2154/1511/388 400/1728/388
f 3846/932/796 1813/4014/3047 429/933/797
f 3840/2612/2042 930/2541/2040 3841/2608/2039 3842/4398/3340
f 1807/4105/3115 3840/2612/2042 1808/4414/1202
f 3864/288/268 1805/1252/1053 3862/1251/1052 3863/2574/2016
f 696/2694/987 3843/2590/2024 3842/4398/3340 3841/2608/2039
f 3841/2608/2039 697/4434/988 696/2694/987
f 69/2550/989 697/4434/988 3841/2608/2039
f 660/3656/811 2417/2582/2021 47/2594/2029
f 3491/3844/2920 807/4079/3095 466/738/635
f 20/3762/128 579/343/319 2729/2483/1955 1121/136/126
f 551/4435/3359 1891/278/258 552/286/266
f 1171/380/264 3/4436/244 2849/285/265
f 514/4413/808 1808/4414/1202 3842/4398/3340 1823/945/809
f 1914/158/148 1913/161/151 578/361/335
f 570/2953/1881 3785/301/279 503/4399/281
f 3829/4429/3358 1816/2350/1851 522/2273/1805
f 1086/601/525 207/637/555 1967/672/394
f 942/1726/388 2537/729/388 58/1029/388
f 1820/2365/1860 3837/4015/3048 521/2354/1853
f 1815/2705/2112 3832/1200/1008 484/2305/1822
f 3857/4437/3360 3860/4438/3361 3859/961/819
f 1817/4354/3308 3829/4429/3358 522/2273/1805
f 559/4295/3264 478/590/514 3823/2351/1852
f 3218/2058/394 1527/2041/1615 363/2025/1599
f 2351/477/394 2350/2359/394 1723/2014/394
f 1825/1172/984 2072/1166/980 2071/453/412
f 1827/940/804 2020/880/758 2019/879/757
f 3826/4426/3355 1816/2350/1851 3829/4429/3358
f 3854/999/844 3855/998/843 3857/4437/3360
f 3847/3100/2394 3848/904/770 3850/4439/3362 3849/4021/3053
f 3851/1320/1110 1813/4014/3047 3846/932/796 3849/4021/3053
f 3849/4021/3053 3850/4439/3362 3853/4440/3363 3852/2290/1813
f 2026/939/803 660/947/811 47/2971/2029
f 1606/905/771 3847/3100/2394 3846/932/796
f 3848/904/770 1810/3157/2436 1811/4441/1987 3850/4439/3362
f 3850/4439/3362 1811/4441/1987 1812/4442/273 3853/4440/3363
f 3853/4440/3363 1812/4442/273 516/1174/272 1824/1173/985
f 3852/2290/1813 3853/4440/3363 1824/1173/985 1825/1172/984
f 3859/961/819 3860/4438/3361 1827/940/804
f 1813/4014/3047 3851/1320/1110 519/452/411
f 3859/961/819 1814/4016/3049 3854/999/844 3857/4437/3360
f 3855/998/843 3856/4443/3364 3858/1425/1201 3857/4437/3360
f 3263/1645/1348 3262/3857/2931 876/3856/2930
f 3857/4437/3360 3858/1425/1201 3861/1427/1203 3860/4438/3361
f 1613/898/767 1612/1149/963 3856/4443/3364 3855/998/843
f 1612/1149/963 70/1161/975 1807/4444/3115 3856/4443/3364
f 3856/4443/3364 1807/4444/3115 1808/1426/1202 3858/1425/1201
f 1809/297/174 3687/2968/2305 3690/3178/2452
f 3690/3178/2452 566/4220/3205 16/2957/276
f 3860/4438/3361 3861/1427/1203 1826/941/805 1827/940/804
f 1456/1644/394 322/1731/394 3127/2985/394
f 2042/682/394 55/1062/394 394/997/394
f 686/2900/2249 3835/1130/944 515/4433/175
f 1236/54/52 2840/3381/2603 281/55/53
f 2581/93/90 1021/1091/911 14/3179/241 562/281/246
f 2099/1101/918 1059/1263/1063 61/3748/1057
f 689/1243/1045 2096/1132/946 63/1256/1056
f 2093/1224/1028 690/1236/1035 64/1234/744
f 2090/1221/1025 2088/1220/1024 690/1231/1035
f 62/3039/1054 702/3038/2351 3830/3077/2376
f 1804/1250/1051 63/826/1056 3862/1251/1052
f 551/4435/3359 513/287/267 1891/278/258
f 1235/102/25 1234/4317/24 1838/62/59
f 525/3485/2192 1850/52/50 526/103/97
f 1837/9/9 4/4436/44 1234/24/24
f 946/2589/81 3652/4252/3232 5/3393/20
f 1110/1344/1132 231/1045/871 2699/671/394
f 2761/3265/2514 2762/3264/2513 2763/1854/1464
f 389/473/422 3331/1151/965 1575/1055/880
f 251/666/577 1143/3247/2504 3040/598/522
f 3128/1196/1004 691/1194/1002 211/1193/1001
f 2644/1851/1462 2643/3065/2369 1072/1852/1463
f 3042/3622/2753 611/1743/1384 3043/1718/1378
f 623/645/561 622/644/560 3109/1033/864
f 2701/2056/1628 2704/2189/1741 1098/2057/1629
f 2513/2833/2205 2514/2832/2204 1549/683/590
f 2522/1003/848 2523/2852/2219 1692/1004/849
f 1565/3736/388 400/1728/388 3283/2055/388
f 1703/1041/394 3510/2889/394 469/1002/847
f 1618/1001/846 172/988/839 2038/959/394
f 1040/2917/2265 3326/2210/1759 196/2212/1761
f 3282/3843/2919 1564/2843/2210 401/1057/881
f 3217/2926/388 983/2702/2109 3216/1011/388
f 1621/854/737 2536/1689/388 167/855/738
f 2116/1309/1103 2117/1311/1105 1110/1344/1132
f 1075/4209/3197 3598/3045/2355 495/2364/1859
f 694/3728/2466 3132/3646/2771 68/3274/1992
f 3286/3885/2955 868/422/389 3288/448/407
f 3789/4377/3323 730/2075/1643 3790/4012/3045
f 3575/3904/2969 732/4189/3179 3576/3562/2704
f 2884/1169/394 2886/3453/394 2885/3309/394
f 1471/3431/2643 269/1486/1240 2149/1474/388
f 1630/1932/394 1631/3367/394 3388/3938/394
f 3388/3938/394 1224/3983/3020 1225/2033/1607
f 3205/3476/394 3203/1367/394 1520/1366/394
f 3283/2055/388 400/1728/388 144/484/388
f 2975/1650/394 783/1648/394 2974/1647/394
f 288/414/383 1335/3284/2528 2914/3491/394
f 2915/3490/394 2918/3498/394 2917/3304/394
f 1012/3530/2689 2948/2786/388 2947/3528/388 2949/3534/388
f 293/1393/1168 1338/3236/2496 2920/3493/394
f 294/1419/1194 1344/3175/2451 2926/3503/388
f 3002/3518/388 772/3063/388 3001/1753/388
f 296/1607/1336 1326/3463/2668 2897/3445/394
f 2911/3257/388 2912/3473/388 2913/3366/388
f 2946/2783/388 781/3536/388 290/2912/2261
f 2973/3472/394 1381/1292/1089 1382/1305/1099
f 2980/3555/394 1387/1077/898 1388/1090/910
f 1041/1740/394 2996/1739/394 2997/1741/394
f 2993/1700/388 2994/3500/388 2995/3520/388
f 3495/2887/388 1006/3903/2968 3494/1025/388 3493/625/388
f 1697/909/775 2587/2975/2307 2590/907/773
f 2966/3494/388 786/1489/388 2965/1488/388
f 3205/3476/394 1203/3475/2673 1204/3796/2882
f 3303/3906/2971 1227/1847/1459 3304/3774/2865
f 2824/3070/2371 2825/3361/2587 1516/1843/1456
f 1624/1064/886 2661/490/388 212/681/589
f 1510/1899/1505 175/1890/1497 2234/1900/394
f 421/2132/1686 3355/2198/394 417/2006/394 2808/2009/394
f 1082/2304/1821 2287/2077/1645 2286/2076/1644
f 3293/3888/2958 864/3899/2966 3294/1184/994
f 3269/2086/1654 1561/2085/1653 3271/3859/2933
f 2675/3096/2390 2678/1229/1033 2677/223/209
f 3333/3931/2988 874/1188/998 3334/443/404
f 1007/4089/3102 3494/1025/388 1006/3903/2968
f 1002/4036/3066 3400/2885/388 442/850/733
f 1721/2728/2130 179/2330/1840 2343/2301/394
f 2663/661/574 2664/1157/971 2665/895/765
f 3731/3118/2406 496/2308/1825 1773/2307/1824
f 1223/2244/1785 1222/3990/3026 3410/2242/388
f 342/1633/1345 1439/1720/1380 2727/1631/388
f 1001/4010/3043 1000/4009/3042 3414/994/394
f 2324/2202/1751 1667/2203/1752 196/2212/1761
f 360/2987/2313 1492/2021/1595 2230/1889/1496
f 1623/851/734 2535/2789/388 1622/853/736
f 1158/3502/394 1157/3501/394 2959/3533/394
f 2452/2371/388 1719/2406/1897 1720/2258/1791
f 983/2702/2109 3224/3821/2901 3223/2709/2114
f 3280/2752/2148 3281/3842/2918 995/2061/1632
f 2587/2975/2307 2588/2934/2279 2590/907/773
f 1444/2759/388 3083/3675/388 3081/1727/388
f 471/908/774 3512/1023/861 193/1050/876 3492/1049/875
f 2564/2925/2273 1027/2931/2276 2566/2103/1665
f 2562/2923/2271 2563/2922/2270 2565/2095/1662
f 2941/3517/394 1358/3025/2340 301/1290/1087
f 2116/1309/1103 1110/1344/1132 227/669/580
f 2923/3505/388 1342/3226/2486 2925/3202/388 2924/2101/388
f 1147/3267/2516 3161/3755/2851 3164/3260/2511
f 131/430/388 2321/2093/388 234/1646/1349
f 3367/2200/1749 3368/913/779 1155/912/778
f 3381/3975/3016 3378/2131/1685 1596/2130/1684
f 2814/3258/2509 1191/3353/2579 2816/2044/1618
f 3377/3956/3005 1201/2197/1747 3378/2131/1685
f 3257/3354/2580 3258/3849/2925 1220/3853/2927
f 2112/1322/1112 506/1332/1120 727/1331/1119
f 3617/2137/1691 3620/4245/3225 524/4259/98
f 523/4279/3236 1851/99/94 524/104/98
f 1834/6/6 528/17/17 1837/9/9
f 2845/3384/2606 2842/2822/2195 1173/3402/2610
f 2850/283/263 2849/285/265 1218/1543/1276
f 474/2425/1904 1731/2424/1912 3531/51/49
f 531/50/48 3530/49/47 3529/3211/2473
f 3654/105/99 1758/2411/1902 475/2160/100
f 169/85/82 972/1144/958 3646/83/80
f 12/163/153 1869/197/183 542/164/117
f 1238/207/193 1869/197/183 12/163/153
f 1857/120/112 1094/119/111 10/872/146
f 1899/266/247 1896/172/160 554/174/162
f 1247/318/296 1902/260/242 14/259/241
f 16/2957/276 566/4220/3205 3599/4215/3200
f 18/2389/334 577/3330/2556 3779/2387/1880
f 1317/337/315 244/3310/317 1905/328/306
f 1908/329/307 574/338/316 1911/332/310
f 388/502/78 1938/526/455 1548/503/434
f 589/389/360 3195/388/359 3194/3761/2854
f 856/4087/2144 2319/2181/1734 857/2180/1733
f 594/530/459 3229/3778/2866 24/2839/439
f 605/3575/2712 3028/3604/2737 3027/3573/2711
f 627/735/632 3102/3689/2802 34/2184/593
f 3110/3561/2703 3111/3711/2819 620/3714/2015
f 635/3696/2806 3347/3695/2805 3346/3947/2998
f 3474/2182/1735 1661/4067/3086 3473/876/755 3472/2584/2022
f 3444/4048/3074 640/4049/647 3445/4025/3056
f 1601/712/611 41/296/697 2003/713/612
f 1826/941/805 514/4413/808 2021/937/801
f 52/1111/928 2066/1114/929 668/1112/746
f 3599/4215/3200 558/2958/294 16/2957/276
f 2054/1094/913 1014/868/2032 53/870/904
f 2542/1129/942 682/1128/941 2543/113/106
f 2842/2822/2195 1236/3397/52 8/44/42
f 3830/3077/2376 3833/2901/2250 686/2900/2249
f 1298/1230/1034 210/3071/1036 2088/1220/1024
f 2090/1221/1025 690/1231/1035 2093/1224/1028
f 1806/2902/2251 1805/1252/1053 3864/288/268
f 753/1522/1258 2163/1565/1297 267/1523/1259
f 2136/1400/1175 718/1410/1185 2139/1403/1178
f 2719/1447/1220 721/3184/1162 720/3196/1161
f 532/3398/2615 3535/4121/3128 262/3399/1212
f 1800/1329/1117 506/2575/1120 2112/1322/1112
f 1087/4192/3182 2716/1433/1208 1088/3080/2378
f 2145/1422/1198 1115/1438/1213 73/3851/1163
f 1173/3402/2610 2842/2822/2195 8/48/42
f 84/1540/143 2169/1569/1301 753/1541/1258
f 1274/1578/1310 2169/1569/1301 84/1540/143
f 2157/1442/1216 1165/1575/1307 81/3988/1267
f 1416/1527/1262 1415/1781/1405 2204/1528/1263
f 2902/3477/2674 770/3404/2618 2903/1560/1292
f 3222/540/469 1506/1998/1581 1505/3818/2893
f 3005/96/92 1232/3401/2616 3004/1771/1396 3003/1431/1207
f 3421/869/749 3419/3929/2986 1646/863/703
f 3519/1957/1548 3520/3780/2868 803/3781/1549
f 3490/3992/3028 807/4088/3095 3491/3844/2920
f 811/3710/2818 3170/2492/1964 350/2491/1963
f 1487/59/57 109/4410/1533 2246/60/58
f 3252/3845/2921 862/3577/2714 3253/3847/2923
f 862/3577/2714 3252/3845/2921 3251/3576/2713
f 3322/80/77 1573/531/460 388/502/78
f 894/2157/1711 3320/3922/2984 130/3923/1722
f 3320/3922/2984 863/3924/79 130/3923/1722
f 425/3964/719 1632/3444/2655 3391/2179/1732
f 908/746/643 3390/2178/1731 3389/744/642
f 3507/4076/3093 3506/2546/2001 1702/2506/1970
f 3421/869/749 1599/875/2092 3420/2390/1882 3419/3929/2986
f 910/4281/2124 2356/2383/1874 911/2382/1873
f 1710/2397/1889 145/4407/1885 2368/2386/1878
f 807/4079/3095 3508/2564/2011 3507/4076/3093
f 832/4445/1492 831/4029/1491 2382/2472/1945
f 832/4445/1492 2382/2472/1945 123/2471/1602
f 1465/615/534 1464/2469/533 2384/2396/1888
f 2396/2485/1957 1122/2498/1966 1123/3426/1977
f 2398/2504/1969 822/4446/1011 821/2505/1010
f 817/2512/1974 2400/2514/1976 68/2536/1992
f 2401/2502/1967 820/2542/1009 67/2466/1003
f 819/2523/1985 121/2521/1510 2397/2519/1981
f 122/2525/1013 822/4446/1011 2398/2504/1969
f 1687/2529/563 37/2499/562 2403/2530/1989
f 1690/2570/2014 2405/2551/2004 38/2490/2003
f 835/2555/1507 114/2619/1587 2406/2556/2007
f 849/2568/1604 848/2572/1603 2410/2524/1986
f 2420/2567/2012 710/2566/1659 709/2605/1658
f 2420/2567/2012 2421/2614/2043 2419/2601/2034 930/2609/2040
f 1656/2587/1765 1655/2617/1764 2425/2618/2045
f 2421/2614/2043 2422/2604/2037 706/2602/2035 2419/2601/2034
f 2427/2628/2055 1658/2642/2066 1659/4080/1716
f 898/4037/2994 2432/2616/2044 140/2615/1656
f 135/2653/1778 882/4068/2960 2433/2650/2071
f 2436/2651/2072 904/2667/2085 136/507/2084
f 1582/2234/1780 1581/2647/1779 2438/2623/2049
f 664/4447/833 2449/2657/2075 49/2699/834
f 736/2676/2094 79/2461/1023 2442/2663/2081
f 2443/2672/2090 739/2679/1640 738/2673/1639
f 2606/2581/2020 692/3704/2813 693/3000/2323
f 694/3200/2466 2605/2535/1991 693/3000/2323
f 2721/154/144 1114/135/125 2720/3002/2325
f 248/379/351 1140/362/336 1915/177/165
f 1545/512/441 1544/3819/510 1942/539/468
f 2848/3387/2609 1173/3390/2610 267/3389/1259
f 842/1953/655 3182/1951/1543 3184/3747/2845
f 1504/3820/2892 3221/510/440 1505/3818/2893
f 3324/2177/1730 895/165/1688 3323/2967/2304
f 43/2877/751 3481/4075/3092 636/4074/3013
f 465/2547/567 1689/3004/565 2402/2507/1971
f 3529/3211/2473 532/4282/2615 7/3396/2474
f 664/4447/833 663/2689/832 2449/2657/2075
f 2415/294/274 1812/293/273 1811/2526/1987
