# Blender 4.2.3 LTS
# www.blender.org
mtllib gato.mtl
o Cylinder
v -0.649327 -2.378547 -1.476160
v -0.234743 -0.187201 -1.688683
v -0.313718 -2.378547 -1.438022
v 0.061308 -0.187201 -1.655041
v 0.008993 -2.378547 -1.325074
v 0.345981 -0.187201 -1.555406
v 0.306405 -2.378547 -1.141657
v 0.608336 -0.187201 -1.393609
v 0.567089 -2.378547 -0.894820
v 0.838294 -0.187201 -1.175866
v 0.781027 -2.378547 -0.594047
v 1.027014 -0.187201 -0.910546
v 0.939997 -2.378547 -0.250899
v 1.167247 -0.187201 -0.607845
v 1.037890 -2.378547 0.121440
v 1.253601 -0.187201 -0.279394
v 1.070945 -2.378547 0.508659
v 1.282760 -0.187201 0.062183
v 1.037890 -2.378547 0.895877
v 1.253601 -0.187201 0.403760
v 0.939997 -2.378547 1.268216
v 1.167247 -0.187201 0.732210
v 0.781027 -2.378547 1.611365
v 1.027014 -0.187201 1.034912
v 0.567089 -2.378547 1.912137
v 0.838294 -0.187201 1.300232
v 0.306405 -2.378547 2.158975
v 0.608336 -0.187201 1.517975
v 0.008993 -2.378547 2.342391
v 0.345981 -0.187201 1.679772
v -0.313718 -2.378547 2.455339
v 0.061308 -0.187201 1.779407
v -0.649327 -2.378547 2.493477
v -0.234743 -0.187201 1.813049
v -0.984936 -2.378547 2.455339
v -0.530792 -0.187201 1.779407
v -1.307647 -2.378547 2.342391
v -0.815465 -0.187201 1.679772
v -1.605059 -2.378547 2.158975
v -1.077822 -0.187201 1.517975
v -1.865743 -2.378547 1.912137
v -1.307779 -0.187201 1.300232
v -2.079681 -2.378547 1.611365
v -1.496500 -0.187201 1.034912
v -2.238651 -2.378547 1.268216
v -1.636732 -0.187201 0.732210
v -2.336545 -2.378547 0.895877
v -1.723086 -0.187201 0.403760
v -2.369599 -2.378547 0.508659
v -1.752244 -0.187201 0.062183
v -2.336545 -2.378547 0.121440
v -1.723086 -0.187201 -0.279394
v -2.238651 -2.378547 -0.250899
v -1.636732 -0.187201 -0.607845
v -2.079681 -2.378547 -0.594047
v -1.496500 -0.187201 -0.910546
v -1.865743 -2.378547 -0.894820
v -1.307779 -0.187201 -1.175866
v -1.605059 -2.378547 -1.141657
v -1.077822 -0.187201 -1.393609
v -1.307647 -2.378547 -1.325074
v -0.815465 -0.187201 -1.555406
v -0.984936 -2.378547 -1.438022
v -0.530792 -0.187201 -1.655041
v 0.000000 1.586162 -1.127505
v 0.000000 1.129682 -1.687430
v 0.000000 0.533262 -1.990460
v 0.000000 0.210481 -2.029455
v 0.000000 -0.112299 -1.990460
v 0.000000 -0.708720 -1.687430
v 0.071600 1.833208 -0.388319
v 0.140449 1.739056 -0.761716
v 0.203901 1.586162 -1.105840
v 0.259517 1.380402 -1.407468
v 0.305159 1.129682 -1.655007
v 0.339075 0.843638 -1.838945
v 0.359960 0.533262 -1.952214
v 0.367012 0.210481 -1.990460
v 0.359960 -0.112299 -1.952214
v 0.339075 -0.422676 -1.838945
v 0.305159 -0.708720 -1.655007
v 0.259517 -0.959440 -1.407468
v 0.203901 -1.165200 -1.105840
v 0.140449 -1.318094 -0.761716
v 0.071600 -1.412246 -0.388319
v 0.140449 1.833208 -0.365789
v 0.275501 1.739056 -0.717521
v 0.399966 1.586162 -1.041679
v 0.509060 1.380402 -1.325806
v 0.598591 1.129682 -1.558982
v 0.665119 0.843638 -1.732248
v 0.706087 0.533262 -1.838945
v 0.719920 0.210481 -1.874972
v 0.706087 -0.112299 -1.838945
v 0.665119 -0.422676 -1.732248
v 0.598591 -0.708720 -1.558982
v 0.509060 -0.959440 -1.325806
v 0.399966 -1.165200 -1.041679
v 0.275501 -1.318094 -0.717521
v 0.140449 -1.412246 -0.365789
v 0.203901 1.833208 -0.329201
v 0.399966 1.739056 -0.645752
v 0.580661 1.586162 -0.937486
v 0.739041 1.380402 -1.193194
v 0.869020 1.129682 -1.403047
v 0.965603 0.843638 -1.558982
v 1.025079 0.533262 -1.655007
v 1.045161 0.210481 -1.687430
v 1.025079 -0.112299 -1.655007
v 0.965603 -0.422676 -1.558982
v 0.869020 -0.708720 -1.403047
v 0.739041 -0.959440 -1.193194
v 0.580661 -1.165200 -0.937486
v 0.399966 -1.318094 -0.645752
v 0.203901 -1.412246 -0.329201
v 0.259516 1.833208 -0.279963
v 0.509060 1.739056 -0.549167
v 0.739041 1.586162 -0.797266
v 0.940620 1.380402 -1.014728
v 1.106052 1.129682 -1.193193
v 1.228980 0.843638 -1.325806
v 1.304678 0.533262 -1.407468
v 1.330238 0.210481 -1.435041
v 1.304678 -0.112299 -1.407468
v 1.228980 -0.422676 -1.325806
v 1.106052 -0.708720 -1.193193
v 0.940620 -0.959440 -1.014728
v 0.739041 -1.165200 -0.797266
v 0.509060 -1.318094 -0.549167
v 0.259516 -1.412246 -0.279963
v 0.305159 1.833208 -0.219965
v 0.598591 1.739056 -0.431477
v 0.869020 1.586162 -0.626408
v 1.106053 1.380402 -0.797266
v 1.300580 1.129682 -0.937486
v 1.445127 0.843638 -1.041679
v 1.534139 0.533262 -1.105840
v 1.564194 0.210481 -1.127505
v 1.534139 -0.112299 -1.105840
v 1.445127 -0.422676 -1.041679
v 1.300580 -0.708720 -0.937486
v 1.106053 -0.959440 -0.797266
v 0.869020 -1.165200 -0.626408
v 0.598591 -1.318094 -0.431477
v 0.305159 -1.412246 -0.219965
v 0.000000 1.864999 0.000000
v 0.339075 1.833208 -0.151515
v 0.665119 1.739056 -0.297207
v 0.965603 1.586162 -0.431477
v 1.228980 1.380402 -0.549167
v 1.445127 1.129682 -0.645751
v 1.605739 0.843638 -0.717521
v 1.704644 0.533262 -0.761716
v 1.738039 0.210481 -0.776639
v 1.704644 -0.112299 -0.761716
v 1.605739 -0.422676 -0.717521
v 1.445127 -0.708720 -0.645751
v 1.228980 -0.959440 -0.549167
v 0.965603 -1.165200 -0.431477
v 0.665119 -1.318094 -0.297207
v 0.339075 -1.412246 -0.151515
v 0.359960 1.833208 -0.077242
v 0.706087 1.739056 -0.151515
v 1.025079 1.586162 -0.219965
v 1.304678 1.380402 -0.279963
v 1.534139 1.129682 -0.329201
v 1.704644 0.843638 -0.365789
v 1.809640 0.533262 -0.388319
v 1.845093 0.210481 -0.395927
v 1.809640 -0.112299 -0.388319
v 1.704644 -0.422676 -0.365789
v 1.534139 -0.708720 -0.329201
v 1.304678 -0.959440 -0.279963
v 1.025079 -1.165200 -0.219965
v 0.706087 -1.318094 -0.151515
v 0.359960 -1.412246 -0.077242
v 0.367012 1.833208 0.000000
v 0.719920 1.739056 0.000000
v 1.045161 1.586162 0.000000
v 1.330238 1.380402 -0.000000
v 1.564194 1.129682 0.000000
v 1.738040 0.843638 -0.000000
v 1.845093 0.533262 0.000000
v 1.881240 0.210481 0.000000
v 1.845093 -0.112299 0.000000
v 1.738040 -0.422676 -0.000000
v 1.564194 -0.708720 0.000000
v 1.330238 -0.959440 -0.000000
v 1.045161 -1.165200 0.000000
v 0.719920 -1.318094 0.000000
v 0.367012 -1.412246 0.000000
v 0.359960 1.833208 0.077242
v 0.706087 1.739056 0.151515
v 1.025079 1.586162 0.219965
v 1.304678 1.380402 0.279963
v 1.534139 1.129682 0.329201
v 1.704644 0.843638 0.365789
v 1.809640 0.533262 0.388320
v 1.845093 0.210481 0.395927
v 1.809640 -0.112299 0.388320
v 1.704644 -0.422676 0.365789
v 1.534139 -0.708720 0.329201
v 1.304678 -0.959440 0.279963
v 1.025079 -1.165200 0.219965
v 0.706087 -1.318094 0.151515
v 0.359960 -1.412246 0.077242
v 0.339075 1.833208 0.151515
v 0.665119 1.739056 0.297207
v 0.965603 1.586162 0.431478
v 1.228980 1.380402 0.549167
v 1.445127 1.129682 0.645752
v 1.605739 0.843638 0.717521
v 1.704643 0.533262 0.761716
v 1.738039 0.210481 0.776639
v 1.704643 -0.112299 0.761716
v 1.605739 -0.422676 0.717521
v 1.445127 -0.708720 0.645752
v 1.228980 -0.959440 0.549167
v 0.965603 -1.165200 0.431478
v 0.665119 -1.318094 0.297207
v 0.339075 -1.412246 0.151515
v 0.305159 1.833208 0.219965
v 0.598591 1.739056 0.431477
v 0.869020 1.586162 0.626408
v 1.106052 1.380402 0.797266
v 1.300580 1.129682 0.937486
v 1.445127 0.843638 1.041679
v 1.534139 0.533262 1.105840
v 1.564194 0.210481 1.127505
v 1.534139 -0.112299 1.105840
v 1.445127 -0.422676 1.041679
v 1.300580 -0.708720 0.937486
v 1.106052 -0.959440 0.797266
v 0.869020 -1.165200 0.626408
v 0.598591 -1.318094 0.431477
v 0.305159 -1.412246 0.219965
v 0.259516 1.833208 0.279963
v 0.509060 1.739056 0.549167
v 0.739040 1.586162 0.797266
v 0.940620 1.380402 1.014728
v 1.106052 1.129682 1.193193
v 1.228980 0.843638 1.325805
v 1.304677 0.533262 1.407468
v 1.330237 0.210481 1.435041
v 1.304677 -0.112299 1.407468
v 1.228980 -0.422676 1.325805
v 1.106052 -0.708720 1.193193
v 0.940620 -0.959440 1.014728
v 0.739040 -1.165200 0.797266
v 0.509060 -1.318094 0.549167
v 0.259516 -1.412246 0.279963
v 0.203901 1.833208 0.329201
v 0.399966 1.739056 0.645752
v 0.580660 1.586162 0.937486
v 0.739041 1.380402 1.193193
v 0.869020 1.129682 1.403047
v 0.965603 0.843638 1.558982
v 1.025078 0.533262 1.655007
v 1.045160 0.210481 1.687430
v 1.025078 -0.112299 1.655007
v 0.965603 -0.422676 1.558982
v 0.869020 -0.708720 1.403047
v 0.739041 -0.959440 1.193193
v 0.580660 -1.165200 0.937486
v 0.399966 -1.318094 0.645752
v 0.203901 -1.412246 0.329201
v 0.140449 1.833208 0.365789
v 0.275501 1.739056 0.717521
v 0.399966 1.586162 1.041678
v 0.509060 1.380402 1.325805
v 0.598591 1.129682 1.558982
v 0.665119 0.843638 1.732248
v 0.706086 0.533262 1.838945
v 0.719919 0.210481 1.874972
v 0.706086 -0.112299 1.838945
v 0.665119 -0.422676 1.732248
v 0.598591 -0.708720 1.558982
v 0.509060 -0.959440 1.325805
v 0.399966 -1.165200 1.041678
v 0.275501 -1.318094 0.717521
v 0.140449 -1.412246 0.365789
v 0.071600 1.833208 0.388319
v 0.140449 1.739056 0.761716
v 0.203901 1.586162 1.105840
v 0.259516 1.380402 1.407468
v 0.305159 1.129682 1.655006
v 0.339075 0.843638 1.838945
v 0.359959 0.533262 1.952213
v 0.367011 0.210481 1.990459
v 0.359959 -0.112299 1.952213
v 0.339075 -0.422676 1.838945
v 0.305159 -0.708720 1.655006
v 0.259516 -0.959440 1.407468
v 0.203901 -1.165200 1.105840
v 0.140449 -1.318094 0.761716
v 0.071600 -1.412246 0.388319
v 0.000000 1.833208 0.395927
v -0.000000 1.739056 0.776639
v -0.000000 1.586162 1.127504
v 0.000000 1.380402 1.435041
v -0.000000 1.129682 1.687430
v 0.000000 0.843638 1.874972
v -0.000000 0.533262 1.990459
v -0.000001 0.210481 2.029454
v -0.000000 -0.112299 1.990459
v 0.000000 -0.422676 1.874972
v -0.000000 -0.708720 1.687430
v 0.000000 -0.959440 1.435041
v -0.000000 -1.165200 1.127504
v -0.000000 -1.318094 0.776639
v 0.000000 -1.412246 0.395927
v -0.071600 1.833208 0.388319
v -0.140449 1.739056 0.761716
v -0.203901 1.586162 1.105840
v -0.259516 1.380402 1.407467
v -0.305159 1.129682 1.655006
v -0.339075 0.843638 1.838945
v -0.359960 0.533262 1.952213
v -0.367012 0.210481 1.990458
v -0.359960 -0.112299 1.952213
v -0.339075 -0.422676 1.838945
v -0.305159 -0.708720 1.655006
v -0.259516 -0.959440 1.407467
v -0.203901 -1.165200 1.105840
v -0.140449 -1.318094 0.761716
v -0.071600 -1.412246 0.388319
v -0.140449 1.833208 0.365789
v -0.275501 1.739056 0.717521
v -0.399966 1.586162 1.041678
v -0.509060 1.380402 1.325805
v -0.598591 1.129682 1.558982
v -0.665119 0.843638 1.732248
v -0.706087 0.533262 1.838944
v -0.719920 0.210481 1.874971
v -0.706087 -0.112299 1.838944
v -0.665119 -0.422676 1.732248
v -0.598591 -0.708720 1.558982
v -0.509060 -0.959440 1.325805
v -0.399966 -1.165200 1.041678
v -0.275501 -1.318094 0.717521
v -0.140449 -1.412246 0.365789
v -0.203901 1.833208 0.329201
v -0.399966 1.739056 0.645751
v -0.580660 1.586162 0.937485
v -0.739041 1.380402 1.193193
v -0.869020 1.129682 1.403046
v -0.965603 0.843638 1.558982
v -1.025079 0.533262 1.655006
v -1.045161 0.210481 1.687429
v -1.025079 -0.112299 1.655006
v -0.965603 -0.422676 1.558982
v -0.869020 -0.708720 1.403046
v -0.739041 -0.959440 1.193193
v -0.580660 -1.165200 0.937485
v -0.399966 -1.318094 0.645751
v -0.203901 -1.412246 0.329201
v -0.259516 1.833208 0.279963
v -0.509060 1.739056 0.549166
v -0.739040 1.586162 0.797266
v -0.940620 1.380402 1.014727
v -1.106052 1.129682 1.193193
v -1.228979 0.843638 1.325805
v -1.304677 0.533262 1.407467
v -1.330237 0.210481 1.435040
v -1.304677 -0.112299 1.407467
v -1.228979 -0.422676 1.325805
v -1.106052 -0.708720 1.193193
v -0.940620 -0.959440 1.014727
v -0.739040 -1.165200 0.797266
v -0.509060 -1.318094 0.549166
v -0.259516 -1.412246 0.279963
v 0.000000 -1.444037 0.000000
v -0.305159 1.833208 0.219965
v -0.598591 1.739056 0.431477
v -0.869020 1.586162 0.626408
v -1.106052 1.380402 0.797266
v -1.300580 1.129682 0.937485
v -1.445127 0.843638 1.041678
v -1.534139 0.533262 1.105839
v -1.564194 0.210481 1.127503
v -1.534139 -0.112299 1.105839
v -1.445127 -0.422676 1.041678
v -1.300580 -0.708720 0.937485
v -1.106052 -0.959440 0.797266
v -0.869020 -1.165200 0.626408
v -0.598591 -1.318094 0.431477
v -0.305159 -1.412246 0.219965
v -0.339074 1.833208 0.151515
v -0.665119 1.739056 0.297207
v -0.965602 1.586162 0.431477
v -1.228980 1.380402 0.549167
v -1.445127 1.129682 0.645751
v -1.605739 0.843638 0.717521
v -1.704643 0.533262 0.761715
v -1.738039 0.210481 0.776637
v -1.704643 -0.112299 0.761715
v -1.605739 -0.422676 0.717521
v -1.445127 -0.708720 0.645751
v -1.228980 -0.959440 0.549167
v -0.965602 -1.165200 0.431477
v -0.665119 -1.318094 0.297207
v -0.339074 -1.412246 0.151515
v -0.359960 1.833208 0.077241
v -0.706086 1.739056 0.151515
v -1.025078 1.586162 0.219965
v -1.304677 1.380402 0.279963
v -1.534138 1.129682 0.329201
v -1.704643 0.843638 0.365789
v -1.809639 0.533262 0.388319
v -1.845092 0.210481 0.395926
v -1.809639 -0.112299 0.388319
v -1.704643 -0.422676 0.365789
v -1.534138 -0.708720 0.329201
v -1.304677 -0.959440 0.279963
v -1.025078 -1.165200 0.219965
v -0.706086 -1.318094 0.151515
v -0.359960 -1.412246 0.077241
v -0.367012 1.833208 -0.000000
v -0.719919 1.739056 -0.000000
v -1.045161 1.586162 -0.000000
v -1.330238 1.380402 -0.000000
v -1.564194 1.129682 -0.000000
v -1.738039 0.843638 -0.000000
v -1.845092 0.533262 -0.000001
v -1.881239 0.210481 -0.000001
v -1.845092 -0.112299 -0.000001
v -1.738039 -0.422676 -0.000000
v -1.564194 -0.708720 -0.000000
v -1.330238 -0.959440 -0.000000
v -1.045161 -1.165200 -0.000000
v -0.719919 -1.318094 -0.000000
v -0.367012 -1.412246 -0.000000
v -0.359960 1.833208 -0.077242
v -0.706086 1.739056 -0.151515
v -1.025078 1.586162 -0.219965
v -1.304677 1.380402 -0.279963
v -1.534138 1.129682 -0.329202
v -1.704643 0.843638 -0.365789
v -1.809639 0.533262 -0.388320
v -1.845091 0.210481 -0.395928
v -1.809639 -0.112299 -0.388320
v -1.704643 -0.422676 -0.365789
v -1.534138 -0.708720 -0.329202
v -1.304677 -0.959440 -0.279963
v -1.025078 -1.165200 -0.219965
v -0.706086 -1.318094 -0.151515
v -0.359960 -1.412246 -0.077242
v -0.339074 1.833208 -0.151515
v -0.665119 1.739056 -0.297207
v -0.965602 1.586162 -0.431477
v -1.228979 1.380402 -0.549167
v -1.445126 1.129682 -0.645752
v -1.605739 0.843638 -0.717520
v -1.704643 0.533262 -0.761716
v -1.738038 0.210481 -0.776639
v -1.704643 -0.112299 -0.761716
v -1.605739 -0.422676 -0.717520
v -1.445126 -0.708720 -0.645752
v -1.228979 -0.959440 -0.549167
v -0.965602 -1.165200 -0.431477
v -0.665119 -1.318094 -0.297207
v -0.339074 -1.412246 -0.151515
v -0.305159 1.833208 -0.219965
v -0.598591 1.739056 -0.431477
v -0.869019 1.586162 -0.626408
v -1.106052 1.380402 -0.797266
v -1.300579 1.129682 -0.937486
v -1.445127 0.843638 -1.041678
v -1.534138 0.533262 -1.105840
v -1.564192 0.210481 -1.127505
v -1.534138 -0.112299 -1.105840
v -1.445127 -0.422676 -1.041678
v -1.300579 -0.708720 -0.937486
v -1.106052 -0.959440 -0.797266
v -0.869019 -1.165200 -0.626408
v -0.598591 -1.318094 -0.431477
v -0.305159 -1.412246 -0.219965
v -0.259516 1.833208 -0.279963
v -0.509060 1.739056 -0.549166
v -0.739040 1.586162 -0.797266
v -0.940620 1.380402 -1.014727
v -1.106051 1.129682 -1.193193
v -1.228979 0.843638 -1.325805
v -1.304677 0.533262 -1.407467
v -1.330236 0.210481 -1.435041
v -1.304677 -0.112299 -1.407467
v -1.228979 -0.422676 -1.325805
v -1.106051 -0.708720 -1.193193
v -0.940620 -0.959440 -1.014727
v -0.739040 -1.165200 -0.797266
v -0.509060 -1.318094 -0.549166
v -0.259516 -1.412246 -0.279963
v -0.203901 1.833208 -0.329201
v -0.399966 1.739056 -0.645751
v -0.580660 1.586162 -0.937485
v -0.739040 1.380402 -1.193193
v -0.869019 1.129682 -1.403046
v -0.965603 0.843638 -1.558982
v -1.025078 0.533262 -1.655006
v -1.045159 0.210481 -1.687429
v -1.025078 -0.112299 -1.655006
v -0.965603 -0.422676 -1.558982
v -0.869019 -0.708720 -1.403046
v -0.739040 -0.959440 -1.193193
v -0.580660 -1.165200 -0.937485
v -0.399966 -1.318094 -0.645751
v -0.203901 -1.412246 -0.329201
v -0.140449 1.833208 -0.365789
v -0.275501 1.739056 -0.717520
v -0.399965 1.586162 -1.041678
v -0.509060 1.380402 -1.325805
v -0.598590 1.129682 -1.558982
v -0.665119 0.843638 -1.732248
v -0.706086 0.533262 -1.838944
v -0.719918 0.210481 -1.874970
v -0.706086 -0.112299 -1.838944
v -0.665119 -0.422676 -1.732248
v -0.598590 -0.708720 -1.558982
v -0.509060 -0.959440 -1.325805
v -0.399965 -1.165200 -1.041678
v -0.275501 -1.318094 -0.717520
v -0.140449 -1.412246 -0.365789
v -0.071600 1.833208 -0.388319
v -0.140449 1.739056 -0.761716
v -0.203900 1.586162 -1.105839
v -0.259516 1.380402 -1.407467
v -0.305159 1.129682 -1.655006
v -0.339074 0.843638 -1.838944
v -0.359959 0.533262 -1.952213
v -0.367011 0.210481 -1.990458
v -0.359959 -0.112299 -1.952213
v -0.339074 -0.422676 -1.838944
v -0.305159 -0.708720 -1.655006
v -0.259516 -0.959440 -1.407467
v -0.203900 -1.165200 -1.105839
v -0.140449 -1.318094 -0.761716
v -0.071600 -1.412246 -0.388319
v 0.000000 1.833208 -0.395927
v 0.000000 1.739056 -0.776639
v 0.000000 1.380402 -1.435041
v 0.000000 0.843638 -1.874971
v 0.000000 -0.422676 -1.874971
v 0.000000 -0.959440 -1.435041
v 0.000000 -1.165200 -1.127504
v 0.000000 -1.318094 -0.776639
v 0.000000 -1.412246 -0.395927
v 1.090001 0.203161 -0.211147
v 1.090001 -0.014695 -0.487046
v 1.090001 -0.299338 -0.636362
v 1.090001 -0.453385 -0.655576
v 1.090001 -0.607433 -0.636362
v 1.090001 -0.892075 -0.487046
v 1.125032 0.321064 0.153082
v 1.158718 0.276130 -0.030907
v 1.189762 0.203161 -0.200472
v 1.216973 0.104962 -0.349096
v 1.239305 -0.014695 -0.471070
v 1.255899 -0.151210 -0.561704
v 1.266117 -0.299338 -0.617516
v 1.269567 -0.453385 -0.636362
v 1.266117 -0.607433 -0.617516
v 1.255899 -0.755560 -0.561704
v 1.239305 -0.892075 -0.471070
v 1.216973 -1.011732 -0.349096
v 1.189762 -1.109931 -0.200472
v 1.158718 -1.182900 -0.030907
v 1.125032 -1.227834 0.153082
v 1.158718 0.321064 0.164184
v 1.224794 0.276130 -0.009130
v 1.285690 0.203161 -0.168856
v 1.339066 0.104962 -0.308858
v 1.382871 -0.014695 -0.423754
v 1.415421 -0.151210 -0.509130
v 1.435465 -0.299338 -0.561704
v 1.442233 -0.453385 -0.579456
v 1.435465 -0.607433 -0.561704
v 1.415421 -0.755560 -0.509130
v 1.382871 -0.892075 -0.423754
v 1.339066 -1.011732 -0.308858
v 1.285690 -1.109931 -0.168856
v 1.224794 -1.182900 -0.009130
v 1.158718 -1.227834 0.164184
v 1.189762 0.321064 0.182212
v 1.285690 0.276130 0.026234
v 1.374098 0.203161 -0.117516
v 1.451588 0.104962 -0.243514
v 1.515183 -0.014695 -0.346918
v 1.562438 -0.151210 -0.423754
v 1.591537 -0.299338 -0.471070
v 1.601363 -0.453385 -0.487046
v 1.591537 -0.607433 -0.471070
v 1.562438 -0.755560 -0.423754
v 1.515183 -0.892075 -0.346918
v 1.451588 -1.011732 -0.243514
v 1.374098 -1.109931 -0.117516
v 1.285690 -1.182900 0.026234
v 1.189762 -1.227834 0.182212
v 1.216973 0.321064 0.206474
v 1.339066 0.276130 0.073826
v 1.451588 0.203161 -0.048424
v 1.550214 0.104962 -0.155576
v 1.631155 -0.014695 -0.243514
v 1.691299 -0.151210 -0.308858
v 1.728335 -0.299338 -0.349096
v 1.740841 -0.453385 -0.362683
v 1.728335 -0.607433 -0.349096
v 1.691299 -0.755560 -0.308858
v 1.631155 -0.892075 -0.243514
v 1.550214 -1.011732 -0.155576
v 1.451588 -1.109931 -0.048424
v 1.339066 -1.182900 0.073826
v 1.216973 -1.227834 0.206474
v 1.239305 0.321064 0.236037
v 1.382871 0.276130 0.131816
v 1.515183 0.203161 0.035765
v 1.631155 0.104962 -0.048424
v 1.726331 -0.014695 -0.117516
v 1.797053 -0.151210 -0.168856
v 1.840603 -0.299338 -0.200471
v 1.855308 -0.453385 -0.211146
v 1.840603 -0.607433 -0.200471
v 1.797053 -0.755560 -0.168856
v 1.726331 -0.892075 -0.117516
v 1.631155 -1.011732 -0.048424
v 1.515183 -1.109931 0.035765
v 1.382871 -1.182900 0.131816
v 1.239305 -1.227834 0.236037
v 1.090001 0.336236 0.344424
v 1.255899 0.321064 0.269766
v 1.415421 0.276130 0.197977
v 1.562438 0.203161 0.131816
v 1.691299 0.104962 0.073826
v 1.797053 -0.014695 0.026234
v 1.875635 -0.151210 -0.009130
v 1.924025 -0.299338 -0.030907
v 1.940365 -0.453385 -0.038260
v 1.924025 -0.607433 -0.030907
v 1.875635 -0.755560 -0.009130
v 1.797053 -0.892075 0.026234
v 1.691299 -1.011732 0.073826
v 1.562438 -1.109931 0.131816
v 1.415421 -1.182900 0.197977
v 1.255899 -1.227834 0.269766
v 1.266117 0.321064 0.306363
v 1.435465 0.276130 0.269766
v 1.591537 0.203161 0.236037
v 1.728335 0.104962 0.206474
v 1.840603 -0.014695 0.182212
v 1.924025 -0.151210 0.164184
v 1.975396 -0.299338 0.153082
v 1.992742 -0.453385 0.149333
v 1.975396 -0.607433 0.153082
v 1.924025 -0.755560 0.164184
v 1.840603 -0.892075 0.182212
v 1.728335 -1.011732 0.206474
v 1.591537 -1.109931 0.236037
v 1.435465 -1.182900 0.269766
v 1.266117 -1.227834 0.306363
v 1.269567 0.321064 0.344424
v 1.442233 0.276130 0.344424
v 1.601363 0.203161 0.344424
v 1.740841 0.104962 0.344424
v 1.855308 -0.014695 0.344424
v 1.940365 -0.151210 0.344424
v 1.992742 -0.299338 0.344424
v 2.010428 -0.453385 0.344424
v 1.992742 -0.607433 0.344424
v 1.940365 -0.755560 0.344424
v 1.855308 -0.892075 0.344424
v 1.740841 -1.011732 0.344424
v 1.601363 -1.109931 0.344424
v 1.442233 -1.182900 0.344424
v 1.269567 -1.227834 0.344424
v 1.266117 0.321064 0.382484
v 1.435465 0.276130 0.419082
v 1.591537 0.203161 0.452810
v 1.728335 0.104962 0.482373
v 1.840603 -0.014695 0.506635
v 1.924025 -0.151210 0.524664
v 1.975396 -0.299338 0.535765
v 1.992742 -0.453385 0.539514
v 1.975396 -0.607433 0.535765
v 1.924025 -0.755560 0.524664
v 1.840603 -0.892075 0.506635
v 1.728335 -1.011732 0.482373
v 1.591537 -1.109931 0.452810
v 1.435465 -1.182900 0.419082
v 1.266117 -1.227834 0.382484
v 1.255898 0.321064 0.419081
v 1.415421 0.276130 0.490870
v 1.562438 0.203161 0.557031
v 1.691299 0.104962 0.615022
v 1.797053 -0.014695 0.662613
v 1.875635 -0.151210 0.697977
v 1.924025 -0.299338 0.719754
v 1.940365 -0.453385 0.727107
v 1.924025 -0.607433 0.719754
v 1.875635 -0.755560 0.697977
v 1.797053 -0.892075 0.662613
v 1.691299 -1.011732 0.615022
v 1.562438 -1.109931 0.557031
v 1.415421 -1.182900 0.490870
v 1.255898 -1.227834 0.419081
v 1.239305 0.321064 0.452810
v 1.382871 0.276130 0.557031
v 1.515183 0.203161 0.653082
v 1.631155 0.104962 0.737271
v 1.726330 -0.014695 0.806363
v 1.797053 -0.151210 0.857704
v 1.840603 -0.299338 0.889319
v 1.855308 -0.453385 0.899994
v 1.840603 -0.607433 0.889319
v 1.797053 -0.755560 0.857704
v 1.726330 -0.892075 0.806363
v 1.631155 -1.011732 0.737271
v 1.515183 -1.109931 0.653082
v 1.382871 -1.182900 0.557031
v 1.239305 -1.227834 0.452810
v 1.216973 0.321064 0.482373
v 1.339066 0.276130 0.615022
v 1.451588 0.203161 0.737271
v 1.550214 0.104962 0.844424
v 1.631154 -0.014695 0.932361
v 1.691299 -0.151210 0.997705
v 1.728335 -0.299338 1.037944
v 1.740841 -0.453385 1.051530
v 1.728335 -0.607433 1.037944
v 1.691299 -0.755560 0.997705
v 1.631154 -0.892075 0.932361
v 1.550214 -1.011732 0.844424
v 1.451588 -1.109931 0.737271
v 1.339066 -1.182900 0.615022
v 1.216973 -1.227834 0.482373
v 1.189762 0.321064 0.506635
v 1.285690 0.276130 0.662613
v 1.374098 0.203161 0.806363
v 1.451588 0.104962 0.932361
v 1.515182 -0.014695 1.035765
v 1.562438 -0.151210 1.112601
v 1.591537 -0.299338 1.159917
v 1.601362 -0.453385 1.175893
v 1.591537 -0.607433 1.159917
v 1.562438 -0.755560 1.112601
v 1.515182 -0.892075 1.035765
v 1.451588 -1.011732 0.932361
v 1.374098 -1.109931 0.806363
v 1.285690 -1.182900 0.662613
v 1.189762 -1.227834 0.506635
v 1.158718 0.321064 0.524664
v 1.224794 0.276130 0.697977
v 1.285690 0.203161 0.857703
v 1.339066 0.104962 0.997705
v 1.382871 -0.014695 1.112601
v 1.415421 -0.151210 1.197977
v 1.435465 -0.299338 1.250551
v 1.442233 -0.453385 1.268303
v 1.435465 -0.607433 1.250551
v 1.415421 -0.755560 1.197977
v 1.382871 -0.892075 1.112601
v 1.339066 -1.011732 0.997705
v 1.285690 -1.109931 0.857703
v 1.224794 -1.182900 0.697977
v 1.158718 -1.227834 0.524664
v 1.125032 0.321064 0.535765
v 1.158718 0.276130 0.719754
v 1.189762 0.203161 0.889318
v 1.216973 0.104962 1.037944
v 1.239305 -0.014695 1.159916
v 1.255899 -0.151210 1.250551
v 1.266117 -0.299338 1.306363
v 1.269567 -0.453385 1.325209
v 1.266117 -0.607433 1.306363
v 1.255899 -0.755560 1.250551
v 1.239305 -0.892075 1.159916
v 1.216973 -1.011732 1.037944
v 1.189762 -1.109931 0.889318
v 1.158718 -1.182900 0.719754
v 1.125032 -1.227834 0.535765
v 1.090001 0.321064 0.539514
v 1.090001 0.276130 0.727107
v 1.090001 0.203161 0.899994
v 1.090001 0.104962 1.051530
v 1.090001 -0.014695 1.175893
v 1.090001 -0.151210 1.268303
v 1.090000 -0.299338 1.325209
v 1.090000 -0.453385 1.344423
v 1.090000 -0.607433 1.325209
v 1.090001 -0.755560 1.268303
v 1.090001 -0.892075 1.175893
v 1.090001 -1.011732 1.051530
v 1.090001 -1.109931 0.899994
v 1.090001 -1.182900 0.727107
v 1.090001 -1.227834 0.539514
v 1.054969 0.321064 0.535765
v 1.021284 0.276130 0.719754
v 0.990239 0.203161 0.889318
v 0.963028 0.104962 1.037943
v 0.940697 -0.014695 1.159916
v 0.924103 -0.151210 1.250551
v 0.913884 -0.299338 1.306363
v 0.910434 -0.453385 1.325208
v 0.913884 -0.607433 1.306363
v 0.924103 -0.755560 1.250551
v 0.940697 -0.892075 1.159916
v 0.963028 -1.011732 1.037943
v 0.990239 -1.109931 0.889318
v 1.021284 -1.182900 0.719754
v 1.054969 -1.227834 0.535765
v 1.021284 0.321064 0.524663
v 0.955207 0.276130 0.697977
v 0.894311 0.203161 0.857703
v 0.840935 0.104962 0.997705
v 0.797130 -0.014695 1.112601
v 0.764580 -0.151210 1.197977
v 0.744536 -0.299338 1.250551
v 0.737768 -0.453385 1.268302
v 0.744536 -0.607433 1.250551
v 0.764580 -0.755560 1.197977
v 0.797130 -0.892075 1.112601
v 0.840935 -1.011732 0.997705
v 0.894311 -1.109931 0.857703
v 0.955207 -1.182900 0.697977
v 1.021284 -1.227834 0.524663
v 0.990239 0.321064 0.506635
v 0.894311 0.276130 0.662613
v 0.805903 0.203161 0.806363
v 0.728413 0.104962 0.932361
v 0.664819 -0.014695 1.035765
v 0.617564 -0.151210 1.112601
v 0.588464 -0.299338 1.159916
v 0.578639 -0.453385 1.175892
v 0.588464 -0.607433 1.159916
v 0.617564 -0.755560 1.112601
v 0.664819 -0.892075 1.035765
v 0.728413 -1.011732 0.932361
v 0.805903 -1.109931 0.806363
v 0.894311 -1.182900 0.662613
v 0.990239 -1.227834 0.506635
v 0.963028 0.321064 0.482373
v 0.840935 0.276130 0.615022
v 0.728413 0.203161 0.737271
v 0.629787 0.104962 0.844423
v 0.548847 -0.014695 0.932361
v 0.488703 -0.151210 0.997705
v 0.451666 -0.299338 1.037943
v 0.439160 -0.453385 1.051530
v 0.451666 -0.607433 1.037943
v 0.488703 -0.755560 0.997705
v 0.548847 -0.892075 0.932361
v 0.629787 -1.011732 0.844423
v 0.728413 -1.109931 0.737271
v 0.840935 -1.182900 0.615022
v 0.963028 -1.227834 0.482373
v 1.090001 -1.243007 0.344424
v 0.940697 0.321064 0.452810
v 0.797130 0.276130 0.557031
v 0.664819 0.203161 0.653082
v 0.548847 0.104962 0.737271
v 0.453671 -0.014695 0.806363
v 0.382949 -0.151210 0.857703
v 0.339398 -0.299338 0.889318
v 0.324694 -0.453385 0.899993
v 0.339398 -0.607433 0.889318
v 0.382949 -0.755560 0.857703
v 0.453671 -0.892075 0.806363
v 0.548847 -1.011732 0.737271
v 0.664819 -1.109931 0.653082
v 0.797130 -1.182900 0.557031
v 0.940697 -1.227834 0.452810
v 0.924103 0.321064 0.419081
v 0.764580 0.276130 0.490870
v 0.617564 0.203161 0.557031
v 0.488703 0.104962 0.615022
v 0.382949 -0.014695 0.662613
v 0.304367 -0.151210 0.697977
v 0.255976 -0.299338 0.719754
v 0.239637 -0.453385 0.727106
v 0.255976 -0.607433 0.719754
v 0.304367 -0.755560 0.697977
v 0.382949 -0.892075 0.662613
v 0.488703 -1.011732 0.615022
v 0.617564 -1.109931 0.557031
v 0.764580 -1.182900 0.490870
v 0.924103 -1.227834 0.419081
v 0.913884 0.321064 0.382484
v 0.744537 0.276130 0.419081
v 0.588465 0.203161 0.452810
v 0.451666 0.104962 0.482373
v 0.339399 -0.014695 0.506635
v 0.255976 -0.151210 0.524664
v 0.204605 -0.299338 0.535765
v 0.187260 -0.453385 0.539513
v 0.204605 -0.607433 0.535765
v 0.255976 -0.755560 0.524664
v 0.339399 -0.892075 0.506635
v 0.451666 -1.011732 0.482373
v 0.588465 -1.109931 0.452810
v 0.744537 -1.182900 0.419081
v 0.913884 -1.227834 0.382484
v 0.910434 0.321064 0.344424
v 0.737768 0.276130 0.344424
v 0.578639 0.203161 0.344424
v 0.439160 0.104962 0.344424
v 0.324693 -0.014695 0.344424
v 0.239637 -0.151210 0.344424
v 0.187259 -0.299338 0.344423
v 0.169574 -0.453385 0.344423
v 0.187259 -0.607433 0.344423
v 0.239637 -0.755560 0.344424
v 0.324693 -0.892075 0.344424
v 0.439160 -1.011732 0.344424
v 0.578639 -1.109931 0.344424
v 0.737768 -1.182900 0.344424
v 0.910434 -1.227834 0.344424
v 0.913884 0.321064 0.306363
v 0.744537 0.276130 0.269766
v 0.588465 0.203161 0.236037
v 0.451666 0.104962 0.206474
v 0.339399 -0.014695 0.182212
v 0.255976 -0.151210 0.164184
v 0.204605 -0.299338 0.153082
v 0.187260 -0.453385 0.149333
v 0.204605 -0.607433 0.153082
v 0.255976 -0.755560 0.164184
v 0.339399 -0.892075 0.182212
v 0.451666 -1.011732 0.206474
v 0.588465 -1.109931 0.236037
v 0.744537 -1.182900 0.269766
v 0.913884 -1.227834 0.306363
v 0.924103 0.321064 0.269766
v 0.764580 0.276130 0.197977
v 0.617564 0.203161 0.131816
v 0.488703 0.104962 0.073826
v 0.382949 -0.014695 0.026234
v 0.304367 -0.151210 -0.009130
v 0.255976 -0.299338 -0.030907
v 0.239637 -0.453385 -0.038260
v 0.255976 -0.607433 -0.030907
v 0.304367 -0.755560 -0.009130
v 0.382949 -0.892075 0.026234
v 0.488703 -1.011732 0.073826
v 0.617564 -1.109931 0.131816
v 0.764580 -1.182900 0.197977
v 0.924103 -1.227834 0.269766
v 0.940697 0.321064 0.236037
v 0.797130 0.276130 0.131816
v 0.664819 0.203161 0.035765
v 0.548847 0.104962 -0.048424
v 0.453671 -0.014695 -0.117516
v 0.382949 -0.151210 -0.168856
v 0.339399 -0.299338 -0.200471
v 0.324694 -0.453385 -0.211146
v 0.339399 -0.607433 -0.200471
v 0.382949 -0.755560 -0.168856
v 0.453671 -0.892075 -0.117516
v 0.548847 -1.011732 -0.048424
v 0.664819 -1.109931 0.035765
v 0.797130 -1.182900 0.131816
v 0.940697 -1.227834 0.236037
v 0.963028 0.321064 0.206474
v 0.840935 0.276130 0.073826
v 0.728414 0.203161 -0.048424
v 0.629787 0.104962 -0.155576
v 0.548847 -0.014695 -0.243514
v 0.488703 -0.151210 -0.308858
v 0.451666 -0.299338 -0.349096
v 0.439161 -0.453385 -0.362683
v 0.451666 -0.607433 -0.349096
v 0.488703 -0.755560 -0.308858
v 0.548847 -0.892075 -0.243514
v 0.629787 -1.011732 -0.155576
v 0.728414 -1.109931 -0.048424
v 0.840935 -1.182900 0.073826
v 0.963028 -1.227834 0.206474
v 0.990239 0.321064 0.182212
v 0.894311 0.276130 0.026234
v 0.805904 0.203161 -0.117516
v 0.728413 0.104962 -0.243514
v 0.664819 -0.014695 -0.346918
v 0.617564 -0.151210 -0.423754
v 0.588465 -0.299338 -0.471069
v 0.578639 -0.453385 -0.487045
v 0.588465 -0.607433 -0.471069
v 0.617564 -0.755560 -0.423754
v 0.664819 -0.892075 -0.346918
v 0.728413 -1.011732 -0.243514
v 0.805904 -1.109931 -0.117516
v 0.894311 -1.182900 0.026234
v 0.990239 -1.227834 0.182212
v 1.021284 0.321064 0.164184
v 0.955207 0.276130 -0.009130
v 0.894311 0.203161 -0.168856
v 0.840935 0.104962 -0.308858
v 0.797130 -0.014695 -0.423754
v 0.764580 -0.151210 -0.509129
v 0.744537 -0.299338 -0.561703
v 0.737769 -0.453385 -0.579455
v 0.744537 -0.607433 -0.561703
v 0.764580 -0.755560 -0.509129
v 0.797130 -0.892075 -0.423754
v 0.840935 -1.011732 -0.308858
v 0.894311 -1.109931 -0.168856
v 0.955207 -1.182900 -0.009130
v 1.021284 -1.227834 0.164184
v 1.054969 0.321064 0.153082
v 1.021284 0.276130 -0.030906
v 0.990239 0.203161 -0.200471
v 0.963028 0.104962 -0.349096
v 0.940697 -0.014695 -0.471069
v 0.924103 -0.151210 -0.561703
v 0.913885 -0.299338 -0.617516
v 0.910435 -0.453385 -0.636361
v 0.913885 -0.607433 -0.617516
v 0.924103 -0.755560 -0.561703
v 0.940697 -0.892075 -0.471069
v 0.963028 -1.011732 -0.349096
v 0.990239 -1.109931 -0.200471
v 1.021284 -1.182900 -0.030906
v 1.054969 -1.227834 0.153082
v 1.090001 0.321064 0.149333
v 1.090001 0.276130 -0.038260
v 1.090001 0.104962 -0.362683
v 1.090001 -0.151210 -0.579456
v 1.090001 -0.755560 -0.579456
v 1.090001 -1.011732 -0.362683
v 1.090001 -1.109931 -0.211146
v 1.090001 -1.182900 -0.038260
v 1.090001 -1.227834 0.149333
v 1.084996 0.263728 -1.626305
v 1.084996 0.025774 -1.882800
v 1.084996 -0.285126 -2.021615
v 1.084996 -0.453385 -2.039478
v 1.084996 -0.621643 -2.021615
v 1.084996 -0.932544 -1.882800
v 1.119490 0.392507 -1.287694
v 1.152658 0.343428 -1.458742
v 1.183226 0.263728 -1.616381
v 1.210019 0.156469 -1.754553
v 1.232007 0.025774 -1.867948
v 1.248346 -0.123334 -1.952207
v 1.258408 -0.285126 -2.004094
v 1.261805 -0.453385 -2.021615
v 1.258408 -0.621643 -2.004094
v 1.248346 -0.783435 -1.952207
v 1.232007 -0.932544 -1.867948
v 1.210019 -1.063239 -1.754553
v 1.183226 -1.170498 -1.616381
v 1.152658 -1.250198 -1.458742
v 1.119490 -1.299277 -1.287694
v 1.152658 0.392507 -1.277373
v 1.217720 0.343428 -1.438497
v 1.277681 0.263728 -1.586990
v 1.330237 0.156469 -1.717144
v 1.373370 0.025774 -1.823960
v 1.405419 -0.123334 -1.903331
v 1.425156 -0.285126 -1.952207
v 1.431820 -0.453385 -1.968711
v 1.425156 -0.621643 -1.952207
v 1.405419 -0.783435 -1.903331
v 1.373370 -0.932544 -1.823960
v 1.330237 -1.063239 -1.717144
v 1.277681 -1.170498 -1.586990
v 1.217720 -1.250198 -1.438497
v 1.152658 -1.299277 -1.277373
v 1.183226 0.392507 -1.260612
v 1.277681 0.343428 -1.405620
v 1.364731 0.263728 -1.539260
v 1.441031 0.156469 -1.656397
v 1.503649 0.025774 -1.752528
v 1.550179 -0.123334 -1.823960
v 1.578831 -0.285126 -1.867948
v 1.588506 -0.453385 -1.882800
v 1.578831 -0.621643 -1.867948
v 1.550179 -0.783435 -1.823960
v 1.503649 -0.932544 -1.752528
v 1.441031 -1.063239 -1.656397
v 1.364731 -1.170498 -1.539260
v 1.277681 -1.250198 -1.405620
v 1.183226 -1.299277 -1.260612
v 1.210019 0.392507 -1.238057
v 1.330237 0.343428 -1.361376
v 1.441031 0.263728 -1.475027
v 1.538143 0.156469 -1.574644
v 1.617841 0.025774 -1.656396
v 1.677061 -0.123334 -1.717144
v 1.713529 -0.285126 -1.754553
v 1.725843 -0.453385 -1.767184
v 1.713529 -0.621643 -1.754553
v 1.677061 -0.783435 -1.717144
v 1.617841 -0.932544 -1.656396
v 1.538143 -1.063239 -1.574644
v 1.441031 -1.170498 -1.475027
v 1.330237 -1.250198 -1.361376
v 1.210019 -1.299277 -1.238057
v 1.232007 0.392507 -1.210573
v 1.373370 0.343428 -1.307464
v 1.503649 0.263728 -1.396759
v 1.617841 0.156469 -1.475027
v 1.711555 0.025774 -1.539260
v 1.781191 -0.123334 -1.586990
v 1.824073 -0.285126 -1.616381
v 1.838552 -0.453385 -1.626305
v 1.824073 -0.621643 -1.616381
v 1.781191 -0.783435 -1.586990
v 1.711555 -0.932544 -1.539260
v 1.617841 -1.063239 -1.475027
v 1.503649 -1.170498 -1.396759
v 1.373370 -1.250198 -1.307464
v 1.232007 -1.299277 -1.210573
v 1.084996 0.409079 -1.109809
v 1.248346 0.392507 -1.179216
v 1.405419 0.343428 -1.245956
v 1.550179 0.263728 -1.307464
v 1.677061 0.156469 -1.361376
v 1.781191 0.025774 -1.405620
v 1.858567 -0.123334 -1.438497
v 1.906214 -0.285126 -1.458742
v 1.922303 -0.453385 -1.465578
v 1.906214 -0.621643 -1.458742
v 1.858567 -0.783435 -1.438497
v 1.781191 -0.932544 -1.405620
v 1.677061 -1.063239 -1.361376
v 1.550179 -1.170498 -1.307464
v 1.405419 -1.250198 -1.245956
v 1.248346 -1.299277 -1.179216
v 1.258408 0.392507 -1.145193
v 1.425156 0.343428 -1.179216
v 1.578831 0.263728 -1.210573
v 1.713529 0.156469 -1.238057
v 1.824073 0.025774 -1.260612
v 1.906214 -0.123334 -1.277373
v 1.956796 -0.285126 -1.287694
v 1.973876 -0.453385 -1.291178
v 1.956796 -0.621643 -1.287694
v 1.906214 -0.783435 -1.277373
v 1.824073 -0.932544 -1.260612
v 1.713529 -1.063239 -1.238057
v 1.578831 -1.170498 -1.210573
v 1.425156 -1.250198 -1.179216
v 1.258408 -1.299277 -1.145193
v 1.261805 0.392507 -1.109809
v 1.431820 0.343428 -1.109809
v 1.588506 0.263728 -1.109809
v 1.725843 0.156469 -1.109809
v 1.838552 0.025774 -1.109809
v 1.922303 -0.123334 -1.109809
v 1.973876 -0.285126 -1.109809
v 1.991290 -0.453385 -1.109809
v 1.973876 -0.621643 -1.109809
v 1.922303 -0.783435 -1.109809
v 1.838552 -0.932544 -1.109809
v 1.725843 -1.063239 -1.109809
v 1.588506 -1.170498 -1.109809
v 1.431820 -1.250198 -1.109809
v 1.261805 -1.299277 -1.109809
v 1.258408 0.392507 -1.074426
v 1.425156 0.343428 -1.040402
v 1.578831 0.263728 -1.009046
v 1.713529 0.156469 -0.981562
v 1.824073 0.025774 -0.959006
v 1.906214 -0.123334 -0.942246
v 1.956796 -0.285126 -0.931925
v 1.973876 -0.453385 -0.928440
v 1.956796 -0.621643 -0.931925
v 1.906214 -0.783435 -0.942246
v 1.824073 -0.932544 -0.959006
v 1.713529 -1.063239 -0.981562
v 1.578831 -1.170498 -1.009046
v 1.425156 -1.250198 -1.040402
v 1.258408 -1.299277 -1.074426
v 1.248346 0.392507 -1.040402
v 1.405419 0.343428 -0.973663
v 1.550179 0.263728 -0.912155
v 1.677061 0.156469 -0.858243
v 1.781191 0.025774 -0.813999
v 1.858567 -0.123334 -0.781122
v 1.906214 -0.285126 -0.760877
v 1.922302 -0.453385 -0.754041
v 1.906214 -0.621643 -0.760877
v 1.858567 -0.783435 -0.781122
v 1.781191 -0.932544 -0.813999
v 1.677061 -1.063239 -0.858243
v 1.550179 -1.170498 -0.912155
v 1.405419 -1.250198 -0.973663
v 1.248346 -1.299277 -1.040402
v 1.232007 0.392507 -1.009046
v 1.373370 0.343428 -0.912155
v 1.503649 0.263728 -0.822860
v 1.617841 0.156469 -0.744592
v 1.711555 0.025774 -0.680359
v 1.781191 -0.123334 -0.632629
v 1.824073 -0.285126 -0.603238
v 1.838551 -0.453385 -0.593313
v 1.824073 -0.621643 -0.603238
v 1.781191 -0.783435 -0.632629
v 1.711555 -0.932544 -0.680359
v 1.617841 -1.063239 -0.744592
v 1.503649 -1.170498 -0.822860
v 1.373370 -1.250198 -0.912155
v 1.232007 -1.299277 -1.009046
v 1.210019 0.392507 -0.981562
v 1.330237 0.343428 -0.858243
v 1.441031 0.263728 -0.744592
v 1.538143 0.156469 -0.644975
v 1.617840 0.025774 -0.563222
v 1.677061 -0.123334 -0.502475
v 1.713529 -0.285126 -0.465066
v 1.725842 -0.453385 -0.452435
v 1.713529 -0.621643 -0.465066
v 1.677061 -0.783435 -0.502475
v 1.617840 -0.932544 -0.563222
v 1.538143 -1.063239 -0.644975
v 1.441031 -1.170498 -0.744592
v 1.330237 -1.250198 -0.858243
v 1.210019 -1.299277 -0.981562
v 1.183226 0.392507 -0.959006
v 1.277681 0.343428 -0.813999
v 1.364731 0.263728 -0.680359
v 1.441031 0.156469 -0.563222
v 1.503649 0.025774 -0.467091
v 1.550179 -0.123334 -0.395659
v 1.578831 -0.285126 -0.351672
v 1.588506 -0.453385 -0.336819
v 1.578831 -0.621643 -0.351672
v 1.550179 -0.783435 -0.395659
v 1.503649 -0.932544 -0.467091
v 1.441031 -1.063239 -0.563222
v 1.364731 -1.170498 -0.680359
v 1.277681 -1.250198 -0.813999
v 1.183226 -1.299277 -0.959006
v 1.152658 0.392507 -0.942246
v 1.217720 0.343428 -0.781122
v 1.277681 0.263728 -0.632629
v 1.330237 0.156469 -0.502474
v 1.373369 0.025774 -0.395659
v 1.405419 -0.123334 -0.316288
v 1.425155 -0.285126 -0.267412
v 1.431819 -0.453385 -0.250908
v 1.425155 -0.621643 -0.267412
v 1.405419 -0.783435 -0.316288
v 1.373369 -0.932544 -0.395659
v 1.330237 -1.063239 -0.502474
v 1.277681 -1.170498 -0.632629
v 1.217720 -1.250198 -0.781122
v 1.152658 -1.299277 -0.942246
v 1.119490 0.392507 -0.931925
v 1.152658 0.343428 -0.760877
v 1.183226 0.263728 -0.603238
v 1.210019 0.156469 -0.465066
v 1.232007 0.025774 -0.351672
v 1.248346 -0.123334 -0.267412
v 1.258408 -0.285126 -0.215525
v 1.261805 -0.453385 -0.198005
v 1.258408 -0.621643 -0.215525
v 1.248346 -0.783435 -0.267412
v 1.232007 -0.932544 -0.351672
v 1.210019 -1.063239 -0.465066
v 1.183226 -1.170498 -0.603238
v 1.152658 -1.250198 -0.760877
v 1.119490 -1.299277 -0.931925
v 1.084996 0.392507 -0.928440
v 1.084996 0.343428 -0.754041
v 1.084996 0.263728 -0.593314
v 1.084996 0.156469 -0.452435
v 1.084996 0.025774 -0.336819
v 1.084996 -0.123334 -0.250908
v 1.084996 -0.285126 -0.198005
v 1.084996 -0.453385 -0.180142
v 1.084996 -0.621643 -0.198005
v 1.084996 -0.783435 -0.250908
v 1.084996 -0.932544 -0.336819
v 1.084996 -1.063239 -0.452435
v 1.084996 -1.170498 -0.593314
v 1.084996 -1.250198 -0.754041
v 1.084996 -1.299277 -0.928440
v 1.050502 0.392507 -0.931925
v 1.017334 0.343428 -0.760877
v 0.986766 0.263728 -0.603238
v 0.959973 0.156469 -0.465066
v 0.937984 0.025774 -0.351672
v 0.921646 -0.123334 -0.267412
v 0.911584 -0.285126 -0.215525
v 0.908186 -0.453385 -0.198005
v 0.911584 -0.621643 -0.215525
v 0.921646 -0.783435 -0.267412
v 0.937984 -0.932544 -0.351672
v 0.959973 -1.063239 -0.465066
v 0.986766 -1.170498 -0.603238
v 1.017334 -1.250198 -0.760877
v 1.050502 -1.299277 -0.931925
v 1.017334 0.392507 -0.942246
v 0.952272 0.343428 -0.781122
v 0.892311 0.263728 -0.632630
v 0.839754 0.156469 -0.502475
v 0.796622 0.025774 -0.395659
v 0.764573 -0.123334 -0.316288
v 0.744836 -0.285126 -0.267412
v 0.738172 -0.453385 -0.250909
v 0.744836 -0.621643 -0.267412
v 0.764573 -0.783435 -0.316288
v 0.796622 -0.932544 -0.395659
v 0.839754 -1.063239 -0.502475
v 0.892311 -1.170498 -0.632630
v 0.952272 -1.250198 -0.781122
v 1.017334 -1.299277 -0.942246
v 0.986766 0.392507 -0.959006
v 0.892311 0.343428 -0.813999
v 0.805261 0.263728 -0.680359
v 0.728960 0.156469 -0.563222
v 0.666342 0.025774 -0.467091
v 0.619813 -0.123334 -0.395659
v 0.591161 -0.285126 -0.351672
v 0.581486 -0.453385 -0.336819
v 0.591161 -0.621643 -0.351672
v 0.619813 -0.783435 -0.395659
v 0.666342 -0.932544 -0.467091
v 0.728960 -1.063239 -0.563222
v 0.805261 -1.170498 -0.680359
v 0.892311 -1.250198 -0.813999
v 0.986766 -1.299277 -0.959006
v 0.959973 0.392507 -0.981562
v 0.839754 0.343428 -0.858243
v 0.728960 0.263728 -0.744592
v 0.631849 0.156469 -0.644975
v 0.552151 0.025774 -0.563223
v 0.492931 -0.123334 -0.502475
v 0.456463 -0.285126 -0.465066
v 0.444149 -0.453385 -0.452435
v 0.456463 -0.621643 -0.465066
v 0.492931 -0.783435 -0.502475
v 0.552151 -0.932544 -0.563223
v 0.631849 -1.063239 -0.644975
v 0.728960 -1.170498 -0.744592
v 0.839754 -1.250198 -0.858243
v 0.959973 -1.299277 -0.981562
v 1.084996 -1.315849 -1.109809
v 0.937984 0.392507 -1.009046
v 0.796622 0.343428 -0.912155
v 0.666343 0.263728 -0.822860
v 0.552151 0.156469 -0.744592
v 0.458437 0.025774 -0.680359
v 0.388801 -0.123334 -0.632629
v 0.345919 -0.285126 -0.603238
v 0.331440 -0.453385 -0.593314
v 0.345919 -0.621643 -0.603238
v 0.388801 -0.783435 -0.632629
v 0.458437 -0.932544 -0.680359
v 0.552151 -1.063239 -0.744592
v 0.666343 -1.170498 -0.822860
v 0.796622 -1.250198 -0.912155
v 0.937984 -1.299277 -1.009046
v 0.921646 0.392507 -1.040402
v 0.764573 0.343428 -0.973663
v 0.619814 0.263728 -0.912155
v 0.492931 0.156469 -0.858243
v 0.388801 0.025774 -0.813999
v 0.311426 -0.123334 -0.781122
v 0.263778 -0.285126 -0.760877
v 0.247690 -0.453385 -0.754041
v 0.263778 -0.621643 -0.760877
v 0.311426 -0.783435 -0.781122
v 0.388801 -0.932544 -0.813999
v 0.492931 -1.063239 -0.858243
v 0.619814 -1.170498 -0.912155
v 0.764573 -1.250198 -0.973663
v 0.921646 -1.299277 -1.040402
v 0.911584 0.392507 -1.074426
v 0.744836 0.343428 -1.040402
v 0.591161 0.263728 -1.009046
v 0.456463 0.156469 -0.981562
v 0.345920 0.025774 -0.959007
v 0.263778 -0.123334 -0.942246
v 0.213196 -0.285126 -0.931925
v 0.196117 -0.453385 -0.928441
v 0.213196 -0.621643 -0.931925
v 0.263778 -0.783435 -0.942246
v 0.345920 -0.932544 -0.959007
v 0.456463 -1.063239 -0.981562
v 0.591161 -1.170498 -1.009046
v 0.744836 -1.250198 -1.040402
v 0.911584 -1.299277 -1.074426
v 0.908187 0.392507 -1.109809
v 0.738172 0.343428 -1.109809
v 0.581486 0.263728 -1.109810
v 0.444149 0.156469 -1.109809
v 0.331440 0.025774 -1.109810
v 0.247689 -0.123334 -1.109809
v 0.196116 -0.285126 -1.109810
v 0.178703 -0.453385 -1.109810
v 0.196116 -0.621643 -1.109810
v 0.247689 -0.783435 -1.109809
v 0.331440 -0.932544 -1.109810
v 0.444149 -1.063239 -1.109809
v 0.581486 -1.170498 -1.109810
v 0.738172 -1.250198 -1.109809
v 0.908187 -1.299277 -1.109809
v 0.911584 0.392507 -1.145193
v 0.744836 0.343428 -1.179217
v 0.591161 0.263728 -1.210573
v 0.456463 0.156469 -1.238057
v 0.345920 0.025774 -1.260612
v 0.263778 -0.123334 -1.277373
v 0.213196 -0.285126 -1.287694
v 0.196117 -0.453385 -1.291179
v 0.213196 -0.621643 -1.287694
v 0.263778 -0.783435 -1.277373
v 0.345920 -0.932544 -1.260612
v 0.456463 -1.063239 -1.238057
v 0.591161 -1.170498 -1.210573
v 0.744836 -1.250198 -1.179217
v 0.911584 -1.299277 -1.145193
v 0.921646 0.392507 -1.179216
v 0.764573 0.343428 -1.245956
v 0.619814 0.263728 -1.307464
v 0.492931 0.156469 -1.361376
v 0.388801 0.025774 -1.405620
v 0.311426 -0.123334 -1.438497
v 0.263778 -0.285126 -1.458742
v 0.247690 -0.453385 -1.465578
v 0.263778 -0.621643 -1.458742
v 0.311426 -0.783435 -1.438497
v 0.388801 -0.932544 -1.405620
v 0.492931 -1.063239 -1.361376
v 0.619814 -1.170498 -1.307464
v 0.764573 -1.250198 -1.245956
v 0.921646 -1.299277 -1.179216
v 0.937984 0.392507 -1.210573
v 0.796623 0.343428 -1.307464
v 0.666343 0.263728 -1.396759
v 0.552151 0.156469 -1.475027
v 0.458437 0.025774 -1.539260
v 0.388801 -0.123334 -1.586989
v 0.345920 -0.285126 -1.616381
v 0.331441 -0.453385 -1.626305
v 0.345920 -0.621643 -1.616381
v 0.388801 -0.783435 -1.586989
v 0.458437 -0.932544 -1.539260
v 0.552151 -1.063239 -1.475027
v 0.666343 -1.170498 -1.396759
v 0.796623 -1.250198 -1.307464
v 0.937984 -1.299277 -1.210573
v 0.959973 0.392507 -1.238057
v 0.839754 0.343428 -1.361376
v 0.728961 0.263728 -1.475027
v 0.631849 0.156469 -1.574643
v 0.552152 0.025774 -1.656396
v 0.492931 -0.123334 -1.717144
v 0.456463 -0.285126 -1.754553
v 0.444150 -0.453385 -1.767184
v 0.456463 -0.621643 -1.754553
v 0.492931 -0.783435 -1.717144
v 0.552152 -0.932544 -1.656396
v 0.631849 -1.063239 -1.574643
v 0.728961 -1.170498 -1.475027
v 0.839754 -1.250198 -1.361376
v 0.959973 -1.299277 -1.238057
v 0.986766 0.392507 -1.260612
v 0.892311 0.343428 -1.405620
v 0.805261 0.263728 -1.539260
v 0.728960 0.156469 -1.656396
v 0.666343 0.025774 -1.752527
v 0.619814 -0.123334 -1.823960
v 0.591161 -0.285126 -1.867947
v 0.581486 -0.453385 -1.882800
v 0.591161 -0.621643 -1.867947
v 0.619814 -0.783435 -1.823960
v 0.666343 -0.932544 -1.752527
v 0.728960 -1.063239 -1.656396
v 0.805261 -1.170498 -1.539260
v 0.892311 -1.250198 -1.405620
v 0.986766 -1.299277 -1.260612
v 1.017334 0.392507 -1.277372
v 0.952272 0.343428 -1.438497
v 0.892311 0.263728 -1.586989
v 0.839754 0.156469 -1.717144
v 0.796623 0.025774 -1.823959
v 0.764573 -0.123334 -1.903331
v 0.744837 -0.285126 -1.952207
v 0.738173 -0.453385 -1.968710
v 0.744837 -0.621643 -1.952207
v 0.764573 -0.783435 -1.903331
v 0.796623 -0.932544 -1.823959
v 0.839754 -1.063239 -1.717144
v 0.892311 -1.170498 -1.586989
v 0.952272 -1.250198 -1.438497
v 1.017334 -1.299277 -1.277372
v 1.050502 0.392507 -1.287694
v 1.017334 0.343428 -1.458742
v 0.986766 0.263728 -1.616381
v 0.959973 0.156469 -1.754553
v 0.937985 0.025774 -1.867947
v 0.921646 -0.123334 -1.952207
v 0.911584 -0.285126 -2.004094
v 0.908187 -0.453385 -2.021613
v 0.911584 -0.621643 -2.004094
v 0.921646 -0.783435 -1.952207
v 0.937985 -0.932544 -1.867947
v 0.959973 -1.063239 -1.754553
v 0.986766 -1.170498 -1.616381
v 1.017334 -1.250198 -1.458742
v 1.050502 -1.299277 -1.287694
v 1.084996 0.392507 -1.291178
v 1.084996 0.343428 -1.465578
v 1.084996 0.156469 -1.767184
v 1.084996 -0.123334 -1.968710
v 1.084996 -0.783435 -1.968710
v 1.084996 -1.063239 -1.767184
v 1.084996 -1.170498 -1.626305
v 1.084996 -1.250198 -1.465578
v 1.084996 -1.299277 -1.291178
v 2.098887 -0.368967 -1.575587
v 2.046971 -0.345471 -1.559781
v 1.997051 -0.322877 -1.512970
v 1.951045 -0.302055 -1.436954
v 1.910720 -0.283804 -1.334652
v 1.877626 -0.268826 -1.209998
v 1.853035 -0.257697 -1.067780
v 1.837892 -0.250843 -0.913466
v 1.832779 -0.248529 -0.752984
v 1.837892 -0.250843 -0.592502
v 1.853035 -0.257697 -0.438187
v 1.877626 -0.268826 -0.295970
v 1.910720 -0.283804 -0.171315
v 1.951045 -0.302055 -0.069014
v 1.997052 -0.322877 0.007003
v 2.046972 -0.345471 0.053814
v 2.098887 -0.368967 0.069620
v 2.150801 -0.392463 0.053814
v 2.200721 -0.415057 0.007003
v 2.246728 -0.435879 -0.069014
v 2.287053 -0.454130 -0.171315
v 2.320147 -0.469108 -0.295970
v 2.344738 -0.480237 -0.438187
v 2.359881 -0.487091 -0.592502
v 2.364994 -0.489405 -0.752984
v 2.359881 -0.487091 -0.913466
v 2.344738 -0.480237 -1.067780
v 2.320147 -0.469108 -1.209998
v 2.287053 -0.454130 -1.334652
v 2.246728 -0.435879 -1.436954
v 2.200721 -0.415057 -1.512970
v 2.150801 -0.392463 -1.559781
v 1.751291 -1.136978 -0.752984
v 2.180112 -0.189498 -1.357800
v 2.141942 -0.172223 -1.346179
v 2.105239 -0.155611 -1.311761
v 2.071413 -0.140302 -1.255870
v 2.041764 -0.126883 -1.180653
v 2.017432 -0.115870 -1.089002
v 1.999351 -0.107687 -0.984437
v 1.988217 -0.102648 -0.870978
v 1.984458 -0.100946 -0.752984
v 1.988217 -0.102648 -0.634990
v 1.999351 -0.107687 -0.521531
v 2.017432 -0.115870 -0.416966
v 2.041764 -0.126883 -0.325314
v 2.071413 -0.140302 -0.250098
v 2.105239 -0.155611 -0.194207
v 2.141942 -0.172223 -0.159789
v 2.180112 -0.189498 -0.148168
v 2.218283 -0.206774 -0.159789
v 2.254986 -0.223385 -0.194207
v 2.288812 -0.238695 -0.250098
v 2.318461 -0.252114 -0.325314
v 2.342793 -0.263126 -0.416966
v 2.360874 -0.271309 -0.521531
v 2.372008 -0.276348 -0.634990
v 2.375767 -0.278050 -0.752984
v 2.372008 -0.276348 -0.870978
v 2.360874 -0.271309 -0.984437
v 2.342793 -0.263126 -1.089002
v 2.318461 -0.252114 -1.180653
v 2.288812 -0.238695 -1.255870
v 2.254986 -0.223385 -1.311761
v 2.218283 -0.206774 -1.346179
v 2.216264 -0.109620 -0.991561
v 2.201208 -0.102805 -0.986976
v 2.186730 -0.096253 -0.973400
v 2.173387 -0.090214 -0.951353
v 2.161691 -0.084920 -0.921683
v 2.152093 -0.080576 -0.885530
v 2.144961 -0.077348 -0.844283
v 2.140569 -0.075361 -0.799528
v 2.139086 -0.074690 -0.752984
v 2.140569 -0.075361 -0.706440
v 2.144961 -0.077348 -0.661684
v 2.152093 -0.080576 -0.620438
v 2.161691 -0.084920 -0.584285
v 2.173387 -0.090214 -0.554614
v 2.186730 -0.096253 -0.532568
v 2.201208 -0.102805 -0.518991
v 2.216264 -0.109620 -0.514407
v 2.231322 -0.116434 -0.518991
v 2.245800 -0.122987 -0.532568
v 2.259143 -0.129026 -0.554614
v 2.270838 -0.134319 -0.584285
v 2.280436 -0.138663 -0.620438
v 2.287568 -0.141891 -0.661684
v 2.291960 -0.143879 -0.706440
v 2.293443 -0.144550 -0.752984
v 2.291960 -0.143879 -0.799528
v 2.287568 -0.141891 -0.844283
v 2.280436 -0.138663 -0.885530
v 2.270838 -0.134319 -0.921683
v 2.259143 -0.129026 -0.951353
v 2.245800 -0.122987 -0.973400
v 2.231321 -0.116434 -0.986976
v 2.025678 0.606245 0.368878
v 2.053091 0.849911 0.346677
v 2.062133 1.102819 0.343271
v 0.701995 0.087345 -0.768178
v 2.052458 1.355250 0.358789
v 0.701995 -0.188555 -1.044077
v 2.024435 1.597502 0.392635
v 0.701995 -0.549035 -1.193393
v 0.701995 -0.744125 -1.212607
v 0.701995 -0.939215 -1.193393
v 1.979143 1.820268 0.443510
v 0.701995 -1.299695 -1.044077
v 1.918323 2.014986 0.509457
v 1.844310 2.174171 0.587942
v 1.759950 2.291709 0.675949
v 1.668485 2.363082 0.770097
v 1.676671 0.605975 -1.930836
v 1.683241 0.846757 -1.971896
v 0.740056 0.236660 -0.403949
v 0.776653 0.179754 -0.587938
v 0.810382 0.087345 -0.757502
v 0.839945 -0.037018 -0.906127
v 0.864207 -0.188555 -1.028100
v 0.882235 -0.361442 -1.118735
v 0.893337 -0.549035 -1.174547
v 0.897086 -0.744125 -1.193393
v 0.893337 -0.939215 -1.174547
v 0.882235 -1.126809 -1.118735
v 0.864207 -1.299695 -1.028100
v 0.839945 -1.451232 -0.906127
v 0.810382 -1.575595 -0.757502
v 0.776653 -1.668005 -0.587938
v 0.740056 -1.724910 -0.403949
v 1.666336 2.363667 0.745586
v 1.755736 2.292856 0.627869
v 0.776653 0.236660 -0.392847
v 0.848442 0.179754 -0.566161
v 0.914603 0.087345 -0.725887
v 0.972594 -0.037018 -0.865889
v 1.020185 -0.188555 -0.980785
v 1.055549 -0.361442 -1.066161
v 1.077326 -0.549035 -1.118735
v 1.084679 -0.744125 -1.136487
v 1.077326 -0.939215 -1.118735
v 1.055549 -1.126809 -1.066161
v 1.020185 -1.299695 -0.980785
v 0.972594 -1.451232 -0.865889
v 0.914603 -1.575595 -0.725887
v 0.848442 -1.668005 -0.566161
v 0.776653 -1.724910 -0.392847
v 1.838191 2.175837 0.518140
v 1.910535 2.017105 0.420616
v 0.810382 0.236660 -0.374819
v 0.914603 0.179754 -0.530797
v 1.010654 0.087345 -0.674547
v 1.094843 -0.037018 -0.800545
v 1.163935 -0.188555 -0.903949
v 1.215275 -0.361442 -0.980785
v 1.246891 -0.549035 -1.028100
v 1.257566 -0.744125 -1.044077
v 1.246891 -0.939215 -1.028100
v 1.215275 -1.126809 -0.980785
v 1.163935 -1.299695 -0.903949
v 1.094843 -1.451232 -0.800545
v 1.010654 -1.575595 -0.674547
v 0.914603 -1.668005 -0.530797
v 0.810382 -1.724910 -0.374819
v 1.969986 1.822760 0.339045
v 2.014260 1.600272 0.276560
v 0.839945 0.236660 -0.350557
v 0.972594 0.179754 -0.483205
v 1.094843 0.087345 -0.605455
v 1.201995 -0.037018 -0.712607
v 1.289933 -0.188555 -0.800545
v 1.355277 -0.361442 -0.865889
v 1.395515 -0.549035 -0.906127
v 1.409102 -0.744125 -0.919714
v 1.395515 -0.939215 -0.906127
v 1.355277 -1.126809 -0.865889
v 1.289933 -1.299695 -0.800545
v 1.201995 -1.451232 -0.712607
v 1.094843 -1.575595 -0.605455
v 0.972594 -1.668005 -0.483205
v 0.839945 -1.724910 -0.350557
v 2.041656 1.358189 0.235564
v 2.051120 1.105816 0.217632
v 0.864207 0.236660 -0.320994
v 1.020185 0.179754 -0.425215
v 1.163935 0.087345 -0.521265
v 1.289933 -0.037018 -0.605455
v 1.393337 -0.188555 -0.674547
v 1.470173 -0.361442 -0.725887
v 1.517489 -0.549035 -0.757502
v 1.533465 -0.744125 -0.768177
v 1.517489 -0.939215 -0.757502
v 1.470173 -1.126809 -0.725887
v 1.393337 -1.299695 -0.674547
v 1.289933 -1.451232 -0.605455
v 1.163935 -1.575595 -0.521265
v 1.020185 -1.668005 -0.425215
v 0.864207 -1.724910 -0.320994
v 2.042289 0.852851 0.223452
v 0.701995 0.255875 -0.212607
v 0.882235 0.236660 -0.287265
v 1.055549 0.179754 -0.359054
v 1.215275 0.087345 -0.425215
v 1.355277 -0.037018 -0.483205
v 1.470173 -0.188555 -0.530797
v 1.555549 -0.361442 -0.566161
v 1.608123 -0.549035 -0.587937
v 1.625875 -0.744125 -0.595290
v 1.608123 -0.939215 -0.587937
v 1.555549 -1.126809 -0.566161
v 1.470173 -1.299695 -0.530797
v 1.355277 -1.451232 -0.483205
v 1.215275 -1.575595 -0.425215
v 1.055549 -1.668005 -0.359054
v 0.882235 -1.724910 -0.287265
v 2.015503 0.609015 0.252802
v 1.971790 0.383678 0.304554
v 0.893337 0.236660 -0.250667
v 1.077326 0.179754 -0.287265
v 1.246891 0.087345 -0.320994
v 1.395515 -0.037018 -0.350557
v 1.517488 -0.188555 -0.374819
v 1.608123 -0.361442 -0.392847
v 1.663935 -0.549035 -0.403949
v 1.682781 -0.744125 -0.407697
v 1.663935 -0.939215 -0.403949
v 1.608123 -1.126809 -0.392847
v 1.517488 -1.299695 -0.374819
v 1.395515 -1.451232 -0.350557
v 1.246891 -1.575595 -0.320994
v 1.077326 -1.668005 -0.287265
v 0.893337 -1.724910 -0.250667
v 1.912831 0.185500 0.376718
v 1.840891 0.022098 0.466521
v 0.897086 0.236660 -0.212607
v 1.084679 0.179754 -0.212607
v 1.257566 0.087345 -0.212607
v 1.409102 -0.037018 -0.212607
v 1.533465 -0.188555 -0.212607
v 1.625875 -0.361442 -0.212607
v 1.682781 -0.549035 -0.212607
v 1.701995 -0.744125 -0.212607
v 1.682781 -0.939215 -0.212607
v 1.625875 -1.126809 -0.212607
v 1.533465 -1.299695 -0.212607
v 1.409102 -1.451232 -0.212607
v 1.257566 -1.575595 -0.212607
v 1.084679 -1.668005 -0.212607
v 0.897086 -1.724910 -0.212607
v 1.758735 -0.100250 0.570513
v 1.669521 -0.176842 0.684697
v 0.893337 0.236660 -0.174547
v 1.077326 0.179754 -0.137949
v 1.246890 0.087345 -0.104221
v 1.395515 -0.037018 -0.074658
v 1.517488 -0.188555 -0.050395
v 1.608123 -0.361442 -0.032367
v 1.663935 -0.549035 -0.021265
v 1.682780 -0.744125 -0.017517
v 1.663935 -0.939215 -0.021265
v 1.608123 -1.126809 -0.032367
v 1.517488 -1.299695 -0.050395
v 1.395515 -1.451232 -0.074658
v 1.246890 -1.575595 -0.104221
v 1.077326 -1.668005 -0.137949
v 0.893337 -1.724910 -0.174547
v 1.685460 1.097162 -1.985761
v 1.683241 1.347567 -1.971896
v 0.882235 0.236660 -0.137949
v 1.055549 0.179754 -0.066161
v 1.215275 0.087345 0.000000
v 1.355277 -0.037018 0.057991
v 1.470173 -0.188555 0.105582
v 1.555549 -0.361442 0.140946
v 1.608123 -0.549035 0.162723
v 1.625875 -0.744125 0.170076
v 1.608123 -0.939215 0.162723
v 1.555549 -1.126809 0.140946
v 1.470173 -1.299695 0.105582
v 1.355277 -1.451232 0.057991
v 1.215275 -1.575595 0.000000
v 1.055549 -1.668005 -0.066161
v 0.882235 -1.724910 -0.137949
v 1.663803 -0.176373 0.664820
v 1.747520 -0.099330 0.531523
v 0.864207 0.236660 -0.104221
v 1.020185 0.179754 0.000000
v 1.163935 0.087345 0.096051
v 1.289933 -0.037018 0.180240
v 1.393337 -0.188555 0.249333
v 1.470173 -0.361442 0.300673
v 1.517488 -0.549035 0.332288
v 1.533465 -0.744125 0.342963
v 1.517488 -0.939215 0.332288
v 1.470173 -1.126809 0.300673
v 1.393337 -1.299695 0.249333
v 1.289933 -1.451232 0.180240
v 1.163935 -1.575595 0.096051
v 1.020185 -1.668005 0.000000
v 0.864207 -1.724910 -0.104221
v 1.824608 0.023434 0.409916
v 1.892107 0.187201 0.304673
v 0.839945 0.236660 -0.074658
v 0.972593 0.179754 0.057991
v 1.094843 0.087345 0.180240
v 1.201995 -0.037018 0.287393
v 1.289933 -0.188555 0.375330
v 1.355277 -0.361442 0.440674
v 1.395515 -0.549035 0.480913
v 1.409102 -0.744125 0.494499
v 1.395515 -0.939215 0.480913
v 1.355277 -1.126809 0.440674
v 1.289933 -1.299695 0.375330
v 1.201995 -1.451232 0.287393
v 1.094843 -1.575595 0.180240
v 0.972593 -1.668005 0.057991
v 0.839945 -1.724910 -0.074658
v 1.947421 0.385678 0.219839
v 1.988425 0.611237 0.158672
v 0.810382 0.236660 -0.050396
v 0.914603 0.179754 0.105582
v 1.010654 0.087345 0.249332
v 1.094843 -0.037018 0.375331
v 1.163935 -0.188555 0.478734
v 1.215275 -0.361442 0.555570
v 1.246890 -0.549035 0.602886
v 1.257565 -0.744125 0.618862
v 1.246890 -0.939215 0.602886
v 1.215275 -1.126809 0.555570
v 1.163935 -1.299695 0.478734
v 1.094843 -1.451232 0.375331
v 1.010654 -1.575595 0.249332
v 0.914603 -1.668005 0.105582
v 0.810382 -1.724910 -0.050396
v 2.013544 0.855210 0.123524
v 2.021811 1.108222 0.115745
v 0.776653 0.236660 -0.032367
v 0.848442 0.179754 0.140946
v 0.914603 0.087345 0.300673
v 0.972593 -0.037018 0.440674
v 1.020185 -0.188555 0.555570
v 1.055549 -0.361442 0.640946
v 1.077325 -0.549035 0.693520
v 1.084678 -0.744125 0.711272
v 1.077325 -0.939215 0.693520
v 1.055549 -1.126809 0.640946
v 1.020185 -1.299695 0.555570
v 0.972593 -1.451232 0.440674
v 0.914603 -1.575595 0.300673
v 0.848442 -1.668005 0.140946
v 0.776653 -1.724910 -0.032367
v 2.012910 1.360548 0.135635
v 1.987183 1.602494 0.182429
v 0.740056 0.236660 -0.021266
v 0.776653 0.179754 0.162723
v 0.810382 0.087345 0.332288
v 0.839945 -0.037018 0.480913
v 0.864207 -0.188555 0.602886
v 0.882235 -0.361442 0.693520
v 0.893337 -0.549035 0.749332
v 0.897085 -0.744125 0.768178
v 0.893337 -0.939215 0.749332
v 0.882235 -1.126809 0.693520
v 0.864207 -1.299695 0.602886
v 0.839945 -1.451232 0.480913
v 0.810382 -1.575595 0.332288
v 0.776653 -1.668005 0.162723
v 0.740056 -1.724910 -0.021266
v 1.945617 1.824760 0.254329
v 1.889811 2.018806 0.348572
v 0.701995 0.236660 -0.017517
v 0.701995 0.179754 0.170076
v 0.701995 0.087345 0.342963
v 0.701995 -0.037018 0.494499
v 0.701995 -0.188555 0.618862
v 0.701996 -0.361442 0.711272
v 0.701995 -0.549035 0.768178
v 0.701995 -0.744125 0.787392
v 0.701995 -0.939215 0.768178
v 0.701996 -1.126809 0.711272
v 0.701995 -1.299695 0.618862
v 0.701995 -1.451232 0.494499
v 0.701995 -1.575595 0.342963
v 0.701995 -1.668005 0.170076
v 0.701995 -1.724910 -0.017517
v 1.821909 2.177173 0.461536
v 1.744520 2.293777 0.588879
v 0.663935 0.236660 -0.021266
v 0.627338 0.179754 0.162723
v 0.593609 0.087345 0.332288
v 0.564046 -0.037018 0.480913
v 0.539784 -0.188555 0.602886
v 0.521756 -0.361442 0.693520
v 0.510654 -0.549035 0.749332
v 0.506905 -0.744125 0.768177
v 0.510654 -0.939215 0.749332
v 0.521756 -1.126809 0.693520
v 0.539784 -1.299695 0.602886
v 0.564046 -1.451232 0.480913
v 0.593609 -1.575595 0.332288
v 0.627338 -1.668005 0.162723
v 0.663935 -1.724910 -0.021266
v 1.660618 2.364136 0.725709
v 1.676671 1.588349 -1.930836
v 0.627338 0.236660 -0.032367
v 0.555549 0.179754 0.140946
v 0.489388 0.087345 0.300672
v 0.431398 -0.037018 0.440674
v 0.383806 -0.188555 0.555570
v 0.348442 -0.361442 0.640946
v 0.326665 -0.549035 0.693520
v 0.319312 -0.744125 0.711272
v 0.326665 -0.939215 0.693520
v 0.348442 -1.126809 0.640946
v 0.383806 -1.299695 0.555570
v 0.431398 -1.451232 0.440674
v 0.489388 -1.575595 0.300672
v 0.555549 -1.668005 0.140946
v 0.627338 -1.724910 -0.032367
v 1.666001 1.810255 -1.864156
v 1.651551 2.364472 0.711230
v 0.593609 0.236660 -0.050396
v 0.489388 0.179754 0.105582
v 0.393337 0.087345 0.249332
v 0.309148 -0.037018 0.375330
v 0.240056 -0.188555 0.478734
v 0.188716 -0.361442 0.555570
v 0.157100 -0.549035 0.602886
v 0.146425 -0.744125 0.618862
v 0.157100 -0.939215 0.602886
v 0.188716 -1.126809 0.555570
v 0.240056 -1.299695 0.478734
v 0.309148 -1.451232 0.375330
v 0.393337 -1.575595 0.249332
v 0.489388 -1.668005 0.105582
v 0.593609 -1.724910 -0.050396
v 1.726734 2.294435 0.560477
v 1.796087 2.178129 0.420302
v 0.564046 0.236660 -0.074658
v 0.431398 0.179754 0.057991
v 0.309148 0.087345 0.180240
v 0.201996 -0.037018 0.287393
v 0.114058 -0.188555 0.375330
v 0.048714 -0.361442 0.440674
v 0.008476 -0.549035 0.480912
v -0.005111 -0.744125 0.494499
v 0.008476 -0.939215 0.480912
v 0.048714 -1.126809 0.440674
v 0.114058 -1.299695 0.375330
v 0.201996 -1.451232 0.287393
v 0.309148 -1.575595 0.180240
v 0.431398 -1.668005 0.057991
v 0.564046 -1.724910 -0.074658
v 0.701995 -1.744125 -0.212607
v 1.856947 2.020022 0.296092
v 0.539784 0.236660 -0.104221
v 0.383806 0.179754 0.000000
v 0.240056 0.087345 0.096051
v 0.114058 -0.037018 0.180240
v 0.010654 -0.188555 0.249332
v -0.066182 -0.361442 0.300673
v -0.113497 -0.549035 0.332288
v -0.129474 -0.744125 0.342962
v -0.113497 -0.939215 0.332288
v -0.066182 -1.126809 0.300673
v 0.010654 -1.299695 0.249332
v 0.114058 -1.451232 0.180240
v 0.240056 -1.575595 0.096051
v 0.383806 -1.668005 0.000000
v 0.539784 -1.724910 -0.104221
v 1.906973 1.826191 0.192620
v 1.944244 1.604083 0.113861
v 0.521756 0.236660 -0.137949
v 0.348442 0.179754 -0.066161
v 0.188716 0.087345 0.000000
v 0.048714 -0.037018 0.057991
v -0.066182 -0.188555 0.105582
v -0.151558 -0.361442 0.140946
v -0.204132 -0.549035 0.162723
v -0.221883 -0.744125 0.170075
v -0.204132 -0.939215 0.162723
v -0.151558 -1.126809 0.140946
v -0.066182 -1.299695 0.105582
v 0.048714 -1.451232 0.057991
v 0.188716 -1.575595 0.000000
v 0.348442 -1.668005 -0.066161
v 0.521756 -1.724910 -0.137949
v 1.967327 1.362236 0.062844
v 1.975335 1.109942 0.041528
v 0.510654 0.236660 -0.174547
v 0.326665 0.179754 -0.137949
v 0.157101 0.087345 -0.104221
v 0.008476 -0.037018 -0.074658
v -0.113497 -0.188555 -0.050396
v -0.204132 -0.361442 -0.032367
v -0.259944 -0.549035 -0.021266
v -0.278789 -0.744125 -0.017518
v -0.259944 -0.939215 -0.021266
v -0.204132 -1.126809 -0.032367
v -0.113497 -1.299695 -0.050396
v 0.008476 -1.451232 -0.074658
v 0.157101 -1.575595 -0.104221
v 0.326665 -1.668005 -0.137949
v 0.510654 -1.724910 -0.174547
v 1.967960 0.856897 0.050732
v 1.945486 0.612826 0.090104
v 0.506905 0.236660 -0.212607
v 0.319312 0.179754 -0.212607
v 0.146426 0.087345 -0.212607
v -0.005111 -0.037018 -0.212607
v -0.129474 -0.188555 -0.212607
v -0.221884 -0.361442 -0.212607
v -0.278789 -0.549035 -0.212608
v -0.298003 -0.744125 -0.212608
v -0.278789 -0.939215 -0.212608
v -0.221884 -1.126809 -0.212607
v -0.129474 -1.299695 -0.212607
v -0.005111 -1.451232 -0.212607
v 0.146426 -1.575595 -0.212607
v 0.319312 -1.668005 -0.212607
v 0.506905 -1.724910 -0.212607
v 1.908777 0.387108 0.158129
v 1.859243 0.188417 0.252194
v 0.510654 0.236660 -0.250667
v 0.326665 0.179754 -0.287265
v 0.157101 0.087345 -0.320994
v 0.008476 -0.037018 -0.350557
v -0.113497 -0.188555 -0.374819
v -0.204131 -0.361442 -0.392847
v -0.259944 -0.549035 -0.403949
v -0.278789 -0.744125 -0.407698
v -0.259944 -0.939215 -0.403949
v -0.204131 -1.126809 -0.392847
v -0.113497 -1.299695 -0.374819
v 0.008476 -1.451232 -0.350557
v 0.157101 -1.575595 -0.320994
v 0.326665 -1.668005 -0.287265
v 0.510654 -1.724910 -0.250667
v 1.798787 0.024390 0.368683
v 1.729734 -0.098672 0.503121
v 0.521756 0.236660 -0.287265
v 0.348442 0.179754 -0.359054
v 0.188716 0.087345 -0.425215
v 0.048714 -0.037018 -0.483205
v -0.066182 -0.188555 -0.530797
v -0.151557 -0.361442 -0.566160
v -0.204131 -0.549035 -0.587938
v -0.221883 -0.744125 -0.595291
v -0.204131 -0.939215 -0.587938
v -0.151557 -1.126809 -0.566160
v -0.066182 -1.299695 -0.530797
v 0.048714 -1.451232 -0.483205
v 0.188716 -1.575595 -0.425215
v 0.348442 -1.668005 -0.359054
v 0.521756 -1.724910 -0.287265
v 1.654736 -0.176038 0.650341
v 1.651641 2.004757 -1.774421
v 0.539784 0.236660 -0.320994
v 0.383806 0.179754 -0.425215
v 0.240056 0.087345 -0.521265
v 0.114058 -0.037018 -0.605455
v 0.010654 -0.188555 -0.674547
v -0.066182 -0.361442 -0.725887
v -0.113497 -0.549035 -0.757502
v -0.129473 -0.744125 -0.768177
v -0.113497 -0.939215 -0.757502
v -0.066182 -1.126809 -0.725887
v 0.010654 -1.299695 -0.674547
v 0.114058 -1.451232 -0.605455
v 0.240056 -1.575595 -0.521265
v 0.383806 -1.668005 -0.425215
v 0.539784 -1.724910 -0.320994
v 1.634144 2.164381 -1.665078
v 1.614182 2.282993 -1.540330
v 0.564046 0.236660 -0.350557
v 0.431398 0.179754 -0.483205
v 0.309149 0.087345 -0.605454
v 0.201996 -0.037018 -0.712607
v 0.114058 -0.188555 -0.800545
v 0.048714 -0.361442 -0.865888
v 0.008476 -0.549035 -0.906127
v -0.005110 -0.744125 -0.919714
v 0.008476 -0.939215 -0.906127
v 0.048714 -1.126809 -0.865888
v 0.114058 -1.299695 -0.800545
v 0.201996 -1.451232 -0.712607
v 0.309149 -1.575595 -0.605454
v 0.431398 -1.668005 -0.483205
v 0.564046 -1.724910 -0.350557
v 1.592522 2.356033 -1.404970
v 1.764420 0.024929 0.344407
v 0.593609 0.236660 -0.374819
v 0.489388 0.179754 -0.530797
v 0.393338 0.087345 -0.674547
v 0.309148 -0.037018 -0.800545
v 0.240056 -0.188555 -0.903949
v 0.188716 -0.361442 -0.980785
v 0.157101 -0.549035 -1.028100
v 0.146426 -0.744125 -1.044076
v 0.157101 -0.939215 -1.028100
v 0.188716 -1.126809 -0.980785
v 0.240056 -1.299695 -0.903949
v 0.309148 -1.451232 -0.800545
v 0.393338 -1.575595 -0.674547
v 0.489388 -1.668005 -0.530797
v 0.593609 -1.724910 -0.374819
v 1.857342 0.387914 0.121796
v 0.627338 0.236660 -0.392847
v 0.555549 0.179754 -0.566160
v 0.489388 0.087345 -0.725887
v 0.431398 -0.037018 -0.865889
v 0.383806 -0.188555 -0.980785
v 0.348442 -0.361442 -1.066160
v 0.326666 -0.549035 -1.118734
v 0.319313 -0.744125 -1.136486
v 0.326666 -0.939215 -1.118734
v 0.348442 -1.126809 -1.066160
v 0.383806 -1.299695 -0.980785
v 0.431398 -1.451232 -0.865889
v 0.489388 -1.575595 -0.725887
v 0.555549 -1.668005 -0.566160
v 0.627338 -1.724910 -0.392847
v 1.907289 0.857848 0.007875
v 0.663935 0.236660 -0.403949
v 0.627338 0.179754 -0.587937
v 0.593609 0.087345 -0.757502
v 0.564046 -0.037018 -0.906127
v 0.539784 -0.188555 -1.028100
v 0.521756 -0.361442 -1.118734
v 0.510654 -0.549035 -1.174546
v 0.506906 -0.744125 -1.193391
v 0.510654 -0.939215 -1.174546
v 0.521756 -1.126809 -1.118734
v 0.539784 -1.299695 -1.028100
v 0.564046 -1.451232 -0.906127
v 0.593609 -1.575595 -0.757502
v 0.627338 -1.668005 -0.587937
v 0.663935 -1.724910 -0.403949
v 1.570796 2.356033 -1.420157
v 1.906655 1.363187 0.019986
v 0.701995 0.236660 -0.407697
v 0.701996 0.179754 -0.595290
v 1.887093 1.604979 0.073490
v 0.701996 -0.037018 -0.919714
v 1.855538 1.826997 0.156287
v 0.701996 -0.361442 -1.136486
v 1.571566 2.282993 -1.570120
v 1.572274 2.164381 -1.708327
v 1.703061 2.294806 0.543755
v 0.701996 -1.126809 -1.136486
v 1.639483 2.364661 0.702705
v 0.701996 -1.451232 -0.919714
v 0.701996 -1.575595 -0.768177
v 0.701996 -1.668005 -0.595290
v 0.701995 -1.724910 -0.407697
v 1.572896 2.004757 -1.829467
v 1.980947 0.381186 0.409019
v 1.920619 0.183381 0.465558
v 1.847010 0.020432 0.536323
v 1.762950 -0.101398 0.618593
v 1.671669 -0.177427 0.709208
v 1.576676 -0.204735 0.804685
v 2.018559 0.603035 0.502437
v 2.045534 0.846503 0.488464
v 2.054428 1.099344 0.487835
v 2.044901 1.351842 0.500575
v 2.017317 1.594292 0.526195
v 1.972737 1.817379 0.563710
v 1.912874 2.012529 0.611679
v 1.840030 2.172241 0.668257
v 1.757002 2.290380 0.731272
v 1.666982 2.362404 0.798300
v 1.573406 1.810255 -1.928884
v 1.974541 0.378297 0.529220
v 1.915170 0.180924 0.567780
v 1.842729 0.018502 0.616638
v 1.760001 -0.102727 0.673916
v 1.670166 -0.178105 0.737411
v 1.573785 1.588349 -2.002757
v 1.994421 0.599508 0.648349
v 2.019909 0.842759 0.643362
v 2.028301 1.095526 0.645768
v 2.019276 1.348097 0.655474
v 1.993178 1.590765 0.672106
v 1.951013 1.814205 0.695027
v 1.894400 2.009829 0.723354
v 1.825514 2.170120 0.756000
v 1.747003 2.288919 0.791710
v 1.661885 2.361659 0.829111
v 1.574018 1.347567 -2.048248
v 1.952817 0.375122 0.660536
v 1.896696 0.178224 0.679456
v 1.828214 0.016381 0.704381
v 1.750003 -0.104188 0.734354
v 1.665069 -0.178850 0.768222
v 1.574097 1.097162 -2.063608
v 1.954191 0.595799 0.801004
v 1.977201 0.838821 0.805420
v 1.984756 1.091512 0.811001
v 1.976567 1.344160 0.817532
v 1.952948 1.587056 0.824762
v 1.914807 1.810867 0.832413
v 1.863609 2.006990 0.840192
v 1.801322 2.167890 0.847799
v 1.730339 2.287382 0.854942
v 1.653389 2.360876 0.861347
v 1.574018 0.846757 -2.048248
v 1.916611 0.371784 0.797923
v 1.865905 0.175385 0.796293
v 1.804021 0.014151 0.796180
v 1.733339 -0.105725 0.797586
v 1.656574 -0.179633 0.800458
v 1.573785 0.605975 -2.002757
v 1.899414 0.592050 0.954538
v 1.919050 0.834842 0.968410
v 1.925466 1.087455 0.977184
v 1.918416 1.340180 0.980522
v 1.898171 1.583308 0.978295
v 1.865509 1.807493 0.970590
v 1.821684 2.004121 0.957701
v 1.768382 2.165636 0.940125
v 1.707650 2.285830 0.918537
v 1.641822 2.360085 0.893767
v 1.573406 0.384069 -1.928884
v 1.867313 0.368410 0.936099
v 1.823981 0.172516 0.913803
v 1.771082 0.011896 0.888506
v 1.710650 -0.107277 0.861181
v 1.645007 -0.180425 0.832878
v 1.572896 0.189567 -1.829467
v 1.832196 0.588407 1.103049
v 1.847692 0.830974 1.126069
v 1.852710 1.083511 1.137931
v 1.847058 1.336312 1.138180
v 1.830954 1.579664 1.126806
v 1.805014 1.804214 1.104246
v 1.770238 2.001333 1.071367
v 1.727961 2.163444 1.029432
v 1.679807 2.284320 0.980053
v 1.627628 2.359315 0.925128
v 1.572274 0.029943 -1.708327
v 1.806818 0.365131 1.069755
v 1.772534 0.169728 1.027468
v 1.730661 0.009705 0.977813
v 1.682807 -0.108787 0.922697
v 1.630813 -0.181194 0.864239
v 1.571566 -0.088668 -1.570120
v 1.755120 0.585008 1.240830
v 1.765869 0.827365 1.272337
v 1.769284 1.079832 1.287065
v 1.765235 1.332704 1.284448
v 1.753878 1.576265 1.264588
v 1.735648 1.801155 1.228246
v 1.711247 1.998731 1.176820
v 1.681612 2.161401 1.112286
v 1.647882 2.282912 1.037124
v 1.611353 2.358598 0.954222
v 1.570796 -0.161709 -1.420157
v 1.737452 0.362072 1.193755
v 1.713543 0.167126 1.132921
v 1.684311 0.007661 1.060667
v 1.650881 -0.110194 0.979768
v 1.614537 -0.181912 0.893333
v 1.671148 0.581984 1.362587
v 1.676725 0.824156 1.401593
v 1.678393 1.076559 1.418854
v 1.676091 1.329494 1.413705
v 1.669906 1.573242 1.386344
v 1.660075 1.798434 1.337824
v 1.646978 1.996417 1.270009
v 1.631116 2.159582 1.185504
v 1.613099 2.281660 1.087557
v 1.593621 2.357959 0.979933
v 1.661879 0.359351 1.303334
v 1.649274 0.164812 1.226110
v 1.633815 0.005843 1.133885
v 1.616099 -0.111447 1.030201
v 1.596805 -0.182550 0.919044
v 1.549040 -0.161709 -1.429351
v 1.583507 0.579453 1.463640
v 1.583685 0.821468 1.508871
v 1.583531 1.073819 1.528233
v 1.583052 1.326807 1.520983
v 1.582265 1.570710 1.487398
v 1.581200 1.796156 1.428770
v 1.579900 1.994479 1.347352
v 1.578413 2.158060 1.246272
v 1.576797 2.280612 1.129415
v 1.575114 2.357424 1.001271
v 1.528888 -0.088668 -1.588155
v 1.583004 0.357073 1.394279
v 1.582196 0.162874 1.303453
v 1.581113 0.004321 1.194653
v 1.579797 -0.112495 1.072059
v 1.578299 -0.183085 0.940383
v 1.510317 0.029943 -1.734509
v 1.495565 0.577510 1.540107
v 1.490327 0.819405 1.590047
v 1.488344 1.071716 1.611000
v 1.489693 1.324744 1.602159
v 1.494323 1.568767 1.563865
v 1.502055 1.794407 1.497588
v 1.512592 1.992992 1.405877
v 1.525530 2.156892 1.292254
v 1.540370 2.279807 1.161088
v 1.556544 2.357014 1.017419
v 1.494039 0.189567 -1.862790
v 1.503859 0.355324 1.463097
v 1.514888 0.161387 1.361978
v 1.528229 0.003152 1.240636
v 1.543370 -0.113300 1.103732
v 1.559729 -0.183495 0.956530
v 1.480680 0.384069 -1.968068
v 1.410702 0.576230 1.589048
v 1.400236 0.818047 1.642003
v 1.396488 1.070331 1.663973
v 1.399603 1.323386 1.654115
v 1.409459 1.567488 1.612806
v 1.425680 1.793256 1.541634
v 1.447641 1.992013 1.443334
v 1.474498 2.156122 1.321685
v 1.505219 2.279277 1.181360
v 1.538624 2.356744 1.027753
v 1.470754 0.605975 -2.046296
v 1.427484 0.354173 1.507143
v 1.449937 0.160408 1.399436
v 1.477197 0.002383 1.270066
v 1.508219 -0.113830 1.124004
v 1.541808 -0.183765 0.966864
v 1.464641 0.846757 -2.094469
v 1.332178 0.575664 1.608583
v 1.316876 0.817446 1.662741
v 1.311495 1.069718 1.685117
v 1.316242 1.322784 1.674853
v 1.330936 1.566921 1.632341
v 1.355010 1.792746 1.559215
v 1.387541 1.991579 1.458286
v 1.427278 2.155782 1.333432
v 1.472693 2.279042 1.189452
v 1.522042 2.356624 1.031878
v 1.462577 1.097162 -2.110735
v 1.356814 0.353663 1.524724
v 1.389837 0.159975 1.414387
v 1.429978 0.002042 1.281813
v 1.475693 -0.114065 1.132096
v 1.525227 -0.183885 0.970989
v 1.464641 1.347567 -2.094469
v 1.263012 0.575832 1.597961
v 1.243449 0.817624 1.651465
v 1.236630 1.069899 1.673620
v 1.242816 1.322963 1.663576
v 1.261769 1.567089 1.621718
v 1.292762 1.792897 1.549655
v 1.334603 1.991708 1.450156
v 1.385685 2.155882 1.327044
v 1.444044 2.279112 1.185052
v 1.507437 2.356660 1.029635
v 1.470754 1.588349 -2.046296
v 1.294566 0.353814 1.515164
v 1.336899 0.160103 1.406258
v 1.388385 0.002143 1.275425
v 1.447044 -0.113995 1.127696
v 1.510622 -0.183850 0.968746
v 1.480680 1.810255 -1.968068
v 1.205861 0.576728 1.557590
v 1.182778 0.818575 1.608607
v 1.174770 1.070869 1.629923
v 1.182145 1.323914 1.620719
v 1.204619 1.567985 1.581347
v 1.241328 1.793703 1.513322
v 1.290862 1.992394 1.419258
v 1.351318 2.156421 1.302768
v 1.420371 2.279483 1.168330
v 1.495369 2.356849 1.021110
v 1.494039 2.004757 -1.862790
v 1.243132 0.354620 1.478832
v 1.293158 0.160789 1.375359
v 1.354017 0.002682 1.251149
v 1.423371 -0.113624 1.110974
v 1.498554 -0.183660 0.960222
v 1.510317 2.164381 -1.734509
v 1.162922 0.578317 1.489021
v 1.137194 0.820263 1.535815
v 1.128293 1.072590 1.555705
v 1.136561 1.325601 1.547927
v 1.161679 1.569574 1.512779
v 1.202684 1.795133 1.451612
v 1.257998 1.993610 1.366778
v 1.325496 2.157377 1.261534
v 1.402585 2.280141 1.139928
v 1.486302 2.357185 1.006631
v 1.528888 2.282993 -1.588155
v 1.204488 0.356051 1.417122
v 1.260294 0.162005 1.322879
v 1.328196 0.003638 1.209915
v 1.405585 -0.112966 1.082572
v 1.489486 -0.183325 0.945742
v 1.549040 2.356033 -1.429351
v 1.135844 0.580539 1.394891
v 1.108449 0.822622 1.435887
v 1.098985 1.074995 1.453819
v 1.107816 1.327960 1.447999
v 1.134602 1.571796 1.418649
v 1.178315 1.797133 1.366897
v 1.237274 1.995311 1.294733
v 1.309213 2.158714 1.204930
v 1.391369 2.281061 1.100938
v 1.480584 2.357654 0.986754
v 1.180118 0.358051 1.332406
v 1.239570 0.163706 1.250835
v 1.311913 0.004974 1.153311
v 1.394369 -0.112045 1.043582
v 1.483768 -0.182855 0.925865
v 1.125669 0.583308 1.278816
v 1.097647 0.825561 1.312662
v 1.087972 1.077992 1.328180
v 1.097014 1.330900 1.324774
v 1.124427 1.574566 1.302573
v 1.169157 1.799626 1.262432
v 1.229486 1.997431 1.205893
v 1.303095 2.160379 1.135128
v 1.387155 2.282209 1.052858
v 1.478435 2.358238 0.962243
v 1.573429 2.385545 0.866767
v 1.170961 0.360543 1.227941
v 1.231782 0.165826 1.161995
v 1.305795 0.006639 1.083509
v 1.390154 -0.110898 0.995502
v 1.481620 -0.182271 0.901354
v 1.528088 2.356033 -1.432198
v 1.132788 0.586518 1.145256
v 1.105204 0.828969 1.170876
v 1.095676 1.081467 1.183616
v 1.104571 1.334308 1.182988
v 1.131545 1.577776 1.169014
v 1.175564 1.802515 1.142232
v 1.234934 1.999887 1.103671
v 1.307375 2.162309 1.054813
v 1.390103 2.283538 0.997536
v 1.479938 2.358917 0.934040
v 1.487791 2.282993 -1.593740
v 1.177368 0.363432 1.107741
v 1.237230 0.168282 1.059772
v 1.310075 0.008570 1.003194
v 1.393103 -0.109569 0.940180
v 1.483123 -0.181593 0.873151
v 1.450653 2.164381 -1.742618
v 1.156926 0.590046 0.999345
v 1.130829 0.832714 1.015977
v 1.121804 1.085285 1.025683
v 1.130196 1.338052 1.028089
v 1.155683 1.581303 1.023103
v 1.197288 1.805689 1.010915
v 1.253409 2.002587 0.991995
v 1.321891 2.164430 0.967070
v 1.400101 2.284999 0.937097
v 1.485035 2.359661 0.903229
v 1.418101 2.004757 -1.873110
v 1.199092 0.366606 0.976424
v 1.255705 0.170982 0.948097
v 1.324591 0.010691 0.915451
v 1.403101 -0.108108 0.879741
v 1.488220 -0.180848 0.842340
v 1.391387 1.810255 -1.980203
v 1.197157 0.593755 0.846689
v 1.173537 0.836651 0.853919
v 1.165349 1.089299 0.860450
v 1.172904 1.341990 0.866031
v 1.195914 1.585012 0.870447
v 1.233494 1.809027 0.873529
v 1.284200 2.005426 0.875158
v 1.346083 2.166661 0.875271
v 1.416765 2.286536 0.873865
v 1.493531 2.360444 0.870994
v 1.371536 1.588349 -2.059779
v 1.235298 0.369944 0.839038
v 1.286496 0.173821 0.831259
v 1.348783 0.012921 0.823652
v 1.419765 -0.106571 0.816509
v 1.496715 -0.180065 0.810105
v 1.359312 1.347567 -2.108783
v 1.251933 0.597503 0.693156
v 1.231688 0.840631 0.690929
v 1.224639 1.093357 0.694267
v 1.231055 1.345969 0.703041
v 1.250691 1.588761 0.716914
v 1.282792 1.812401 0.735352
v 1.326124 2.008295 0.757648
v 1.379023 2.168915 0.782945
v 1.439455 2.288088 0.810270
v 1.505098 2.361236 0.838573
v 1.355184 1.097162 -2.125329
v 1.284596 0.373318 0.700861
v 1.328420 0.176690 0.713750
v 1.381723 0.015175 0.731326
v 1.442455 -0.105019 0.752914
v 1.508282 -0.179273 0.777684
v 1.359312 0.846757 -2.108783
v 1.319151 0.601147 0.544645
v 1.303046 0.844499 0.533271
v 1.297395 1.097301 0.533520
v 1.302413 1.349837 0.545382
v 1.317909 1.592404 0.568403
v 1.343286 1.815680 0.601696
v 1.377570 2.011083 0.643983
v 1.419444 2.171106 0.693639
v 1.467297 2.289598 0.748755
v 1.519292 2.362005 0.807213
v 1.371536 0.605975 -2.059779
v 1.345090 0.376597 0.567205
v 1.379866 0.179479 0.600085
v 1.422144 0.017367 0.642020
v 1.470297 -0.103509 0.691398
v 1.522476 -0.178504 0.746324
v 1.391387 0.384069 -1.980203
v 1.396227 0.604546 0.406864
v 1.384869 0.848107 0.387003
v 1.380821 1.100979 0.384386
v 1.384236 1.353446 0.399114
v 1.394984 1.595803 0.430621
v 1.412653 1.818739 0.477696
v 1.436562 2.013685 0.538530
v 1.465793 2.173150 0.610785
v 1.499223 2.291005 0.691684
v 1.535567 2.362723 0.778118
v 1.418101 0.189567 -1.873110
v 1.414457 0.379656 0.443205
v 1.438858 0.182080 0.494631
v 1.468493 0.019410 0.559166
v 1.502223 -0.102101 0.634328
v 1.538752 -0.177786 0.717229
v 1.450653 0.029943 -1.742618
v 1.480199 0.607569 0.285107
v 1.474014 0.851316 0.257746
v 1.471711 1.104252 0.252598
v 1.473380 1.356655 0.269858
v 1.478956 1.598827 0.308864
v 1.488225 1.821460 0.368118
v 1.500831 2.015999 0.445341
v 1.516289 2.174968 0.537567
v 1.534005 2.292258 0.641250
v 1.553299 2.363362 0.752407
v 1.487791 -0.088668 -1.593740
v 1.490029 0.382377 0.333627
v 1.503127 0.184394 0.401443
v 1.518989 0.021229 0.485948
v 1.537005 -0.100849 0.583894
v 1.556484 -0.177148 0.691519
v 1.528088 -0.161709 -1.432198
v 1.567840 0.610101 0.184053
v 1.567053 0.854004 0.150469
v 1.566573 1.106992 0.143218
v 1.566419 1.359343 0.162580
v 1.566597 1.601358 0.207811
v 1.567100 1.823738 0.277172
v 1.567908 2.017936 0.367998
v 1.568992 2.176490 0.476799
v 1.570307 2.293306 0.599392
v 1.571806 2.363896 0.731069
v 1.568904 0.384656 0.242681
v 1.570204 0.186332 0.324100
v 1.571691 0.022751 0.425180
v 1.573307 -0.099800 0.542037
v 1.574990 -0.176613 0.670180
v 1.655782 0.612044 0.107587
v 1.660411 0.856067 0.069292
v 1.661761 1.109095 0.060452
v 1.659778 1.361406 0.081404
v 1.654539 1.603301 0.131344
v 1.646246 1.825487 0.208354
v 1.635216 2.019424 0.309473
v 1.621875 2.177659 0.430816
v 1.606734 2.294111 0.567719
v 1.590376 2.364306 0.714922
v 1.648050 0.386404 0.173863
v 1.637512 0.187819 0.265575
v 1.624575 0.023919 0.379197
v 1.609734 -0.098996 0.510363
v 1.593560 -0.176203 0.654033
v 1.740645 0.613323 0.058646
v 1.750502 0.857425 0.017337
v 1.753616 1.110480 0.007478
v 1.749868 1.362764 0.029448
v 1.739403 1.604581 0.082403
v 1.722621 1.826638 0.164308
v 1.700168 2.020403 0.272015
v 1.672907 2.178428 0.401386
v 1.641886 2.294641 0.547447
v 1.608296 2.364577 0.704587
v 1.395576 0.029943 -1.732341
v 1.724425 0.387556 0.129818
v 1.702464 0.188798 0.228117
v 1.675607 0.024689 0.349767
v 1.644886 -0.098466 0.490091
v 1.611481 -0.175933 0.643698
v 1.819169 0.613890 0.039111
v 1.833862 0.858027 -0.003401
v 1.838610 1.111093 -0.013666
v 1.833229 1.363365 0.008710
v 1.817926 1.605147 0.062869
v 1.793290 1.827148 0.146727
v 1.760267 2.020836 0.257064
v 1.720127 2.178769 0.389639
v 1.674411 2.294876 0.539355
v 1.624877 2.364696 0.700462
v 1.308957 0.384069 -1.964822
v 1.795094 0.388066 0.112237
v 1.762563 0.189232 0.213165
v 1.722827 0.025030 0.338019
v 1.677411 -0.098231 0.481999
v 1.628062 -0.175813 0.639573
v 1.888335 0.613722 0.049733
v 1.262080 0.846757 -2.090640
v 1.913475 1.110912 -0.002168
v 1.262080 1.347567 -2.090640
v 1.279945 1.588349 -2.042690
v 1.813205 2.020708 0.265194
v 1.761720 2.178668 0.396026
v 1.308957 1.810255 -1.964822
v 1.449853 2.282993 -1.586661
v 1.815501 0.189103 0.221295
v 1.508748 2.356033 -1.428589
v 1.706061 -0.098301 0.486399
v 1.642667 -0.175848 0.641816
v 1.666001 0.384069 -1.864156
v 1.651641 0.189567 -1.774421
v 1.634144 0.029943 -1.665078
v 1.614182 -0.088668 -1.540330
v 1.592522 -0.161709 -1.404970
v 1.569996 -0.186372 -1.264200
v 1.775457 0.605975 -1.833296
v 1.788112 0.846757 -1.868349
v 1.792385 1.097162 -1.880185
v 1.788112 1.347567 -1.868349
v 1.775457 1.588349 -1.833296
v 1.754906 1.810255 -1.776372
v 1.727249 2.004757 -1.699767
v 1.693549 2.164381 -1.606423
v 1.655101 2.282993 -1.499927
v 1.613382 2.356033 -1.384373
v 1.754906 0.384069 -1.776372
v 1.727249 0.189567 -1.699767
v 1.693549 0.029943 -1.606423
v 1.655101 -0.088668 -1.499927
v 1.613382 -0.161709 -1.384373
v 1.866347 0.605975 -1.713886
v 1.884601 0.846757 -1.741584
v 1.890765 1.097162 -1.750937
v 1.884601 1.347567 -1.741584
v 1.866347 1.588349 -1.713886
v 1.836705 1.810255 -1.668906
v 1.796814 2.004757 -1.608375
v 1.748206 2.164381 -1.534616
v 1.692749 2.282993 -1.450466
v 1.632575 2.356033 -1.359158
v 1.836705 0.384069 -1.668906
v 1.796814 0.189567 -1.608375
v 1.748206 0.029943 -1.534616
v 1.692749 -0.088668 -1.450466
v 1.632575 -0.161709 -1.359158
v 1.945850 0.605975 -1.577195
v 1.969000 0.846757 -1.596474
v 1.976817 1.097162 -1.602983
v 1.969000 1.347567 -1.596474
v 1.945850 1.588349 -1.577195
v 1.908255 1.810255 -1.545888
v 1.857662 2.004757 -1.503756
v 1.796014 2.164381 -1.452418
v 1.725680 2.282993 -1.393847
v 1.649363 2.356033 -1.330293
v 1.908255 0.384069 -1.545888
v 1.857662 0.189567 -1.503756
v 1.796014 0.029943 -1.452418
v 1.725680 -0.088668 -1.393847
v 1.649363 -0.161709 -1.330293
v 2.010907 0.605975 -1.428476
v 2.038065 0.846757 -1.438594
v 2.047235 1.097162 -1.442011
v 2.038065 1.347567 -1.438594
v 2.010907 1.588349 -1.428476
v 1.966806 1.810255 -1.412044
v 1.907455 2.004757 -1.389931
v 1.835136 2.164381 -1.362986
v 1.752628 2.282993 -1.332245
v 1.663101 2.356033 -1.298889
v 1.966806 0.384069 -1.412044
v 1.907455 0.189567 -1.389931
v 1.835136 0.029943 -1.362986
v 1.752628 -0.088668 -1.332245
v 1.663101 -0.161709 -1.298889
v 2.059022 0.605975 -1.273444
v 2.089143 0.846757 -1.274013
v 2.099313 1.097162 -1.274205
v 2.089143 1.347567 -1.274013
v 2.059022 1.588349 -1.273444
v 2.010107 1.810255 -1.272519
v 1.944280 2.004757 -1.271275
v 1.864069 2.164381 -1.269758
v 1.772557 2.282993 -1.268029
v 1.673261 2.356033 -1.266152
v 2.010107 0.384069 -1.272519
v 1.944280 0.189567 -1.271275
v 1.864069 0.029943 -1.269758
v 1.772557 -0.088668 -1.268029
v 1.673261 -0.161709 -1.266152
v 2.088342 0.605975 -1.118056
v 2.120270 0.846757 -1.109054
v 2.131050 1.097162 -1.106015
v 2.120270 1.347567 -1.109054
v 2.088342 1.588349 -1.118056
v 2.036496 1.810255 -1.132674
v 1.966722 2.004757 -1.152346
v 1.881701 2.164381 -1.176317
v 1.784702 2.282993 -1.203665
v 1.679452 2.356033 -1.233340
v 2.036496 0.384069 -1.132674
v 1.966722 0.189567 -1.152346
v 1.881701 0.029943 -1.176317
v 1.784702 -0.088668 -1.203665
v 1.679452 -0.161709 -1.233340
v 2.097744 0.605975 -0.968285
v 2.130250 0.846757 -0.950058
v 2.141226 1.097162 -0.943904
v 2.130250 1.347567 -0.950058
v 2.097744 1.588349 -0.968285
v 2.044956 1.810255 -0.997884
v 1.973917 2.004757 -1.037717
v 1.887354 2.164381 -1.086253
v 1.788597 2.282993 -1.141628
v 1.681437 2.356033 -1.201713
v 2.044956 0.384069 -0.997884
v 1.973917 0.189567 -1.037717
v 1.887354 0.029943 -1.086253
v 1.788597 -0.088668 -1.141628
v 1.681437 -0.161709 -1.201713
v 2.086864 0.605975 -0.829886
v 2.118700 0.846757 -0.803134
v 2.129450 1.097162 -0.794102
v 2.118700 1.347567 -0.803134
v 2.086864 1.588349 -0.829886
v 2.035165 1.810255 -0.873327
v 1.965590 2.004757 -0.931790
v 1.880812 2.164381 -1.003027
v 1.784090 2.282993 -1.084301
v 1.679140 2.356033 -1.172489
v 2.035165 0.384069 -0.873327
v 1.965590 0.189567 -0.931790
v 1.880812 0.029943 -1.003027
v 1.784090 -0.088668 -1.084301
v 1.679140 -0.161709 -1.172489
v 2.056122 0.605975 -0.708177
v 2.086064 0.846757 -0.673929
v 2.096174 1.097162 -0.662365
v 2.086064 1.347567 -0.673929
v 2.056122 1.588349 -0.708177
v 2.007497 1.810255 -0.763792
v 1.942061 2.004757 -0.838638
v 1.862325 2.164381 -0.929838
v 1.771356 2.282993 -1.033888
v 1.672648 2.356033 -1.146788
v 2.007497 0.384069 -0.763792
v 1.942061 0.189567 -0.838638
v 1.862325 0.029943 -0.929838
v 1.771356 -0.088668 -1.033888
v 1.672648 -0.161709 -1.146788
v 2.006697 0.605975 -0.607836
v 2.033596 0.846757 -0.567407
v 2.042678 1.097162 -0.553756
v 2.033596 1.347567 -0.567407
v 2.006697 1.588349 -0.607836
v 1.963017 1.810255 -0.673488
v 1.904233 2.004757 -0.761841
v 1.832604 2.164381 -0.869499
v 1.750884 2.282993 -0.992325
v 1.662212 2.356033 -1.125600
v 1.963017 0.384069 -0.673488
v 1.904233 0.189567 -0.761841
v 1.832604 0.029943 -0.869499
v 1.750884 -0.088668 -0.992325
v 1.662212 -0.161709 -1.125600
v 1.940491 0.605975 -0.532718
v 1.963311 0.846757 -0.487663
v 1.971017 1.097162 -0.472450
v 1.963311 1.347567 -0.487663
v 1.940491 1.588349 -0.532718
v 1.903433 1.810255 -0.605884
v 1.853561 2.004757 -0.704348
v 1.792791 2.164381 -0.824327
v 1.723460 2.282993 -0.961210
v 1.648231 2.356033 -1.109738
v 1.903433 0.384069 -0.605884
v 1.853561 0.189567 -0.704348
v 1.792791 0.029943 -0.824327
v 1.723460 -0.088668 -0.961210
v 1.648231 -0.161709 -1.109738
v 1.860047 0.605975 -0.485711
v 1.877912 0.846757 -0.437761
v 1.883944 1.097162 -0.421570
v 1.877912 1.347567 -0.437761
v 1.860047 1.588349 -0.485711
v 1.831035 1.810255 -0.563579
v 1.791991 2.004757 -0.668371
v 1.744416 2.164381 -0.796060
v 1.690139 2.282993 -0.941740
v 1.631244 2.356033 -1.099811
v 1.831035 0.384069 -0.563579
v 1.791991 0.189567 -0.668371
v 1.744416 0.029943 -0.796060
v 1.690139 -0.088668 -0.941740
v 1.631244 -0.161709 -1.099811
v 1.768456 0.605975 -0.468621
v 1.780680 0.846757 -0.419618
v 1.784807 1.097162 -0.403072
v 1.780680 1.347567 -0.419618
v 1.768456 1.588349 -0.468621
v 1.748605 1.810255 -0.548198
v 1.721891 2.004757 -0.655290
v 1.689339 2.164381 -0.785783
v 1.652201 2.282993 -0.934660
v 1.611904 2.356033 -1.096202
v 1.748605 0.384069 -0.548198
v 1.721891 0.189567 -0.655290
v 1.689339 0.029943 -0.785783
v 1.652201 -0.088668 -0.934660
v 1.611904 -0.161709 -1.096202
v 1.669239 0.605975 -0.482105
v 1.675351 0.846757 -0.433932
v 1.677415 1.097162 -0.417667
v 1.675351 1.347567 -0.433932
v 1.669239 1.588349 -0.482105
v 1.659312 1.810255 -0.560333
v 1.645953 2.004757 -0.665610
v 1.629675 2.164381 -0.793891
v 1.611104 2.282993 -0.940246
v 1.590953 2.356033 -1.099050
v 1.659312 0.384069 -0.560333
v 1.645953 0.189567 -0.665610
v 1.629675 0.029943 -0.793891
v 1.611104 -0.088668 -0.940246
v 1.590953 -0.161709 -1.099050
v 1.566207 0.605975 -0.525644
v 1.565974 0.846757 -0.480153
v 1.565895 1.097162 -0.464793
v 1.565974 1.347567 -0.480153
v 1.566207 1.588349 -0.525644
v 1.566586 1.810255 -0.599517
v 1.567096 2.004757 -0.698934
v 1.567718 2.164381 -0.820073
v 1.568427 2.282993 -0.958280
v 1.569196 2.356033 -1.108244
v 1.566586 0.384069 -0.599517
v 1.567096 0.189567 -0.698934
v 1.567718 0.029943 -0.820073
v 1.568427 -0.088668 -0.958280
v 1.569196 -0.161709 -1.108244
v 1.463322 0.605975 -0.597565
v 1.456751 0.846757 -0.556504
v 1.454532 1.097162 -0.542640
v 1.456751 1.347567 -0.556504
v 1.463322 1.588349 -0.597565
v 1.473992 1.810255 -0.664245
v 1.488351 2.004757 -0.753980
v 1.505848 2.164381 -0.863323
v 1.525810 2.282993 -0.988071
v 1.547470 2.356033 -1.123431
v 1.569996 2.380696 -1.264200
v 1.473992 0.384069 -0.664245
v 1.488351 0.189567 -0.753980
v 1.505848 0.029943 -0.863323
v 1.525810 -0.088668 -0.988071
v 1.547470 -0.161709 -1.123431
v 1.364535 0.605975 -0.695105
v 1.351880 0.846757 -0.660052
v 1.347607 1.097162 -0.648216
v 1.351880 1.347567 -0.660052
v 1.364535 1.588349 -0.695105
v 1.385086 1.810255 -0.752028
v 1.412743 2.004757 -0.828633
v 1.446443 2.164381 -0.921978
v 1.484891 2.282993 -1.028473
v 1.526610 2.356033 -1.144028
v 1.385086 0.384069 -0.752028
v 1.412743 0.189567 -0.828633
v 1.446443 0.029943 -0.921978
v 1.484891 -0.088668 -1.028473
v 1.526610 -0.161709 -1.144028
v 1.273645 0.605975 -0.814515
v 1.255391 0.846757 -0.786817
v 1.249228 1.097162 -0.777465
v 1.255391 1.347567 -0.786817
v 1.273645 1.588349 -0.814515
v 1.303287 1.810255 -0.859494
v 1.343179 2.004757 -0.920026
v 1.391787 2.164381 -0.993784
v 1.447243 2.282993 -1.077935
v 1.507417 2.356033 -1.169243
v 1.303287 0.384069 -0.859494
v 1.343179 0.189567 -0.920026
v 1.391787 0.029943 -0.993784
v 1.447243 -0.088668 -1.077935
v 1.507417 -0.161709 -1.169243
v 1.194143 0.605975 -0.951205
v 1.170992 0.846757 -0.931927
v 1.163176 1.097162 -0.925418
v 1.170992 1.347567 -0.931927
v 1.194143 1.588349 -0.951205
v 1.231737 1.810255 -0.982513
v 1.282330 2.004757 -1.024644
v 1.343979 2.164381 -1.075983
v 1.414313 2.282993 -1.134554
v 1.490629 2.356033 -1.198107
v 1.231737 0.384069 -0.982513
v 1.282330 0.189567 -1.024644
v 1.343979 0.029943 -1.075983
v 1.414313 -0.088668 -1.134554
v 1.490629 -0.161709 -1.198107
v 1.129085 0.605975 -1.099925
v 1.101927 0.846757 -1.089807
v 1.092757 1.097162 -1.086390
v 1.101927 1.347567 -1.089807
v 1.129085 1.588349 -1.099925
v 1.173186 1.810255 -1.116356
v 1.232537 2.004757 -1.138469
v 1.304857 2.164381 -1.165414
v 1.387365 2.282993 -1.196155
v 1.476891 2.356033 -1.229511
v 1.173186 0.384069 -1.116356
v 1.232537 0.189567 -1.138469
v 1.304857 0.029943 -1.165414
v 1.387365 -0.088668 -1.196155
v 1.476891 -0.161709 -1.229511
v 1.080971 0.605975 -1.254957
v 1.050850 0.846757 -1.254388
v 1.040679 1.097162 -1.254196
v 1.050850 1.347567 -1.254388
v 1.080971 1.588349 -1.254957
v 1.129885 1.810255 -1.255882
v 1.195712 2.004757 -1.257126
v 1.275923 2.164381 -1.258642
v 1.367435 2.282993 -1.260372
v 1.466731 2.356033 -1.262248
v 1.129885 0.384069 -1.255882
v 1.195712 0.189567 -1.257126
v 1.275923 0.029943 -1.258642
v 1.367435 -0.088668 -1.260372
v 1.466731 -0.161709 -1.262248
v 1.051650 0.605975 -1.410344
v 1.019722 0.846757 -1.419346
v 1.008942 1.097162 -1.422386
v 1.019722 1.347567 -1.419346
v 1.051650 1.588349 -1.410344
v 1.103497 1.810255 -1.395726
v 1.173271 2.004757 -1.376054
v 1.258291 2.164381 -1.352083
v 1.355290 2.282993 -1.324735
v 1.460540 2.356033 -1.295061
v 1.103497 0.384069 -1.395726
v 1.173271 0.189567 -1.376054
v 1.258291 0.029943 -1.352083
v 1.355290 -0.088668 -1.324735
v 1.460540 -0.161709 -1.295061
v 1.042248 0.605975 -1.560115
v 1.009742 0.846757 -1.578342
v 0.998766 1.097162 -1.584496
v 1.009742 1.347567 -1.578342
v 1.042248 1.588349 -1.560115
v 1.095036 1.810255 -1.530517
v 1.166075 2.004757 -1.490684
v 1.252638 2.164381 -1.442147
v 1.351396 2.282993 -1.386772
v 1.458555 2.356033 -1.326687
v 1.095036 0.384069 -1.530517
v 1.166075 0.189567 -1.490684
v 1.252638 0.029943 -1.442147
v 1.351396 -0.088668 -1.386772
v 1.458555 -0.161709 -1.326687
v 1.053128 0.605975 -1.698514
v 1.021292 0.846757 -1.725266
v 1.010542 1.097162 -1.734299
v 1.021292 1.347567 -1.725266
v 1.053128 1.588349 -1.698514
v 1.104827 1.810255 -1.655073
v 1.174402 2.004757 -1.596610
v 1.259180 2.164381 -1.525373
v 1.355902 2.282993 -1.444099
v 1.460852 2.356033 -1.355912
v 1.104827 0.384069 -1.655073
v 1.174402 0.189567 -1.596610
v 1.259180 0.029943 -1.525373
v 1.355902 -0.088668 -1.444099
v 1.460852 -0.161709 -1.355912
v 1.083871 0.605975 -1.820224
v 1.053928 0.846757 -1.854471
v 1.043818 1.097162 -1.866035
v 1.053928 1.347567 -1.854471
v 1.083871 1.588349 -1.820224
v 1.132495 1.810255 -1.764608
v 1.197932 2.004757 -1.689762
v 1.277667 2.164381 -1.598562
v 1.368636 2.282993 -1.494513
v 1.467344 2.356033 -1.381612
v 1.132495 0.384069 -1.764608
v 1.197932 0.189567 -1.689762
v 1.277667 0.029943 -1.598562
v 1.368636 -0.088668 -1.494513
v 1.467344 -0.161709 -1.381612
v 1.133295 0.605975 -1.920565
v 1.106397 0.846757 -1.960993
v 1.097314 1.097162 -1.974644
v 1.106397 1.347567 -1.960993
v 1.133295 1.588349 -1.920565
v 1.176975 1.810255 -1.854913
v 1.235759 2.004757 -1.766560
v 1.307388 2.164381 -1.658901
v 1.389109 2.282993 -1.536075
v 1.477780 2.356033 -1.402801
v 1.176975 0.384069 -1.854913
v 1.235759 0.189567 -1.766560
v 1.307388 0.029943 -1.658901
v 1.389109 -0.088668 -1.536075
v 1.477780 -0.161709 -1.402801
v 1.199501 0.605975 -1.995682
v 1.176681 0.846757 -2.040737
v 1.168976 1.097162 -2.055950
v 1.176681 1.347567 -2.040737
v 1.199501 1.588349 -1.995682
v 1.236560 1.810255 -1.922516
v 1.286432 2.004757 -1.824052
v 1.347201 2.164381 -1.704073
v 1.416532 2.282993 -1.567190
v 1.491761 2.356033 -1.418663
v 1.236560 0.384069 -1.922516
v 1.286432 0.189567 -1.824052
v 1.347201 0.029943 -1.704073
v 1.416532 -0.088668 -1.567190
v 1.491761 -0.161709 -1.418663
v 1.279945 0.605975 -2.042689
v 1.256048 1.097162 -2.106830
v 1.348001 2.004757 -1.860030
v 1.395576 2.164381 -1.732340
v 1.348001 0.189567 -1.860030
v 1.449853 -0.088668 -1.586661
v 1.508748 -0.161709 -1.428589
v 0.350771 2.416541 1.815862
v 0.477822 2.233946 1.584817
v 0.532129 1.967553 1.332103
v 0.528940 1.815266 1.209675
v 0.505424 1.657917 1.096194
v 0.401773 1.352177 0.913004
v 0.172170 2.482175 1.996893
v 0.269282 2.456575 1.925382
v 0.356046 2.401267 1.835312
v 0.429127 2.318375 1.730147
v 0.485716 2.211087 1.613927
v 0.523640 2.083524 1.491118
v 0.541441 1.940588 1.366441
v 0.538435 1.787774 1.244685
v 0.514736 1.630952 1.130531
v 0.471257 1.476150 1.028365
v 0.409667 1.329317 0.942114
v 0.332334 1.196096 0.875091
v 0.242230 1.081605 0.829873
v 0.142817 0.990246 0.808197
v 0.037916 0.925528 0.810897
v 0.169986 2.476029 2.005207
v 0.264997 2.444520 1.941688
v 0.349825 2.383766 1.858986
v 0.421209 2.296102 1.760278
v 0.476406 2.184896 1.649357
v 0.513296 2.054422 1.530486
v 0.530459 1.909694 1.408233
v 0.527237 1.756274 1.287297
v 0.503754 1.600058 1.172324
v 0.460912 1.447049 1.067733
v 0.400357 1.303127 0.977544
v 0.324417 1.173822 0.905222
v 0.236009 1.064105 0.853547
v 0.138532 0.978191 0.824504
v 0.035731 0.919383 0.819210
v 0.163849 2.469339 2.014683
v 0.252959 2.431396 1.960277
v 0.332348 2.364713 1.885973
v 0.398964 2.271851 1.794625
v 0.450249 2.156380 1.689746
v 0.484232 2.022737 1.575363
v 0.499605 1.876057 1.455875
v 0.495779 1.721978 1.335872
v 0.472900 1.566421 1.219966
v 0.431848 1.415364 1.112611
v 0.374200 1.274611 1.017933
v 0.302172 1.149572 0.939570
v 0.218532 1.045052 0.880534
v 0.126494 0.965067 0.843093
v 0.029595 0.912692 0.828686
v 0.153994 2.462360 2.024959
v 0.233629 2.417706 1.980433
v 0.304285 2.344838 1.915236
v 0.363248 2.246556 1.831870
v 0.408251 2.126635 1.733541
v 0.437565 1.989686 1.624026
v 0.450064 1.840971 1.507535
v 0.445267 1.686204 1.388544
v 0.423360 1.531335 1.271625
v 0.385182 1.382313 1.161273
v 0.332202 1.244866 1.061728
v 0.266456 1.124276 0.976814
v 0.190470 1.025177 0.909797
v 0.107164 0.951377 0.863250
v 0.019740 0.905713 0.838962
v 0.140801 2.455360 2.035639
v 0.207751 2.403976 2.001384
v 0.266716 2.324905 1.945650
v 0.315431 2.221186 1.870581
v 0.352025 2.096804 1.779059
v 0.375091 1.956540 1.674604
v 0.383741 1.805783 1.561228
v 0.377645 1.650327 1.443289
v 0.357036 1.496146 1.325319
v 0.322707 1.349166 1.211851
v 0.275976 1.215035 1.107246
v 0.218639 1.098906 1.015525
v 0.152901 1.005244 0.940211
v 0.081286 0.937647 0.884200
v 0.006547 0.898713 0.849642
v 0.068442 2.477082 2.047099
v 0.124778 2.448610 2.046313
v 0.176319 2.390734 2.022322
v 0.221084 2.305681 1.976048
v 0.257353 2.196718 1.909269
v 0.283732 2.068033 1.824552
v 0.299207 1.924571 1.725153
v 0.303184 1.771845 1.614891
v 0.295510 1.615724 1.498003
v 0.276479 1.462209 1.378981
v 0.246824 1.317198 1.262400
v 0.207683 1.186264 1.152740
v 0.160561 1.074439 1.054214
v 0.107269 0.986020 0.970609
v 0.049854 0.924405 0.905138
v -0.009476 0.891963 0.860316
v 0.106539 2.442367 2.056571
v 0.140542 2.378490 2.042444
v 0.169143 2.287905 2.005260
v 0.191244 2.174093 1.946449
v 0.205997 2.041429 1.868272
v 0.212832 1.895009 1.773731
v 0.211489 1.740463 1.666461
v 0.202018 1.583727 1.550583
v 0.184784 1.430826 1.430551
v 0.160449 1.287636 1.310978
v 0.129948 1.159659 1.196458
v 0.094452 1.051813 1.091394
v 0.055328 0.968243 0.999821
v 0.014076 0.912161 0.925259
v -0.027716 0.885720 0.870574
v 0.086785 2.436873 2.066018
v 0.101793 2.367712 2.060975
v 0.112889 2.272259 2.032164
v 0.119647 2.154179 1.980692
v 0.121806 2.018012 1.908536
v 0.119285 1.868990 1.818471
v 0.112180 1.712841 1.713956
v 0.100763 1.555565 1.599009
v 0.085475 1.403205 1.478047
v 0.066902 1.261617 1.355718
v 0.045757 1.136243 1.236723
v 0.022855 1.031899 1.125636
v -0.000926 0.952597 1.026725
v -0.024672 0.901383 0.943791
v -0.047469 0.880226 0.880022
v 0.066275 2.432338 2.074292
v 0.061562 2.358816 2.077205
v 0.054483 2.259343 2.055726
v 0.045310 2.137742 2.010681
v 0.034396 1.998684 1.943800
v 0.022160 1.847514 1.857653
v 0.009072 1.690042 1.755552
v -0.004364 1.532319 1.641420
v -0.017632 1.380406 1.519643
v -0.030223 1.240141 1.394901
v -0.041653 1.116914 1.271987
v -0.051482 1.015462 1.155625
v -0.059332 0.939682 1.050287
v -0.064903 0.892487 0.960021
v -0.067979 0.875691 0.888296
v 0.045799 2.428937 2.081075
v 0.021396 2.352144 2.090510
v -0.003829 2.249657 2.075041
v -0.028907 2.125413 2.035264
v -0.052874 1.984187 1.972706
v -0.074810 1.831406 1.889773
v -0.093871 1.672941 1.789650
v -0.109323 1.514883 1.676186
v -0.120575 1.363305 1.553741
v -0.127193 1.224032 1.427020
v -0.128923 1.102417 1.300894
v -0.125699 1.003133 1.180208
v -0.117644 0.929996 1.069602
v -0.105069 0.885815 0.973326
v -0.088455 0.872290 0.895078
v 0.026142 2.426799 2.086105
v -0.017163 2.347952 2.100377
v -0.059808 2.243571 2.089367
v -0.100154 2.117666 2.053497
v -0.136652 1.975078 1.994146
v -0.167898 1.821285 1.913595
v -0.192693 1.662196 1.814940
v -0.210082 1.503928 1.701971
v -0.219398 1.352560 1.579030
v -0.220282 1.213911 1.450842
v -0.212701 1.093308 1.322333
v -0.196946 0.995387 1.198441
v -0.173623 0.923909 1.083928
v -0.143627 0.881623 0.983193
v -0.108112 0.870152 0.900109
v 0.008060 2.426008 2.089190
v -0.052631 2.346400 2.106428
v -0.111300 2.241318 2.098152
v -0.165692 2.114799 2.064678
v -0.213716 1.971707 2.007294
v -0.253528 1.817539 1.928204
v -0.283597 1.658221 1.830449
v -0.302766 1.499874 1.717784
v -0.310301 1.348584 1.594539
v -0.305912 1.210166 1.465451
v -0.289766 1.089937 1.335481
v -0.262484 0.992520 1.209623
v -0.225116 0.921657 1.092713
v -0.179096 0.880071 0.989244
v -0.126194 0.869362 0.903194
v -0.007752 2.426594 2.090211
v -0.083648 2.347550 2.108431
v -0.156330 2.242986 2.101059
v -0.223003 2.116923 2.068379
v -0.281107 1.974204 2.011645
v -0.328408 1.820313 1.933039
v -0.363089 1.661166 1.835581
v -0.383816 1.502877 1.723017
v -0.389794 1.351530 1.599672
v -0.380792 1.212940 1.470286
v -0.357156 1.092434 1.339832
v -0.319795 0.994643 1.213323
v -0.270144 0.923325 1.095620
v -0.210113 0.881221 0.991247
v -0.142006 0.869947 0.904215
v -0.020686 2.428534 2.089129
v -0.109020 2.351355 2.106308
v -0.193164 2.248512 2.097977
v -0.269884 2.123955 2.064456
v -0.336234 1.982472 2.007033
v -0.389662 1.829501 1.927914
v -0.428115 1.670919 1.830141
v -0.450117 1.512821 1.717470
v -0.454820 1.361283 1.594231
v -0.442045 1.222128 1.465161
v -0.412282 1.100703 1.335220
v -0.366676 1.001675 1.209400
v -0.306979 0.928850 1.092538
v -0.235485 0.885026 0.989124
v -0.154941 0.871887 0.903132
v -0.030246 2.431754 2.085985
v -0.127772 2.357671 2.100141
v -0.220388 2.257681 2.089024
v -0.304534 2.135625 2.053061
v -0.376978 1.996195 1.993634
v -0.434934 1.844749 1.913025
v -0.476176 1.687106 1.814335
v -0.499119 1.529326 1.701355
v -0.502881 1.377470 1.578426
v -0.487317 1.237375 1.450273
v -0.453027 1.114426 1.321820
v -0.401326 1.013345 1.198005
v -0.334203 0.938019 1.083585
v -0.254237 0.891342 0.982957
v -0.164501 0.875107 0.899988
v -0.036064 2.436130 2.080900
v -0.139184 2.366254 2.090167
v -0.236956 2.270141 2.074544
v -0.325621 2.151485 2.034631
v -0.401773 2.014845 1.971962
v -0.462486 1.865471 1.888946
v -0.505425 1.709105 1.788773
v -0.528940 1.551755 1.675291
v -0.532130 1.399468 1.552863
v -0.514869 1.258097 1.426194
v -0.477822 1.133075 1.300149
v -0.422413 1.029206 1.179576
v -0.350771 0.950480 1.069105
v -0.265649 0.899925 0.972983
v -0.170319 0.879483 0.894904
v -0.037916 2.441493 2.074070
v -0.142818 2.376776 2.076769
v -0.242231 2.285416 2.055094
v -0.332335 2.170925 2.009875
v -0.409668 2.037704 1.942853
v -0.471257 1.890871 1.856601
v -0.514737 1.736069 1.754436
v -0.538435 1.579248 1.640281
v -0.541442 1.426433 1.518526
v -0.523641 1.283498 1.393849
v -0.485717 1.155935 1.271040
v -0.429127 1.048646 1.154820
v -0.356046 0.965755 1.049654
v -0.269283 0.910446 0.959586
v -0.172171 0.884846 0.888074
v -0.035732 2.447638 2.065757
v -0.138533 2.388829 2.060463
v -0.236010 2.302916 2.031420
v -0.324417 2.193199 1.979745
v -0.400358 2.063895 1.907423
v -0.460913 1.919973 1.817234
v -0.503754 1.766963 1.712643
v -0.527238 1.610747 1.597670
v -0.530459 1.457327 1.476733
v -0.513296 1.312599 1.354481
v -0.476407 1.182125 1.235610
v -0.421209 1.070919 1.124689
v -0.349825 0.983255 1.025981
v -0.264998 0.922501 0.943279
v -0.169986 0.890992 0.879761
v -0.029595 2.454329 2.056281
v -0.126494 2.401954 2.041874
v -0.218533 2.321970 2.004433
v -0.302173 2.217449 1.945397
v -0.374201 2.092411 1.867035
v -0.431848 1.951658 1.772356
v -0.472900 1.800600 1.665001
v -0.495779 1.645043 1.549095
v -0.499605 1.490964 1.429092
v -0.484232 1.344284 1.309603
v -0.450250 1.210641 1.195221
v -0.398965 1.095170 1.090341
v -0.332348 1.002308 0.998994
v -0.252959 0.935625 0.924690
v -0.163849 0.897682 0.870284
v -0.019741 2.461309 2.046005
v -0.107164 2.415644 2.021717
v -0.190470 2.341845 1.975170
v -0.266456 2.242746 1.908152
v -0.332202 2.122155 1.823239
v -0.385182 1.984709 1.723694
v -0.423360 1.835687 1.613342
v -0.445267 1.680817 1.496423
v -0.450065 1.526050 1.377432
v -0.437566 1.377335 1.260941
v -0.408252 1.240386 1.151426
v -0.363248 1.120466 1.053097
v -0.304285 1.022183 0.969731
v -0.233629 0.949315 0.904533
v -0.153995 0.904662 0.860009
v -0.068442 0.889939 0.837868
v -0.006548 2.468308 2.035325
v -0.081287 2.429374 2.000768
v -0.152901 2.361777 1.944756
v -0.218640 2.268115 1.869442
v -0.275976 2.151987 1.777720
v -0.322707 2.017855 1.673116
v -0.357037 1.870875 1.559648
v -0.377645 1.716695 1.441678
v -0.383742 1.561239 1.323739
v -0.375091 1.410482 1.210363
v -0.352025 1.270217 1.105907
v -0.315432 1.145835 1.014386
v -0.266716 1.042116 0.939316
v -0.207751 0.963045 0.883583
v -0.140802 0.911661 0.849328
v 0.009476 2.475058 2.024650
v -0.049855 2.442616 1.979829
v -0.107269 2.381001 1.914358
v -0.160562 2.292582 1.830754
v -0.207683 2.180757 1.732227
v -0.246825 2.049824 1.622567
v -0.276480 1.904812 1.505986
v -0.295510 1.751297 1.386964
v -0.303185 1.595176 1.270076
v -0.299208 1.442450 1.159814
v -0.283733 1.298988 1.060414
v -0.257354 1.170303 0.975698
v -0.221084 1.061340 0.908919
v -0.176319 0.976287 0.862645
v -0.124779 0.918412 0.838654
v 0.027715 2.481301 2.014393
v -0.014077 2.454860 1.959708
v -0.055328 2.398778 1.885146
v -0.094453 2.315208 1.793573
v -0.129948 2.207362 1.688509
v -0.160450 2.079385 1.573989
v -0.184785 1.936195 1.454416
v -0.202019 1.783294 1.334384
v -0.211490 1.626559 1.218506
v -0.212833 1.472012 1.111236
v -0.205997 1.325593 1.016696
v -0.191245 1.192928 0.938518
v -0.169144 1.079117 0.879707
v -0.140542 0.988532 0.842523
v -0.106540 0.924654 0.828396
v 0.047469 2.486795 2.004945
v 0.024672 2.465638 1.941175
v 0.000926 2.414425 1.858242
v -0.022855 2.335122 1.759331
v -0.045758 2.230778 1.648244
v -0.066902 2.105404 1.529249
v -0.085475 1.963816 1.406920
v -0.100764 1.811457 1.285958
v -0.112180 1.654180 1.171011
v -0.119285 1.498031 1.066496
v -0.121807 1.349009 0.976431
v -0.119647 1.212842 0.904275
v -0.112889 1.094763 0.852803
v -0.101793 0.999309 0.823992
v -0.086785 0.930148 0.818949
v 0.067978 2.491330 1.996671
v 0.064902 2.474534 1.924946
v 0.059332 2.427339 1.834680
v 0.051481 2.351559 1.729342
v 0.041652 2.250107 1.612980
v 0.030223 2.126880 1.490066
v 0.017632 1.986616 1.365324
v 0.004363 1.834702 1.243547
v -0.009073 1.676979 1.129415
v -0.022161 1.519507 1.027314
v -0.034397 1.368337 0.941167
v -0.045311 1.229280 0.874286
v -0.054484 1.107678 0.829241
v -0.061563 1.008205 0.807762
v -0.066276 0.934683 0.810675
v 0.088455 2.494732 1.989889
v 0.105068 2.481206 1.911641
v 0.117644 2.437026 1.815365
v 0.125699 2.363888 1.704759
v 0.128923 2.264604 1.584073
v 0.127192 2.142989 1.457947
v 0.120574 2.003716 1.331226
v 0.109323 1.852138 1.208781
v 0.093870 1.694080 1.095317
v 0.074809 1.535615 0.995194
v 0.052874 1.382835 0.912260
v 0.028907 1.241608 0.849703
v 0.003829 1.117364 0.809926
v -0.021397 1.014877 0.794457
v -0.045800 0.938085 0.803892
v 0.108111 2.496869 1.984858
v 0.143627 2.485399 1.901774
v 0.173622 2.443112 1.801040
v 0.196946 2.371635 1.686526
v 0.212700 2.273713 1.562634
v 0.220281 2.153110 1.434125
v 0.219397 2.014461 1.305937
v 0.210081 1.863093 1.182996
v 0.192692 1.704825 1.070027
v 0.167897 1.545737 0.971372
v 0.136652 1.391943 0.890821
v 0.100154 1.249355 0.831470
v 0.059807 1.123451 0.795600
v 0.017162 1.019069 0.784590
v -0.026143 0.940222 0.798862
v 0.126193 2.497659 1.981773
v 0.179096 2.486950 1.895723
v 0.225115 2.445364 1.792254
v 0.262484 2.374501 1.675344
v 0.289765 2.277084 1.549486
v 0.305911 2.156856 1.419515
v 0.310301 2.018437 1.290427
v 0.302766 1.867147 1.167183
v 0.283596 1.708801 1.054518
v 0.253528 1.549482 0.956762
v 0.213716 1.395314 0.877673
v 0.165692 1.252222 0.820289
v 0.111300 1.125703 0.786815
v 0.052631 1.020621 0.778539
v -0.008061 0.941013 0.795777
v 0.142006 2.497074 1.980752
v 0.210112 2.485801 1.893720
v 0.270144 2.443696 1.789347
v 0.319795 2.372378 1.671644
v 0.357156 2.274587 1.545135
v 0.380791 2.154081 1.414680
v 0.389793 2.015492 1.285295
v 0.383816 1.864144 1.161950
v 0.363088 1.705855 1.049386
v 0.328408 1.546708 0.951928
v 0.281107 1.392817 0.873322
v 0.223003 1.250098 0.816588
v 0.156329 1.124035 0.783908
v 0.083647 1.019472 0.776536
v 0.007751 0.940427 0.794756
v 0.154940 2.495134 1.981835
v 0.235484 2.481995 1.895843
v 0.306978 2.438171 1.792429
v 0.366676 2.365346 1.675567
v 0.412282 2.266318 1.549747
v 0.442044 2.144893 1.419806
v 0.454819 2.005738 1.290736
v 0.450116 1.854200 1.167497
v 0.428115 1.696102 1.054826
v 0.389661 1.537520 0.957053
v 0.336233 1.384549 0.877934
v 0.269884 1.243066 0.820511
v 0.193163 1.118510 0.786990
v 0.109019 1.015666 0.778659
v 0.020686 0.938487 0.795838
v 0.164500 2.491914 1.984978
v 0.254236 2.475679 1.902010
v 0.334203 2.429002 1.801382
v 0.401326 2.353676 1.686962
v 0.453026 2.252596 1.563146
v 0.487317 2.129646 1.434694
v 0.502880 1.989551 1.306541
v 0.499118 1.837695 1.183613
v 0.476175 1.679915 1.070632
v 0.434933 1.522272 0.971941
v 0.376977 1.370826 0.891334
v 0.304534 1.231396 0.831906
v 0.220387 1.109340 0.795943
v 0.127772 1.009350 0.784826
v 0.030246 0.935267 0.798982
v 0.170318 2.487538 1.990063
v 0.265648 2.467096 1.911984
v 0.422413 2.337816 1.705391
v 0.514868 2.108924 1.458773
v 0.462485 1.501550 0.996021
v 0.325621 1.215536 0.850336
v 0.236955 1.096879 0.810423
v 0.139184 1.000767 0.794800
v 0.036064 0.930892 0.804067
v 0.063793 2.542160 -1.614628
v -0.165912 2.347031 -1.544186
v -0.370358 2.072807 -1.407389
v -0.453096 1.918775 -1.320300
v -0.518421 1.761236 -1.225065
v -0.587559 1.459752 -1.024971
v 0.287172 2.624251 -1.612483
v 0.183836 2.591860 -1.629972
v 0.073436 2.530095 -1.627416
v -0.039787 2.441329 -1.604911
v -0.151480 2.328974 -1.563323
v -0.257353 2.197347 -1.504251
v -0.353335 2.051507 -1.429964
v -0.435739 1.897058 -1.343317
v -0.501398 1.739936 -1.247640
v -0.547788 1.586179 -1.146610
v -0.573127 1.441695 -1.044109
v -0.576441 1.312037 -0.944076
v -0.557603 1.202188 -0.850356
v -0.517337 1.116369 -0.766550
v -0.457189 1.057878 -0.695879
v 0.293825 2.619493 -1.615212
v 0.196886 2.582526 -1.635325
v 0.092382 2.516544 -1.635186
v -0.015673 2.424083 -1.614801
v -0.123126 2.308694 -1.574953
v -0.225847 2.174813 -1.517173
v -0.319888 2.027585 -1.443682
v -0.401637 1.872668 -1.357304
v -0.467951 1.716015 -1.261358
v -0.516282 1.563645 -1.159532
v -0.544772 1.421415 -1.055738
v -0.552328 1.294791 -0.953966
v -0.538657 1.188637 -0.858127
v -0.504286 1.107035 -0.771903
v -0.450536 1.053120 -0.698608
v 0.303489 2.614395 -1.616074
v 0.215843 2.572528 -1.637016
v 0.119903 2.502029 -1.637641
v 0.019355 2.405608 -1.617926
v -0.081937 2.286970 -1.578627
v -0.180081 2.150676 -1.521256
v -0.271303 2.001961 -1.448016
v -0.352100 1.846542 -1.361723
v -0.419366 1.690390 -1.265692
v -0.470516 1.539507 -1.163615
v -0.503584 1.399692 -1.059413
v -0.517300 1.276316 -0.957091
v -0.511136 1.174122 -0.860582
v -0.485329 1.097037 -0.773594
v -0.440872 1.048023 -0.699470
v 0.315793 2.609155 -1.615037
v 0.239978 2.562249 -1.634981
v 0.154942 2.487107 -1.634687
v 0.063950 2.386616 -1.614166
v -0.029498 2.264638 -1.574205
v -0.121813 2.125861 -1.516343
v -0.209447 1.975618 -1.442800
v -0.289032 1.819683 -1.356405
v -0.357510 1.664047 -1.260476
v -0.412249 1.514693 -1.158701
v -0.451145 1.377360 -1.054991
v -0.472704 1.257324 -0.953331
v -0.476097 1.159201 -0.857627
v -0.461194 1.086759 -0.771559
v -0.428568 1.042783 -0.698432
v 0.330264 2.603975 -1.612139
v 0.268364 2.552086 -1.629298
v 0.196151 2.472352 -1.626436
v 0.116400 2.367836 -1.603664
v 0.032176 2.242556 -1.561857
v -0.053285 2.101325 -1.502622
v -0.136698 1.949570 -1.428234
v -0.214857 1.793124 -1.341553
v -0.284760 1.637999 -1.245910
v -0.343720 1.490156 -1.144981
v -0.389471 1.355277 -1.042642
v -0.420254 1.238545 -0.942829
v -0.434888 1.144446 -0.849376
v -0.432809 1.076595 -0.765875
v -0.414097 1.037602 -0.695535
v 0.379472 2.626023 -1.575620
v 0.346345 2.599051 -1.607493
v 0.299909 2.542428 -1.620184
v 0.241948 2.458331 -1.613206
v 0.174688 2.349991 -1.586825
v 0.100716 2.221572 -1.542057
v 0.022873 2.078008 -1.480621
v -0.055849 1.924818 -1.404878
v -0.132425 1.767887 -1.317740
v -0.203912 1.613247 -1.222554
v -0.267563 1.466840 -1.122980
v -0.320931 1.334293 -1.022842
v -0.361966 1.220699 -0.925991
v -0.389091 1.130424 -0.836146
v -0.401263 1.066937 -0.756762
v -0.398015 1.032678 -0.690889
v 0.363420 2.594574 -1.601278
v 0.333402 2.533646 -1.607992
v 0.290572 2.445582 -1.595505
v 0.236575 2.333765 -1.564296
v 0.173487 2.202492 -1.515566
v 0.103731 2.056808 -1.451186
v 0.029990 1.902311 -1.373630
v -0.044904 1.744940 -1.285879
v -0.118073 1.590740 -1.191306
v -0.186704 1.445639 -1.093544
v -0.248160 1.315213 -0.996351
v -0.300079 1.204473 -0.903462
v -0.340467 1.117676 -0.818445
v -0.367771 1.058156 -0.744570
v -0.380941 1.028201 -0.684674
v 0.380831 2.590716 -1.593731
v 0.367555 2.526079 -1.593189
v 0.340155 2.434596 -1.574014
v 0.299682 2.319782 -1.536943
v 0.247693 2.186050 -1.483402
v 0.186185 2.038538 -1.415447
v 0.117522 1.882917 -1.335690
v 0.044342 1.725165 -1.247196
v -0.030541 1.571346 -1.153366
v -0.104251 1.427370 -1.057805
v -0.173954 1.298771 -0.964187
v -0.236973 1.190490 -0.876108
v -0.290884 1.106689 -0.796954
v -0.333617 1.050588 -0.729766
v -0.363530 1.024343 -0.677127
v 0.397910 2.587625 -1.585143
v 0.401056 2.520016 -1.576343
v 0.388791 2.425794 -1.549558
v 0.361584 2.308580 -1.505817
v 0.320482 2.172878 -1.446801
v 0.267063 2.023902 -1.374778
v 0.203382 1.867379 -1.292516
v 0.131885 1.709323 -1.203176
v 0.055319 1.555808 -1.110192
v -0.023372 1.412734 -1.017137
v -0.101165 1.285599 -0.927586
v -0.175071 1.179288 -0.844982
v -0.242248 1.097888 -0.772498
v -0.300117 1.044526 -0.712921
v -0.346451 1.021253 -0.668539
v 0.414000 2.585421 -1.575844
v 0.432618 2.515692 -1.558103
v 0.434611 2.419516 -1.523077
v 0.419902 2.300589 -1.472113
v 0.389057 2.163481 -1.407169
v 0.343260 2.013462 -1.330742
v 0.284272 1.856295 -1.245768
v 0.214359 1.698022 -1.155512
v 0.136209 1.544724 -1.063444
v 0.052824 1.402293 -0.973101
v -0.032590 1.276202 -0.887955
v -0.116752 1.171297 -0.811278
v -0.196428 1.091609 -0.746017
v -0.268555 1.040201 -0.694680
v -0.330361 1.019048 -0.659240
v 0.428483 2.584187 -1.566192
v 0.461027 2.513271 -1.539169
v 0.475855 2.416002 -1.495589
v 0.472395 2.296116 -1.437127
v 0.450782 2.158222 -1.366031
v 0.411845 2.007617 -1.285031
v 0.357082 1.850091 -1.197241
v 0.288596 1.691696 -1.106035
v 0.209019 1.538521 -1.014917
v 0.121410 1.396449 -0.927390
v 0.029135 1.270943 -0.846816
v -0.064259 1.166825 -0.776293
v -0.155184 1.088095 -0.718529
v -0.240146 1.037781 -0.675746
v -0.315878 1.017814 -0.649588
v 0.440802 2.583971 -1.556557
v 0.485192 2.512848 -1.520269
v 0.510936 2.415387 -1.468150
v 0.517046 2.295334 -1.402205
v 0.503286 2.157302 -1.324966
v 0.470185 2.006595 -1.239402
v 0.419014 1.849006 -1.148802
v 0.351742 1.690590 -1.056647
v 0.270952 1.537435 -0.966478
v 0.179749 1.395427 -0.881761
v 0.081639 1.270023 -0.805751
v -0.019608 1.166042 -0.741370
v -0.120102 1.087480 -0.691091
v -0.215981 1.037357 -0.656846
v -0.303559 1.017598 -0.639952
v 0.450484 2.584781 -1.547309
v 0.504184 2.514437 -1.502128
v 0.538509 2.417695 -1.441815
v 0.552139 2.298271 -1.368686
v 0.544551 2.160756 -1.285553
v 0.516035 2.010433 -1.195609
v 0.467690 1.853080 -1.102311
v 0.401370 1.694744 -1.009245
v 0.319627 1.541509 -0.919987
v 0.225600 1.399265 -0.837967
v 0.122904 1.273477 -0.766338
v 0.015484 1.168979 -0.707851
v -0.092530 1.089788 -0.664755
v -0.196989 1.038947 -0.638706
v -0.293877 1.018409 -0.630705
v 0.457157 2.586587 -1.538804
v 0.517273 2.517979 -1.485446
v 0.557512 2.422837 -1.417596
v 0.576325 2.304816 -1.337861
v 0.572990 2.168451 -1.249306
v 0.547636 2.018984 -1.155333
v 0.501237 1.862158 -1.059555
v 0.435575 1.704000 -0.965651
v 0.353174 1.550587 -0.877231
v 0.257201 1.407816 -0.797692
v 0.151344 1.281173 -0.730091
v 0.039671 1.175524 -0.677026
v -0.073527 1.094931 -0.640536
v -0.183899 1.042489 -0.622024
v -0.287204 1.020214 -0.622200
v 0.460564 2.589319 -1.531369
v 0.523957 2.523338 -1.470862
v 0.567215 2.430616 -1.396423
v 0.588675 2.314716 -1.310913
v 0.587512 2.180093 -1.217618
v 0.563772 2.031920 -1.120124
v 0.518366 1.875890 -1.022177
v 0.453040 1.718001 -0.927541
v 0.370304 1.564320 -0.839853
v 0.273337 1.420752 -0.762482
v 0.165866 1.292814 -0.698403
v 0.052020 1.185425 -0.650078
v -0.063824 1.102709 -0.619363
v -0.177216 1.047847 -0.607440
v -0.283797 1.022946 -0.614765
v 0.460575 2.592871 -1.525290
v 0.523978 2.530306 -1.458936
v 0.567245 2.440732 -1.379110
v 0.588714 2.327592 -1.288878
v 0.587558 2.195234 -1.191707
v 0.563823 2.048743 -1.091334
v 0.518421 1.893750 -0.991613
v 0.453095 1.736211 -0.896378
v 0.370358 1.582179 -0.809289
v 0.273388 1.437575 -0.733692
v 0.165912 1.307955 -0.672493
v 0.052060 1.198301 -0.628043
v -0.063793 1.112826 -0.602050
v -0.177194 1.054815 -0.595514
v -0.283786 1.026499 -0.608686
v 0.457189 2.597108 -1.520800
v 0.517336 2.538617 -1.450128
v 0.557603 2.452798 -1.366322
v 0.576441 2.342949 -1.272602
v 0.573127 2.213290 -1.172570
v 0.547787 2.068807 -1.070069
v 0.501397 1.915050 -0.969038
v 0.435738 1.757927 -0.873362
v 0.353335 1.603479 -0.786715
v 0.257352 1.457639 -0.712427
v 0.151480 1.326012 -0.653355
v 0.039786 1.213657 -0.611767
v -0.073436 1.124891 -0.589263
v -0.183837 1.063126 -0.586706
v -0.287172 1.030735 -0.604195
v 0.450536 2.601866 -1.518071
v 0.504286 2.547951 -1.444776
v 0.538656 2.466348 -1.358552
v 0.552327 2.360195 -1.262712
v 0.544772 2.233571 -1.160940
v 0.516281 2.091341 -1.057147
v 0.467950 1.938971 -0.955320
v 0.401636 1.782318 -0.859375
v 0.319888 1.627401 -0.772997
v 0.225846 1.480172 -0.699505
v 0.123125 1.346292 -0.641726
v 0.015673 1.230904 -0.601877
v -0.092382 1.138442 -0.581492
v -0.196887 1.072460 -0.581353
v -0.293825 1.035494 -0.601466
v 0.440871 2.606963 -1.517209
v 0.485329 2.557949 -1.443085
v 0.511135 2.480863 -1.356097
v 0.517299 2.378670 -1.259587
v 0.503583 2.255294 -1.157266
v 0.470515 2.115478 -1.053064
v 0.419365 1.964596 -0.950986
v 0.352099 1.808444 -0.854956
v 0.271303 1.653025 -0.768662
v 0.180080 1.504310 -0.695423
v 0.081937 1.368015 -0.638051
v -0.019355 1.249378 -0.598752
v -0.119904 1.152957 -0.579037
v -0.215844 1.082458 -0.579662
v -0.303489 1.040591 -0.600604
v 0.428568 2.612203 -1.518246
v 0.461194 2.568227 -1.445120
v 0.476097 2.495785 -1.359051
v 0.472704 2.397661 -1.263348
v 0.451144 2.277626 -1.161688
v 0.412248 2.140293 -1.057977
v 0.357509 1.990938 -0.956202
v 0.289032 1.835303 -0.860274
v 0.209447 1.679368 -0.773878
v 0.121813 1.529124 -0.700336
v 0.029498 1.390347 -0.642473
v -0.063951 1.268370 -0.602513
v -0.154942 1.167879 -0.581992
v -0.239979 1.092736 -0.581698
v -0.315794 1.045830 -0.601642
v -0.379472 1.028963 -0.641058
v 0.414097 2.617384 -1.521144
v 0.432808 2.578390 -1.450803
v 0.434887 2.510540 -1.367302
v 0.420254 2.416441 -1.273849
v 0.389470 2.299709 -1.174036
v 0.343719 2.164829 -1.071698
v 0.284760 2.016987 -0.970768
v 0.214856 1.861861 -0.875125
v 0.136697 1.705416 -0.788444
v 0.053284 1.553661 -0.714057
v -0.032176 1.412430 -0.654821
v -0.116401 1.287149 -0.613014
v -0.196152 1.182634 -0.590243
v -0.268364 1.102900 -0.587381
v -0.330264 1.051012 -0.604539
v 0.398015 2.622308 -1.525789
v 0.401263 2.588049 -1.459916
v 0.389091 2.524562 -1.380532
v 0.361966 2.434287 -1.290688
v 0.320930 2.320693 -1.193836
v 0.267562 2.188146 -1.093699
v 0.203912 2.041739 -0.994124
v 0.132425 1.887099 -0.898939
v 0.055849 1.730169 -0.811800
v -0.022873 1.576978 -0.736058
v -0.100716 1.433414 -0.674622
v -0.174689 1.304995 -0.629853
v -0.241948 1.196655 -0.603473
v -0.299910 1.112558 -0.596494
v -0.346346 1.055935 -0.609185
v 0.380941 2.626785 -1.532005
v 0.367770 2.596830 -1.472109
v 0.340466 2.537310 -1.398233
v 0.300079 2.450513 -1.313217
v 0.248159 2.339773 -1.220327
v 0.186703 2.209347 -1.123134
v 0.118072 2.064245 -1.025373
v 0.044904 1.910046 -0.930799
v -0.029990 1.752675 -0.843049
v -0.103732 1.598178 -0.765493
v -0.173487 1.452494 -0.701113
v -0.236576 1.321221 -0.652382
v -0.290572 1.209404 -0.621174
v -0.333403 1.121340 -0.608686
v -0.363420 1.060412 -0.615401
v 0.363530 2.630642 -1.539552
v 0.333617 2.604397 -1.486912
v 0.290884 2.548296 -1.419724
v 0.236972 2.464495 -1.340570
v 0.173954 2.356215 -1.252491
v 0.104250 2.227616 -1.158873
v 0.030540 2.083640 -1.063313
v -0.044343 1.929821 -0.969483
v -0.117522 1.772069 -0.880989
v -0.186185 1.616447 -0.801232
v -0.247693 1.468936 -0.733277
v -0.299682 1.335204 -0.679735
v -0.340155 1.220390 -0.642665
v -0.367556 1.128907 -0.623490
v -0.380831 1.064270 -0.622948
v 0.346451 2.633733 -1.548140
v 0.300116 2.610460 -1.503758
v 0.242248 2.557098 -1.444180
v 0.175070 2.475697 -1.371697
v 0.101165 2.369387 -1.289092
v 0.023372 2.242252 -1.199542
v -0.055320 2.099178 -1.106487
v -0.131885 1.945663 -1.013502
v -0.203382 1.787607 -0.924163
v -0.267064 1.631083 -0.841901
v -0.320482 1.482108 -0.769878
v -0.361584 1.346406 -0.710862
v -0.388791 1.229192 -0.667121
v -0.401057 1.134969 -0.640336
v -0.397910 1.067361 -0.631535
v 0.330361 2.635938 -1.557438
v 0.268554 2.614784 -1.521998
v 0.196428 2.563377 -1.470661
v 0.116752 2.483689 -1.405400
v 0.032590 2.378783 -1.328724
v -0.052825 2.252692 -1.243578
v -0.136209 2.110261 -1.153235
v -0.214360 1.956964 -1.061167
v -0.284272 1.798691 -0.970911
v -0.343260 1.641524 -0.885936
v -0.389057 1.491504 -0.809509
v -0.419902 1.354397 -0.744566
v -0.434611 1.235470 -0.693602
v -0.432618 1.139294 -0.658576
v -0.414000 1.069565 -0.640834
v 0.315878 2.637172 -1.567091
v 0.240145 2.617205 -1.540932
v 0.155184 2.566890 -1.498149
v 0.064259 2.488161 -1.440386
v -0.029135 2.384043 -1.369862
v -0.121410 2.258537 -1.289289
v -0.209019 2.116465 -1.201761
v -0.288596 1.963289 -1.110644
v -0.357082 1.804895 -1.019437
v -0.411846 1.647368 -0.931647
v -0.450782 1.496764 -0.850648
v -0.472396 1.358870 -0.779551
v -0.475855 1.238984 -0.721090
v -0.461028 1.141715 -0.677510
v -0.428483 1.070799 -0.650487
v 0.303559 2.637388 -1.576726
v 0.215980 2.617629 -1.559832
v 0.120102 2.567506 -1.525588
v 0.019608 2.488944 -1.475309
v -0.081640 2.384963 -1.410927
v -0.179750 2.259559 -1.334918
v -0.270952 2.117551 -1.250201
v -0.351742 1.964396 -1.160032
v -0.419015 1.805980 -1.067877
v -0.470185 1.648391 -0.977276
v -0.503286 1.497684 -0.891713
v -0.517046 1.359652 -0.814474
v -0.510937 1.239599 -0.748528
v -0.485192 1.142138 -0.696410
v -0.440802 1.071015 -0.660122
v 0.293877 2.636577 -1.585974
v 0.196988 2.616039 -1.577972
v 0.092530 2.565198 -1.551923
v -0.015485 2.486006 -1.508827
v -0.122904 2.381509 -1.450341
v -0.225601 2.255721 -1.378711
v -0.319627 2.113477 -1.296692
v -0.401371 1.960242 -1.207434
v -0.467690 1.801906 -1.114368
v -0.516036 1.644553 -1.021070
v -0.544551 1.494230 -0.931126
v -0.552139 1.356715 -0.847992
v -0.538509 1.237291 -0.774863
v -0.504184 1.140548 -0.714550
v -0.450484 1.070205 -0.669369
v 0.287204 2.634772 -1.594478
v 0.183899 2.612497 -1.594655
v 0.073527 2.560055 -1.576142
v -0.039671 2.479461 -1.539653
v -0.151344 2.373813 -1.486588
v -0.257201 2.247170 -1.418987
v -0.353174 2.104398 -1.339448
v -0.435575 1.950986 -1.251027
v -0.501237 1.792828 -1.157124
v -0.547637 1.636002 -1.061345
v -0.572991 1.486535 -0.967373
v -0.576325 1.350170 -0.878818
v -0.557512 1.232149 -0.799083
v -0.517274 1.137007 -0.731233
v -0.457157 1.068399 -0.677874
v 0.283797 2.632040 -1.601913
v 0.177215 2.607139 -1.609239
v 0.063824 2.552277 -1.597315
v -0.052021 2.469561 -1.566601
v -0.165866 2.362171 -1.518275
v -0.273337 2.234235 -1.454196
v -0.370304 2.090667 -1.376826
v -0.453040 1.936985 -1.289138
v -0.518367 1.779095 -1.194502
v -0.563772 1.623066 -1.096555
v -0.587512 1.474893 -0.999060
v -0.588675 1.340269 -0.905766
v -0.567215 1.224370 -0.820256
v -0.523957 1.131648 -0.745817
v -0.460565 1.065668 -0.685309
v 0.283786 2.628488 -1.607993
v 0.177194 2.600170 -1.621164
v -0.052060 2.456685 -1.588636
v -0.273388 2.217411 -1.482986
v -0.563824 1.606243 -1.125345
v -0.588714 1.327394 -0.927801
v -0.567246 1.214254 -0.837569
v -0.523979 1.124680 -0.757742
v -0.460575 1.062115 -0.691389
v 1.876315 0.068449 -1.241673
v 1.876315 -0.058729 -1.480888
v 1.876315 -0.224895 -1.610351
v 1.876315 -0.314824 -1.627011
v 1.876315 -0.404752 -1.610351
v 1.876315 -0.570918 -1.480888
v 1.894987 0.137277 -0.925874
v 1.912943 0.111046 -1.085399
v 1.929490 0.068449 -1.232418
v 1.943994 0.011123 -1.361281
v 1.955897 -0.058729 -1.467036
v 1.964742 -0.138422 -1.545619
v 1.970188 -0.224895 -1.594011
v 1.972027 -0.314824 -1.610351
v 1.970188 -0.404752 -1.594011
v 1.964742 -0.491225 -1.545619
v 1.955897 -0.570918 -1.467036
v 1.943994 -0.640770 -1.361281
v 1.929490 -0.698096 -1.232418
v 1.912943 -0.740693 -1.085399
v 1.894987 -0.766924 -0.925874
v 1.912943 0.137277 -0.916248
v 1.948162 0.111046 -1.066517
v 1.980621 0.068449 -1.205006
v 2.009072 0.011123 -1.326393
v 2.032420 -0.058729 -1.426012
v 2.049770 -0.138422 -1.500036
v 2.060454 -0.224895 -1.545619
v 2.064061 -0.314824 -1.561011
v 2.060454 -0.404752 -1.545619
v 2.049770 -0.491225 -1.500036
v 2.032420 -0.570918 -1.426012
v 2.009072 -0.640770 -1.326393
v 1.980621 -0.698096 -1.205006
v 1.948162 -0.740693 -1.066517
v 1.912943 -0.766924 -0.916248
v 1.929490 0.137277 -0.900617
v 1.980621 0.111046 -1.035856
v 2.027744 0.068449 -1.160492
v 2.069047 0.011123 -1.269737
v 2.102944 -0.058729 -1.359392
v 2.128132 -0.138422 -1.426012
v 2.143643 -0.224895 -1.467036
v 2.148880 -0.314824 -1.480888
v 2.143643 -0.404752 -1.467036
v 2.128132 -0.491225 -1.426012
v 2.102944 -0.570918 -1.359392
v 2.069047 -0.640770 -1.269737
v 2.027744 -0.698096 -1.160492
v 1.980621 -0.740693 -1.035856
v 1.929490 -0.766924 -0.900617
v 1.943994 0.137277 -0.879581
v 2.009072 0.111046 -0.994592
v 2.069047 0.068449 -1.100587
v 2.121617 0.011123 -1.193492
v 2.164760 -0.058729 -1.269737
v 2.196817 -0.138422 -1.326393
v 2.216558 -0.224895 -1.361281
v 2.223224 -0.314824 -1.373061
v 2.216558 -0.404752 -1.361281
v 2.196817 -0.491225 -1.326393
v 2.164760 -0.570918 -1.269737
v 2.121617 -0.640770 -1.193492
v 2.069047 -0.698096 -1.100587
v 2.009072 -0.740693 -0.994592
v 1.943994 -0.766924 -0.879581
v 1.955897 0.137277 -0.853949
v 2.032420 0.111046 -0.944312
v 2.102944 0.068449 -1.027592
v 2.164760 0.011123 -1.100587
v 2.215490 -0.058729 -1.160492
v 2.253186 -0.138422 -1.205006
v 2.276399 -0.224895 -1.232418
v 2.284237 -0.314824 -1.241673
v 2.276399 -0.404752 -1.232418
v 2.253186 -0.491225 -1.205006
v 2.215490 -0.570918 -1.160492
v 2.164760 -0.640770 -1.100587
v 2.102944 -0.698096 -1.027592
v 2.032420 -0.740693 -0.944312
v 1.955897 -0.766924 -0.853949
v 1.876315 0.146134 -0.759974
v 1.964742 0.137277 -0.824705
v 2.049770 0.111046 -0.886948
v 2.128132 0.068449 -0.944312
v 2.196817 0.011123 -0.994592
v 2.253186 -0.058729 -1.035856
v 2.295072 -0.138422 -1.066517
v 2.320864 -0.224895 -1.085399
v 2.329574 -0.314824 -1.091774
v 2.320864 -0.404752 -1.085399
v 2.295072 -0.491225 -1.066517
v 2.253186 -0.570918 -1.035856
v 2.196817 -0.640770 -0.994592
v 2.128132 -0.698096 -0.944312
v 2.049770 -0.740693 -0.886948
v 1.964742 -0.766924 -0.824705
v 1.970188 0.137277 -0.792973
v 2.060454 0.111046 -0.824705
v 2.143643 0.068449 -0.853949
v 2.216558 0.011123 -0.879581
v 2.276399 -0.058729 -0.900617
v 2.320864 -0.138422 -0.916248
v 2.348246 -0.224895 -0.925874
v 2.357492 -0.314824 -0.929124
v 2.348246 -0.404752 -0.925874
v 2.320864 -0.491225 -0.916248
v 2.276399 -0.570918 -0.900617
v 2.216558 -0.640770 -0.879581
v 2.143643 -0.698096 -0.853949
v 2.060454 -0.740693 -0.824705
v 1.970188 -0.766924 -0.792973
v 1.972027 0.137277 -0.759974
v 2.064061 0.111046 -0.759974
v 2.148880 0.068449 -0.759974
v 2.223224 0.011123 -0.759974
v 2.284237 -0.058729 -0.759974
v 2.329574 -0.138422 -0.759974
v 2.357492 -0.224895 -0.759974
v 2.366919 -0.314824 -0.759974
v 2.357492 -0.404752 -0.759974
v 2.329574 -0.491225 -0.759974
v 2.284237 -0.570918 -0.759974
v 2.223224 -0.640770 -0.759974
v 2.148880 -0.698096 -0.759974
v 2.064061 -0.740693 -0.759974
v 1.972027 -0.766924 -0.759974
v 1.970188 0.137277 -0.726974
v 2.060454 0.111046 -0.695242
v 2.143643 0.068449 -0.665999
v 2.216558 0.011123 -0.640366
v 2.276399 -0.058729 -0.619330
v 2.320864 -0.138422 -0.603699
v 2.348246 -0.224895 -0.594073
v 2.357492 -0.314824 -0.590823
v 2.348246 -0.404752 -0.594073
v 2.320864 -0.491225 -0.603699
v 2.276399 -0.570918 -0.619330
v 2.216558 -0.640770 -0.640366
v 2.143643 -0.698096 -0.665999
v 2.060454 -0.740693 -0.695242
v 1.970188 -0.766924 -0.726974
v 1.964742 0.137277 -0.695243
v 2.049770 0.111046 -0.632999
v 2.128132 0.068449 -0.575635
v 2.196817 0.011123 -0.525355
v 2.253186 -0.058729 -0.484091
v 2.295072 -0.138422 -0.453430
v 2.320864 -0.224895 -0.434548
v 2.329574 -0.314824 -0.428173
v 2.320864 -0.404752 -0.434548
v 2.295072 -0.491225 -0.453430
v 2.253186 -0.570918 -0.484091
v 2.196817 -0.640770 -0.525355
v 2.128132 -0.698096 -0.575635
v 2.049770 -0.740693 -0.632999
v 1.964742 -0.766924 -0.695243
v 1.955897 0.137277 -0.665999
v 2.032420 0.111046 -0.575635
v 2.102944 0.068449 -0.492356
v 2.164760 0.011123 -0.419360
v 2.215490 -0.058729 -0.359455
v 2.253186 -0.138422 -0.314941
v 2.276399 -0.224895 -0.287529
v 2.284237 -0.314824 -0.278274
v 2.276399 -0.404752 -0.287529
v 2.253186 -0.491225 -0.314941
v 2.215490 -0.570918 -0.359455
v 2.164760 -0.640770 -0.419360
v 2.102944 -0.698096 -0.492356
v 2.032420 -0.740693 -0.575635
v 1.955897 -0.766924 -0.665999
v 1.943994 0.137277 -0.640366
v 2.009072 0.111046 -0.525355
v 2.069047 0.068449 -0.419360
v 2.121617 0.011123 -0.326455
v 2.164760 -0.058729 -0.250210
v 2.196817 -0.138422 -0.193555
v 2.216558 -0.224895 -0.158666
v 2.223224 -0.314824 -0.146886
v 2.216558 -0.404752 -0.158666
v 2.196817 -0.491225 -0.193555
v 2.164760 -0.570918 -0.250210
v 2.121617 -0.640770 -0.326455
v 2.069047 -0.698096 -0.419360
v 2.009072 -0.740693 -0.525355
v 1.943994 -0.766924 -0.640366
v 1.929490 0.137277 -0.619330
v 1.980621 0.111046 -0.484091
v 2.027744 0.068449 -0.359455
v 2.069047 0.011123 -0.250210
v 2.102944 -0.058729 -0.160555
v 2.128132 -0.138422 -0.093935
v 2.143643 -0.224895 -0.052911
v 2.148880 -0.314824 -0.039059
v 2.143643 -0.404752 -0.052911
v 2.128132 -0.491225 -0.093935
v 2.102944 -0.570918 -0.160555
v 2.069047 -0.640770 -0.250210
v 2.027744 -0.698096 -0.359455
v 1.980621 -0.740693 -0.484091
v 1.929490 -0.766924 -0.619330
v 1.912943 0.137277 -0.603699
v 1.948162 0.111046 -0.453430
v 1.980621 0.068449 -0.314941
v 2.009072 0.011123 -0.193555
v 2.032420 -0.058729 -0.093935
v 2.049770 -0.138422 -0.019911
v 2.060453 -0.224895 0.025672
v 2.064061 -0.314824 0.041064
v 2.060453 -0.404752 0.025672
v 2.049770 -0.491225 -0.019911
v 2.032420 -0.570918 -0.093935
v 2.009072 -0.640770 -0.193555
v 1.980621 -0.698096 -0.314941
v 1.948162 -0.740693 -0.453430
v 1.912943 -0.766924 -0.603699
v 1.894987 0.137277 -0.594073
v 1.912943 0.111046 -0.434548
v 1.929490 0.068449 -0.287530
v 1.943994 0.011123 -0.158666
v 1.955897 -0.058729 -0.052911
v 1.964742 -0.138422 0.025672
v 1.970188 -0.224895 0.074063
v 1.972027 -0.314824 0.090403
v 1.970188 -0.404752 0.074063
v 1.964742 -0.491225 0.025672
v 1.955897 -0.570918 -0.052911
v 1.943994 -0.640770 -0.158666
v 1.929490 -0.698096 -0.287530
v 1.912943 -0.740693 -0.434548
v 1.894987 -0.766924 -0.594073
v 1.876315 0.137277 -0.590823
v 1.876315 0.111046 -0.428173
v 1.876315 0.068449 -0.278274
v 1.876315 0.011123 -0.146886
v 1.876315 -0.058729 -0.039059
v 1.876315 -0.138422 0.041064
v 1.876315 -0.224895 0.090403
v 1.876315 -0.314824 0.107063
v 1.876315 -0.404752 0.090403
v 1.876315 -0.491225 0.041064
v 1.876315 -0.570918 -0.039059
v 1.876315 -0.640770 -0.146886
v 1.876315 -0.698096 -0.278274
v 1.876315 -0.740693 -0.428173
v 1.876315 -0.766924 -0.590823
v 1.857643 0.137277 -0.594073
v 1.839688 0.111046 -0.434548
v 1.823140 0.068449 -0.287530
v 1.808636 0.011123 -0.158666
v 1.796733 -0.058729 -0.052911
v 1.787889 -0.138422 0.025672
v 1.782442 -0.224895 0.074063
v 1.780603 -0.314824 0.090403
v 1.782442 -0.404752 0.074063
v 1.787889 -0.491225 0.025672
v 1.796733 -0.570918 -0.052911
v 1.808636 -0.640770 -0.158666
v 1.823140 -0.698096 -0.287530
v 1.839688 -0.740693 -0.434548
v 1.857643 -0.766924 -0.594073
v 1.839688 0.137277 -0.603699
v 1.804468 0.111046 -0.453430
v 1.772009 0.068449 -0.314941
v 1.743559 0.011123 -0.193555
v 1.720210 -0.058729 -0.093935
v 1.702860 -0.138422 -0.019912
v 1.692176 -0.224895 0.025672
v 1.688569 -0.314824 0.041063
v 1.692176 -0.404752 0.025672
v 1.702860 -0.491225 -0.019912
v 1.720210 -0.570918 -0.093935
v 1.743559 -0.640770 -0.193555
v 1.772009 -0.698096 -0.314941
v 1.804468 -0.740693 -0.453430
v 1.839688 -0.766924 -0.603699
v 1.823140 0.137277 -0.619330
v 1.772009 0.111046 -0.484092
v 1.724886 0.068449 -0.359455
v 1.683583 0.011123 -0.250210
v 1.649686 -0.058729 -0.160555
v 1.624498 -0.138422 -0.093935
v 1.608987 -0.224895 -0.052911
v 1.603750 -0.314824 -0.039059
v 1.608987 -0.404752 -0.052911
v 1.624498 -0.491225 -0.093935
v 1.649686 -0.570918 -0.160555
v 1.683583 -0.640770 -0.250210
v 1.724886 -0.698096 -0.359455
v 1.772009 -0.740693 -0.484092
v 1.823140 -0.766924 -0.619330
v 1.808636 0.137277 -0.640366
v 1.743559 0.111046 -0.525355
v 1.683583 0.068449 -0.419361
v 1.631013 0.011123 -0.326455
v 1.587870 -0.058729 -0.250210
v 1.555813 -0.138422 -0.193555
v 1.536072 -0.224895 -0.158667
v 1.529406 -0.314824 -0.146887
v 1.536072 -0.404752 -0.158667
v 1.555813 -0.491225 -0.193555
v 1.587870 -0.570918 -0.250210
v 1.631013 -0.640770 -0.326455
v 1.683583 -0.698096 -0.419361
v 1.743559 -0.740693 -0.525355
v 1.808636 -0.766924 -0.640366
v 1.876315 -0.775782 -0.759974
v 1.796733 0.137277 -0.665999
v 1.720210 0.111046 -0.575635
v 1.649686 0.068449 -0.492356
v 1.587870 0.011123 -0.419360
v 1.537140 -0.058729 -0.359455
v 1.499444 -0.138422 -0.314941
v 1.476231 -0.224895 -0.287530
v 1.468393 -0.314824 -0.278274
v 1.476231 -0.404752 -0.287530
v 1.499444 -0.491225 -0.314941
v 1.537140 -0.570918 -0.359455
v 1.587870 -0.640770 -0.419360
v 1.649686 -0.698096 -0.492356
v 1.720210 -0.740693 -0.575635
v 1.796733 -0.766924 -0.665999
v 1.787889 0.137277 -0.695243
v 1.702860 0.111046 -0.632999
v 1.624498 0.068449 -0.575635
v 1.555813 0.011123 -0.525355
v 1.499444 -0.058729 -0.484092
v 1.457559 -0.138422 -0.453430
v 1.431766 -0.224895 -0.434549
v 1.423056 -0.314824 -0.428174
v 1.431766 -0.404752 -0.434549
v 1.457559 -0.491225 -0.453430
v 1.499444 -0.570918 -0.484092
v 1.555813 -0.640770 -0.525355
v 1.624498 -0.698096 -0.575635
v 1.702860 -0.740693 -0.632999
v 1.787889 -0.766924 -0.695243
v 1.782442 0.137277 -0.726974
v 1.692177 0.111046 -0.695243
v 1.608988 0.068449 -0.665999
v 1.536072 0.011123 -0.640366
v 1.476231 -0.058729 -0.619330
v 1.431766 -0.138422 -0.603699
v 1.404384 -0.224895 -0.594074
v 1.395138 -0.314824 -0.590824
v 1.404384 -0.404752 -0.594074
v 1.431766 -0.491225 -0.603699
v 1.476231 -0.570918 -0.619330
v 1.536072 -0.640770 -0.640366
v 1.608988 -0.698096 -0.665999
v 1.692177 -0.740693 -0.695243
v 1.782442 -0.766924 -0.726974
v 1.780603 0.137277 -0.759974
v 1.688569 0.111046 -0.759974
v 1.603750 0.068449 -0.759974
v 1.529406 0.011123 -0.759974
v 1.468393 -0.058729 -0.759974
v 1.423056 -0.138422 -0.759974
v 1.395138 -0.224895 -0.759974
v 1.385712 -0.314824 -0.759974
v 1.395138 -0.404752 -0.759974
v 1.423056 -0.491225 -0.759974
v 1.468393 -0.570918 -0.759974
v 1.529406 -0.640770 -0.759974
v 1.603750 -0.698096 -0.759974
v 1.688569 -0.740693 -0.759974
v 1.780603 -0.766924 -0.759974
v 1.782442 0.137277 -0.792973
v 1.692177 0.111046 -0.824705
v 1.608988 0.068449 -0.853949
v 1.536072 0.011123 -0.879581
v 1.476231 -0.058729 -0.900617
v 1.431766 -0.138422 -0.916248
v 1.404384 -0.224895 -0.925874
v 1.395139 -0.314824 -0.929124
v 1.404384 -0.404752 -0.925874
v 1.431766 -0.491225 -0.916248
v 1.476231 -0.570918 -0.900617
v 1.536072 -0.640770 -0.879581
v 1.608988 -0.698096 -0.853949
v 1.692177 -0.740693 -0.824705
v 1.782442 -0.766924 -0.792973
v 1.787889 0.137277 -0.824705
v 1.702860 0.111046 -0.886948
v 1.624498 0.068449 -0.944312
v 1.555813 0.011123 -0.994592
v 1.499444 -0.058729 -1.035856
v 1.457559 -0.138422 -1.066517
v 1.431766 -0.224895 -1.085399
v 1.423057 -0.314824 -1.091774
v 1.431766 -0.404752 -1.085399
v 1.457559 -0.491225 -1.066517
v 1.499444 -0.570918 -1.035856
v 1.555813 -0.640770 -0.994592
v 1.624498 -0.698096 -0.944312
v 1.702860 -0.740693 -0.886948
v 1.787889 -0.766924 -0.824705
v 1.796733 0.137277 -0.853949
v 1.720210 0.111046 -0.944312
v 1.649686 0.068449 -1.027592
v 1.587870 0.011123 -1.100587
v 1.537140 -0.058729 -1.160492
v 1.499444 -0.138422 -1.205006
v 1.476231 -0.224895 -1.232418
v 1.468393 -0.314824 -1.241673
v 1.476231 -0.404752 -1.232418
v 1.499444 -0.491225 -1.205006
v 1.537140 -0.570918 -1.160492
v 1.587870 -0.640770 -1.100587
v 1.649686 -0.698096 -1.027592
v 1.720210 -0.740693 -0.944312
v 1.796733 -0.766924 -0.853949
v 1.808636 0.137277 -0.879581
v 1.743559 0.111046 -0.994592
v 1.683583 0.068449 -1.100587
v 1.631013 0.011123 -1.193492
v 1.587871 -0.058729 -1.269737
v 1.555813 -0.138422 -1.326393
v 1.536072 -0.224895 -1.361281
v 1.529406 -0.314824 -1.373061
v 1.536072 -0.404752 -1.361281
v 1.555813 -0.491225 -1.326393
v 1.587871 -0.570918 -1.269737
v 1.631013 -0.640770 -1.193492
v 1.683583 -0.698096 -1.100587
v 1.743559 -0.740693 -0.994592
v 1.808636 -0.766924 -0.879581
v 1.823140 0.137277 -0.900617
v 1.772009 0.111046 -1.035856
v 1.724886 0.068449 -1.160492
v 1.683583 0.011123 -1.269737
v 1.649686 -0.058729 -1.359392
v 1.624498 -0.138422 -1.426012
v 1.608988 -0.224895 -1.467036
v 1.603751 -0.314824 -1.480888
v 1.608988 -0.404752 -1.467036
v 1.624498 -0.491225 -1.426012
v 1.649686 -0.570918 -1.359392
v 1.683583 -0.640770 -1.269737
v 1.724886 -0.698096 -1.160492
v 1.772009 -0.740693 -1.035856
v 1.823140 -0.766924 -0.900617
v 1.839688 0.137277 -0.916248
v 1.804468 0.111046 -1.066517
v 1.772009 0.068449 -1.205006
v 1.743559 0.011123 -1.326393
v 1.720210 -0.058729 -1.426012
v 1.702861 -0.138422 -1.500036
v 1.692177 -0.224895 -1.545619
v 1.688569 -0.314824 -1.561010
v 1.692177 -0.404752 -1.545619
v 1.702861 -0.491225 -1.500036
v 1.720210 -0.570918 -1.426012
v 1.743559 -0.640770 -1.326393
v 1.772009 -0.698096 -1.205006
v 1.804468 -0.740693 -1.066517
v 1.839688 -0.766924 -0.916248
v 1.857643 0.137277 -0.925874
v 1.839688 0.111046 -1.085399
v 1.823140 0.068449 -1.232417
v 1.808636 0.011123 -1.361281
v 1.796733 -0.058729 -1.467036
v 1.787889 -0.138422 -1.545619
v 1.782442 -0.224895 -1.594010
v 1.780603 -0.314824 -1.610350
v 1.782442 -0.404752 -1.594010
v 1.787889 -0.491225 -1.545619
v 1.796733 -0.570918 -1.467036
v 1.808636 -0.640770 -1.361281
v 1.823140 -0.698096 -1.232417
v 1.839688 -0.740693 -1.085399
v 1.857643 -0.766924 -0.925874
v 1.876315 0.137277 -0.929124
v 1.876315 0.111046 -1.091774
v 1.876315 0.011123 -1.373061
v 1.876315 -0.138422 -1.561011
v 1.876315 -0.491225 -1.561011
v 1.876315 -0.640770 -1.373061
v 1.876315 -0.698096 -1.241673
v 1.876315 -0.740693 -1.091774
v 1.876315 -0.766924 -0.929124
v 1.249371 0.773054 -1.261546
v 1.249371 0.497154 -1.537445
v 1.249371 0.136674 -1.686761
v 1.249371 -0.058416 -1.705976
v 1.249371 -0.253506 -1.686761
v 1.249371 -0.613986 -1.537445
v 1.287431 0.922369 -0.897317
v 1.324029 0.865463 -1.081306
v 1.357758 0.773054 -1.250871
v 1.387321 0.648691 -1.399495
v 1.411583 0.497154 -1.521469
v 1.429611 0.324267 -1.612103
v 1.440713 0.136674 -1.667915
v 1.444462 -0.058416 -1.686761
v 1.440713 -0.253506 -1.667915
v 1.429611 -0.441100 -1.612103
v 1.411583 -0.613986 -1.521469
v 1.387321 -0.765523 -1.399495
v 1.357758 -0.889886 -1.250871
v 1.324029 -0.982296 -1.081306
v 1.287431 -1.039201 -0.897317
v 1.324029 0.922369 -0.886215
v 1.395818 0.865463 -1.059529
v 1.461979 0.773054 -1.219256
v 1.519969 0.648691 -1.359257
v 1.567561 0.497154 -1.474153
v 1.602925 0.324267 -1.559529
v 1.624701 0.136674 -1.612103
v 1.632055 -0.058416 -1.629855
v 1.624701 -0.253506 -1.612103
v 1.602925 -0.441100 -1.559529
v 1.567561 -0.613986 -1.474153
v 1.519969 -0.765523 -1.359257
v 1.461979 -0.889886 -1.219256
v 1.395818 -0.982296 -1.059529
v 1.324029 -1.039201 -0.886215
v 1.357758 0.922369 -0.868187
v 1.461979 0.865463 -1.024165
v 1.558030 0.773054 -1.167915
v 1.642219 0.648691 -1.293913
v 1.711311 0.497154 -1.397317
v 1.762651 0.324267 -1.474153
v 1.794266 0.136674 -1.521469
v 1.804942 -0.058416 -1.537445
v 1.794266 -0.253506 -1.521469
v 1.762651 -0.441100 -1.474153
v 1.711311 -0.613986 -1.397317
v 1.642219 -0.765523 -1.293913
v 1.558030 -0.889886 -1.167915
v 1.461979 -0.982296 -1.024165
v 1.357758 -1.039201 -0.868187
v 1.387321 0.922369 -0.843925
v 1.519969 0.865463 -0.976574
v 1.642219 0.773054 -1.098823
v 1.749371 0.648691 -1.205976
v 1.837309 0.497154 -1.293913
v 1.902653 0.324267 -1.359257
v 1.942891 0.136674 -1.399495
v 1.956478 -0.058416 -1.413082
v 1.942891 -0.253506 -1.399495
v 1.902653 -0.441100 -1.359257
v 1.837309 -0.613986 -1.293913
v 1.749371 -0.765523 -1.205976
v 1.642219 -0.889886 -1.098823
v 1.519969 -0.982296 -0.976574
v 1.387321 -1.039201 -0.843925
v 1.411583 0.922369 -0.814362
v 1.567561 0.865463 -0.918583
v 1.711311 0.773054 -1.014634
v 1.837309 0.648691 -1.098823
v 1.940713 0.497154 -1.167915
v 2.017549 0.324267 -1.219256
v 2.064864 0.136674 -1.250871
v 2.080841 -0.058416 -1.261546
v 2.064864 -0.253506 -1.250871
v 2.017549 -0.441100 -1.219256
v 1.940713 -0.613986 -1.167915
v 1.837309 -0.765523 -1.098823
v 1.711311 -0.889886 -1.014634
v 1.567561 -0.982296 -0.918583
v 1.411583 -1.039201 -0.814362
v 1.249371 0.941584 -0.705976
v 1.429611 0.922369 -0.780633
v 1.602925 0.865463 -0.852422
v 1.762651 0.773054 -0.918583
v 1.902653 0.648691 -0.976574
v 2.017549 0.497154 -1.024165
v 2.102924 0.324267 -1.059529
v 2.155499 0.136674 -1.081306
v 2.173251 -0.058416 -1.088659
v 2.155499 -0.253506 -1.081306
v 2.102924 -0.441100 -1.059529
v 2.017549 -0.613986 -1.024165
v 1.902653 -0.765523 -0.976574
v 1.762651 -0.889886 -0.918583
v 1.602925 -0.982296 -0.852422
v 1.429611 -1.039201 -0.780633
v 1.440713 0.922369 -0.744036
v 1.624701 0.865463 -0.780633
v 1.794266 0.773054 -0.814362
v 1.942891 0.648691 -0.843925
v 2.064864 0.497154 -0.868187
v 2.155499 0.324267 -0.886216
v 2.211311 0.136674 -0.897317
v 2.230156 -0.058416 -0.901066
v 2.211311 -0.253506 -0.897317
v 2.155499 -0.441100 -0.886216
v 2.064864 -0.613986 -0.868187
v 1.942891 -0.765523 -0.843925
v 1.794266 -0.889886 -0.814362
v 1.624701 -0.982296 -0.780633
v 1.440713 -1.039201 -0.744036
v 1.444462 0.922369 -0.705976
v 1.632055 0.865463 -0.705976
v 1.804941 0.773054 -0.705976
v 1.956478 0.648691 -0.705976
v 2.080841 0.497154 -0.705976
v 2.173251 0.324267 -0.705976
v 2.230156 0.136674 -0.705976
v 2.249371 -0.058416 -0.705975
v 2.230156 -0.253506 -0.705976
v 2.173251 -0.441100 -0.705976
v 2.080841 -0.613986 -0.705976
v 1.956478 -0.765523 -0.705976
v 1.804941 -0.889886 -0.705976
v 1.632055 -0.982296 -0.705976
v 1.444462 -1.039201 -0.705976
v 1.440713 0.922369 -0.667915
v 1.624701 0.865463 -0.631318
v 1.794266 0.773054 -0.597589
v 1.942891 0.648691 -0.568026
v 2.064864 0.497154 -0.543764
v 2.155499 0.324267 -0.525736
v 2.211311 0.136674 -0.514634
v 2.230156 -0.058416 -0.510885
v 2.211311 -0.253506 -0.514634
v 2.155499 -0.441100 -0.525736
v 2.064864 -0.613986 -0.543764
v 1.942891 -0.765523 -0.568026
v 1.794266 -0.889886 -0.597589
v 1.624701 -0.982296 -0.631318
v 1.440713 -1.039201 -0.667915
v 1.429611 0.922369 -0.631318
v 1.602925 0.865463 -0.559529
v 1.762651 0.773054 -0.493368
v 1.902653 0.648691 -0.435378
v 2.017549 0.497154 -0.387786
v 2.102924 0.324267 -0.352422
v 2.155499 0.136674 -0.330645
v 2.173250 -0.058416 -0.323292
v 2.155499 -0.253506 -0.330645
v 2.102924 -0.441100 -0.352422
v 2.017549 -0.613986 -0.387786
v 1.902653 -0.765523 -0.435378
v 1.762651 -0.889886 -0.493368
v 1.602925 -0.982296 -0.559529
v 1.429611 -1.039201 -0.631318
v 1.411583 0.922369 -0.597589
v 1.567561 0.865463 -0.493368
v 1.711311 0.773054 -0.397317
v 1.837309 0.648691 -0.313128
v 1.940713 0.497154 -0.244036
v 2.017549 0.324267 -0.192696
v 2.064864 0.136674 -0.161081
v 2.080841 -0.058416 -0.150405
v 2.064864 -0.253506 -0.161081
v 2.017549 -0.441100 -0.192696
v 1.940713 -0.613986 -0.244036
v 1.837309 -0.765523 -0.313128
v 1.711311 -0.889886 -0.397317
v 1.567561 -0.982296 -0.493368
v 1.411583 -1.039201 -0.597589
v 1.387321 0.922369 -0.568026
v 1.519969 0.865463 -0.435378
v 1.642219 0.773054 -0.313128
v 1.749371 0.648691 -0.205976
v 1.837309 0.497154 -0.118038
v 1.902653 0.324267 -0.052694
v 1.942891 0.136674 -0.012456
v 1.956478 -0.058416 0.001131
v 1.942891 -0.253506 -0.012456
v 1.902653 -0.441100 -0.052694
v 1.837309 -0.613986 -0.118038
v 1.749371 -0.765523 -0.205976
v 1.642219 -0.889886 -0.313128
v 1.519969 -0.982296 -0.435378
v 1.387321 -1.039201 -0.568026
v 1.357758 0.922369 -0.543764
v 1.461979 0.865463 -0.387786
v 1.558029 0.773054 -0.244036
v 1.642219 0.648691 -0.118038
v 1.711311 0.497154 -0.014634
v 1.762651 0.324267 0.062202
v 1.794266 0.136674 0.109517
v 1.804941 -0.058416 0.125494
v 1.794266 -0.253506 0.109517
v 1.762651 -0.441100 0.062202
v 1.711311 -0.613986 -0.014634
v 1.642219 -0.765523 -0.118038
v 1.558029 -0.889886 -0.244036
v 1.461979 -0.982296 -0.387786
v 1.357758 -1.039201 -0.543764
v 1.324029 0.922369 -0.525736
v 1.395818 0.865463 -0.352422
v 1.461979 0.773054 -0.192696
v 1.519969 0.648691 -0.052694
v 1.567561 0.497154 0.062202
v 1.602925 0.324267 0.147578
v 1.624701 0.136674 0.200152
v 1.632054 -0.058416 0.217904
v 1.624701 -0.253506 0.200152
v 1.602925 -0.441100 0.147578
v 1.567561 -0.613986 0.062202
v 1.519969 -0.765523 -0.052694
v 1.461979 -0.889886 -0.192696
v 1.395818 -0.982296 -0.352422
v 1.324029 -1.039201 -0.525736
v 1.287431 0.922369 -0.514634
v 1.324029 0.865463 -0.330645
v 1.357757 0.773054 -0.161081
v 1.387321 0.648691 -0.012456
v 1.411583 0.497154 0.109517
v 1.429611 0.324267 0.200152
v 1.440713 0.136674 0.255964
v 1.444461 -0.058416 0.274809
v 1.440713 -0.253506 0.255964
v 1.429611 -0.441100 0.200152
v 1.411583 -0.613986 0.109517
v 1.387321 -0.765523 -0.012456
v 1.357757 -0.889886 -0.161081
v 1.324029 -0.982296 -0.330645
v 1.287431 -1.039201 -0.514634
v 1.249371 0.922369 -0.510885
v 1.249371 0.865463 -0.323292
v 1.249371 0.773054 -0.150406
v 1.249371 0.648691 0.001131
v 1.249371 0.497154 0.125494
v 1.249371 0.324267 0.217904
v 1.249371 0.136674 0.274809
v 1.249371 -0.058416 0.294024
v 1.249371 -0.253506 0.274809
v 1.249371 -0.441100 0.217904
v 1.249371 -0.613986 0.125494
v 1.249371 -0.765523 0.001131
v 1.249371 -0.889886 -0.150406
v 1.249371 -0.982296 -0.323292
v 1.249371 -1.039201 -0.510885
v 1.211311 0.922369 -0.514634
v 1.174713 0.865463 -0.330645
v 1.140985 0.773054 -0.161081
v 1.111422 0.648691 -0.012456
v 1.087160 0.497154 0.109517
v 1.069131 0.324267 0.200152
v 1.058030 0.136674 0.255964
v 1.054281 -0.058416 0.274809
v 1.058030 -0.253506 0.255964
v 1.069131 -0.441100 0.200152
v 1.087160 -0.613986 0.109517
v 1.111422 -0.765523 -0.012456
v 1.140985 -0.889886 -0.161081
v 1.174713 -0.982296 -0.330645
v 1.211311 -1.039201 -0.514634
v 1.174714 0.922369 -0.525736
v 1.102925 0.865463 -0.352422
v 1.036764 0.773054 -0.192696
v 0.978773 0.648691 -0.052694
v 0.931182 0.497154 0.062202
v 0.895818 0.324267 0.147578
v 0.874041 0.136674 0.200151
v 0.866688 -0.058416 0.217903
v 0.874041 -0.253506 0.200151
v 0.895818 -0.441100 0.147578
v 0.931182 -0.613986 0.062202
v 0.978773 -0.765523 -0.052694
v 1.036764 -0.889886 -0.192696
v 1.102925 -0.982296 -0.352422
v 1.174714 -1.039201 -0.525736
v 1.140985 0.922369 -0.543764
v 1.036764 0.865463 -0.387786
v 0.940713 0.773054 -0.244036
v 0.856524 0.648691 -0.118038
v 0.787432 0.497154 -0.014634
v 0.736092 0.324267 0.062202
v 0.704476 0.136674 0.109517
v 0.693801 -0.058416 0.125493
v 0.704476 -0.253506 0.109517
v 0.736092 -0.441100 0.062202
v 0.787432 -0.613986 -0.014634
v 0.856524 -0.765523 -0.118038
v 0.940713 -0.889886 -0.244036
v 1.036764 -0.982296 -0.387786
v 1.140985 -1.039201 -0.543764
v 1.111422 0.922369 -0.568026
v 0.978773 0.865463 -0.435378
v 0.856524 0.773054 -0.313128
v 0.749372 0.648691 -0.205976
v 0.661434 0.497154 -0.118038
v 0.596090 0.324267 -0.052694
v 0.555852 0.136674 -0.012456
v 0.542265 -0.058416 0.001130
v 0.555852 -0.253506 -0.012456
v 0.596090 -0.441100 -0.052694
v 0.661434 -0.613986 -0.118038
v 0.749372 -0.765523 -0.205976
v 0.856524 -0.889886 -0.313128
v 0.978773 -0.982296 -0.435378
v 1.111422 -1.039201 -0.568026
v 1.249371 -1.058416 -0.705976
v 1.087160 0.922369 -0.597589
v 0.931182 0.865463 -0.493368
v 0.787432 0.773054 -0.397318
v 0.661434 0.648691 -0.313128
v 0.558030 0.497154 -0.244036
v 0.481194 0.324267 -0.192696
v 0.433878 0.136674 -0.161081
v 0.417902 -0.058416 -0.150406
v 0.433878 -0.253506 -0.161081
v 0.481194 -0.441100 -0.192696
v 0.558030 -0.613986 -0.244036
v 0.661434 -0.765523 -0.313128
v 0.787432 -0.889886 -0.397318
v 0.931182 -0.982296 -0.493368
v 1.087160 -1.039201 -0.597589
v 1.069131 0.922369 -0.631318
v 0.895818 0.865463 -0.559529
v 0.736092 0.773054 -0.493368
v 0.596090 0.648691 -0.435378
v 0.481194 0.497154 -0.387786
v 0.395818 0.324267 -0.352422
v 0.343244 0.136674 -0.330646
v 0.325493 -0.058416 -0.323293
v 0.343244 -0.253506 -0.330646
v 0.395818 -0.441100 -0.352422
v 0.481194 -0.613986 -0.387786
v 0.596090 -0.765523 -0.435378
v 0.736092 -0.889886 -0.493368
v 0.895818 -0.982296 -0.559529
v 1.069131 -1.039201 -0.631318
v 1.058030 0.922369 -0.667915
v 0.874041 0.865463 -0.631318
v 0.704477 0.773054 -0.597589
v 0.555852 0.648691 -0.568026
v 0.433879 0.497154 -0.543764
v 0.343244 0.324267 -0.525736
v 0.287432 0.136674 -0.514634
v 0.268587 -0.058416 -0.510886
v 0.287432 -0.253506 -0.514634
v 0.343244 -0.441100 -0.525736
v 0.433879 -0.613986 -0.543764
v 0.555852 -0.765523 -0.568026
v 0.704477 -0.889886 -0.597589
v 0.874041 -0.982296 -0.631318
v 1.058030 -1.039201 -0.667915
v 1.054281 0.922369 -0.705976
v 0.866688 0.865463 -0.705976
v 0.693802 0.773054 -0.705976
v 0.542265 0.648691 -0.705976
v 0.417902 0.497154 -0.705976
v 0.325492 0.324267 -0.705976
v 0.268587 0.136674 -0.705976
v 0.249372 -0.058416 -0.705976
v 0.268587 -0.253506 -0.705976
v 0.325492 -0.441100 -0.705976
v 0.417902 -0.613986 -0.705976
v 0.542265 -0.765523 -0.705976
v 0.693802 -0.889886 -0.705976
v 0.866688 -0.982296 -0.705976
v 1.054281 -1.039201 -0.705976
v 1.058030 0.922369 -0.744036
v 0.874041 0.865463 -0.780633
v 0.704477 0.773054 -0.814362
v 0.555852 0.648691 -0.843925
v 0.433879 0.497154 -0.868187
v 0.343244 0.324267 -0.886215
v 0.287432 0.136674 -0.897317
v 0.268587 -0.058416 -0.901066
v 0.287432 -0.253506 -0.897317
v 0.343244 -0.441100 -0.886215
v 0.433879 -0.613986 -0.868187
v 0.555852 -0.765523 -0.843925
v 0.704477 -0.889886 -0.814362
v 0.874041 -0.982296 -0.780633
v 1.058030 -1.039201 -0.744036
v 1.069131 0.922369 -0.780633
v 0.895818 0.865463 -0.852422
v 0.736092 0.773054 -0.918583
v 0.596090 0.648691 -0.976573
v 0.481194 0.497154 -1.024165
v 0.395818 0.324267 -1.059529
v 0.343244 0.136674 -1.081306
v 0.325493 -0.058416 -1.088659
v 0.343244 -0.253506 -1.081306
v 0.395818 -0.441100 -1.059529
v 0.481194 -0.613986 -1.024165
v 0.596090 -0.765523 -0.976573
v 0.736092 -0.889886 -0.918583
v 0.895818 -0.982296 -0.852422
v 1.069131 -1.039201 -0.780633
v 1.087160 0.922369 -0.814362
v 0.931182 0.865463 -0.918583
v 0.787432 0.773054 -1.014634
v 0.661434 0.648691 -1.098823
v 0.558030 0.497154 -1.167915
v 0.481194 0.324267 -1.219255
v 0.433879 0.136674 -1.250871
v 0.417903 -0.058416 -1.261546
v 0.433879 -0.253506 -1.250871
v 0.481194 -0.441100 -1.219255
v 0.558030 -0.613986 -1.167915
v 0.661434 -0.765523 -1.098823
v 0.787432 -0.889886 -1.014634
v 0.931182 -0.982296 -0.918583
v 1.087160 -1.039201 -0.814362
v 1.111422 0.922369 -0.843925
v 0.978773 0.865463 -0.976573
v 0.856524 0.773054 -1.098823
v 0.749372 0.648691 -1.205976
v 0.661434 0.497154 -1.293913
v 0.596090 0.324267 -1.359257
v 0.555852 0.136674 -1.399495
v 0.542266 -0.058416 -1.413082
v 0.555852 -0.253506 -1.399495
v 0.596090 -0.441100 -1.359257
v 0.661434 -0.613986 -1.293913
v 0.749372 -0.765523 -1.205976
v 0.856524 -0.889886 -1.098823
v 0.978773 -0.982296 -0.976573
v 1.111422 -1.039201 -0.843925
v 1.140985 0.922369 -0.868187
v 1.036764 0.865463 -1.024165
v 0.940714 0.773054 -1.167915
v 0.856524 0.648691 -1.293913
v 0.787432 0.497154 -1.397317
v 0.736092 0.324267 -1.474153
v 0.704477 0.136674 -1.521468
v 0.693802 -0.058416 -1.537445
v 0.704477 -0.253506 -1.521468
v 0.736092 -0.441100 -1.474153
v 0.787432 -0.613986 -1.397317
v 0.856524 -0.765523 -1.293913
v 0.940714 -0.889886 -1.167915
v 1.036764 -0.982296 -1.024165
v 1.140985 -1.039201 -0.868187
v 1.174714 0.922369 -0.886215
v 1.102925 0.865463 -1.059529
v 1.036764 0.773054 -1.219255
v 0.978773 0.648691 -1.359257
v 0.931182 0.497154 -1.474153
v 0.895818 0.324267 -1.559529
v 0.874042 0.136674 -1.612103
v 0.866689 -0.058416 -1.629854
v 0.874042 -0.253506 -1.612103
v 0.895818 -0.441100 -1.559529
v 0.931182 -0.613986 -1.474153
v 0.978773 -0.765523 -1.359257
v 1.036764 -0.889886 -1.219255
v 1.102925 -0.982296 -1.059529
v 1.174714 -1.039201 -0.886215
v 1.211311 0.922369 -0.897317
v 1.174714 0.865463 -1.081306
v 1.140985 0.773054 -1.250870
v 1.111422 0.648691 -1.399495
v 1.087160 0.497154 -1.521468
v 1.069131 0.324267 -1.612103
v 1.058030 0.136674 -1.667915
v 1.054282 -0.058416 -1.686760
v 1.058030 -0.253506 -1.667915
v 1.069131 -0.441100 -1.612103
v 1.087160 -0.613986 -1.521468
v 1.111422 -0.765523 -1.399495
v 1.140985 -0.889886 -1.250870
v 1.174714 -0.982296 -1.081306
v 1.211311 -1.039201 -0.897317
v 1.249371 0.922369 -0.901066
v 1.249371 0.865463 -1.088659
v 1.249371 0.648691 -1.413082
v 1.249371 0.324267 -1.629855
v 1.249371 -0.441100 -1.629855
v 1.249371 -0.765523 -1.413082
v 1.249372 -0.889886 -1.261545
v 1.249371 -0.982296 -1.088659
v 1.249371 -1.039201 -0.901066
vn -0.0135 -0.0940 -0.9955
vn 0.0132 -0.0990 -0.9950
vn 0.2306 -0.1349 -0.9637
vn 0.2111 -0.1320 -0.9685
vn 0.4302 -0.1595 -0.8885
vn 0.4190 -0.1584 -0.8941
vn 0.6022 -0.1726 -0.7794
vn 0.5983 -0.1724 -0.7825
vn 0.7426 -0.1748 -0.6466
vn 0.7438 -0.1748 -0.6452
vn 0.8506 -0.1675 -0.4983
vn 0.8546 -0.1669 -0.4917
vn 0.9278 -0.1517 -0.3407
vn 0.9324 -0.1502 -0.3286
vn 0.9757 -0.1285 -0.1774
vn 0.9790 -0.1257 -0.1603
vn 0.9951 -0.0984 -0.0107
vn 0.9955 -0.0940 0.0109
vn 0.9856 -0.0617 0.1575
vn 0.9816 -0.0556 0.1826
vn 0.9456 -0.0186 0.3249
vn 0.9358 -0.0109 0.3523
vn 0.8724 0.0304 0.4878
vn 0.8559 0.0396 0.5156
vn 0.7635 0.0843 0.6403
vn 0.7400 0.0944 0.6660
vn 0.6176 0.1412 0.7737
vn 0.5884 0.1513 0.7943
vn 0.4375 0.1980 0.8772
vn 0.4055 0.2069 0.8904
vn 0.2313 0.2504 0.9401
vn 0.2009 0.2572 0.9452
vn 0.0127 0.2943 0.9556
vn -0.0119 0.2986 0.9543
vn -0.2023 0.3267 0.9232
vn -0.2185 0.3287 0.9188
vn -0.3994 0.3464 0.8488
vn -0.4072 0.3469 0.8449
vn -0.5694 0.3540 0.7419
vn -0.5705 0.3540 0.7411
vn -0.7083 0.3513 0.6123
vn -0.7051 0.3515 0.6158
vn -0.8157 0.3402 0.4679
vn -0.8106 0.3410 0.4761
vn -0.8931 0.3221 0.3139
vn -0.8879 0.3238 0.3267
vn -0.9420 0.2983 0.1539
vn -0.9382 0.3010 0.1706
vn -0.9630 0.2692 -0.0103
vn -0.9620 0.2730 0.0099
vn -0.9557 0.2351 -0.1771
vn -0.9584 0.2401 -0.1541
vn -0.9181 0.1961 -0.3445
vn -0.9257 0.2022 -0.3195
vn -0.8473 0.1520 -0.5089
vn -0.8608 0.1593 -0.4833
vn -0.7402 0.1033 -0.6644
vn -0.7602 0.1115 -0.6400
vn -0.5953 0.0510 -0.8019
vn -0.6214 0.0597 -0.7812
vn -0.4150 -0.0024 -0.9098
vn -0.4451 0.0059 -0.8955
vn -0.0000 1.0000 -0.0000
vn -0.2075 -0.0537 -0.9768
vn -0.2380 -0.0467 -0.9701
vn -0.0000 -1.0000 -0.0000
vn -0.0000 -0.2342 -0.9722
vn -0.0000 -0.0000 -1.0000
vn 0.2093 -0.0000 -0.9779
vn 0.2035 -0.2335 -0.9508
vn -0.0000 0.9454 -0.3260
vn -0.0000 0.9861 -0.1659
vn 0.0350 0.9861 -0.1626
vn 0.0687 0.9451 -0.3195
vn -0.0000 -0.4483 -0.8939
vn 0.1873 -0.4473 -0.8746
vn -0.0000 0.8749 -0.4843
vn 0.1019 0.8743 -0.4746
vn -0.0000 -0.6289 -0.7775
vn 0.1631 -0.6278 -0.7611
vn -0.0000 0.7707 -0.6372
vn 0.1339 0.7698 -0.6241
vn -0.0000 -0.7707 -0.6372
vn 0.1339 -0.7698 -0.6241
vn -0.0000 0.6289 -0.7775
vn 0.1631 0.6278 -0.7611
vn -0.0000 -0.8749 -0.4843
vn 0.1019 -0.8743 -0.4746
vn -0.0000 0.4483 -0.8939
vn 0.1873 0.4473 -0.8746
vn -0.0000 -0.9454 -0.3260
vn 0.0687 -0.9451 -0.3195
vn -0.0000 0.2342 -0.9722
vn 0.2035 0.2335 -0.9508
vn -0.0000 -0.9861 -0.1659
vn 0.0350 -0.9861 -0.1626
vn 0.1345 -0.9442 -0.3005
vn 0.0687 -0.9858 -0.1530
vn 0.3961 0.2317 -0.8885
vn 0.4071 -0.0000 -0.9134
vn 0.0687 0.9858 -0.1530
vn 0.3961 -0.2317 -0.8885
vn 0.1345 0.9442 -0.3005
vn 0.3649 -0.4443 -0.8182
vn 0.1994 0.8726 -0.4460
vn 0.3183 -0.6246 -0.7131
vn 0.2616 0.7671 -0.5857
vn 0.2616 -0.7671 -0.5857
vn 0.3183 0.6246 -0.7131
vn 0.1994 -0.8726 -0.4460
vn 0.3649 0.4443 -0.8182
vn 0.4585 -0.6199 -0.6368
vn 0.3777 -0.7633 -0.5242
vn 0.3777 0.7633 -0.5242
vn 0.4585 0.6199 -0.6368
vn 0.2884 -0.8700 -0.3999
vn 0.5244 0.4400 -0.7289
vn 0.1949 -0.9430 -0.2699
vn 0.5683 0.2291 -0.7903
vn 0.0995 -0.9855 -0.1374
vn 0.5837 -0.0000 -0.8119
vn 0.0995 0.9855 -0.1374
vn 0.5683 -0.2291 -0.7903
vn 0.1949 0.9430 -0.2699
vn 0.5244 -0.4400 -0.7289
vn 0.2884 0.8700 -0.3999
vn 0.1263 0.9851 -0.1166
vn 0.1263 -0.9851 -0.1166
vn 0.7325 -0.0000 -0.6807
vn 0.7136 -0.2261 -0.6631
vn 0.2474 0.9415 -0.2289
vn 0.6598 -0.4350 -0.6127
vn 0.3656 0.8670 -0.3387
vn 0.5782 -0.6146 -0.5366
vn 0.4776 0.7587 -0.4429
vn 0.4776 -0.7587 -0.4429
vn 0.5782 0.6146 -0.5366
vn 0.3656 -0.8670 -0.3387
vn 0.6598 0.4350 -0.6127
vn 0.2474 -0.9415 -0.2289
vn 0.7136 0.2261 -0.6631
vn 0.5581 0.7543 -0.3458
vn 0.6739 0.6093 -0.4179
vn 0.5581 -0.7543 -0.3458
vn 0.4281 -0.8640 -0.2650
vn 0.7670 0.4302 -0.4760
vn 0.2901 -0.9400 -0.1794
vn 0.8282 0.2231 -0.5141
vn 0.1482 -0.9847 -0.0914
vn 0.8496 -0.0000 -0.5275
vn 0.1482 0.9847 -0.0914
vn 0.8282 -0.2231 -0.5141
vn 0.2901 0.9400 -0.1794
vn 0.7670 -0.4302 -0.4760
vn 0.4281 0.8640 -0.2650
vn 0.6739 -0.6093 -0.4179
vn 0.9333 -0.0000 -0.3592
vn 0.9103 -0.2208 -0.3503
vn 0.1643 0.9844 -0.0628
vn 0.3217 0.9388 -0.1233
vn 0.8443 -0.4263 -0.3248
vn 0.4740 0.8615 -0.1819
vn 0.7432 -0.6050 -0.2857
vn 0.6168 0.7506 -0.2369
vn 0.6168 -0.7506 -0.2369
vn 0.7432 0.6050 -0.2857
vn 0.4740 -0.8615 -0.1819
vn 0.8443 0.4263 -0.3248
vn 0.3217 -0.9388 -0.1233
vn 0.9103 0.2208 -0.3503
vn 0.1643 -0.9844 -0.0628
vn 0.6525 -0.7482 -0.1204
vn 0.5021 -0.8599 -0.0925
vn 0.7851 0.6021 -0.1449
vn 0.8907 0.4237 -0.1645
vn 0.3410 -0.9380 -0.0628
vn 0.9594 0.2192 -0.1773
vn 0.1742 -0.9842 -0.0320
vn 0.9833 -0.0000 -0.1817
vn 0.1742 0.9842 -0.0320
vn 0.9594 -0.2192 -0.1773
vn 0.3410 0.9380 -0.0628
vn 0.8907 -0.4237 -0.1645
vn 0.5021 0.8599 -0.0925
vn 0.7851 -0.6021 -0.1449
vn 0.6525 0.7482 -0.1204
vn 0.1776 0.9841 -0.0000
vn 0.3475 0.9377 -0.0000
vn 0.9758 -0.2187 -0.0000
vn 0.9062 -0.4228 -0.0000
vn 0.5115 0.8593 -0.0000
vn 0.7991 -0.6011 -0.0000
vn 0.6645 0.7473 -0.0000
vn 0.6645 -0.7473 -0.0000
vn 0.7991 0.6011 -0.0000
vn 0.5115 -0.8593 -0.0000
vn 0.9062 0.4228 -0.0000
vn 0.3475 -0.9377 -0.0000
vn 0.9758 0.2187 -0.0000
vn 0.1776 -0.9841 -0.0000
vn 1.0000 -0.0000 -0.0000
vn 0.7851 0.6021 0.1449
vn 0.8907 0.4237 0.1645
vn 0.5021 -0.8599 0.0925
vn 0.3410 -0.9380 0.0628
vn 0.9594 0.2192 0.1773
vn 0.1742 -0.9842 0.0320
vn 0.9833 -0.0000 0.1817
vn 0.1742 0.9842 0.0320
vn 0.9594 -0.2192 0.1773
vn 0.3410 0.9380 0.0628
vn 0.8907 -0.4237 0.1645
vn 0.5021 0.8599 0.0925
vn 0.7851 -0.6021 0.1449
vn 0.6525 0.7482 0.1204
vn 0.6525 -0.7482 0.1204
vn 0.9103 -0.2208 0.3503
vn 0.8443 -0.4263 0.3248
vn 0.3217 0.9388 0.1233
vn 0.4740 0.8615 0.1819
vn 0.7432 -0.6050 0.2857
vn 0.6168 0.7506 0.2369
vn 0.6168 -0.7506 0.2369
vn 0.7432 0.6050 0.2857
vn 0.4740 -0.8615 0.1819
vn 0.8443 0.4263 0.3248
vn 0.3217 -0.9388 0.1233
vn 0.9103 0.2208 0.3503
vn 0.1643 -0.9844 0.0628
vn 0.9333 -0.0000 0.3592
vn 0.1643 0.9844 0.0628
vn 0.4281 -0.8640 0.2650
vn 0.2901 -0.9400 0.1794
vn 0.7670 0.4302 0.4760
vn 0.8282 0.2231 0.5141
vn 0.1482 -0.9847 0.0914
vn 0.8496 -0.0000 0.5275
vn 0.1482 0.9847 0.0914
vn 0.8282 -0.2231 0.5141
vn 0.2901 0.9400 0.1794
vn 0.7670 -0.4302 0.4760
vn 0.4281 0.8640 0.2650
vn 0.6739 -0.6093 0.4179
vn 0.5581 0.7543 0.3458
vn 0.5581 -0.7543 0.3458
vn 0.6739 0.6093 0.4179
vn 0.6598 -0.4350 0.6127
vn 0.5782 -0.6146 0.5366
vn 0.3656 0.8670 0.3387
vn 0.4776 0.7587 0.4429
vn 0.4776 -0.7587 0.4429
vn 0.5782 0.6146 0.5366
vn 0.3656 -0.8670 0.3387
vn 0.6598 0.4350 0.6127
vn 0.2474 -0.9415 0.2289
vn 0.7136 0.2261 0.6631
vn 0.1263 -0.9851 0.1166
vn 0.7325 -0.0000 0.6807
vn 0.1263 0.9851 0.1166
vn 0.7136 -0.2261 0.6631
vn 0.2474 0.9415 0.2289
vn 0.1949 -0.9430 0.2699
vn 0.0995 -0.9855 0.1374
vn 0.5683 0.2291 0.7903
vn 0.5837 -0.0000 0.8119
vn 0.0995 0.9855 0.1374
vn 0.5683 -0.2291 0.7903
vn 0.1949 0.9430 0.2699
vn 0.5244 -0.4400 0.7289
vn 0.2884 0.8700 0.3999
vn 0.4585 -0.6199 0.6368
vn 0.3777 0.7633 0.5242
vn 0.3777 -0.7633 0.5242
vn 0.4585 0.6199 0.6368
vn 0.2884 -0.8700 0.3999
vn 0.5244 0.4400 0.7289
vn 0.1994 0.8726 0.4460
vn 0.2616 0.7671 0.5857
vn 0.3183 -0.6246 0.7131
vn 0.2616 -0.7671 0.5857
vn 0.3183 0.6246 0.7131
vn 0.1994 -0.8726 0.4460
vn 0.3649 0.4443 0.8182
vn 0.1345 -0.9442 0.3005
vn 0.3961 0.2317 0.8885
vn 0.0687 -0.9858 0.1530
vn 0.4071 -0.0000 0.9134
vn 0.0687 0.9858 0.1530
vn 0.3961 -0.2317 0.8885
vn 0.1345 0.9442 0.3005
vn 0.3649 -0.4443 0.8182
vn 0.2035 0.2335 0.9508
vn 0.2093 -0.0000 0.9779
vn 0.0350 0.9861 0.1626
vn 0.0350 -0.9861 0.1626
vn 0.2035 -0.2335 0.9508
vn 0.0687 0.9451 0.3195
vn 0.1873 -0.4473 0.8746
vn 0.1019 0.8743 0.4746
vn 0.1631 -0.6278 0.7611
vn 0.1339 0.7698 0.6241
vn 0.1339 -0.7698 0.6241
vn 0.1631 0.6278 0.7611
vn 0.1019 -0.8743 0.4746
vn 0.1873 0.4473 0.8746
vn 0.0687 -0.9451 0.3195
vn -0.0000 -0.6289 0.7775
vn -0.0000 -0.7707 0.6372
vn -0.0000 0.7707 0.6372
vn -0.0000 0.6289 0.7775
vn -0.0000 -0.8749 0.4843
vn -0.0000 0.4483 0.8939
vn -0.0000 -0.9454 0.3260
vn -0.0000 0.2342 0.9722
vn -0.0000 -0.9861 0.1659
vn -0.0000 -0.0000 1.0000
vn -0.0000 0.9861 0.1659
vn -0.0000 -0.2342 0.9722
vn -0.0000 0.9454 0.3260
vn -0.0000 -0.4483 0.8939
vn -0.0000 0.8749 0.4843
vn -0.0350 0.9861 0.1626
vn -0.0350 -0.9861 0.1626
vn -0.2093 -0.0000 0.9779
vn -0.2035 -0.2335 0.9508
vn -0.0687 0.9451 0.3195
vn -0.1873 -0.4473 0.8746
vn -0.1019 0.8743 0.4746
vn -0.1631 -0.6278 0.7611
vn -0.1339 0.7698 0.6241
vn -0.1339 -0.7698 0.6241
vn -0.1631 0.6278 0.7611
vn -0.1019 -0.8743 0.4746
vn -0.1873 0.4473 0.8746
vn -0.0687 -0.9451 0.3195
vn -0.2035 0.2335 0.9508
vn -0.2616 0.7671 0.5857
vn -0.3183 0.6246 0.7131
vn -0.2616 -0.7671 0.5857
vn -0.1994 -0.8726 0.4460
vn -0.3649 0.4443 0.8182
vn -0.1345 -0.9442 0.3005
vn -0.3961 0.2317 0.8885
vn -0.0687 -0.9858 0.1530
vn -0.4071 -0.0000 0.9134
vn -0.0687 0.9858 0.1530
vn -0.3961 -0.2317 0.8885
vn -0.1345 0.9442 0.3005
vn -0.3649 -0.4443 0.8182
vn -0.1994 0.8726 0.4460
vn -0.3183 -0.6246 0.7131
vn -0.5838 -0.0000 0.8119
vn -0.5683 -0.2291 0.7903
vn -0.0995 0.9855 0.1374
vn -0.1949 0.9430 0.2699
vn -0.5244 -0.4400 0.7289
vn -0.2884 0.8700 0.3999
vn -0.4585 -0.6199 0.6368
vn -0.3777 0.7633 0.5242
vn -0.3777 -0.7633 0.5242
vn -0.4585 0.6199 0.6368
vn -0.2884 -0.8700 0.3999
vn -0.5244 0.4400 0.7289
vn -0.1949 -0.9430 0.2699
vn -0.5683 0.2291 0.7903
vn -0.0995 -0.9855 0.1374
vn -0.4776 -0.7587 0.4429
vn -0.3656 -0.8670 0.3387
vn -0.5782 0.6146 0.5366
vn -0.6598 0.4350 0.6127
vn -0.2474 -0.9415 0.2289
vn -0.7136 0.2260 0.6631
vn -0.1263 -0.9851 0.1166
vn -0.7325 -0.0000 0.6807
vn -0.1263 0.9851 0.1166
vn -0.7136 -0.2261 0.6631
vn -0.2474 0.9415 0.2289
vn -0.6598 -0.4350 0.6127
vn -0.3656 0.8670 0.3387
vn -0.5782 -0.6146 0.5366
vn -0.4776 0.7587 0.4429
vn -0.8282 -0.2231 0.5141
vn -0.7670 -0.4302 0.4760
vn -0.2901 0.9400 0.1794
vn -0.4281 0.8640 0.2650
vn -0.6739 -0.6093 0.4179
vn -0.5581 0.7543 0.3458
vn -0.5581 -0.7543 0.3458
vn -0.6739 0.6093 0.4179
vn -0.4281 -0.8640 0.2650
vn -0.7670 0.4302 0.4760
vn -0.2901 -0.9400 0.1794
vn -0.8282 0.2231 0.5141
vn -0.1482 -0.9847 0.0914
vn -0.8496 -0.0000 0.5275
vn -0.1482 0.9847 0.0914
vn -0.4740 -0.8615 0.1819
vn -0.3217 -0.9388 0.1233
vn -0.8443 0.4263 0.3248
vn -0.9103 0.2208 0.3503
vn -0.1643 -0.9844 0.0628
vn -0.9333 -0.0000 0.3592
vn -0.1643 0.9844 0.0628
vn -0.9103 -0.2208 0.3503
vn -0.3217 0.9388 0.1233
vn -0.8443 -0.4263 0.3248
vn -0.4740 0.8615 0.1819
vn -0.7432 -0.6050 0.2857
vn -0.6168 0.7506 0.2369
vn -0.6168 -0.7506 0.2369
vn -0.7432 0.6050 0.2857
vn -0.3410 0.9380 0.0628
vn -0.5021 0.8599 0.0925
vn -0.8907 -0.4237 0.1645
vn -0.7851 -0.6021 0.1449
vn -0.6525 0.7482 0.1204
vn -0.6525 -0.7482 0.1204
vn -0.7851 0.6021 0.1449
vn -0.5021 -0.8599 0.0925
vn -0.8907 0.4237 0.1645
vn -0.3410 -0.9380 0.0628
vn -0.9594 0.2192 0.1773
vn -0.1742 -0.9842 0.0320
vn -0.9833 -0.0000 0.1817
vn -0.1742 0.9842 0.0320
vn -0.9594 -0.2192 0.1773
vn -0.9062 0.4228 -0.0000
vn -0.9758 0.2187 -0.0000
vn -0.3475 -0.9377 -0.0000
vn -0.1776 -0.9841 -0.0000
vn -1.0000 -0.0000 -0.0000
vn -0.1776 0.9841 -0.0000
vn -0.9758 -0.2187 -0.0000
vn -0.3475 0.9377 -0.0000
vn -0.9062 -0.4228 -0.0000
vn -0.5115 0.8593 -0.0000
vn -0.7991 -0.6011 -0.0000
vn -0.6645 0.7473 -0.0000
vn -0.6645 -0.7473 -0.0000
vn -0.7991 0.6011 -0.0000
vn -0.5115 -0.8593 -0.0000
vn -0.8907 -0.4237 -0.1645
vn -0.7851 -0.6021 -0.1449
vn -0.5021 0.8599 -0.0925
vn -0.6525 0.7482 -0.1204
vn -0.6525 -0.7482 -0.1204
vn -0.7851 0.6021 -0.1449
vn -0.5021 -0.8599 -0.0925
vn -0.8907 0.4237 -0.1645
vn -0.3410 -0.9380 -0.0628
vn -0.9594 0.2192 -0.1773
vn -0.1742 -0.9842 -0.0320
vn -0.9833 -0.0000 -0.1818
vn -0.1742 0.9842 -0.0320
vn -0.9594 -0.2192 -0.1773
vn -0.3410 0.9380 -0.0628
vn -0.3217 -0.9388 -0.1233
vn -0.1643 -0.9844 -0.0628
vn -0.9103 0.2208 -0.3503
vn -0.9333 -0.0000 -0.3592
vn -0.1643 0.9844 -0.0628
vn -0.9103 -0.2208 -0.3503
vn -0.3217 0.9388 -0.1233
vn -0.8443 -0.4263 -0.3248
vn -0.4740 0.8615 -0.1819
vn -0.7432 -0.6050 -0.2857
vn -0.6168 0.7506 -0.2369
vn -0.6168 -0.7506 -0.2369
vn -0.7432 0.6050 -0.2857
vn -0.4740 -0.8615 -0.1819
vn -0.8443 0.4263 -0.3248
vn -0.4281 0.8640 -0.2650
vn -0.5581 0.7543 -0.3458
vn -0.6739 -0.6093 -0.4179
vn -0.5581 -0.7543 -0.3458
vn -0.6739 0.6093 -0.4179
vn -0.4281 -0.8640 -0.2650
vn -0.7670 0.4302 -0.4760
vn -0.2901 -0.9400 -0.1794
vn -0.8282 0.2231 -0.5141
vn -0.1482 -0.9847 -0.0914
vn -0.8496 -0.0000 -0.5275
vn -0.1482 0.9847 -0.0914
vn -0.8282 -0.2231 -0.5141
vn -0.2901 0.9400 -0.1794
vn -0.7670 -0.4302 -0.4760
vn -0.7136 0.2260 -0.6631
vn -0.7325 -0.0000 -0.6807
vn -0.1263 0.9851 -0.1166
vn -0.1263 -0.9851 -0.1166
vn -0.7136 -0.2260 -0.6631
vn -0.2474 0.9415 -0.2289
vn -0.6598 -0.4350 -0.6127
vn -0.3656 0.8670 -0.3387
vn -0.5782 -0.6146 -0.5366
vn -0.4776 0.7587 -0.4429
vn -0.4776 -0.7587 -0.4429
vn -0.5782 0.6146 -0.5366
vn -0.3656 -0.8670 -0.3387
vn -0.6598 0.4350 -0.6127
vn -0.2474 -0.9415 -0.2289
vn -0.4585 -0.6199 -0.6368
vn -0.3777 -0.7633 -0.5242
vn -0.3777 0.7633 -0.5242
vn -0.4585 0.6199 -0.6368
vn -0.2884 -0.8700 -0.3999
vn -0.5244 0.4400 -0.7289
vn -0.1949 -0.9430 -0.2699
vn -0.5683 0.2291 -0.7903
vn -0.0995 -0.9855 -0.1374
vn -0.5837 -0.0000 -0.8119
vn -0.0995 0.9855 -0.1374
vn -0.5683 -0.2291 -0.7903
vn -0.1949 0.9430 -0.2699
vn -0.5244 -0.4400 -0.7289
vn -0.2884 0.8700 -0.3999
vn -0.0687 -0.9858 -0.1530
vn -0.4071 -0.0000 -0.9134
vn -0.3961 -0.2317 -0.8885
vn -0.0687 0.9858 -0.1530
vn -0.1345 0.9442 -0.3005
vn -0.3649 -0.4443 -0.8182
vn -0.1994 0.8726 -0.4460
vn -0.3183 -0.6246 -0.7131
vn -0.2616 0.7671 -0.5857
vn -0.2616 -0.7671 -0.5857
vn -0.3183 0.6246 -0.7131
vn -0.1994 -0.8726 -0.4460
vn -0.3649 0.4443 -0.8182
vn -0.1345 -0.9442 -0.3005
vn -0.3961 0.2317 -0.8885
vn -0.1339 -0.7698 -0.6241
vn -0.1019 -0.8743 -0.4746
vn -0.1631 0.6278 -0.7611
vn -0.1873 0.4473 -0.8746
vn -0.0687 -0.9451 -0.3195
vn -0.2035 0.2335 -0.9508
vn -0.0350 -0.9861 -0.1626
vn -0.2093 -0.0000 -0.9779
vn -0.0350 0.9861 -0.1626
vn -0.2035 -0.2335 -0.9508
vn -0.0687 0.9451 -0.3195
vn -0.1873 -0.4473 -0.8746
vn -0.1019 0.8743 -0.4746
vn -0.1631 -0.6278 -0.7611
vn -0.1339 0.7698 -0.6241
vn -0.0000 0.9484 -0.3170
vn -0.0000 0.9870 -0.1609
vn 0.0342 0.9869 -0.1577
vn 0.0673 0.9481 -0.3107
vn -0.0000 -0.4595 -0.8882
vn -0.0000 -0.2411 -0.9705
vn 0.2045 -0.2403 -0.9489
vn 0.1874 -0.4583 -0.8688
vn -0.0000 0.8812 -0.4728
vn 0.1002 0.8805 -0.4633
vn -0.0000 -0.6407 -0.7678
vn 0.1622 -0.6394 -0.7516
vn -0.0000 0.7803 -0.6254
vn 0.1323 0.7793 -0.6125
vn -0.0000 -0.7803 -0.6254
vn 0.1323 -0.7793 -0.6125
vn -0.0000 0.6407 -0.7678
vn 0.1622 0.6394 -0.7516
vn -0.0000 -0.8812 -0.4728
vn 0.1002 -0.8805 -0.4633
vn -0.0000 0.4595 -0.8882
vn 0.1874 0.4583 -0.8688
vn -0.0000 -0.9484 -0.3170
vn 0.0673 -0.9481 -0.3107
vn -0.0000 0.2411 -0.9705
vn 0.2045 0.2403 -0.9489
vn -0.0000 -0.9870 -0.1609
vn 0.0343 -0.9869 -0.1577
vn 0.2106 -0.0000 -0.9776
vn 0.3977 0.2383 -0.8860
vn 0.4094 -0.0000 -0.9124
vn 0.0671 0.9867 -0.1484
vn 0.0671 -0.9867 -0.1484
vn 0.3977 -0.2383 -0.8860
vn 0.1317 0.9472 -0.2922
vn 0.3648 -0.4550 -0.8123
vn 0.1960 0.8787 -0.4353
vn 0.3164 -0.6360 -0.7039
vn 0.2585 0.7765 -0.5746
vn 0.2585 -0.7765 -0.5746
vn 0.3164 0.6360 -0.7039
vn 0.1960 -0.8787 -0.4353
vn 0.3648 0.4550 -0.8123
vn 0.1317 -0.9472 -0.2922
vn 0.4554 -0.6309 -0.6282
vn 0.3731 -0.7723 -0.5141
vn 0.3731 0.7723 -0.5141
vn 0.4554 0.6309 -0.6282
vn 0.2835 -0.8760 -0.3902
vn 0.5239 0.4502 -0.7231
vn 0.1908 -0.9459 -0.2623
vn 0.5700 0.2353 -0.7872
vn 0.0972 -0.9863 -0.1332
vn 0.5864 -0.0000 -0.8100
vn 0.0972 0.9863 -0.1332
vn 0.5700 -0.2353 -0.7872
vn 0.1908 0.9459 -0.2623
vn 0.5239 -0.4502 -0.7231
vn 0.2835 0.8760 -0.3902
vn 0.1234 -0.9859 -0.1130
vn 0.7348 -0.0000 -0.6782
vn 0.7149 -0.2320 -0.6597
vn 0.1234 0.9859 -0.1130
vn 0.2422 0.9444 -0.2225
vn 0.6584 -0.4447 -0.6072
vn 0.3592 0.8728 -0.3304
vn 0.5740 -0.6250 -0.5290
vn 0.4716 0.7675 -0.4342
vn 0.4716 -0.7675 -0.4342
vn 0.5740 0.6250 -0.5290
vn 0.3592 -0.8728 -0.3304
vn 0.6584 0.4447 -0.6072
vn 0.2422 -0.9444 -0.2225
vn 0.7149 0.2320 -0.6597
vn 0.5508 -0.7628 -0.3389
vn 0.4205 -0.8697 -0.2585
vn 0.6685 0.6193 -0.4117
vn 0.7647 0.4394 -0.4713
vn 0.2840 -0.9428 -0.1743
vn 0.8286 0.2287 -0.5109
vn 0.1447 -0.9855 -0.0886
vn 0.8512 -0.0000 -0.5249
vn 0.1447 0.9855 -0.0886
vn 0.8286 -0.2287 -0.5109
vn 0.2840 0.9428 -0.1743
vn 0.7647 -0.4394 -0.4713
vn 0.4205 0.8697 -0.2585
vn 0.6685 -0.6193 -0.4117
vn 0.5508 0.7628 -0.3389
vn 0.1605 0.9852 -0.0609
vn 0.3148 0.9416 -0.1198
vn 0.9099 -0.2261 -0.3478
vn 0.8411 -0.4351 -0.3213
vn 0.4656 0.8671 -0.1774
vn 0.7370 -0.6146 -0.2813
vn 0.6086 0.7588 -0.2321
vn 0.6086 -0.7588 -0.2321
vn 0.7370 0.6146 -0.2813
vn 0.4656 -0.8671 -0.1774
vn 0.8411 0.4351 -0.3213
vn 0.3148 -0.9416 -0.1198
vn 0.9099 0.2261 -0.3478
vn 0.1605 -0.9852 -0.0609
vn 0.9341 -0.0000 -0.3571
vn 0.7783 0.6115 -0.1427
vn 0.8870 0.4322 -0.1627
vn 0.4930 -0.8653 -0.0902
vn 0.3337 -0.9407 -0.0610
vn 0.9585 0.2243 -0.1759
vn 0.1701 -0.9849 -0.0310
vn 0.9836 -0.0000 -0.1806
vn 0.1701 0.9849 -0.0310
vn 0.9585 -0.2243 -0.1759
vn 0.3337 0.9407 -0.0610
vn 0.8870 -0.4322 -0.1627
vn 0.4930 0.8653 -0.0902
vn 0.7783 -0.6115 -0.1427
vn 0.6436 0.7562 -0.1179
vn 0.6436 -0.7562 -0.1179
vn 0.9746 -0.2237 -0.0000
vn 0.9022 -0.4312 -0.0000
vn 0.3401 0.9404 -0.0000
vn 0.5023 0.8647 -0.0000
vn 0.7921 -0.6104 -0.0000
vn 0.6554 0.7553 -0.0000
vn 0.6554 -0.7553 -0.0000
vn 0.7921 0.6104 -0.0000
vn 0.5023 -0.8647 -0.0000
vn 0.9022 0.4312 -0.0000
vn 0.3401 -0.9404 -0.0000
vn 0.9746 0.2237 -0.0000
vn 0.1734 -0.9849 -0.0000
vn 0.1734 0.9849 -0.0000
vn 0.4930 -0.8653 0.0902
vn 0.3337 -0.9407 0.0610
vn 0.8870 0.4322 0.1627
vn 0.9585 0.2243 0.1759
vn 0.1701 -0.9849 0.0310
vn 0.9836 -0.0000 0.1806
vn 0.1701 0.9849 0.0310
vn 0.9585 -0.2243 0.1759
vn 0.3337 0.9407 0.0610
vn 0.8870 -0.4322 0.1627
vn 0.4930 0.8653 0.0902
vn 0.7783 -0.6115 0.1427
vn 0.6436 0.7562 0.1179
vn 0.6436 -0.7562 0.1179
vn 0.7783 0.6115 0.1427
vn 0.3148 0.9416 0.1198
vn 0.4656 0.8671 0.1774
vn 0.8411 -0.4351 0.3213
vn 0.7370 -0.6146 0.2813
vn 0.6086 0.7588 0.2321
vn 0.6086 -0.7588 0.2321
vn 0.7370 0.6146 0.2813
vn 0.4656 -0.8671 0.1774
vn 0.8411 0.4351 0.3213
vn 0.3148 -0.9416 0.1198
vn 0.9099 0.2261 0.3478
vn 0.1605 -0.9852 0.0609
vn 0.9341 -0.0000 0.3571
vn 0.1605 0.9852 0.0609
vn 0.9099 -0.2261 0.3478
vn 0.7647 0.4394 0.4713
vn 0.8286 0.2287 0.5109
vn 0.2840 -0.9428 0.1743
vn 0.1447 -0.9855 0.0886
vn 0.8512 -0.0000 0.5249
vn 0.1447 0.9855 0.0886
vn 0.8286 -0.2287 0.5109
vn 0.2840 0.9428 0.1743
vn 0.7647 -0.4394 0.4713
vn 0.4205 0.8697 0.2585
vn 0.6685 -0.6193 0.4117
vn 0.5508 0.7628 0.3389
vn 0.5508 -0.7628 0.3389
vn 0.6685 0.6193 0.4117
vn 0.4205 -0.8697 0.2585
vn 0.6584 -0.4447 0.6072
vn 0.5740 -0.6250 0.5290
vn 0.3592 0.8728 0.3304
vn 0.4716 0.7675 0.4342
vn 0.4716 -0.7675 0.4342
vn 0.5740 0.6250 0.5290
vn 0.3592 -0.8728 0.3304
vn 0.6584 0.4447 0.6072
vn 0.2422 -0.9444 0.2225
vn 0.7149 0.2320 0.6597
vn 0.1234 -0.9859 0.1130
vn 0.7348 -0.0000 0.6783
vn 0.1234 0.9859 0.1130
vn 0.7149 -0.2320 0.6597
vn 0.2422 0.9444 0.2225
vn 0.1908 -0.9459 0.2623
vn 0.0972 -0.9863 0.1332
vn 0.5700 0.2353 0.7872
vn 0.5864 -0.0000 0.8100
vn 0.0972 0.9863 0.1332
vn 0.5700 -0.2353 0.7872
vn 0.1908 0.9459 0.2623
vn 0.5239 -0.4502 0.7231
vn 0.2835 0.8760 0.3902
vn 0.4554 -0.6309 0.6282
vn 0.3731 0.7723 0.5141
vn 0.3731 -0.7723 0.5141
vn 0.4554 0.6309 0.6282
vn 0.2835 -0.8760 0.3902
vn 0.5239 0.4502 0.7231
vn 0.3164 -0.6360 0.7039
vn 0.2585 -0.7765 0.5746
vn 0.2585 0.7765 0.5746
vn 0.3164 0.6360 0.7039
vn 0.1960 -0.8787 0.4353
vn 0.3648 0.4550 0.8123
vn 0.1317 -0.9472 0.2922
vn 0.3977 0.2383 0.8860
vn 0.0671 -0.9867 0.1484
vn 0.4094 -0.0000 0.9124
vn 0.0671 0.9867 0.1484
vn 0.3977 -0.2383 0.8860
vn 0.1317 0.9472 0.2922
vn 0.3648 -0.4550 0.8123
vn 0.1960 0.8787 0.4353
vn 0.0343 0.9869 0.1577
vn 0.0343 -0.9869 0.1577
vn 0.2106 -0.0000 0.9776
vn 0.2045 -0.2403 0.9489
vn 0.0673 0.9481 0.3107
vn 0.1874 -0.4583 0.8688
vn 0.1002 0.8805 0.4633
vn 0.1622 -0.6394 0.7516
vn 0.1323 0.7793 0.6125
vn 0.1323 -0.7793 0.6125
vn 0.1622 0.6394 0.7516
vn 0.1002 -0.8805 0.4633
vn 0.1874 0.4583 0.8688
vn 0.0673 -0.9481 0.3107
vn 0.2045 0.2403 0.9489
vn -0.0000 0.7803 0.6254
vn -0.0000 0.6407 0.7678
vn -0.0000 -0.7803 0.6254
vn -0.0000 -0.8812 0.4728
vn -0.0000 0.4595 0.8882
vn -0.0000 -0.9484 0.3170
vn -0.0000 0.2411 0.9705
vn -0.0000 -0.9870 0.1609
vn -0.0000 0.9870 0.1609
vn -0.0000 -0.2411 0.9705
vn -0.0000 0.9484 0.3170
vn -0.0000 -0.4595 0.8882
vn -0.0000 0.8812 0.4728
vn -0.0000 -0.6407 0.7678
vn -0.2106 -0.0000 0.9776
vn -0.2045 -0.2403 0.9489
vn -0.0343 0.9869 0.1577
vn -0.0673 0.9481 0.3107
vn -0.1874 -0.4583 0.8688
vn -0.1002 0.8805 0.4633
vn -0.1622 -0.6394 0.7516
vn -0.1323 0.7793 0.6125
vn -0.1323 -0.7793 0.6125
vn -0.1622 0.6394 0.7516
vn -0.1002 -0.8805 0.4633
vn -0.1874 0.4583 0.8688
vn -0.0673 -0.9481 0.3107
vn -0.2045 0.2403 0.9489
vn -0.0343 -0.9869 0.1577
vn -0.2585 -0.7765 0.5746
vn -0.1960 -0.8787 0.4353
vn -0.3164 0.6360 0.7039
vn -0.3648 0.4550 0.8123
vn -0.1317 -0.9472 0.2922
vn -0.3977 0.2383 0.8860
vn -0.0671 -0.9867 0.1484
vn -0.4094 -0.0000 0.9124
vn -0.0671 0.9867 0.1484
vn -0.3977 -0.2383 0.8860
vn -0.1317 0.9472 0.2922
vn -0.3648 -0.4550 0.8123
vn -0.1960 0.8787 0.4353
vn -0.3164 -0.6360 0.7039
vn -0.2585 0.7765 0.5746
vn -0.0972 0.9863 0.1332
vn -0.1908 0.9459 0.2623
vn -0.5700 -0.2353 0.7872
vn -0.5239 -0.4502 0.7231
vn -0.2835 0.8760 0.3902
vn -0.4554 -0.6309 0.6282
vn -0.3731 0.7723 0.5141
vn -0.3731 -0.7723 0.5141
vn -0.4554 0.6309 0.6282
vn -0.2835 -0.8760 0.3902
vn -0.5239 0.4502 0.7231
vn -0.1908 -0.9459 0.2623
vn -0.5700 0.2353 0.7872
vn -0.0972 -0.9863 0.1332
vn -0.5864 -0.0000 0.8100
vn -0.5740 0.6250 0.5290
vn -0.6584 0.4447 0.6072
vn -0.3592 -0.8728 0.3304
vn -0.2422 -0.9444 0.2225
vn -0.7149 0.2320 0.6597
vn -0.1234 -0.9859 0.1130
vn -0.7348 -0.0000 0.6782
vn -0.1234 0.9859 0.1130
vn -0.7149 -0.2320 0.6597
vn -0.2422 0.9444 0.2225
vn -0.6584 -0.4447 0.6072
vn -0.3592 0.8728 0.3304
vn -0.5740 -0.6250 0.5290
vn -0.4716 0.7675 0.4342
vn -0.4716 -0.7675 0.4342
vn -0.8286 -0.2287 0.5109
vn -0.7647 -0.4394 0.4713
vn -0.2840 0.9428 0.1743
vn -0.4205 0.8697 0.2585
vn -0.6685 -0.6193 0.4117
vn -0.5508 0.7628 0.3389
vn -0.5508 -0.7628 0.3389
vn -0.6685 0.6193 0.4117
vn -0.4205 -0.8697 0.2585
vn -0.7647 0.4394 0.4713
vn -0.2840 -0.9428 0.1743
vn -0.8286 0.2287 0.5109
vn -0.1447 -0.9855 0.0886
vn -0.1447 0.9855 0.0886
vn -0.8512 -0.0000 0.5249
vn -0.4656 -0.8671 0.1774
vn -0.3148 -0.9416 0.1198
vn -0.8411 0.4351 0.3213
vn -0.9099 0.2261 0.3478
vn -0.1605 -0.9852 0.0609
vn -0.9341 -0.0000 0.3571
vn -0.1605 0.9852 0.0609
vn -0.9099 -0.2261 0.3478
vn -0.3148 0.9416 0.1198
vn -0.8411 -0.4351 0.3213
vn -0.4656 0.8671 0.1774
vn -0.7370 -0.6146 0.2813
vn -0.6086 0.7588 0.2321
vn -0.6086 -0.7588 0.2321
vn -0.7370 0.6146 0.2813
vn -0.3337 0.9407 0.0610
vn -0.4930 0.8653 0.0902
vn -0.8870 -0.4322 0.1627
vn -0.7783 -0.6115 0.1427
vn -0.6436 0.7562 0.1179
vn -0.6436 -0.7562 0.1179
vn -0.7783 0.6115 0.1427
vn -0.4930 -0.8653 0.0902
vn -0.8870 0.4322 0.1627
vn -0.3337 -0.9407 0.0610
vn -0.9585 0.2243 0.1759
vn -0.1701 -0.9849 0.0310
vn -0.9836 -0.0000 0.1806
vn -0.1701 0.9849 0.0310
vn -0.9585 -0.2243 0.1759
vn -0.9022 0.4312 -0.0000
vn -0.9746 0.2237 -0.0000
vn -0.3401 -0.9404 -0.0000
vn -0.1734 -0.9849 -0.0000
vn -0.1734 0.9849 -0.0000
vn -0.9746 -0.2237 -0.0000
vn -0.3401 0.9404 -0.0000
vn -0.9022 -0.4312 -0.0000
vn -0.5023 0.8647 -0.0000
vn -0.7921 -0.6104 -0.0000
vn -0.6554 0.7553 -0.0000
vn -0.6554 -0.7553 -0.0000
vn -0.7921 0.6104 -0.0000
vn -0.5023 -0.8647 -0.0000
vn -0.8870 -0.4322 -0.1627
vn -0.7783 -0.6115 -0.1427
vn -0.4930 0.8653 -0.0902
vn -0.6436 0.7562 -0.1179
vn -0.6436 -0.7562 -0.1179
vn -0.7783 0.6115 -0.1427
vn -0.4930 -0.8653 -0.0902
vn -0.8870 0.4322 -0.1627
vn -0.3337 -0.9407 -0.0610
vn -0.9585 0.2243 -0.1759
vn -0.1701 -0.9849 -0.0310
vn -0.9836 -0.0000 -0.1806
vn -0.1701 0.9849 -0.0310
vn -0.9585 -0.2243 -0.1759
vn -0.3337 0.9407 -0.0610
vn -0.3148 -0.9416 -0.1198
vn -0.1605 -0.9852 -0.0609
vn -0.9099 0.2261 -0.3478
vn -0.9341 -0.0000 -0.3571
vn -0.1605 0.9852 -0.0609
vn -0.9099 -0.2261 -0.3478
vn -0.3148 0.9416 -0.1198
vn -0.8411 -0.4351 -0.3213
vn -0.4656 0.8671 -0.1774
vn -0.7370 -0.6146 -0.2813
vn -0.6086 0.7588 -0.2321
vn -0.6086 -0.7588 -0.2321
vn -0.7370 0.6146 -0.2813
vn -0.4656 -0.8671 -0.1774
vn -0.8411 0.4351 -0.3213
vn -0.4205 0.8697 -0.2585
vn -0.5508 0.7628 -0.3389
vn -0.6685 -0.6193 -0.4117
vn -0.5508 -0.7628 -0.3389
vn -0.6685 0.6193 -0.4117
vn -0.4205 -0.8697 -0.2585
vn -0.7647 0.4394 -0.4713
vn -0.2840 -0.9428 -0.1743
vn -0.8286 0.2287 -0.5109
vn -0.1447 -0.9855 -0.0886
vn -0.8512 -0.0000 -0.5249
vn -0.1447 0.9855 -0.0886
vn -0.8286 -0.2287 -0.5109
vn -0.2840 0.9428 -0.1743
vn -0.7647 -0.4394 -0.4713
vn -0.7149 0.2320 -0.6597
vn -0.7348 -0.0000 -0.6783
vn -0.1234 0.9859 -0.1130
vn -0.1234 -0.9859 -0.1130
vn -0.7149 -0.2320 -0.6597
vn -0.2422 0.9444 -0.2225
vn -0.6584 -0.4447 -0.6072
vn -0.3592 0.8728 -0.3304
vn -0.5740 -0.6250 -0.5290
vn -0.4716 0.7675 -0.4342
vn -0.4716 -0.7675 -0.4342
vn -0.5740 0.6250 -0.5290
vn -0.3592 -0.8728 -0.3304
vn -0.6584 0.4447 -0.6072
vn -0.2422 -0.9444 -0.2225
vn -0.4554 -0.6309 -0.6282
vn -0.3731 -0.7723 -0.5141
vn -0.3731 0.7723 -0.5141
vn -0.4554 0.6309 -0.6282
vn -0.2835 -0.8760 -0.3902
vn -0.5239 0.4502 -0.7231
vn -0.1908 -0.9459 -0.2623
vn -0.5700 0.2353 -0.7872
vn -0.0972 -0.9863 -0.1332
vn -0.5864 -0.0000 -0.8100
vn -0.0972 0.9863 -0.1332
vn -0.5700 -0.2353 -0.7872
vn -0.1908 0.9459 -0.2623
vn -0.5239 -0.4502 -0.7231
vn -0.2835 0.8760 -0.3902
vn -0.0671 -0.9867 -0.1484
vn -0.4094 -0.0000 -0.9124
vn -0.3977 -0.2383 -0.8860
vn -0.0671 0.9867 -0.1484
vn -0.1317 0.9472 -0.2922
vn -0.3648 -0.4550 -0.8123
vn -0.1960 0.8787 -0.4353
vn -0.3164 -0.6360 -0.7039
vn -0.2585 0.7765 -0.5746
vn -0.2585 -0.7765 -0.5746
vn -0.3164 0.6360 -0.7039
vn -0.1960 -0.8787 -0.4353
vn -0.3648 0.4550 -0.8123
vn -0.1317 -0.9472 -0.2922
vn -0.3977 0.2383 -0.8860
vn -0.1323 -0.7793 -0.6125
vn -0.1002 -0.8805 -0.4633
vn -0.1622 0.6394 -0.7516
vn -0.1874 0.4583 -0.8688
vn -0.0673 -0.9481 -0.3107
vn -0.2045 0.2403 -0.9489
vn -0.0343 -0.9869 -0.1577
vn -0.2106 -0.0000 -0.9776
vn -0.0342 0.9869 -0.1577
vn -0.2045 -0.2403 -0.9489
vn -0.0673 0.9481 -0.3107
vn -0.1874 -0.4583 -0.8688
vn -0.1002 0.8805 -0.4633
vn -0.1622 -0.6394 -0.7516
vn -0.1323 0.7793 -0.6125
vn -0.0000 0.2080 -0.9781
vn 0.1954 0.2078 -0.9585
vn 0.1998 -0.0000 -0.9798
vn -0.0000 0.9823 -0.1874
vn 0.0375 0.9823 -0.1837
vn -0.0000 -0.9823 -0.1874
vn 0.0375 -0.9823 -0.1837
vn -0.0000 -0.2080 -0.9781
vn 0.1954 -0.2078 -0.9585
vn -0.0000 0.9313 -0.3643
vn 0.0729 0.9312 -0.3572
vn -0.0000 -0.4047 -0.9144
vn 0.1827 -0.4044 -0.8961
vn -0.0000 0.8469 -0.5318
vn 0.1064 0.8467 -0.5214
vn -0.0000 -0.5808 -0.8140
vn 0.1627 -0.5805 -0.7979
vn -0.0000 0.7295 -0.6840
vn 0.1368 0.7292 -0.6705
vn -0.0000 -0.7295 -0.6840
vn 0.1368 -0.7292 -0.6705
vn -0.0000 0.5808 -0.8140
vn 0.1627 0.5805 -0.7979
vn -0.0000 -0.8469 -0.5318
vn 0.1064 -0.8467 -0.5214
vn -0.0000 0.4047 -0.9144
vn 0.1827 0.4044 -0.8961
vn -0.0000 -0.9313 -0.3643
vn 0.0729 -0.9312 -0.3572
vn 0.2085 -0.8460 -0.4907
vn 0.1430 -0.9308 -0.3363
vn 0.3576 0.4035 -0.8422
vn 0.3823 0.2073 -0.9005
vn 0.0736 -0.9822 -0.1730
vn 0.3908 -0.0000 -0.9205
vn 0.0736 0.9822 -0.1730
vn 0.3823 -0.2073 -0.9005
vn 0.1430 0.9308 -0.3363
vn 0.3576 -0.4035 -0.8422
vn 0.2085 0.8460 -0.4907
vn 0.3186 -0.5794 -0.7502
vn 0.2679 0.7283 -0.6307
vn 0.2679 -0.7283 -0.6307
vn 0.3186 0.5794 -0.7502
vn 0.5174 -0.4022 -0.7554
vn 0.4613 -0.5779 -0.6733
vn 0.3023 0.8451 -0.4410
vn 0.3882 0.7269 -0.5665
vn 0.3882 -0.7269 -0.5665
vn 0.4613 0.5779 -0.6733
vn 0.3023 -0.8451 -0.4410
vn 0.5174 0.4022 -0.7554
vn 0.2074 -0.9303 -0.3024
vn 0.5529 0.2065 -0.8073
vn 0.1068 -0.9820 -0.1556
vn 0.5650 -0.0000 -0.8251
vn 0.1068 0.9820 -0.1556
vn 0.5529 -0.2065 -0.8073
vn 0.2074 0.9303 -0.3024
vn 0.2637 -0.9298 -0.2569
vn 0.1358 -0.9819 -0.1322
vn 0.7005 0.2055 -0.6834
vn 0.7158 -0.0000 -0.6983
vn 0.1358 0.9819 -0.1322
vn 0.7005 -0.2055 -0.6834
vn 0.2637 0.9298 -0.2569
vn 0.6559 -0.4006 -0.6398
vn 0.3842 0.8439 -0.3745
vn 0.5852 -0.5761 -0.5707
vn 0.4929 0.7253 -0.4806
vn 0.4929 -0.7253 -0.4806
vn 0.5852 0.5761 -0.5707
vn 0.3842 -0.8439 -0.3745
vn 0.6559 0.4006 -0.6398
vn 0.4510 0.8428 -0.2938
vn 0.5782 0.7237 -0.3767
vn 0.6859 -0.5743 -0.4470
vn 0.5782 -0.7237 -0.3767
vn 0.6859 0.5743 -0.4470
vn 0.4510 -0.8428 -0.2938
vn 0.7682 0.3990 -0.5007
vn 0.3098 -0.9292 -0.2017
vn 0.8200 0.2046 -0.5345
vn 0.1596 -0.9817 -0.1038
vn 0.8377 -0.0000 -0.5461
vn 0.1596 0.9817 -0.1038
vn 0.8200 -0.2046 -0.5345
vn 0.3098 0.9292 -0.2017
vn 0.7682 -0.3990 -0.5007
vn 0.9077 0.2039 -0.3668
vn 0.9272 -0.0000 -0.3747
vn 0.1772 0.9816 -0.0714
vn 0.1772 -0.9816 -0.0714
vn 0.9077 -0.2039 -0.3668
vn 0.3439 0.9287 -0.1388
vn 0.8507 -0.3977 -0.3437
vn 0.5005 0.8418 -0.2021
vn 0.7600 -0.5728 -0.3070
vn 0.6412 0.7223 -0.2590
vn 0.6412 -0.7223 -0.2590
vn 0.7600 0.5728 -0.3070
vn 0.5005 -0.8418 -0.2021
vn 0.8507 0.3977 -0.3437
vn 0.3439 -0.9287 -0.1388
vn 0.8054 -0.5718 -0.1562
vn 0.6798 -0.7214 -0.1319
vn 0.6798 0.7214 -0.1319
vn 0.8054 0.5718 -0.1562
vn 0.5308 -0.8412 -0.1029
vn 0.9011 0.3968 -0.1748
vn 0.3649 -0.9284 -0.0707
vn 0.9612 0.2033 -0.1865
vn 0.1880 -0.9815 -0.0364
vn 0.9817 -0.0000 -0.1905
vn 0.1880 0.9815 -0.0364
vn 0.9612 -0.2033 -0.1865
vn 0.3649 0.9284 -0.0707
vn 0.9011 -0.3968 -0.1748
vn 0.5308 0.8412 -0.1029
vn 0.1916 0.9815 -0.0000
vn 0.1916 -0.9815 -0.0000
vn 0.9791 -0.2032 -0.0000
vn 0.3720 0.9282 -0.0000
vn 0.9180 -0.3965 -0.0000
vn 0.5411 0.8410 -0.0000
vn 0.8207 -0.5714 -0.0000
vn 0.6928 0.7211 -0.0000
vn 0.6928 -0.7211 -0.0000
vn 0.8207 0.5714 -0.0000
vn 0.5411 -0.8410 -0.0000
vn 0.9180 0.3965 -0.0000
vn 0.3720 -0.9282 -0.0000
vn 0.9791 0.2032 -0.0000
vn 0.6798 0.7214 0.1319
vn 0.8054 0.5718 0.1562
vn 0.6798 -0.7214 0.1319
vn 0.5308 -0.8412 0.1029
vn 0.9011 0.3968 0.1748
vn 0.3649 -0.9284 0.0707
vn 0.9612 0.2033 0.1865
vn 0.1880 -0.9815 0.0364
vn 0.9817 -0.0000 0.1905
vn 0.1880 0.9815 0.0364
vn 0.9612 -0.2033 0.1865
vn 0.3649 0.9284 0.0707
vn 0.9011 -0.3968 0.1748
vn 0.5308 0.8412 0.1029
vn 0.8054 -0.5718 0.1562
vn 0.9272 -0.0000 0.3747
vn 0.9077 -0.2039 0.3668
vn 0.1772 0.9816 0.0714
vn 0.3439 0.9287 0.1388
vn 0.8507 -0.3977 0.3437
vn 0.5005 0.8418 0.2021
vn 0.7600 -0.5728 0.3070
vn 0.6412 0.7223 0.2590
vn 0.6412 -0.7223 0.2590
vn 0.7600 0.5728 0.3070
vn 0.5005 -0.8418 0.2021
vn 0.8507 0.3977 0.3437
vn 0.3439 -0.9287 0.1388
vn 0.9077 0.2039 0.3668
vn 0.1772 -0.9816 0.0714
vn 0.5782 -0.7237 0.3767
vn 0.4510 -0.8428 0.2938
vn 0.6859 0.5743 0.4470
vn 0.7682 0.3990 0.5007
vn 0.3098 -0.9292 0.2017
vn 0.8200 0.2046 0.5345
vn 0.1596 -0.9817 0.1038
vn 0.8377 -0.0000 0.5461
vn 0.1596 0.9817 0.1038
vn 0.8200 -0.2046 0.5345
vn 0.3098 0.9292 0.2017
vn 0.7682 -0.3990 0.5007
vn 0.4510 0.8428 0.2938
vn 0.6859 -0.5743 0.4470
vn 0.5782 0.7237 0.3767
vn 0.7005 -0.2055 0.6834
vn 0.6559 -0.4006 0.6398
vn 0.2637 0.9298 0.2569
vn 0.3842 0.8439 0.3745
vn 0.5852 -0.5761 0.5707
vn 0.4929 0.7253 0.4806
vn 0.4929 -0.7253 0.4806
vn 0.5852 0.5761 0.5707
vn 0.3842 -0.8439 0.3745
vn 0.6559 0.4006 0.6398
vn 0.2637 -0.9298 0.2569
vn 0.7005 0.2055 0.6834
vn 0.1358 -0.9819 0.1322
vn 0.7158 -0.0000 0.6983
vn 0.1358 0.9819 0.1322
vn 0.3023 -0.8451 0.4410
vn 0.2074 -0.9303 0.3024
vn 0.5174 0.4022 0.7554
vn 0.5529 0.2065 0.8073
vn 0.1068 -0.9820 0.1556
vn 0.5650 -0.0000 0.8251
vn 0.1068 0.9820 0.1556
vn 0.5529 -0.2065 0.8073
vn 0.2074 0.9303 0.3024
vn 0.5174 -0.4022 0.7554
vn 0.3023 0.8451 0.4410
vn 0.4613 -0.5779 0.6733
vn 0.3882 0.7269 0.5665
vn 0.3882 -0.7269 0.5665
vn 0.4613 0.5779 0.6733
vn 0.1430 0.9308 0.3363
vn 0.2085 0.8460 0.4907
vn 0.3576 -0.4035 0.8422
vn 0.3186 -0.5794 0.7502
vn 0.2679 0.7283 0.6307
vn 0.2679 -0.7283 0.6307
vn 0.3186 0.5794 0.7502
vn 0.2085 -0.8460 0.4907
vn 0.3576 0.4035 0.8422
vn 0.1430 -0.9308 0.3363
vn 0.3823 0.2073 0.9005
vn 0.0736 -0.9822 0.1730
vn 0.3908 -0.0000 0.9205
vn 0.0736 0.9822 0.1730
vn 0.3823 -0.2073 0.9005
vn 0.1827 0.4044 0.8961
vn 0.1954 0.2078 0.9585
vn 0.0729 -0.9312 0.3572
vn 0.0375 -0.9823 0.1837
vn 0.1998 -0.0000 0.9798
vn 0.0375 0.9823 0.1837
vn 0.1954 -0.2078 0.9585
vn 0.0729 0.9312 0.3572
vn 0.1827 -0.4044 0.8961
vn 0.1064 0.8467 0.5214
vn 0.1627 -0.5805 0.7979
vn 0.1368 0.7292 0.6705
vn 0.1368 -0.7292 0.6705
vn 0.1627 0.5805 0.7979
vn 0.1064 -0.8467 0.5214
vn -0.0000 -0.4047 0.9144
vn -0.0000 -0.5808 0.8140
vn -0.0000 0.8469 0.5318
vn -0.0000 0.7295 0.6840
vn -0.0000 -0.7295 0.6840
vn -0.0000 0.5808 0.8140
vn -0.0000 -0.8469 0.5318
vn -0.0000 0.4047 0.9144
vn -0.0000 -0.9313 0.3643
vn -0.0000 0.2080 0.9781
vn -0.0000 -0.9823 0.1874
vn -0.0000 0.9823 0.1874
vn -0.0000 -0.2080 0.9781
vn -0.0000 0.9313 0.3643
vn -0.0729 -0.9312 0.3572
vn -0.0375 -0.9823 0.1837
vn -0.1954 0.2078 0.9585
vn -0.1998 -0.0000 0.9798
vn -0.0375 0.9823 0.1837
vn -0.1954 -0.2078 0.9585
vn -0.0729 0.9312 0.3572
vn -0.1827 -0.4044 0.8961
vn -0.1064 0.8467 0.5214
vn -0.1627 -0.5805 0.7979
vn -0.1368 0.7292 0.6705
vn -0.1368 -0.7292 0.6705
vn -0.1627 0.5805 0.7979
vn -0.1064 -0.8467 0.5214
vn -0.1827 0.4044 0.8961
vn -0.2085 0.8460 0.4907
vn -0.2679 0.7283 0.6307
vn -0.3186 -0.5794 0.7502
vn -0.2679 -0.7283 0.6307
vn -0.3186 0.5794 0.7502
vn -0.2085 -0.8460 0.4907
vn -0.3576 0.4035 0.8422
vn -0.1430 -0.9308 0.3363
vn -0.3823 0.2073 0.9005
vn -0.0736 -0.9822 0.1730
vn -0.3908 -0.0000 0.9205
vn -0.0736 0.9822 0.1730
vn -0.3823 -0.2073 0.9005
vn -0.1430 0.9308 0.3363
vn -0.3576 -0.4035 0.8422
vn -0.5529 0.2065 0.8073
vn -0.5650 -0.0000 0.8251
vn -0.1068 0.9820 0.1556
vn -0.1068 -0.9820 0.1556
vn -0.5529 -0.2065 0.8073
vn -0.2074 0.9303 0.3024
vn -0.5174 -0.4022 0.7554
vn -0.3023 0.8451 0.4410
vn -0.4613 -0.5779 0.6733
vn -0.3882 0.7269 0.5665
vn -0.3882 -0.7269 0.5665
vn -0.4613 0.5779 0.6733
vn -0.3023 -0.8451 0.4410
vn -0.5174 0.4022 0.7554
vn -0.2074 -0.9303 0.3024
vn -0.5852 -0.5761 0.5707
vn -0.4929 -0.7253 0.4806
vn -0.4929 0.7253 0.4806
vn -0.5852 0.5761 0.5707
vn -0.3842 -0.8439 0.3745
vn -0.6559 0.4006 0.6398
vn -0.2637 -0.9298 0.2569
vn -0.7005 0.2055 0.6834
vn -0.1358 -0.9819 0.1322
vn -0.7158 -0.0000 0.6983
vn -0.1358 0.9819 0.1322
vn -0.7005 -0.2055 0.6834
vn -0.2637 0.9298 0.2569
vn -0.6559 -0.4006 0.6398
vn -0.3842 0.8439 0.3745
vn -0.1596 -0.9817 0.1038
vn -0.8377 -0.0000 0.5461
vn -0.8200 -0.2046 0.5345
vn -0.1596 0.9817 0.1038
vn -0.3098 0.9292 0.2017
vn -0.7682 -0.3990 0.5007
vn -0.4510 0.8428 0.2938
vn -0.6859 -0.5743 0.4470
vn -0.5782 0.7237 0.3767
vn -0.5782 -0.7237 0.3767
vn -0.6859 0.5743 0.4470
vn -0.4510 -0.8428 0.2938
vn -0.7682 0.3990 0.5007
vn -0.3098 -0.9292 0.2017
vn -0.8200 0.2046 0.5345
vn -0.6412 -0.7223 0.2590
vn -0.5005 -0.8418 0.2021
vn -0.7600 0.5728 0.3070
vn -0.8507 0.3977 0.3437
vn -0.3439 -0.9287 0.1388
vn -0.9077 0.2039 0.3668
vn -0.1772 -0.9816 0.0714
vn -0.9272 -0.0000 0.3747
vn -0.1772 0.9816 0.0714
vn -0.9077 -0.2039 0.3668
vn -0.3439 0.9287 0.1388
vn -0.8507 -0.3977 0.3437
vn -0.5005 0.8418 0.2021
vn -0.7600 -0.5728 0.3070
vn -0.6412 0.7223 0.2590
vn -0.1880 0.9815 0.0364
vn -0.3649 0.9284 0.0707
vn -0.9612 -0.2033 0.1865
vn -0.9011 -0.3968 0.1748
vn -0.5308 0.8412 0.1029
vn -0.8054 -0.5718 0.1562
vn -0.6798 0.7214 0.1319
vn -0.6798 -0.7214 0.1319
vn -0.8054 0.5718 0.1562
vn -0.5308 -0.8412 0.1029
vn -0.9011 0.3968 0.1748
vn -0.3649 -0.9284 0.0707
vn -0.9612 0.2033 0.1865
vn -0.1880 -0.9815 0.0364
vn -0.9817 -0.0000 0.1905
vn -0.8207 0.5714 -0.0000
vn -0.9180 0.3965 -0.0000
vn -0.5411 -0.8410 -0.0000
vn -0.3720 -0.9282 -0.0000
vn -0.9791 0.2032 -0.0000
vn -0.1916 -0.9815 -0.0000
vn -0.1916 0.9815 -0.0000
vn -0.9791 -0.2032 -0.0000
vn -0.3720 0.9282 -0.0000
vn -0.9180 -0.3965 -0.0000
vn -0.5411 0.8410 -0.0000
vn -0.8207 -0.5714 -0.0000
vn -0.6928 0.7211 -0.0000
vn -0.6928 -0.7211 -0.0000
vn -0.9612 -0.2033 -0.1865
vn -0.9011 -0.3968 -0.1748
vn -0.3649 0.9284 -0.0707
vn -0.5308 0.8412 -0.1029
vn -0.8054 -0.5718 -0.1562
vn -0.6798 0.7214 -0.1319
vn -0.6798 -0.7214 -0.1319
vn -0.8054 0.5718 -0.1562
vn -0.5308 -0.8412 -0.1029
vn -0.9011 0.3968 -0.1748
vn -0.3649 -0.9284 -0.0707
vn -0.9612 0.2033 -0.1865
vn -0.1880 -0.9815 -0.0364
vn -0.9817 -0.0000 -0.1905
vn -0.1880 0.9815 -0.0364
vn -0.5005 -0.8418 -0.2021
vn -0.3439 -0.9287 -0.1388
vn -0.8507 0.3977 -0.3437
vn -0.9077 0.2039 -0.3668
vn -0.1772 -0.9816 -0.0714
vn -0.9272 -0.0000 -0.3747
vn -0.1772 0.9816 -0.0714
vn -0.9077 -0.2039 -0.3668
vn -0.3439 0.9287 -0.1388
vn -0.8507 -0.3977 -0.3437
vn -0.5005 0.8418 -0.2021
vn -0.7600 -0.5728 -0.3070
vn -0.6412 0.7223 -0.2590
vn -0.6412 -0.7223 -0.2590
vn -0.7600 0.5728 -0.3070
vn -0.3098 0.9292 -0.2017
vn -0.4510 0.8428 -0.2938
vn -0.7682 -0.3990 -0.5007
vn -0.6859 -0.5743 -0.4470
vn -0.5782 0.7237 -0.3767
vn -0.5782 -0.7237 -0.3767
vn -0.6859 0.5743 -0.4470
vn -0.4510 -0.8428 -0.2938
vn -0.7682 0.3990 -0.5007
vn -0.3098 -0.9292 -0.2017
vn -0.8200 0.2046 -0.5345
vn -0.1596 -0.9817 -0.1038
vn -0.8377 -0.0000 -0.5461
vn -0.1596 0.9817 -0.1038
vn -0.8200 -0.2046 -0.5345
vn -0.6559 0.4006 -0.6398
vn -0.7005 0.2055 -0.6834
vn -0.2637 -0.9298 -0.2569
vn -0.1358 -0.9819 -0.1322
vn -0.7158 -0.0000 -0.6983
vn -0.1358 0.9819 -0.1322
vn -0.7005 -0.2055 -0.6834
vn -0.2637 0.9298 -0.2569
vn -0.6559 -0.4006 -0.6398
vn -0.3842 0.8439 -0.3745
vn -0.5852 -0.5761 -0.5707
vn -0.4929 0.7253 -0.4806
vn -0.4929 -0.7253 -0.4806
vn -0.5852 0.5761 -0.5707
vn -0.3842 -0.8439 -0.3745
vn -0.5174 -0.4022 -0.7554
vn -0.4613 -0.5779 -0.6733
vn -0.3023 0.8451 -0.4410
vn -0.3882 0.7269 -0.5665
vn -0.3882 -0.7269 -0.5665
vn -0.4613 0.5779 -0.6733
vn -0.3023 -0.8451 -0.4410
vn -0.5174 0.4022 -0.7554
vn -0.2074 -0.9303 -0.3024
vn -0.5529 0.2065 -0.8073
vn -0.1068 -0.9820 -0.1556
vn -0.5650 -0.0000 -0.8251
vn -0.1068 0.9820 -0.1556
vn -0.5529 -0.2065 -0.8073
vn -0.2074 0.9303 -0.3024
vn -0.1430 -0.9308 -0.3363
vn -0.0736 -0.9822 -0.1730
vn -0.3823 0.2073 -0.9005
vn -0.3908 -0.0000 -0.9205
vn -0.0736 0.9822 -0.1730
vn -0.3823 -0.2073 -0.9005
vn -0.1430 0.9308 -0.3363
vn -0.3576 -0.4035 -0.8422
vn -0.2085 0.8460 -0.4907
vn -0.3186 -0.5794 -0.7502
vn -0.2679 0.7283 -0.6307
vn -0.2679 -0.7283 -0.6307
vn -0.3186 0.5794 -0.7502
vn -0.2085 -0.8460 -0.4907
vn -0.3576 0.4035 -0.8422
vn -0.1627 -0.5805 -0.7979
vn -0.1368 -0.7292 -0.6705
vn -0.1368 0.7292 -0.6705
vn -0.1627 0.5805 -0.7979
vn -0.1064 -0.8467 -0.5214
vn -0.1827 0.4044 -0.8961
vn -0.0729 -0.9312 -0.3572
vn -0.1954 0.2078 -0.9585
vn -0.0375 -0.9823 -0.1837
vn -0.1998 -0.0000 -0.9798
vn -0.0375 0.9823 -0.1837
vn -0.1954 -0.2078 -0.9585
vn -0.0729 0.9312 -0.3572
vn -0.1827 -0.4044 -0.8961
vn -0.1064 0.8467 -0.5214
vn -0.2880 -0.6363 -0.7157
vn -0.4123 -0.9110 -0.0000
vn -0.5726 -0.4705 -0.6714
vn -0.7759 -0.2892 -0.5607
vn -0.8892 -0.1432 -0.4345
vn -0.9458 -0.0427 -0.3219
vn -0.9737 0.0224 -0.2266
vn -0.9875 0.0626 -0.1444
vn -0.9939 0.0844 -0.0703
vn -0.9958 0.0913 -0.0000
vn -0.9939 0.0844 0.0703
vn -0.9875 0.0626 0.1444
vn -0.9737 0.0224 0.2266
vn -0.9458 -0.0427 0.3219
vn -0.8892 -0.1432 0.4345
vn -0.7759 -0.2892 0.5607
vn -0.5726 -0.4705 0.6714
vn -0.2880 -0.6363 0.7157
vn 0.0245 -0.7407 0.6714
vn 0.2948 -0.7738 0.5607
vn 0.4793 -0.7626 0.4345
vn 0.5921 -0.7388 0.3219
vn 0.6595 -0.7168 0.2266
vn 0.6987 -0.7006 0.1444
vn 0.7194 -0.6910 0.0703
vn 0.7258 -0.6879 -0.0000
vn 0.7194 -0.6910 -0.0703
vn 0.6987 -0.7006 -0.1444
vn 0.6594 -0.7168 -0.2266
vn 0.5921 -0.7388 -0.3219
vn 0.4793 -0.7626 -0.4345
vn 0.2948 -0.7738 -0.5607
vn -0.6677 0.7306 0.1427
vn -0.6252 0.7479 0.2231
vn -0.6391 0.7426 0.2004
vn -0.6735 0.7280 0.1279
vn 0.0245 -0.7407 -0.6714
vn 0.8512 0.5249 -0.0000
vn 0.8444 0.5339 -0.0438
vn 0.8470 0.5304 -0.0345
vn 0.5730 0.5202 0.6333
vn 0.7702 0.3450 0.5364
vn 0.8139 0.2950 0.5005
vn 0.5882 0.6644 0.4611
vn 0.9987 -0.0509 -0.0000
vn 0.9966 -0.0433 -0.0696
vn 0.9971 -0.0448 -0.0623
vn -0.5533 0.7711 -0.3150
vn -0.6252 0.7479 -0.2231
vn -0.6391 0.7426 -0.2004
vn -0.5802 0.7633 -0.2841
vn 0.5730 0.5202 -0.6333
vn 0.3058 0.6756 -0.6708
vn 0.3575 0.7899 -0.4983
vn 0.5882 0.6644 -0.4611
vn -0.5533 0.7711 0.3150
vn -0.5802 0.7633 0.2841
vn 0.8851 0.1979 0.4212
vn 0.9098 0.1582 0.3837
vn 0.9896 -0.0195 -0.1427
vn 0.9915 -0.0256 -0.1279
vn -0.6677 0.7306 -0.1427
vn -0.6735 0.7280 -0.1279
vn -0.4354 0.7956 0.4212
vn -0.4816 0.7879 0.3837
vn 0.9445 0.0933 0.3150
vn 0.9564 0.0679 0.2841
vn 0.9745 0.0239 -0.2231
vn 0.9797 0.0100 -0.2004
vn -0.6903 0.7202 -0.0696
vn -0.6917 0.7195 -0.0623
vn 0.0126 0.7738 -0.6333
vn 0.1110 0.8804 -0.4611
vn -0.2491 0.8064 0.5364
vn -0.3156 0.8062 0.5005
vn 0.9745 0.0239 0.2231
vn 0.9797 0.0100 0.2004
vn 0.9445 0.0933 -0.3150
vn 0.9564 0.0679 -0.2841
vn -0.6974 0.7167 -0.0000
vn 0.0126 0.7738 0.6333
vn 0.1110 0.8804 0.4611
vn 0.9896 -0.0195 0.1427
vn 0.9915 -0.0256 0.1279
vn -0.2491 0.8064 -0.5364
vn -0.3156 0.8062 -0.5005
vn 0.8851 0.1979 -0.4212
vn 0.9098 0.1582 -0.3837
vn -0.6903 0.7202 0.0696
vn -0.6917 0.7195 0.0623
vn 0.3058 0.6756 0.6708
vn 0.3575 0.7899 0.4983
vn 0.9966 -0.0433 0.0696
vn 0.9971 -0.0448 0.0623
vn -0.4354 0.7956 -0.4212
vn -0.4816 0.7879 -0.3837
vn 0.7702 0.3450 -0.5364
vn 0.8139 0.2950 -0.5005
vn 0.4084 0.9024 -0.1370
vn 0.3341 0.9337 -0.1292
vn 0.2721 0.9556 -0.1130
vn 0.2227 0.9703 -0.0949
vn 0.1839 0.9800 -0.0761
vn 0.1553 0.9862 -0.0568
vn 0.4123 0.9110 -0.0000
vn 0.1553 0.9862 0.0568
vn 0.1839 0.9800 0.0761
vn 0.2227 0.9703 0.0949
vn 0.2721 0.9556 0.1130
vn 0.3341 0.9337 0.1292
vn 0.4084 0.9024 0.1370
vn 0.4810 0.8672 0.1292
vn 0.5383 0.8351 0.1130
vn 0.5820 0.8076 0.0949
vn 0.6149 0.7850 0.0761
vn 0.6385 0.7675 0.0568
vn 0.6385 0.7675 -0.0568
vn 0.6149 0.7850 -0.0761
vn 0.5820 0.8076 -0.0949
vn 0.5383 0.8351 -0.1130
vn 0.4810 0.8672 -0.1292
vn -0.0707 0.9897 0.1249
vn 0.0016 0.9870 0.1607
vn 0.8243 0.5596 -0.0856
vn 0.8335 0.5481 -0.0701
vn 0.0915 0.9772 0.1914
vn 0.7902 0.6000 -0.1249
vn 0.1942 0.9572 0.2147
vn 0.7404 0.6526 -0.1607
vn 0.1942 0.9572 -0.2147
vn 0.6738 0.7137 -0.1914
vn 0.0915 0.9772 -0.1914
vn 0.5910 0.7776 -0.2147
vn 0.0016 0.9870 -0.1607
vn 0.5910 0.7776 0.2147
vn -0.0707 0.9897 -0.1249
vn 0.6738 0.7137 0.1914
vn -0.1236 0.9886 -0.0856
vn -0.1383 0.9879 -0.0701
vn 0.7404 0.6526 0.1607
vn -0.1562 0.9868 -0.0438
vn -0.1605 0.9864 -0.0345
vn 0.7902 0.6000 0.1249
vn -0.1674 0.9859 -0.0000
vn 0.8243 0.5596 0.0856
vn 0.8335 0.5481 0.0701
vn -0.1562 0.9868 0.0438
vn -0.1605 0.9864 0.0345
vn 0.8444 0.5339 0.0438
vn 0.8470 0.5304 0.0345
vn -0.1236 0.9886 0.0856
vn -0.1383 0.9879 0.0701
vn -0.0000 -0.3805 -0.9248
vn -0.0000 -0.1939 -0.9810
vn 0.1914 -0.1939 -0.9622
vn 0.1804 -0.3805 -0.9070
vn -0.0000 0.8286 -0.5598
vn -0.0000 0.9217 -0.3879
vn 0.0757 0.9217 -0.3804
vn 0.1092 0.8286 -0.5490
vn -0.0000 -0.5528 -0.8333
vn 0.1626 -0.5528 -0.8173
vn -0.0000 0.7041 -0.7101
vn 0.1385 0.7041 -0.6965
vn -0.0000 -0.7041 -0.7101
vn 0.1385 -0.7041 -0.6965
vn -0.0000 0.5528 -0.8333
vn 0.1626 0.5528 -0.8173
vn -0.0000 -0.8286 -0.5598
vn 0.1092 -0.8286 -0.5490
vn -0.0000 0.3805 -0.9248
vn 0.1804 0.3805 -0.9070
vn -0.0000 -0.9217 -0.3879
vn 0.0757 -0.9217 -0.3804
vn -0.0000 0.1939 -0.9810
vn 0.1914 0.1939 -0.9622
vn -0.0000 -0.9796 -0.2010
vn 0.0392 -0.9796 -0.1971
vn 0.1951 -0.0000 -0.9808
vn -0.0000 0.9796 -0.2010
vn 0.0392 0.9796 -0.1971
vn 0.0769 -0.9796 -0.1857
vn 0.3827 -0.0000 -0.9239
vn 0.3754 -0.1939 -0.9063
vn 0.0769 0.9796 -0.1857
vn 0.1484 0.9217 -0.3584
vn 0.3539 -0.3805 -0.8544
vn 0.2142 0.8286 -0.5172
vn 0.3189 -0.5528 -0.7699
vn 0.2718 0.7041 -0.6561
vn 0.2718 -0.7041 -0.6561
vn 0.3189 0.5528 -0.7699
vn 0.2142 -0.8286 -0.5172
vn 0.3539 0.3805 -0.8544
vn 0.1484 -0.9217 -0.3584
vn 0.3754 0.1939 -0.9063
vn 0.3945 -0.7041 -0.5905
vn 0.3110 -0.8286 -0.4654
vn 0.4630 0.5528 -0.6929
vn 0.5138 0.3805 -0.7689
vn 0.2155 -0.9217 -0.3225
vn 0.5450 0.1939 -0.8157
vn 0.1117 -0.9796 -0.1671
vn 0.5556 -0.0000 -0.8315
vn 0.1117 0.9796 -0.1671
vn 0.5450 -0.1939 -0.8157
vn 0.2155 0.9217 -0.3225
vn 0.5138 -0.3805 -0.7689
vn 0.3110 0.8286 -0.4654
vn 0.4630 -0.5528 -0.6929
vn 0.3945 0.7041 -0.5905
vn 0.1421 0.9796 -0.1421
vn 0.2743 0.9217 -0.2743
vn 0.6937 -0.1939 -0.6937
vn 0.6539 -0.3805 -0.6539
vn 0.3958 0.8286 -0.3958
vn 0.5893 -0.5528 -0.5893
vn 0.5021 0.7041 -0.5021
vn 0.5021 -0.7041 -0.5021
vn 0.5893 0.5528 -0.5893
vn 0.3958 -0.8286 -0.3958
vn 0.6539 0.3805 -0.6539
vn 0.2743 -0.9217 -0.2743
vn 0.6937 0.1939 -0.6937
vn 0.1421 -0.9796 -0.1421
vn 0.7071 -0.0000 -0.7071
vn 0.4654 0.8286 -0.3110
vn 0.5905 0.7041 -0.3945
vn 0.6929 -0.5528 -0.4630
vn 0.5905 -0.7041 -0.3945
vn 0.6929 0.5528 -0.4630
vn 0.4654 -0.8286 -0.3110
vn 0.7689 0.3805 -0.5138
vn 0.3225 -0.9217 -0.2155
vn 0.8157 0.1939 -0.5450
vn 0.1671 -0.9796 -0.1117
vn 0.8315 -0.0000 -0.5556
vn 0.1671 0.9796 -0.1117
vn 0.8157 -0.1939 -0.5450
vn 0.3225 0.9217 -0.2155
vn 0.7689 -0.3805 -0.5138
vn 0.9063 0.1939 -0.3754
vn 0.9239 -0.0000 -0.3827
vn 0.1857 0.9796 -0.0769
vn 0.1857 -0.9796 -0.0769
vn 0.9063 -0.1939 -0.3754
vn 0.3584 0.9217 -0.1484
vn 0.8544 -0.3805 -0.3539
vn 0.5172 0.8286 -0.2142
vn 0.7699 -0.5528 -0.3189
vn 0.6561 0.7041 -0.2718
vn 0.6561 -0.7041 -0.2718
vn 0.7699 0.5528 -0.3189
vn 0.5172 -0.8286 -0.2142
vn 0.8544 0.3805 -0.3539
vn 0.3584 -0.9217 -0.1484
vn 0.8173 -0.5528 -0.1626
vn 0.6965 -0.7041 -0.1385
vn 0.6965 0.7041 -0.1385
vn 0.8173 0.5528 -0.1626
vn 0.5490 -0.8286 -0.1092
vn 0.9070 0.3805 -0.1804
vn 0.3804 -0.9217 -0.0757
vn 0.9622 0.1939 -0.1914
vn 0.1971 -0.9796 -0.0392
vn 0.9808 -0.0000 -0.1951
vn 0.1971 0.9796 -0.0392
vn 0.9622 -0.1939 -0.1914
vn 0.3804 0.9217 -0.0757
vn 0.9070 -0.3805 -0.1804
vn 0.5490 0.8286 -0.1092
vn 0.2010 0.9796 -0.0000
vn 0.2010 -0.9796 -0.0000
vn 0.9810 -0.1939 -0.0000
vn 0.3879 0.9217 -0.0000
vn 0.9248 -0.3805 -0.0000
vn 0.5598 0.8286 -0.0000
vn 0.8333 -0.5528 -0.0000
vn 0.7101 0.7041 -0.0000
vn 0.7101 -0.7041 -0.0000
vn 0.8333 0.5528 -0.0000
vn 0.5598 -0.8286 -0.0000
vn 0.9248 0.3805 -0.0000
vn 0.3879 -0.9217 -0.0000
vn 0.9810 0.1939 -0.0000
vn 0.6965 0.7041 0.1385
vn 0.8173 0.5528 0.1626
vn 0.6965 -0.7041 0.1385
vn 0.5490 -0.8286 0.1092
vn 0.9070 0.3805 0.1804
vn 0.3804 -0.9217 0.0757
vn 0.9622 0.1939 0.1914
vn 0.1971 -0.9796 0.0392
vn 0.9808 -0.0000 0.1951
vn 0.1971 0.9796 0.0392
vn 0.9622 -0.1939 0.1914
vn 0.3804 0.9217 0.0757
vn 0.9070 -0.3805 0.1804
vn 0.5490 0.8286 0.1092
vn 0.8173 -0.5528 0.1626
vn 0.9239 -0.0000 0.3827
vn 0.9063 -0.1939 0.3754
vn 0.1857 0.9796 0.0769
vn 0.3584 0.9217 0.1484
vn 0.8544 -0.3805 0.3539
vn 0.5172 0.8286 0.2142
vn 0.7699 -0.5528 0.3189
vn 0.6561 0.7041 0.2718
vn 0.6561 -0.7041 0.2718
vn 0.7699 0.5528 0.3189
vn 0.5172 -0.8286 0.2142
vn 0.8544 0.3805 0.3539
vn 0.3584 -0.9217 0.1484
vn 0.9063 0.1939 0.3754
vn 0.1857 -0.9796 0.0769
vn 0.5905 -0.7041 0.3945
vn 0.4654 -0.8286 0.3110
vn 0.6929 0.5528 0.4630
vn 0.7689 0.3805 0.5138
vn 0.3225 -0.9217 0.2155
vn 0.8157 0.1939 0.5450
vn 0.1671 -0.9796 0.1117
vn 0.8315 -0.0000 0.5556
vn 0.1671 0.9796 0.1117
vn 0.8157 -0.1939 0.5450
vn 0.3225 0.9217 0.2155
vn 0.7689 -0.3805 0.5138
vn 0.4654 0.8286 0.3110
vn 0.6929 -0.5528 0.4630
vn 0.5905 0.7041 0.3945
vn 0.6937 -0.1939 0.6937
vn 0.6539 -0.3805 0.6539
vn 0.2743 0.9217 0.2743
vn 0.3958 0.8286 0.3958
vn 0.5893 -0.5528 0.5893
vn 0.5021 0.7041 0.5021
vn 0.5021 -0.7041 0.5021
vn 0.5893 0.5528 0.5893
vn 0.3958 -0.8286 0.3958
vn 0.6539 0.3805 0.6539
vn 0.2743 -0.9217 0.2743
vn 0.6937 0.1939 0.6937
vn 0.1421 -0.9796 0.1421
vn 0.7071 -0.0000 0.7071
vn 0.1421 0.9796 0.1421
vn 0.3110 -0.8286 0.4654
vn 0.2155 -0.9217 0.3225
vn 0.5138 0.3805 0.7689
vn 0.5450 0.1939 0.8157
vn 0.1117 -0.9796 0.1671
vn 0.5556 -0.0000 0.8315
vn 0.1117 0.9796 0.1671
vn 0.5450 -0.1939 0.8157
vn 0.2155 0.9217 0.3225
vn 0.5138 -0.3805 0.7689
vn 0.3110 0.8286 0.4654
vn 0.4630 -0.5528 0.6929
vn 0.3945 0.7041 0.5905
vn 0.3945 -0.7041 0.5905
vn 0.4630 0.5528 0.6929
vn 0.1484 0.9217 0.3584
vn 0.2142 0.8286 0.5172
vn 0.3539 -0.3805 0.8544
vn 0.3189 -0.5528 0.7699
vn 0.2718 0.7041 0.6561
vn 0.2718 -0.7041 0.6561
vn 0.3189 0.5528 0.7699
vn 0.2142 -0.8286 0.5172
vn 0.3539 0.3805 0.8544
vn 0.1484 -0.9217 0.3584
vn 0.3754 0.1939 0.9063
vn 0.0769 -0.9796 0.1857
vn 0.3827 -0.0000 0.9239
vn 0.0769 0.9796 0.1857
vn 0.3754 -0.1939 0.9063
vn 0.1804 0.3805 0.9070
vn 0.1914 0.1939 0.9622
vn 0.0757 -0.9217 0.3804
vn 0.0392 -0.9796 0.1971
vn 0.1951 -0.0000 0.9808
vn 0.0392 0.9796 0.1971
vn 0.1914 -0.1939 0.9622
vn 0.0757 0.9217 0.3804
vn 0.1804 -0.3805 0.9070
vn 0.1092 0.8286 0.5490
vn 0.1626 -0.5528 0.8173
vn 0.1385 0.7041 0.6965
vn 0.1385 -0.7041 0.6965
vn 0.1626 0.5528 0.8173
vn 0.1092 -0.8286 0.5490
vn -0.0000 -0.3805 0.9248
vn -0.0000 -0.5528 0.8333
vn -0.0000 0.8286 0.5598
vn -0.0000 0.7041 0.7101
vn -0.0000 -0.7041 0.7101
vn -0.0000 0.5528 0.8333
vn -0.0000 -0.8286 0.5598
vn -0.0000 0.3805 0.9248
vn -0.0000 -0.9217 0.3879
vn -0.0000 0.1939 0.9810
vn -0.0000 -0.9796 0.2010
vn -0.0000 0.9796 0.2010
vn -0.0000 -0.1939 0.9810
vn -0.0000 0.9217 0.3879
vn -0.0757 -0.9217 0.3804
vn -0.0392 -0.9796 0.1971
vn -0.1914 0.1939 0.9622
vn -0.1951 -0.0000 0.9808
vn -0.0392 0.9796 0.1971
vn -0.1914 -0.1939 0.9622
vn -0.0757 0.9217 0.3804
vn -0.1804 -0.3805 0.9070
vn -0.1092 0.8286 0.5490
vn -0.1626 -0.5528 0.8173
vn -0.1385 0.7041 0.6965
vn -0.1385 -0.7041 0.6965
vn -0.1626 0.5528 0.8173
vn -0.1092 -0.8286 0.5490
vn -0.1804 0.3805 0.9070
vn -0.2142 0.8286 0.5172
vn -0.2718 0.7041 0.6561
vn -0.3189 -0.5528 0.7699
vn -0.2718 -0.7041 0.6561
vn -0.3189 0.5528 0.7699
vn -0.2142 -0.8286 0.5172
vn -0.3539 0.3805 0.8544
vn -0.1484 -0.9217 0.3584
vn -0.3754 0.1939 0.9063
vn -0.0769 -0.9796 0.1857
vn -0.3827 -0.0000 0.9239
vn -0.0769 0.9796 0.1857
vn -0.3754 -0.1939 0.9063
vn -0.1484 0.9217 0.3584
vn -0.3539 -0.3805 0.8544
vn -0.5450 0.1939 0.8157
vn -0.5556 -0.0000 0.8315
vn -0.1116 0.9796 0.1671
vn -0.1117 -0.9796 0.1671
vn -0.5450 -0.1939 0.8157
vn -0.2155 0.9217 0.3225
vn -0.5138 -0.3805 0.7689
vn -0.3110 0.8286 0.4654
vn -0.4630 -0.5528 0.6929
vn -0.3945 0.7041 0.5905
vn -0.3945 -0.7041 0.5905
vn -0.4630 0.5528 0.6929
vn -0.3110 -0.8286 0.4654
vn -0.5138 0.3805 0.7689
vn -0.2155 -0.9217 0.3225
vn -0.5893 -0.5528 0.5893
vn -0.5021 -0.7041 0.5021
vn -0.5021 0.7041 0.5021
vn -0.5893 0.5528 0.5893
vn -0.3958 -0.8286 0.3958
vn -0.6539 0.3805 0.6539
vn -0.2743 -0.9217 0.2743
vn -0.6937 0.1939 0.6937
vn -0.1421 -0.9796 0.1421
vn -0.7071 -0.0000 0.7071
vn -0.1421 0.9796 0.1421
vn -0.6937 -0.1939 0.6937
vn -0.2743 0.9217 0.2743
vn -0.6539 -0.3805 0.6539
vn -0.3958 0.8286 0.3958
vn -0.1671 -0.9796 0.1117
vn -0.8315 -0.0000 0.5556
vn -0.8157 -0.1939 0.5450
vn -0.1671 0.9796 0.1117
vn -0.3225 0.9217 0.2155
vn -0.7689 -0.3805 0.5138
vn -0.4654 0.8286 0.3110
vn -0.6929 -0.5528 0.4630
vn -0.5905 0.7041 0.3945
vn -0.5905 -0.7041 0.3945
vn -0.6929 0.5528 0.4630
vn -0.4654 -0.8286 0.3110
vn -0.7689 0.3805 0.5138
vn -0.3225 -0.9217 0.2155
vn -0.8157 0.1939 0.5450
vn -0.6561 -0.7041 0.2718
vn -0.5172 -0.8286 0.2142
vn -0.7699 0.5528 0.3189
vn -0.8544 0.3805 0.3539
vn -0.3584 -0.9217 0.1484
vn -0.9063 0.1939 0.3754
vn -0.1857 -0.9796 0.0769
vn -0.9239 -0.0000 0.3827
vn -0.1857 0.9796 0.0769
vn -0.9063 -0.1939 0.3754
vn -0.3584 0.9217 0.1484
vn -0.8544 -0.3805 0.3539
vn -0.5172 0.8286 0.2142
vn -0.7699 -0.5528 0.3189
vn -0.6561 0.7041 0.2718
vn -0.1971 0.9796 0.0392
vn -0.3804 0.9217 0.0757
vn -0.9622 -0.1939 0.1914
vn -0.9070 -0.3805 0.1804
vn -0.5490 0.8286 0.1092
vn -0.8173 -0.5528 0.1626
vn -0.6965 0.7041 0.1385
vn -0.6965 -0.7041 0.1385
vn -0.8173 0.5528 0.1626
vn -0.5490 -0.8286 0.1092
vn -0.9070 0.3805 0.1804
vn -0.3804 -0.9217 0.0757
vn -0.9622 0.1939 0.1914
vn -0.1971 -0.9796 0.0392
vn -0.9808 -0.0000 0.1951
vn -0.8333 0.5528 -0.0000
vn -0.9248 0.3805 -0.0000
vn -0.5598 -0.8286 -0.0000
vn -0.3879 -0.9217 -0.0000
vn -0.9810 0.1939 -0.0000
vn -0.2010 -0.9796 -0.0000
vn -0.2010 0.9796 -0.0000
vn -0.9810 -0.1939 -0.0000
vn -0.3879 0.9217 -0.0000
vn -0.9248 -0.3805 -0.0000
vn -0.5598 0.8286 -0.0000
vn -0.8333 -0.5528 -0.0000
vn -0.7101 0.7041 -0.0000
vn -0.7101 -0.7041 -0.0000
vn -0.9622 -0.1939 -0.1914
vn -0.9070 -0.3805 -0.1804
vn -0.3804 0.9217 -0.0757
vn -0.5490 0.8286 -0.1092
vn -0.8173 -0.5528 -0.1626
vn -0.6965 0.7041 -0.1385
vn -0.6965 -0.7041 -0.1385
vn -0.8173 0.5528 -0.1626
vn -0.5490 -0.8286 -0.1092
vn -0.9070 0.3805 -0.1804
vn -0.3804 -0.9217 -0.0757
vn -0.9622 0.1939 -0.1914
vn -0.1971 -0.9796 -0.0392
vn -0.9808 -0.0000 -0.1951
vn -0.1971 0.9796 -0.0392
vn -0.5172 -0.8286 -0.2142
vn -0.3584 -0.9217 -0.1484
vn -0.8544 0.3805 -0.3539
vn -0.9063 0.1939 -0.3754
vn -0.1857 -0.9796 -0.0769
vn -0.9239 -0.0000 -0.3827
vn -0.1857 0.9796 -0.0769
vn -0.9063 -0.1939 -0.3754
vn -0.3584 0.9217 -0.1484
vn -0.8544 -0.3805 -0.3539
vn -0.5172 0.8286 -0.2142
vn -0.7699 -0.5528 -0.3189
vn -0.6561 0.7041 -0.2718
vn -0.6561 -0.7041 -0.2718
vn -0.7699 0.5528 -0.3189
vn -0.3225 0.9217 -0.2155
vn -0.4654 0.8286 -0.3110
vn -0.7689 -0.3805 -0.5138
vn -0.6929 -0.5528 -0.4630
vn -0.5905 0.7041 -0.3945
vn -0.5905 -0.7041 -0.3945
vn -0.6929 0.5528 -0.4630
vn -0.4654 -0.8286 -0.3110
vn -0.7689 0.3805 -0.5138
vn -0.3225 -0.9217 -0.2155
vn -0.8157 0.1939 -0.5450
vn -0.1671 -0.9796 -0.1117
vn -0.8315 -0.0000 -0.5556
vn -0.1671 0.9796 -0.1117
vn -0.8157 -0.1939 -0.5450
vn -0.6539 0.3805 -0.6539
vn -0.6937 0.1939 -0.6937
vn -0.2743 -0.9217 -0.2743
vn -0.1421 -0.9796 -0.1421
vn -0.7071 -0.0000 -0.7071
vn -0.1421 0.9796 -0.1421
vn -0.6937 -0.1939 -0.6937
vn -0.2743 0.9217 -0.2743
vn -0.6539 -0.3805 -0.6539
vn -0.3958 0.8286 -0.3958
vn -0.5893 -0.5528 -0.5893
vn -0.5021 0.7041 -0.5021
vn -0.5021 -0.7041 -0.5021
vn -0.5893 0.5528 -0.5893
vn -0.3958 -0.8286 -0.3958
vn -0.5138 -0.3805 -0.7689
vn -0.4630 -0.5528 -0.6929
vn -0.3110 0.8286 -0.4654
vn -0.3945 0.7041 -0.5905
vn -0.3945 -0.7041 -0.5905
vn -0.4630 0.5528 -0.6929
vn -0.3110 -0.8286 -0.4654
vn -0.5138 0.3805 -0.7689
vn -0.2155 -0.9217 -0.3225
vn -0.5450 0.1939 -0.8157
vn -0.1117 -0.9796 -0.1671
vn -0.5556 -0.0000 -0.8315
vn -0.1117 0.9796 -0.1671
vn -0.5450 -0.1939 -0.8157
vn -0.2155 0.9217 -0.3225
vn -0.1484 -0.9217 -0.3584
vn -0.0769 -0.9796 -0.1857
vn -0.3754 0.1939 -0.9063
vn -0.3827 -0.0000 -0.9239
vn -0.0769 0.9796 -0.1857
vn -0.3754 -0.1939 -0.9063
vn -0.1484 0.9217 -0.3584
vn -0.3539 -0.3805 -0.8544
vn -0.2142 0.8286 -0.5172
vn -0.3189 -0.5528 -0.7699
vn -0.2718 0.7041 -0.6561
vn -0.2718 -0.7041 -0.6561
vn -0.3189 0.5528 -0.7699
vn -0.2142 -0.8286 -0.5172
vn -0.3539 0.3805 -0.8544
vn -0.1626 -0.5528 -0.8173
vn -0.1385 -0.7041 -0.6965
vn -0.1385 0.7041 -0.6965
vn -0.1626 0.5528 -0.8173
vn -0.1092 -0.8286 -0.5490
vn -0.1804 0.3805 -0.9070
vn -0.0757 -0.9217 -0.3804
vn -0.1914 0.1939 -0.9622
vn -0.0392 -0.9796 -0.1971
vn -0.1951 -0.0000 -0.9808
vn -0.0392 0.9796 -0.1971
vn -0.1914 -0.1939 -0.9622
vn -0.0757 0.9217 -0.3804
vn -0.1804 -0.3805 -0.9070
vn -0.1092 0.8286 -0.5490
vn 0.0013 -0.9997 -0.0240
vn 0.1097 -0.9502 -0.2916
vn 0.2327 -0.9452 -0.2291
vn 0.3595 0.2979 -0.8843
vn 0.3392 0.4405 -0.8312
vn 0.6666 0.4113 -0.6217
vn 0.7004 0.2749 -0.6587
vn 0.1937 0.8656 -0.4618
vn 0.1073 0.9634 -0.2458
vn 0.2304 0.9556 -0.1835
vn 0.4025 0.8455 -0.3509
vn 0.1958 -0.8420 -0.5027
vn 0.4046 -0.8267 -0.3910
vn 0.3073 0.5870 -0.7490
vn 0.6118 0.5551 -0.5636
vn 0.2618 -0.7012 -0.6632
vn 0.5290 -0.6787 -0.5095
vn 0.3711 -0.1143 -0.9216
vn 0.3744 0.0227 -0.9270
vn 0.7246 0.0174 -0.6890
vn 0.7190 -0.1100 -0.6862
vn 0.3087 -0.5497 -0.7762
vn 0.6131 -0.5259 -0.5895
vn 0.3403 -0.3994 -0.8513
vn 0.6676 -0.3793 -0.6407
vn 0.2600 0.7328 -0.6288
vn 0.5273 0.7036 -0.4763
vn 0.3707 0.1592 -0.9150
vn 0.7187 0.1446 -0.6801
vn -0.0013 0.9997 0.0240
vn 0.3602 -0.2543 -0.8976
vn 0.7010 -0.2413 -0.6711
vn 0.3316 -0.9301 -0.1578
vn 0.5594 0.7983 -0.2230
vn 0.7095 0.6385 -0.2983
vn 0.9119 0.0110 -0.4102
vn 0.9068 -0.0968 -0.4103
vn 0.8901 -0.2094 -0.4049
vn 0.3292 0.9375 -0.1130
vn 0.8017 0.4874 -0.3461
vn 0.8895 0.2308 -0.3944
vn 0.9065 0.1186 -0.4051
vn 0.8029 -0.4682 -0.3690
vn 0.7111 -0.6217 -0.3285
vn 0.8571 0.3522 -0.3760
vn 0.8580 -0.3316 -0.3924
vn 0.5614 -0.7853 -0.2610
vn 0.4031 0.9141 -0.0441
vn 0.9827 0.0057 -0.1850
vn 0.9789 -0.0840 -0.1863
vn 0.9657 0.1899 -0.1772
vn 0.9787 0.0953 -0.1820
vn 0.9402 0.2952 -0.1696
vn 0.6652 -0.7341 -0.1368
vn 0.4054 -0.9099 -0.0878
vn 0.8139 -0.5574 -0.1637
vn 0.8946 0.4183 -0.1574
vn 0.8956 -0.4080 -0.1772
vn 0.8125 0.5666 -0.1368
vn 0.9410 -0.2844 -0.1835
vn 0.6633 0.7414 -0.1014
vn 0.9661 -0.1788 -0.1861
vn 0.9870 0.1598 -0.0147
vn 0.9968 0.0783 -0.0168
vn 0.4574 -0.8890 -0.0226
vn 0.9998 0.0017 -0.0187
vn 0.9970 -0.0749 -0.0205
vn 0.9874 -0.1564 -0.0223
vn 0.4552 0.8902 0.0201
vn 0.9683 -0.2488 -0.0241
vn 0.7260 0.6876 0.0060
vn 0.8630 0.5051 -0.0031
vn 0.8643 -0.5022 -0.0272
vn 0.7278 -0.6853 -0.0269
vn 0.9325 -0.3602 -0.0258
vn 0.9316 0.3634 -0.0085
vn 0.9676 0.2520 -0.0121
vn 0.9918 0.0665 0.1087
vn 0.9942 -0.0013 0.1073
vn 0.8822 0.4586 0.1064
vn 0.9397 0.3240 0.1092
vn 0.7591 0.6434 0.0989
vn 0.9846 -0.1417 0.1028
vn 0.9694 -0.2246 0.0991
vn 0.9920 -0.0692 0.1054
vn 0.9688 0.2220 0.1098
vn 0.9842 0.1390 0.1095
vn 0.7608 -0.6455 0.0680
vn 0.4909 -0.8705 0.0370
vn 0.4887 0.8689 0.0787
vn 0.8834 -0.4610 0.0844
vn 0.9405 -0.3265 0.0936
vn 0.7725 -0.6169 0.1503
vn 0.5083 -0.8564 0.0908
vn 0.9697 0.1254 0.2098
vn 0.9760 0.0586 0.2096
vn 0.5062 0.8523 0.1318
vn 0.7710 0.6110 0.1798
vn 0.9780 -0.0038 0.2085
vn 0.8824 0.4266 0.1984
vn 0.9762 -0.0661 0.2066
vn 0.9321 0.2979 0.2059
vn 0.9700 -0.1329 0.2037
vn 0.9568 0.2023 0.2089
vn 0.9573 -0.2097 0.1990
vn 0.9329 -0.3051 0.1914
vn 0.8835 -0.4335 0.1778
vn 0.8696 0.4076 0.2787
vn 0.9145 0.2825 0.2895
vn 0.9370 -0.2022 0.2848
vn 0.9153 -0.2937 0.2757
vn 0.9365 0.1906 0.2942
vn 0.8706 -0.4183 0.2589
vn 0.9480 0.1172 0.2960
vn 0.7680 -0.6003 0.2229
vn 0.9536 0.0535 0.2962
vn 0.5117 -0.8479 0.1391
vn 0.9554 -0.0059 0.2953
vn 0.5096 0.8415 0.1796
vn 0.9538 -0.0652 0.2933
vn 0.7666 0.5909 0.2515
vn 0.9483 -0.1288 0.2901
vn 0.9256 0.0506 0.3751
vn 0.9273 -0.0078 0.3743
vn 0.4997 0.8372 0.2223
vn 0.5018 -0.8456 0.1820
vn 0.9258 -0.0662 0.3723
vn 0.7482 0.5832 0.3165
vn 0.9206 -0.1288 0.3687
vn 0.8463 0.4002 0.3516
vn 0.9100 -0.2010 0.3626
vn 0.8888 0.2763 0.3657
vn 0.8895 -0.2913 0.3521
vn 0.9095 0.1857 0.3719
vn 0.8473 -0.4145 0.3321
vn 0.9203 0.1133 0.3745
vn 0.7496 -0.5958 0.2882
vn 0.8754 -0.2059 0.4373
vn 0.8550 -0.2974 0.4248
vn 0.8543 0.2788 0.4386
vn 0.8749 0.1869 0.4467
vn 0.8134 -0.4218 0.4007
vn 0.8857 0.1134 0.4503
vn 0.7177 -0.6034 0.3477
vn 0.8910 0.0497 0.4514
vn 0.4792 -0.8498 0.2196
vn 0.8926 -0.0097 0.4507
vn 0.4770 0.8395 0.2601
vn 0.8911 -0.0690 0.4485
vn 0.7162 0.5878 0.3762
vn 0.8860 -0.1326 0.4444
vn 0.8123 0.4041 0.4205
vn 0.4434 -0.8603 0.2516
vn 0.8486 -0.0116 0.5289
vn 0.8471 -0.0740 0.5263
vn 0.4413 0.8484 0.2925
vn 0.6692 0.6048 0.4317
vn 0.8417 -0.1407 0.5214
vn 0.7655 0.4196 0.4878
vn 0.8306 -0.2174 0.5127
vn 0.8087 0.2904 0.5116
vn 0.8094 -0.3126 0.4972
vn 0.8301 0.1946 0.5225
vn 0.7666 -0.4405 0.4672
vn 0.8413 0.1176 0.5276
vn 0.6708 -0.6231 0.4023
vn 0.8469 0.0508 0.5293
vn 0.7473 -0.3383 0.5719
vn 0.7021 -0.4720 0.5331
vn 0.7697 0.2100 0.6029
vn 0.7820 0.1268 0.6103
vn 0.6056 -0.6549 0.4521
vn 0.7881 0.0542 0.6132
vn 0.3937 -0.8763 0.2775
vn 0.7900 -0.0137 0.6130
vn 0.3915 0.8630 0.3192
vn 0.7882 -0.0815 0.6099
vn 0.6040 0.6340 0.4830
vn 0.7823 -0.1539 0.6036
vn 0.7010 0.4476 0.5552
vn 0.7702 -0.2367 0.5922
vn 0.7465 0.3123 0.5875
vn 0.3264 0.8824 0.3390
vn 0.5149 0.6748 0.5286
vn 0.7045 -0.0926 0.7036
vn 0.6978 -0.1739 0.6948
vn 0.6104 0.4898 0.6225
vn 0.6843 -0.2660 0.6789
vn 0.6583 0.3468 0.6681
vn 0.6593 -0.3768 0.6507
vn 0.6837 0.2348 0.6909
vn 0.6116 -0.5175 0.5984
vn 0.6974 0.1422 0.7024
vn 0.5167 -0.6981 0.4957
vn 0.7043 0.0606 0.7073
vn 0.3286 -0.8968 0.2963
vn 0.7065 -0.0161 0.7075
vn 0.5539 0.2718 0.7870
vn 0.5687 0.1659 0.8057
vn 0.4816 -0.5775 0.6592
vn 0.3962 -0.7504 0.5291
vn 0.5763 0.0709 0.8142
vn 0.2462 -0.9196 0.3062
vn 0.5787 -0.0188 0.8153
vn 0.2439 0.9044 0.3499
vn 0.5765 -0.1084 0.8099
vn 0.3944 0.7251 0.5645
vn 0.5692 -0.2028 0.7968
vn 0.4801 0.5465 0.6862
vn 0.5546 -0.3078 0.7731
vn 0.5274 0.3961 0.7516
vn 0.5285 -0.4303 0.7318
vn 0.3694 -0.1294 0.9202
vn 0.3630 -0.2413 0.9000
vn 0.2342 0.7786 0.5822
vn 0.2927 0.6132 0.7337
vn 0.3507 -0.3623 0.8636
vn 0.3284 0.4587 0.8257
vn 0.3296 -0.4969 0.8028
vn 0.3498 0.3214 0.8799
vn 0.2943 -0.6469 0.7035
vn 0.3625 0.1988 0.9105
vn 0.2362 -0.8050 0.5442
vn 0.3691 0.0861 0.9254
vn 0.1449 -0.9415 0.3044
vn 0.3713 -0.0218 0.9283
vn 0.1425 0.9261 0.3492
vn 0.0386 -0.7084 0.7048
vn 0.0338 -0.8491 0.5271
vn 0.0421 0.2350 0.9711
vn 0.0426 0.1036 0.9937
vn 0.0245 -0.9578 0.2864
vn 0.0429 -0.0239 0.9988
vn 0.0221 0.9430 0.3320
vn 0.0430 -0.1510 0.9876
vn 0.0317 0.8230 0.5672
vn 0.0427 -0.2812 0.9587
vn 0.0369 0.6739 0.7379
vn 0.0422 -0.4172 0.9078
vn 0.0396 0.5204 0.8530
vn 0.0410 -0.5606 0.8271
vn 0.0412 0.3734 0.9268
vn -0.1958 0.8420 0.5027
vn -0.2618 0.7012 0.6632
vn -0.3595 -0.2979 0.8843
vn -0.3392 -0.4405 0.8312
vn -0.3087 0.5497 0.7762
vn -0.3073 -0.5870 0.7490
vn -0.3403 0.3994 0.8513
vn -0.2600 -0.7328 0.6288
vn -0.3602 0.2543 0.8976
vn -0.1937 -0.8656 0.4618
vn -0.3711 0.1143 0.9216
vn -0.1073 -0.9634 0.2458
vn -0.3744 -0.0227 0.9270
vn -0.1097 0.9502 0.2916
vn -0.3707 -0.1592 0.9150
vn -0.7010 0.2413 0.6711
vn -0.7190 0.1100 0.6862
vn -0.4025 -0.8455 0.3509
vn -0.2303 -0.9556 0.1835
vn -0.7246 -0.0174 0.6890
vn -0.2327 0.9452 0.2291
vn -0.7187 -0.1446 0.6801
vn -0.4046 0.8267 0.3910
vn -0.7004 -0.2749 0.6587
vn -0.5290 0.6787 0.5095
vn -0.6666 -0.4113 0.6217
vn -0.6131 0.5259 0.5895
vn -0.6118 -0.5551 0.5636
vn -0.6676 0.3793 0.6407
vn -0.5273 -0.7036 0.4763
vn -0.8895 -0.2308 0.3944
vn -0.8571 -0.3522 0.3760
vn -0.7111 0.6217 0.3285
vn -0.8029 0.4682 0.3690
vn -0.8017 -0.4874 0.3461
vn -0.8580 0.3316 0.3924
vn -0.7095 -0.6385 0.2983
vn -0.8901 0.2094 0.4049
vn -0.5594 -0.7983 0.2230
vn -0.9068 0.0968 0.4103
vn -0.3292 -0.9375 0.1130
vn -0.9119 -0.0110 0.4102
vn -0.3316 0.9301 0.1578
vn -0.9065 -0.1186 0.4051
vn -0.5614 0.7853 0.2610
vn -0.6633 -0.7414 0.1014
vn -0.4031 -0.9141 0.0441
vn -0.9789 0.0840 0.1863
vn -0.9827 -0.0057 0.1850
vn -0.4054 0.9099 0.0878
vn -0.9787 -0.0953 0.1820
vn -0.6652 0.7341 0.1368
vn -0.9657 -0.1899 0.1772
vn -0.8139 0.5574 0.1637
vn -0.9402 -0.2952 0.1696
vn -0.8956 0.4080 0.1772
vn -0.8946 -0.4183 0.1574
vn -0.9410 0.2844 0.1835
vn -0.8125 -0.5666 0.1368
vn -0.9661 0.1788 0.1861
vn -0.9676 -0.2520 0.0121
vn -0.9316 -0.3634 0.0085
vn -0.9325 0.3602 0.0258
vn -0.9683 0.2488 0.0241
vn -0.8630 -0.5051 0.0031
vn -0.9874 0.1564 0.0223
vn -0.7260 -0.6876 -0.0060
vn -0.9970 0.0749 0.0205
vn -0.4552 -0.8902 -0.0201
vn -0.9998 -0.0017 0.0187
vn -0.4574 0.8890 0.0226
vn -0.9968 -0.0783 0.0168
vn -0.7278 0.6853 0.0269
vn -0.9870 -0.1597 0.0147
vn -0.8643 0.5022 0.0272
vn -0.4909 0.8705 -0.0370
vn -0.4887 -0.8689 -0.0787
vn -0.9942 0.0013 -0.1073
vn -0.9919 -0.0665 -0.1087
vn -0.7608 0.6455 -0.0680
vn -0.9842 -0.1390 -0.1095
vn -0.8834 0.4610 -0.0844
vn -0.9688 -0.2220 -0.1098
vn -0.9405 0.3265 -0.0936
vn -0.9397 -0.3240 -0.1092
vn -0.9694 0.2246 -0.0991
vn -0.8822 -0.4586 -0.1064
vn -0.9846 0.1417 -0.1028
vn -0.7591 -0.6434 -0.0989
vn -0.9920 0.0692 -0.1054
vn -0.9329 0.3051 -0.1914
vn -0.9573 0.2097 -0.1990
vn -0.9321 -0.2979 -0.2059
vn -0.8824 -0.4266 -0.1984
vn -0.9700 0.1329 -0.2037
vn -0.7710 -0.6110 -0.1798
vn -0.9762 0.0661 -0.2066
vn -0.5062 -0.8523 -0.1318
vn -0.9780 0.0038 -0.2085
vn -0.5083 0.8564 -0.0908
vn -0.9760 -0.0586 -0.2096
vn -0.7725 0.6169 -0.1503
vn -0.9697 -0.1254 -0.2098
vn -0.8835 0.4335 -0.1778
vn -0.9568 -0.2023 -0.2089
vn -0.9554 0.0059 -0.2953
vn -0.9536 -0.0535 -0.2962
vn -0.5117 0.8479 -0.1391
vn -0.7680 0.6003 -0.2229
vn -0.9480 -0.1172 -0.2960
vn -0.8706 0.4183 -0.2589
vn -0.9365 -0.1906 -0.2942
vn -0.9153 0.2937 -0.2757
vn -0.9145 -0.2825 -0.2895
vn -0.9370 0.2022 -0.2848
vn -0.8696 -0.4076 -0.2787
vn -0.9483 0.1288 -0.2901
vn -0.7665 -0.5909 -0.2515
vn -0.9538 0.0652 -0.2933
vn -0.5096 -0.8415 -0.1796
vn -0.8888 -0.2763 -0.3657
vn -0.8463 -0.4002 -0.3516
vn -0.9100 0.2010 -0.3626
vn -0.9206 0.1288 -0.3687
vn -0.7482 -0.5832 -0.3165
vn -0.9258 0.0662 -0.3723
vn -0.4997 -0.8372 -0.2223
vn -0.9273 0.0078 -0.3743
vn -0.5018 0.8456 -0.1820
vn -0.9256 -0.0506 -0.3751
vn -0.7496 0.5958 -0.2882
vn -0.9203 -0.1133 -0.3745
vn -0.8473 0.4145 -0.3321
vn -0.9095 -0.1857 -0.3719
vn -0.8895 0.2913 -0.3521
vn -0.4792 0.8498 -0.2196
vn -0.7177 0.6034 -0.3477
vn -0.8910 -0.0497 -0.4514
vn -0.8857 -0.1134 -0.4503
vn -0.8134 0.4218 -0.4007
vn -0.8749 -0.1869 -0.4467
vn -0.8550 0.2974 -0.4248
vn -0.8543 -0.2788 -0.4386
vn -0.8754 0.2059 -0.4373
vn -0.8123 -0.4041 -0.4205
vn -0.8860 0.1326 -0.4444
vn -0.7162 -0.5878 -0.3762
vn -0.8911 0.0690 -0.4485
vn -0.4770 -0.8395 -0.2601
vn -0.8926 0.0097 -0.4507
vn -0.8306 0.2174 -0.5127
vn -0.8417 0.1407 -0.5214
vn -0.7655 -0.4196 -0.4878
vn -0.6692 -0.6048 -0.4317
vn -0.8471 0.0740 -0.5263
vn -0.4413 -0.8484 -0.2925
vn -0.8486 0.0116 -0.5289
vn -0.4434 0.8603 -0.2516
vn -0.8469 -0.0508 -0.5293
vn -0.6708 0.6231 -0.4023
vn -0.8413 -0.1176 -0.5276
vn -0.7666 0.4405 -0.4672
vn -0.8301 -0.1946 -0.5225
vn -0.8094 0.3126 -0.4972
vn -0.8087 -0.2904 -0.5116
vn -0.7881 -0.0542 -0.6132
vn -0.7820 -0.1268 -0.6103
vn -0.6056 0.6549 -0.4521
vn -0.7021 0.4720 -0.5331
vn -0.7697 -0.2100 -0.6029
vn -0.7473 0.3383 -0.5719
vn -0.7465 -0.3123 -0.5875
vn -0.7702 0.2367 -0.5922
vn -0.7010 -0.4476 -0.5552
vn -0.7823 0.1539 -0.6036
vn -0.6040 -0.6340 -0.4830
vn -0.7882 0.0815 -0.6099
vn -0.3916 -0.8630 -0.3192
vn -0.7900 0.0137 -0.6130
vn -0.3937 0.8763 -0.2775
vn -0.6104 -0.4898 -0.6225
vn -0.5149 -0.6748 -0.5286
vn -0.6978 0.1739 -0.6948
vn -0.7045 0.0926 -0.7036
vn -0.3264 -0.8824 -0.3390
vn -0.7065 0.0161 -0.7075
vn -0.3286 0.8968 -0.2963
vn -0.7043 -0.0606 -0.7073
vn -0.5167 0.6981 -0.4957
vn -0.6974 -0.1422 -0.7024
vn -0.6116 0.5175 -0.5984
vn -0.6837 -0.2348 -0.6909
vn -0.6592 0.3768 -0.6507
vn -0.6583 -0.3468 -0.6681
vn -0.6843 0.2660 -0.6789
vn -0.3962 0.7503 -0.5291
vn -0.4816 0.5775 -0.6592
vn -0.5687 -0.1659 -0.8057
vn -0.5539 -0.2718 -0.7870
vn -0.5285 0.4303 -0.7318
vn -0.5274 -0.3961 -0.7516
vn -0.5546 0.3078 -0.7731
vn -0.4801 -0.5465 -0.6862
vn -0.5692 0.2028 -0.7968
vn -0.3944 -0.7251 -0.5645
vn -0.5765 0.1084 -0.8099
vn -0.2439 -0.9045 -0.3499
vn -0.5787 0.0188 -0.8153
vn -0.2462 0.9196 -0.3062
vn -0.5763 -0.0709 -0.8142
vn -0.3630 0.2413 -0.9000
vn -0.3694 0.1294 -0.9202
vn -0.2342 -0.7786 -0.5822
vn -0.1425 -0.9261 -0.3492
vn -0.3713 0.0218 -0.9283
vn -0.1449 0.9415 -0.3044
vn -0.3691 -0.0861 -0.9254
vn -0.2362 0.8050 -0.5442
vn -0.3625 -0.1988 -0.9105
vn -0.2943 0.6469 -0.7035
vn -0.3498 -0.3214 -0.8799
vn -0.3296 0.4969 -0.8028
vn -0.3284 -0.4587 -0.8257
vn -0.3507 0.3623 -0.8636
vn -0.2927 -0.6132 -0.7337
vn -0.0421 -0.2350 -0.9711
vn -0.0412 -0.3734 -0.9268
vn -0.0386 0.7084 -0.7048
vn -0.0410 0.5606 -0.8271
vn -0.0396 -0.5204 -0.8530
vn -0.0422 0.4172 -0.9078
vn -0.0369 -0.6739 -0.7379
vn -0.0427 0.2812 -0.9587
vn -0.0317 -0.8230 -0.5672
vn -0.0430 0.1510 -0.9876
vn -0.0221 -0.9430 -0.3320
vn -0.0429 0.0239 -0.9988
vn -0.0245 0.9578 -0.2864
vn -0.0426 -0.1036 -0.9937
vn -0.0338 0.8491 -0.5271
vn -0.1800 -0.8569 -0.4830
vn -0.2421 -0.7205 -0.6498
vn -0.0154 -0.7081 -0.7059
vn -0.0097 -0.8487 -0.5288
vn -0.3354 -0.2779 -0.9002
vn -0.3458 -0.1377 -0.9281
vn -0.0258 -0.1329 -0.9908
vn -0.0248 -0.2689 -0.9629
vn -0.2865 -0.5716 -0.7689
vn -0.0198 -0.5580 -0.8296
vn -0.2865 0.5716 -0.7689
vn -0.2421 0.7205 -0.6498
vn -0.0154 0.7081 -0.7059
vn -0.0198 0.5580 -0.8296
vn -0.3491 -0.0000 -0.9371
vn -0.0262 -0.0000 -0.9997
vn -0.3164 -0.4226 -0.8493
vn -0.0228 -0.4103 -0.9116
vn -0.3458 0.1377 -0.9282
vn -0.0258 0.1329 -0.9908
vn -0.3354 0.2779 -0.9002
vn -0.0248 0.2689 -0.9629
vn -0.1800 0.8569 -0.4830
vn -0.0097 0.8487 -0.5288
vn -0.3164 0.4226 -0.8493
vn -0.0228 0.4103 -0.9116
vn -0.0992 0.9588 -0.2663
vn -0.0032 0.9559 -0.2935
vn -0.0992 -0.9588 -0.2663
vn -0.0031 -0.9559 -0.2935
vn 0.2546 0.2470 -0.9350
vn 0.2604 0.1215 -0.9578
vn 0.2436 -0.3802 -0.8922
vn 0.2255 -0.5236 -0.8216
vn 0.2255 0.5236 -0.8216
vn 0.2436 0.3802 -0.8922
vn 0.2623 -0.0000 -0.9650
vn 0.1969 -0.6760 -0.7101
vn 0.1530 -0.8267 -0.5415
vn 0.0898 -0.9483 -0.3046
vn 0.2604 -0.1215 -0.9578
vn 0.1530 0.8267 -0.5415
vn 0.1969 0.6760 -0.7101
vn 0.0898 0.9483 -0.3046
vn 0.2546 -0.2470 -0.9350
vn 0.4237 0.4817 -0.7671
vn 0.4531 0.3448 -0.8221
vn 0.2954 0.7971 -0.5267
vn 0.3749 0.6350 -0.6755
vn 0.1737 0.9375 -0.3016
vn 0.4703 -0.2220 -0.8542
vn 0.4531 -0.3448 -0.8221
vn 0.4793 -0.1087 -0.8709
vn 0.4237 -0.4817 -0.7671
vn 0.3749 -0.6350 -0.6755
vn 0.4821 -0.0000 -0.8761
vn 0.4793 0.1087 -0.8709
vn 0.4703 0.2220 -0.8542
vn 0.1737 -0.9375 -0.3016
vn 0.2954 -0.7971 -0.5267
vn 0.2460 0.9257 -0.2873
vn 0.4133 0.7661 -0.4922
vn 0.5149 0.5947 -0.6174
vn 0.6070 -0.3131 -0.7304
vn 0.5734 -0.4428 -0.6893
vn 0.5149 -0.5947 -0.6174
vn 0.4133 -0.7661 -0.4922
vn 0.5734 0.4428 -0.6893
vn 0.6070 0.3131 -0.7304
vn 0.2460 -0.9257 -0.2873
vn 0.6260 0.2001 -0.7537
vn 0.6358 0.0976 -0.7656
vn 0.6389 -0.0000 -0.7693
vn 0.6358 -0.0976 -0.7656
vn 0.6260 -0.2001 -0.7537
vn 0.7473 0.0892 -0.6584
vn 0.7503 -0.0000 -0.6611
vn 0.3060 0.9148 -0.2638
vn 0.5073 0.7386 -0.4441
vn 0.7376 0.1834 -0.6499
vn 0.6216 -0.5610 -0.5466
vn 0.5073 -0.7386 -0.4441
vn 0.6840 -0.4117 -0.6023
vn 0.6216 0.5610 -0.5466
vn 0.6840 0.4117 -0.6023
vn 0.7473 -0.0892 -0.6584
vn 0.7376 -0.1834 -0.6499
vn 0.7185 -0.2885 -0.6329
vn 0.3060 -0.9148 -0.2638
vn 0.7185 0.2885 -0.6329
vn 0.8189 -0.1721 -0.5476
vn 0.8001 -0.2715 -0.5350
vn 0.8284 0.0835 -0.5539
vn 0.8313 -0.0000 -0.5558
vn 0.8189 0.1721 -0.5476
vn 0.3534 0.9060 -0.2329
vn 0.7656 -0.3897 -0.5119
vn 0.7018 -0.5363 -0.4689
vn 0.8001 0.2715 -0.5350
vn 0.7656 0.3897 -0.5119
vn 0.5798 -0.7174 -0.3863
vn 0.8284 -0.0835 -0.5539
vn 0.3534 -0.9060 -0.2329
vn 0.5798 0.7174 -0.3863
vn 0.7018 0.5363 -0.4689
vn 0.8793 -0.1655 -0.4466
vn 0.8605 -0.2617 -0.4370
vn 0.7608 0.5214 -0.3863
vn 0.8259 0.3767 -0.4194
vn 0.8259 -0.3767 -0.4194
vn 0.8605 0.2617 -0.4370
vn 0.7608 -0.5214 -0.3863
vn 0.8793 0.1655 -0.4466
vn 0.6333 -0.7041 -0.3211
vn 0.8887 0.0803 -0.4513
vn 0.3885 -0.9004 -0.1957
vn 0.8916 -0.0000 -0.4528
vn 0.3885 0.9004 -0.1957
vn 0.8887 -0.0803 -0.4513
vn 0.6333 0.7041 -0.3211
vn 0.6695 -0.6996 -0.2495
vn 0.4114 -0.8985 -0.1533
vn 0.9341 0.0792 -0.3480
vn 0.9371 -0.0000 -0.3491
vn 0.4114 0.8985 -0.1533
vn 0.9341 -0.0792 -0.3480
vn 0.6695 0.6996 -0.2495
vn 0.9245 -0.1634 -0.3444
vn 0.8024 0.5165 -0.2990
vn 0.9052 -0.2584 -0.3373
vn 0.8696 0.3725 -0.3240
vn 0.8696 -0.3725 -0.3240
vn 0.9052 0.2584 -0.3373
vn 0.8024 -0.5165 -0.2990
vn 0.9245 0.1634 -0.3444
vn 0.8281 0.5214 -0.2057
vn 0.8990 0.3767 -0.2232
vn 0.9367 -0.2617 -0.2326
vn 0.8990 -0.3767 -0.2232
vn 0.9367 0.2617 -0.2326
vn 0.8281 -0.5214 -0.2057
vn 0.9571 0.1655 -0.2377
vn 0.6890 -0.7041 -0.1716
vn 0.9674 0.0803 -0.2402
vn 0.4219 -0.9004 -0.1062
vn 0.9705 -0.0000 -0.2410
vn 0.4219 0.9004 -0.1062
vn 0.9674 -0.0803 -0.2402
vn 0.6890 0.7041 -0.1716
vn 0.9571 -0.1655 -0.2377
vn 0.9889 0.0835 -0.1232
vn 0.9923 -0.0000 -0.1236
vn 0.4196 0.9060 -0.0552
vn 0.4196 -0.9060 -0.0552
vn 0.9889 -0.0835 -0.1232
vn 0.6912 0.7174 -0.0873
vn 0.9775 -0.1721 -0.1217
vn 0.8375 0.5363 -0.1046
vn 0.9551 -0.2715 -0.1190
vn 0.9139 0.3897 -0.1139
vn 0.9139 -0.3897 -0.1139
vn 0.9551 0.2715 -0.1190
vn 0.8375 -0.5363 -0.1046
vn 0.9775 0.1721 -0.1217
vn 0.6912 -0.7174 -0.0873
vn 0.9574 -0.2885 0.0085
vn 0.9113 -0.4117 0.0079
vn 0.9113 0.4117 0.0079
vn 0.9574 0.2885 0.0085
vn 0.8278 -0.5610 0.0066
vn 0.9830 0.1834 0.0088
vn 0.6742 -0.7386 0.0039
vn 0.9960 0.0892 0.0089
vn 0.4040 -0.9148 -0.0007
vn 1.0000 -0.0000 0.0090
vn 0.4040 0.9148 -0.0007
vn 0.9960 -0.0892 0.0089
vn 0.6742 0.7386 0.0039
vn 0.9830 -0.1834 0.0088
vn 0.8278 0.5610 0.0066
vn 0.3740 -0.9257 0.0563
vn 0.9865 -0.0000 0.1637
vn 0.9818 -0.0976 0.1629
vn 0.3740 0.9257 0.0563
vn 0.6346 0.7661 0.1018
vn 0.9666 -0.2001 0.1603
vn 0.7933 0.5947 0.1300
vn 0.9370 -0.3131 0.1552
vn 0.8846 0.4428 0.1461
vn 0.8846 -0.4428 0.1461
vn 0.9370 0.3131 0.1552
vn 0.7933 -0.5947 0.1300
vn 0.9666 0.2001 0.1603
vn 0.6346 -0.7661 0.1018
vn 0.9818 0.0976 0.1629
vn 0.8223 -0.4817 0.3028
vn 0.7255 -0.6350 0.2655
vn 0.8805 0.3448 0.3252
vn 0.9145 0.2220 0.3382
vn 0.5680 -0.7971 0.2050
vn 0.9323 0.1087 0.3450
vn 0.3287 -0.9375 0.1144
vn 0.9378 -0.0000 0.3471
vn 0.3287 0.9375 0.1144
vn 0.9323 -0.1087 0.3450
vn 0.5680 0.7971 0.2050
vn 0.9145 -0.2220 0.3382
vn 0.7255 0.6350 0.2655
vn 0.8805 -0.3448 0.3252
vn 0.8223 0.4817 0.3028
vn 0.2672 0.9483 0.1716
vn 0.4700 0.8267 0.3094
vn 0.8237 -0.1215 0.5539
vn 0.8043 -0.2470 0.5405
vn 0.6135 0.6760 0.4082
vn 0.7680 -0.3802 0.5153
vn 0.7081 0.5236 0.4737
vn 0.7081 -0.5236 0.4737
vn 0.7680 0.3802 0.5153
vn 0.6135 -0.6760 0.4082
vn 0.8043 0.2470 0.5405
vn 0.4700 -0.8267 0.3094
vn 0.8237 0.1215 0.5539
vn 0.2672 -0.9483 0.1716
vn 0.8297 -0.0000 0.5581
vn 0.5792 0.4103 0.7043
vn 0.6113 0.2689 0.7443
vn 0.4503 -0.7081 0.5439
vn 0.3387 -0.8487 0.4062
vn 0.6288 0.1329 0.7662
vn 0.1897 -0.9559 0.2240
vn 0.6343 -0.0000 0.7731
vn 0.1897 0.9559 0.2240
vn 0.6288 -0.1329 0.7662
vn 0.3387 0.8487 0.4062
vn 0.6113 -0.2689 0.7443
vn 0.4503 0.7081 0.5439
vn 0.5792 -0.4103 0.7043
vn 0.5279 0.5580 0.6403
vn 0.5279 -0.5580 0.6403
vn 0.3458 -0.1377 0.9282
vn 0.3354 -0.2779 0.9002
vn 0.1800 0.8569 0.4830
vn 0.2421 0.7205 0.6498
vn 0.3164 -0.4226 0.8493
vn 0.2865 0.5716 0.7689
vn 0.2865 -0.5716 0.7689
vn 0.3164 0.4226 0.8493
vn 0.2421 -0.7205 0.6498
vn 0.3354 0.2779 0.9002
vn 0.1800 -0.8569 0.4830
vn 0.3458 0.1377 0.9282
vn 0.0992 -0.9588 0.2663
vn 0.3491 -0.0000 0.9371
vn 0.0992 0.9588 0.2663
vn 0.0154 -0.7081 0.7059
vn 0.0097 -0.8487 0.5288
vn 0.0248 0.2689 0.9629
vn 0.0258 0.1329 0.9908
vn 0.0031 -0.9559 0.2935
vn 0.0262 -0.0000 0.9997
vn 0.0031 0.9559 0.2935
vn 0.0258 -0.1329 0.9908
vn 0.0097 0.8487 0.5288
vn 0.0248 -0.2689 0.9629
vn 0.0154 0.7081 0.7059
vn 0.0228 -0.4103 0.9116
vn 0.0198 0.5580 0.8296
vn 0.0198 -0.5580 0.8296
vn 0.0228 0.4103 0.9116
vn -0.1530 0.8267 0.5415
vn -0.1969 0.6760 0.7101
vn -0.2546 -0.2470 0.9350
vn -0.2436 -0.3802 0.8922
vn -0.2255 0.5236 0.8216
vn -0.2255 -0.5236 0.8216
vn -0.2436 0.3802 0.8922
vn -0.1969 -0.6760 0.7101
vn -0.2546 0.2470 0.9350
vn -0.1530 -0.8267 0.5415
vn -0.2604 0.1215 0.9578
vn -0.0898 -0.9483 0.3046
vn -0.2623 -0.0000 0.9650
vn -0.0898 0.9483 0.3046
vn -0.2604 -0.1215 0.9578
vn -0.4703 0.2220 0.8542
vn -0.4793 0.1087 0.8709
vn -0.2954 -0.7971 0.5267
vn -0.1737 -0.9375 0.3016
vn -0.4821 -0.0000 0.8761
vn -0.1737 0.9375 0.3016
vn -0.4793 -0.1087 0.8709
vn -0.2954 0.7971 0.5267
vn -0.4703 -0.2220 0.8542
vn -0.3749 0.6350 0.6755
vn -0.4531 -0.3448 0.8221
vn -0.4237 0.4817 0.7671
vn -0.4237 -0.4817 0.7671
vn -0.4531 0.3448 0.8221
vn -0.3749 -0.6350 0.6755
vn -0.6260 -0.2001 0.7537
vn -0.6070 -0.3131 0.7304
vn -0.5149 0.5947 0.6174
vn -0.5734 0.4428 0.6893
vn -0.5734 -0.4428 0.6893
vn -0.6070 0.3131 0.7304
vn -0.5149 -0.5947 0.6174
vn -0.6260 0.2001 0.7537
vn -0.4133 -0.7661 0.4922
vn -0.6358 0.0976 0.7656
vn -0.2460 -0.9257 0.2873
vn -0.6389 -0.0000 0.7693
vn -0.2460 0.9257 0.2873
vn -0.6358 -0.0976 0.7656
vn -0.4133 0.7661 0.4922
vn -0.5073 -0.7386 0.4441
vn -0.3060 -0.9148 0.2638
vn -0.7473 0.0892 0.6584
vn -0.7503 -0.0000 0.6611
vn -0.3060 0.9148 0.2638
vn -0.7473 -0.0892 0.6584
vn -0.5073 0.7386 0.4441
vn -0.7376 -0.1834 0.6499
vn -0.6216 0.5610 0.5466
vn -0.7185 -0.2885 0.6329
vn -0.6840 0.4117 0.6023
vn -0.6840 -0.4117 0.6023
vn -0.7185 0.2885 0.6329
vn -0.6216 -0.5610 0.5466
vn -0.7376 0.1834 0.6499
vn -0.8001 -0.2715 0.5350
vn -0.7656 -0.3897 0.5119
vn -0.7656 0.3897 0.5119
vn -0.8001 0.2715 0.5350
vn -0.7018 -0.5363 0.4689
vn -0.8189 0.1721 0.5476
vn -0.5798 -0.7174 0.3863
vn -0.8284 0.0835 0.5539
vn -0.3534 -0.9060 0.2329
vn -0.8313 -0.0000 0.5558
vn -0.3534 0.9060 0.2329
vn -0.8284 -0.0835 0.5539
vn -0.5798 0.7174 0.3863
vn -0.8189 -0.1721 0.5476
vn -0.7018 0.5363 0.4689
vn -0.3885 0.9004 0.1957
vn -0.3885 -0.9004 0.1957
vn -0.8916 -0.0000 0.4528
vn -0.8887 -0.0803 0.4513
vn -0.6333 0.7041 0.3211
vn -0.8793 -0.1655 0.4466
vn -0.7608 0.5214 0.3863
vn -0.8605 -0.2617 0.4370
vn -0.8259 0.3767 0.4194
vn -0.8259 -0.3767 0.4194
vn -0.8605 0.2617 0.4370
vn -0.7608 -0.5214 0.3863
vn -0.8793 0.1655 0.4466
vn -0.6333 -0.7041 0.3211
vn -0.8887 0.0803 0.4513
vn -0.8696 0.3725 0.3240
vn -0.9052 0.2584 0.3373
vn -0.8696 -0.3725 0.3240
vn -0.8024 -0.5165 0.2990
vn -0.9245 0.1634 0.3444
vn -0.6695 -0.6996 0.2495
vn -0.9341 0.0792 0.3480
vn -0.4114 -0.8985 0.1533
vn -0.9371 -0.0000 0.3491
vn -0.4114 0.8985 0.1533
vn -0.9341 -0.0792 0.3480
vn -0.6695 0.6996 0.2495
vn -0.9245 -0.1634 0.3444
vn -0.8024 0.5165 0.2990
vn -0.9052 -0.2584 0.3373
vn -0.9705 -0.0000 0.2410
vn -0.9674 -0.0803 0.2402
vn -0.4219 0.9004 0.1062
vn -0.6890 0.7041 0.1716
vn -0.9571 -0.1655 0.2377
vn -0.8281 0.5214 0.2057
vn -0.9367 -0.2617 0.2326
vn -0.8990 0.3767 0.2232
vn -0.8990 -0.3767 0.2232
vn -0.9367 0.2617 0.2326
vn -0.8281 -0.5214 0.2057
vn -0.9571 0.1655 0.2377
vn -0.6890 -0.7041 0.1716
vn -0.9674 0.0803 0.2402
vn -0.4219 -0.9004 0.1062
vn -0.9139 -0.3897 0.1139
vn -0.8375 -0.5363 0.1046
vn -0.9551 0.2715 0.1190
vn -0.9775 0.1721 0.1217
vn -0.6912 -0.7174 0.0873
vn -0.9889 0.0835 0.1232
vn -0.4196 -0.9060 0.0552
vn -0.9923 -0.0000 0.1236
vn -0.4196 0.9060 0.0552
vn -0.9889 -0.0835 0.1232
vn -0.6912 0.7174 0.0873
vn -0.9775 -0.1721 0.1217
vn -0.8375 0.5363 0.1046
vn -0.9551 -0.2715 0.1190
vn -0.9139 0.3897 0.1139
vn -0.4040 0.9148 0.0007
vn -0.6742 0.7386 -0.0039
vn -0.9960 -0.0892 -0.0089
vn -0.9830 -0.1834 -0.0088
vn -0.8278 0.5610 -0.0066
vn -0.9574 -0.2885 -0.0085
vn -0.9113 0.4117 -0.0079
vn -0.9113 -0.4117 -0.0079
vn -0.9574 0.2885 -0.0085
vn -0.8278 -0.5610 -0.0066
vn -0.9830 0.1834 -0.0088
vn -0.6742 -0.7386 -0.0039
vn -0.9960 0.0892 -0.0089
vn -0.4040 -0.9148 0.0007
vn -1.0000 -0.0000 -0.0090
vn -0.9370 0.3131 -0.1552
vn -0.9666 0.2001 -0.1603
vn -0.7933 -0.5947 -0.1300
vn -0.6346 -0.7661 -0.1018
vn -0.9818 0.0976 -0.1629
vn -0.3740 -0.9257 -0.0563
vn -0.9865 -0.0000 -0.1637
vn -0.3740 0.9257 -0.0563
vn -0.9818 -0.0976 -0.1629
vn -0.6346 0.7661 -0.1018
vn -0.9666 -0.2001 -0.1603
vn -0.7933 0.5947 -0.1300
vn -0.9370 -0.3131 -0.1552
vn -0.8846 0.4428 -0.1461
vn -0.8846 -0.4428 -0.1461
vn -0.9323 -0.1087 -0.3450
vn -0.9145 -0.2220 -0.3382
vn -0.5680 0.7971 -0.2050
vn -0.7255 0.6350 -0.2655
vn -0.8805 -0.3448 -0.3252
vn -0.8223 0.4817 -0.3028
vn -0.8223 -0.4817 -0.3028
vn -0.8805 0.3448 -0.3252
vn -0.7255 -0.6350 -0.2655
vn -0.9145 0.2220 -0.3382
vn -0.5680 -0.7971 -0.2050
vn -0.9323 0.1087 -0.3450
vn -0.3287 -0.9375 -0.1144
vn -0.9378 -0.0000 -0.3471
vn -0.3287 0.9375 -0.1144
vn -0.6135 -0.6760 -0.4082
vn -0.4700 -0.8267 -0.3094
vn -0.8043 0.2470 -0.5405
vn -0.8237 0.1215 -0.5539
vn -0.2672 -0.9483 -0.1716
vn -0.8297 -0.0000 -0.5581
vn -0.2672 0.9483 -0.1716
vn -0.8237 -0.1215 -0.5539
vn -0.4700 0.8267 -0.3094
vn -0.8043 -0.2470 -0.5405
vn -0.6135 0.6760 -0.4082
vn -0.7680 -0.3802 -0.5153
vn -0.7081 0.5236 -0.4737
vn -0.7081 -0.5236 -0.4737
vn -0.7680 0.3802 -0.5153
vn -0.6113 -0.2689 -0.7443
vn -0.5792 -0.4103 -0.7043
vn -0.4503 0.7081 -0.5439
vn -0.5279 0.5580 -0.6403
vn -0.5279 -0.5580 -0.6403
vn -0.5792 0.4103 -0.7043
vn -0.4503 -0.7081 -0.5439
vn -0.6113 0.2689 -0.7443
vn -0.3387 -0.8487 -0.4062
vn -0.6288 0.1329 -0.7662
vn -0.1897 -0.9559 -0.2240
vn -0.6343 -0.0000 -0.7731
vn -0.1897 0.9559 -0.2240
vn -0.6288 -0.1329 -0.7662
vn -0.3387 0.8487 -0.4062
vn 0.8943 0.3134 -0.3195
vn 0.8831 0.4045 -0.2378
vn 0.9885 0.1221 0.0893
vn 0.9992 0.0330 0.0206
vn 0.2348 -0.6731 -0.7013
vn 0.4630 -0.5165 -0.7203
vn 0.5593 -0.6642 -0.4960
vn 0.2976 -0.7665 -0.5692
vn 0.8924 0.2223 -0.3928
vn 0.9976 -0.0521 -0.0445
vn 0.3638 0.8222 0.4379
vn 0.0684 0.7936 0.6046
vn 0.4252 0.7128 0.5578
vn -0.0684 -0.7936 -0.6046
vn 0.8783 0.1281 -0.4607
vn 0.9846 -0.1369 -0.1088
vn 0.5744 0.7749 0.2637
vn 0.6672 0.5876 0.4578
vn 0.8505 0.0273 -0.5252
vn 0.9586 -0.2248 -0.1750
vn 0.7159 0.6905 0.1035
vn 0.8203 0.4527 0.3494
vn 0.8051 -0.0843 -0.5872
vn 0.9151 -0.3197 -0.2458
vn 0.8037 0.5942 -0.0317
vn 0.9105 0.3287 0.2508
vn 0.7342 -0.2111 -0.6452
vn 0.8455 -0.4249 -0.3233
vn 0.8553 0.4979 -0.1436
vn 0.9616 0.2194 0.1649
vn 0.6256 -0.3563 -0.6940
vn 0.7346 -0.5419 -0.4084
vn 0.9192 -0.0207 0.3933
vn 0.9356 -0.1090 0.3359
vn 0.7427 -0.6549 -0.1395
vn 0.5896 -0.7588 -0.2768
vn 0.9411 -0.1857 0.2825
vn 0.3286 -0.8354 -0.4405
vn 0.9387 -0.2564 0.2303
vn 0.4528 0.6038 0.6560
vn 0.9291 -0.3252 0.1763
vn 0.6894 0.3985 0.6049
vn 0.9108 -0.3957 0.1175
vn 0.8184 0.2231 0.5295
vn 0.8803 -0.4719 0.0495
vn 0.8851 0.0866 0.4572
vn 0.8296 -0.5574 -0.0334
vn 0.8285 -0.4325 0.3557
vn 0.8163 -0.4898 0.3062
vn 0.6698 0.2399 0.7027
vn 0.7659 0.0478 0.6412
vn 0.7961 -0.5524 0.2470
vn 0.8087 -0.0842 0.5821
vn 0.7621 -0.6246 0.1704
vn 0.8282 -0.1801 0.5306
vn 0.7005 -0.7109 0.0632
vn 0.8365 -0.2554 0.4848
vn 0.5793 -0.8093 -0.0967
vn 0.8383 -0.3191 0.4421
vn 0.3383 -0.8818 -0.3287
vn 0.8355 -0.3768 0.3999
vn 0.4581 0.5075 0.7298
vn 0.6424 -0.7385 0.2048
vn 0.5484 -0.8352 0.0407
vn 0.7416 -0.3450 0.5753
vn 0.7416 -0.3990 0.5393
vn 0.3335 -0.9127 -0.2360
vn 0.7388 -0.4476 0.5038
vn 0.4490 0.4272 0.7848
vn 0.7333 -0.4946 0.4665
vn 0.6307 0.1182 0.7670
vn 0.7245 -0.5431 0.4244
vn 0.6996 -0.0747 0.7106
vn 0.7104 -0.5967 0.3731
vn 0.7267 -0.1961 0.6584
vn 0.6867 -0.6599 0.3050
vn 0.7377 -0.2804 0.6142
vn 0.5832 0.0290 0.8118
vn 0.6331 -0.1583 0.7577
vn 0.6437 -0.5770 0.5026
vn 0.6330 -0.6247 0.4572
vn 0.6507 -0.2698 0.7098
vn 0.6152 -0.6818 0.3959
vn 0.6571 -0.3453 0.6700
vn 0.5817 -0.7548 0.3032
vn 0.6588 -0.4025 0.6356
vn 0.5074 -0.8499 0.1422
vn 0.6579 -0.4500 0.6038
vn 0.3181 -0.9341 -0.1620
vn 0.6552 -0.4928 0.5726
vn 0.4300 0.3633 0.8265
vn 0.6506 -0.5341 0.5398
vn 0.5854 -0.4416 0.6800
vn 0.5840 -0.4851 0.6508
vn 0.4607 -0.8609 0.2159
vn 0.2944 -0.9499 -0.1051
vn 0.5814 -0.5242 0.6223
vn 0.4035 0.3154 0.8589
vn 0.5774 -0.5621 0.5922
vn 0.5320 -0.0339 0.8460
vn 0.5716 -0.6015 0.5582
vn 0.5691 -0.2150 0.7936
vn 0.5628 -0.6455 0.5164
vn 0.5811 -0.3194 0.7485
vn 0.5484 -0.6985 0.4597
vn 0.5849 -0.3891 0.7117
vn 0.5215 -0.7676 0.3726
vn 0.5041 -0.6212 0.6000
vn 0.4965 -0.6631 0.5602
vn 0.5068 -0.2526 0.8242
vn 0.5153 -0.3529 0.7810
vn 0.4841 -0.7139 0.5060
vn 0.5175 -0.4194 0.7459
vn 0.4613 -0.7804 0.4221
vn 0.5172 -0.4693 0.7157
vn 0.4096 -0.8720 0.2680
vn 0.5156 -0.5106 0.6880
vn 0.2635 -0.9625 -0.0641
vn 0.5130 -0.5478 0.6609
vn 0.3709 0.2827 0.8846
vn 0.5093 -0.5837 0.6323
vn 0.4783 -0.0754 0.8750
vn 0.3535 -0.8853 0.3022
vn 0.2256 -0.9735 -0.0383
vn 0.4487 -0.5299 0.7196
vn 0.4461 -0.5664 0.6929
vn 0.3324 0.2649 0.9052
vn 0.4425 -0.6018 0.6649
vn 0.4214 -0.0987 0.9015
vn 0.4377 -0.6386 0.6330
vn 0.4439 -0.2752 0.8528
vn 0.4306 -0.6798 0.5937
vn 0.4501 -0.3744 0.8107
vn 0.4195 -0.7297 0.5401
vn 0.4513 -0.4401 0.7763
vn 0.3991 -0.7951 0.4567
vn 0.4505 -0.4892 0.7468
vn 0.3615 -0.6967 0.6196
vn 0.3510 -0.7470 0.5646
vn 0.3821 -0.3860 0.8396
vn 0.3825 -0.4530 0.8053
vn 0.3321 -0.8126 0.4789
vn 0.3813 -0.5032 0.7755
vn 0.2911 -0.9015 0.3202
vn 0.3793 -0.5446 0.7480
vn 0.1807 -0.9831 -0.0277
vn 0.3765 -0.5818 0.7210
vn 0.2881 0.2621 0.9210
vn 0.3730 -0.6177 0.6923
vn 0.3598 -0.1049 0.9271
vn 0.3682 -0.6550 0.6598
vn 0.3776 -0.2848 0.8811
vn 0.2378 0.2741 0.9318
vn 0.1287 -0.9912 -0.0322
vn 0.2996 -0.5944 0.7463
vn 0.2959 -0.6322 0.7161
vn 0.2912 -0.0939 0.9521
vn 0.2911 -0.6713 0.6816
vn 0.3043 -0.2810 0.9102
vn 0.2845 -0.7148 0.6388
vn 0.3070 -0.3877 0.8692
vn 0.2743 -0.7668 0.5803
vn 0.3066 -0.4585 0.8342
vn 0.2567 -0.8336 0.4892
vn 0.3049 -0.5115 0.8034
vn 0.2199 -0.9209 0.3220
vn 0.3026 -0.5552 0.7747
vn 0.2189 -0.3773 0.8998
vn 0.2172 -0.4549 0.8636
vn 0.1834 -0.7893 0.5859
vn 0.1672 -0.8580 0.4856
vn 0.2148 -0.5131 0.8310
vn 0.1361 -0.9424 0.3056
vn 0.2119 -0.5611 0.8001
vn 0.0685 -0.9963 -0.0522
vn 0.2086 -0.6040 0.7692
vn 0.1804 0.3011 0.9364
vn 0.2047 -0.6452 0.7361
vn 0.2119 -0.0635 0.9752
vn 0.1998 -0.6876 0.6981
vn 0.2187 -0.2615 0.9401
vn 0.1931 -0.7343 0.6508
vn 0.0929 -0.6085 0.7881
vn 0.0886 -0.6552 0.7503
vn 0.1146 0.3439 0.9320
vn 0.1170 -0.0098 0.9931
vn 0.0836 -0.7028 0.7065
vn 0.1131 -0.2208 0.9688
vn 0.0773 -0.7544 0.6518
vn 0.1087 -0.3500 0.9304
vn 0.0687 -0.8138 0.5770
vn 0.1045 -0.4381 0.8928
vn 0.0558 -0.8846 0.4630
vn 0.1007 -0.5047 0.8574
vn 0.0348 -0.9631 0.2667
vn 0.0968 -0.5596 0.8231
vn -0.0010 -0.9960 -0.0888
vn -0.0844 -0.8355 0.5430
vn -0.0888 -0.9075 0.4106
vn -0.0474 -0.3982 0.9161
vn -0.0545 -0.4774 0.8770
vn -0.0900 -0.9761 0.1979
vn -0.0603 -0.5429 0.8376
vn -0.0810 -0.9862 -0.1441
vn -0.0654 -0.6012 0.7964
vn 0.0388 0.4030 0.9144
vn -0.0701 -0.6563 0.7512
vn 0.0004 0.0732 0.9973
vn -0.0748 -0.7118 0.6984
vn -0.0234 -0.1488 0.9886
vn -0.0795 -0.7706 0.6324
vn -0.0378 -0.2950 0.9547
vn -0.2860 -0.4914 0.8226
vn -0.2932 -0.5633 0.7725
vn -0.0480 0.4791 0.8764
vn -0.1721 -0.9602 -0.2201
vn -0.2980 -0.6308 0.7164
vn -0.1426 0.1912 0.9711
vn -0.3005 -0.6974 0.6506
vn -0.2024 -0.0311 0.9788
vn -0.2998 -0.7658 0.5689
vn -0.2384 -0.1933 0.9517
vn -0.2939 -0.8373 0.4611
vn -0.2609 -0.3147 0.9127
vn -0.2781 -0.9092 0.3098
vn -0.2757 -0.4107 0.8691
vn -0.2424 -0.9660 0.0894
vn -0.5878 -0.6940 0.4157
vn -0.5592 -0.7748 0.2949
vn -0.4942 -0.0212 0.8691
vn -0.5413 -0.1550 0.8264
vn -0.5066 -0.8511 0.1379
vn -0.5717 -0.2665 0.7760
vn -0.4156 -0.9071 -0.0669
vn -0.5908 -0.3631 0.7205
vn -0.2713 -0.9082 -0.3188
vn -0.6018 -0.4505 0.6595
vn -0.1437 0.5711 0.8082
vn -0.6055 -0.5329 0.5911
vn -0.3076 0.3447 0.8869
vn -0.6016 -0.6134 0.5117
vn -0.4208 0.1435 0.8957
vn -0.2348 0.6731 0.7013
vn -0.3638 -0.8222 -0.4379
vn -0.8924 -0.2223 0.3928
vn -0.8943 -0.3134 0.3195
vn -0.4630 0.5165 0.7203
vn -0.8831 -0.4045 0.2378
vn -0.6256 0.3563 0.6940
vn -0.8553 -0.4979 0.1436
vn -0.7342 0.2111 0.6452
vn -0.8037 -0.5942 0.0317
vn -0.8051 0.0843 0.5872
vn -0.7159 -0.6905 -0.1035
vn -0.8505 -0.0273 0.5252
vn -0.5744 -0.7749 -0.2637
vn -0.8783 -0.1281 0.4607
vn -0.8455 0.4249 0.3233
vn -0.9151 0.3197 0.2458
vn -0.9105 -0.3287 -0.2508
vn -0.8203 -0.4527 -0.3494
vn -0.9586 0.2248 0.1750
vn -0.6672 -0.5876 -0.4578
vn -0.9846 0.1369 0.1088
vn -0.4252 -0.7128 -0.5578
vn -0.9976 0.0521 0.0445
vn -0.2976 0.7665 0.5692
vn -0.9992 -0.0330 -0.0206
vn -0.5593 0.6642 0.4960
vn -0.9885 -0.1221 -0.0893
vn -0.7346 0.5419 0.4084
vn -0.9616 -0.2194 -0.1649
vn -0.9387 0.2564 -0.2303
vn -0.9411 0.1857 -0.2825
vn -0.3286 0.8354 0.4405
vn -0.5896 0.7588 0.2768
vn -0.9356 0.1090 -0.3359
vn -0.7427 0.6549 0.1395
vn -0.9192 0.0207 -0.3933
vn -0.8296 0.5574 0.0334
vn -0.8851 -0.0866 -0.4572
vn -0.8803 0.4719 -0.0495
vn -0.8184 -0.2231 -0.5295
vn -0.9108 0.3957 -0.1175
vn -0.6894 -0.3985 -0.6049
vn -0.9291 0.3252 -0.1763
vn -0.4528 -0.6038 -0.6561
vn -0.8087 0.0842 -0.5821
vn -0.7659 -0.0478 -0.6412
vn -0.7961 0.5524 -0.2470
vn -0.8163 0.4898 -0.3062
vn -0.6698 -0.2399 -0.7027
vn -0.8285 0.4325 -0.3557
vn -0.4581 -0.5075 -0.7298
vn -0.8355 0.3768 -0.3999
vn -0.3383 0.8818 0.3287
vn -0.8383 0.3191 -0.4421
vn -0.5793 0.8093 0.0967
vn -0.8365 0.2554 -0.4848
vn -0.7005 0.7109 -0.0632
vn -0.8282 0.1801 -0.5306
vn -0.7621 0.6246 -0.1704
vn -0.7416 0.3990 -0.5393
vn -0.7416 0.3450 -0.5753
vn -0.5484 0.8352 -0.0407
vn -0.6424 0.7385 -0.2048
vn -0.7377 0.2804 -0.6141
vn -0.6867 0.6599 -0.3050
vn -0.7267 0.1961 -0.6584
vn -0.7104 0.5967 -0.3731
vn -0.6996 0.0747 -0.7106
vn -0.7245 0.5431 -0.4244
vn -0.6307 -0.1182 -0.7670
vn -0.7333 0.4946 -0.4665
vn -0.4490 -0.4271 -0.7848
vn -0.7388 0.4476 -0.5038
vn -0.3335 0.9127 0.2361
vn -0.6331 0.1583 -0.7577
vn -0.5832 -0.0290 -0.8118
vn -0.6437 0.5770 -0.5026
vn -0.6506 0.5341 -0.5398
vn -0.4300 -0.3633 -0.8265
vn -0.6552 0.4928 -0.5726
vn -0.3181 0.9341 0.1620
vn -0.6579 0.4500 -0.6038
vn -0.5074 0.8499 -0.1422
vn -0.6588 0.4025 -0.6356
vn -0.5817 0.7548 -0.3032
vn -0.6571 0.3453 -0.6700
vn -0.6152 0.6818 -0.3959
vn -0.6507 0.2698 -0.7098
vn -0.6330 0.6247 -0.4572
vn -0.4607 0.8609 -0.2159
vn -0.5215 0.7676 -0.3726
vn -0.5854 0.4416 -0.6800
vn -0.5849 0.3891 -0.7117
vn -0.5484 0.6985 -0.4597
vn -0.5811 0.3194 -0.7485
vn -0.5628 0.6455 -0.5164
vn -0.5691 0.2150 -0.7936
vn -0.5716 0.6015 -0.5582
vn -0.5320 0.0339 -0.8460
vn -0.5774 0.5621 -0.5922
vn -0.4035 -0.3154 -0.8589
vn -0.5814 0.5242 -0.6223
vn -0.2944 0.9499 0.1051
vn -0.5840 0.4851 -0.6508
vn -0.5041 0.6212 -0.6000
vn -0.5093 0.5837 -0.6323
vn -0.4783 0.0754 -0.8750
vn -0.3709 -0.2827 -0.8846
vn -0.5130 0.5478 -0.6609
vn -0.2635 0.9625 0.0641
vn -0.5156 0.5106 -0.6880
vn -0.4096 0.8720 -0.2680
vn -0.5172 0.4693 -0.7157
vn -0.4613 0.7804 -0.4221
vn -0.5175 0.4194 -0.7459
vn -0.4841 0.7139 -0.5060
vn -0.5153 0.3529 -0.7810
vn -0.4965 0.6631 -0.5602
vn -0.5068 0.2526 -0.8242
vn -0.4505 0.4892 -0.7468
vn -0.4513 0.4401 -0.7763
vn -0.3991 0.7951 -0.4567
vn -0.4195 0.7297 -0.5401
vn -0.4501 0.3744 -0.8107
vn -0.4306 0.6798 -0.5937
vn -0.4439 0.2752 -0.8528
vn -0.4377 0.6386 -0.6330
vn -0.4214 0.0987 -0.9015
vn -0.4425 0.6018 -0.6649
vn -0.3324 -0.2649 -0.9052
vn -0.4461 0.5664 -0.6929
vn -0.2256 0.9735 0.0383
vn -0.4487 0.5299 -0.7196
vn -0.3535 0.8853 -0.3022
vn -0.3598 0.1049 -0.9271
vn -0.2881 -0.2621 -0.9210
vn -0.3730 0.6177 -0.6923
vn -0.3765 0.5818 -0.7210
vn -0.1807 0.9831 0.0277
vn -0.3793 0.5446 -0.7480
vn -0.2911 0.9015 -0.3202
vn -0.3813 0.5032 -0.7755
vn -0.3321 0.8126 -0.4789
vn -0.3825 0.4530 -0.8053
vn -0.3510 0.7470 -0.5646
vn -0.3821 0.3860 -0.8396
vn -0.3615 0.6967 -0.6196
vn -0.3776 0.2848 -0.8811
vn -0.3682 0.6550 -0.6598
vn -0.2567 0.8336 -0.4892
vn -0.2743 0.7668 -0.5803
vn -0.3066 0.4585 -0.8342
vn -0.3070 0.3877 -0.8692
vn -0.2845 0.7148 -0.6388
vn -0.3043 0.2810 -0.9102
vn -0.2911 0.6713 -0.6816
vn -0.2912 0.0939 -0.9521
vn -0.2959 0.6322 -0.7161
vn -0.2378 -0.2741 -0.9318
vn -0.2996 0.5944 -0.7463
vn -0.1287 0.9912 0.0322
vn -0.3026 0.5552 -0.7747
vn -0.2199 0.9209 -0.3220
vn -0.3049 0.5115 -0.8034
vn -0.2047 0.6452 -0.7361
vn -0.2086 0.6040 -0.7692
vn -0.0685 0.9963 0.0522
vn -0.1804 -0.3012 -0.9364
vn -0.2119 0.5611 -0.8001
vn -0.1361 0.9424 -0.3056
vn -0.2148 0.5131 -0.8310
vn -0.1672 0.8580 -0.4856
vn -0.2172 0.4549 -0.8636
vn -0.1834 0.7893 -0.5859
vn -0.2189 0.3773 -0.8998
vn -0.1931 0.7343 -0.6508
vn -0.2187 0.2615 -0.9401
vn -0.1998 0.6876 -0.6981
vn -0.2119 0.0635 -0.9752
vn -0.1045 0.4381 -0.8928
vn -0.1087 0.3500 -0.9304
vn -0.0687 0.8138 -0.5770
vn -0.0773 0.7544 -0.6518
vn -0.1131 0.2208 -0.9687
vn -0.0836 0.7028 -0.7065
vn -0.1170 0.0098 -0.9931
vn -0.0886 0.6552 -0.7503
vn -0.1146 -0.3439 -0.9320
vn -0.0929 0.6085 -0.7881
vn 0.0010 0.9960 0.0888
vn -0.0968 0.5596 -0.8231
vn -0.0348 0.9631 -0.2667
vn -0.1007 0.5047 -0.8574
vn -0.0558 0.8846 -0.4630
vn -0.0388 -0.4030 -0.9144
vn 0.0654 0.6012 -0.7964
vn 0.0603 0.5429 -0.8376
vn 0.0811 0.9862 0.1441
vn 0.0900 0.9761 -0.1979
vn 0.0545 0.4774 -0.8770
vn 0.0888 0.9075 -0.4106
vn 0.0474 0.3982 -0.9161
vn 0.0844 0.8355 -0.5430
vn 0.0378 0.2950 -0.9547
vn 0.0795 0.7706 -0.6324
vn 0.0234 0.1488 -0.9886
vn 0.0748 0.7118 -0.6984
vn -0.0005 -0.0732 -0.9973
vn 0.0701 0.6563 -0.7512
vn 0.2384 0.1933 -0.9517
vn 0.2024 0.0311 -0.9788
vn 0.2998 0.7658 -0.5689
vn 0.3005 0.6974 -0.6506
vn 0.1426 -0.1912 -0.9711
vn 0.2980 0.6308 -0.7164
vn 0.0480 -0.4791 -0.8765
vn 0.2932 0.5633 -0.7725
vn 0.1721 0.9602 0.2201
vn 0.2860 0.4914 -0.8226
vn 0.2424 0.9660 -0.0894
vn 0.2757 0.4107 -0.8691
vn 0.2781 0.9092 -0.3098
vn 0.2609 0.3147 -0.9127
vn 0.2939 0.8373 -0.4611
vn 0.2713 0.9082 0.3188
vn 0.4156 0.9071 0.0669
vn 0.5908 0.3631 -0.7205
vn 0.5717 0.2665 -0.7760
vn 0.5066 0.8511 -0.1379
vn 0.5413 0.1550 -0.8264
vn 0.5592 0.7748 -0.2949
vn 0.4942 0.0212 -0.8691
vn 0.5878 0.6940 -0.4157
vn 0.4208 -0.1435 -0.8957
vn 0.6016 0.6134 -0.5117
vn 0.3076 -0.3447 -0.8869
vn 0.6055 0.5329 -0.5911
vn 0.1437 -0.5711 -0.8082
vn 0.6017 0.4505 -0.6595
vn -0.4823 0.6246 -0.6143
vn -0.2765 0.7293 -0.6258
vn -0.1650 0.5061 -0.8465
vn -0.3345 0.3535 -0.8736
vn -0.9657 -0.0863 -0.2448
vn -0.8500 -0.1415 -0.5075
vn -0.7269 -0.2597 -0.6357
vn -0.7491 -0.3419 -0.5673
vn -0.6235 0.5210 -0.5830
vn -0.4483 0.2276 -0.8644
vn -0.9664 -0.2007 -0.1607
vn -0.7637 -0.4361 -0.4760
vn -0.7221 0.4263 -0.5448
vn -0.5274 0.1247 -0.8404
vn -0.9397 -0.3381 -0.0510
vn -0.7622 -0.5465 -0.3469
vn -0.6994 0.1753 -0.6929
vn -0.5857 0.0376 -0.8097
vn -0.8608 -0.5002 0.0937
vn -0.7244 -0.6711 -0.1577
vn -0.7500 0.0945 -0.6547
vn -0.6311 -0.0400 -0.7747
vn -0.6913 -0.6693 0.2725
vn -0.6126 -0.7825 0.1113
vn -0.7904 0.0173 -0.6123
vn -0.6683 -0.1127 -0.7353
vn 0.0101 0.8065 -0.5911
vn 0.3795 0.7985 -0.4673
vn 0.0775 0.6697 -0.7385
vn -0.3795 -0.7985 0.4673
vn -0.8234 -0.0601 -0.5643
vn -0.6999 -0.1847 -0.6900
vn -0.4014 -0.3130 -0.8608
vn -0.4277 -0.3699 -0.8248
vn 0.1494 0.5380 -0.8296
vn -0.0433 0.2913 -0.9557
vn -0.4534 -0.4287 -0.7814
vn -0.1672 0.1083 -0.9800
vn -0.4796 -0.4934 -0.7257
vn -0.2459 -0.0202 -0.9691
vn -0.5065 -0.5687 -0.6482
vn -0.2998 -0.1151 -0.9470
vn -0.5322 -0.6598 -0.5305
vn -0.3402 -0.1903 -0.9209
vn -0.5463 -0.7671 -0.3363
vn -0.3729 -0.2545 -0.8923
vn -0.5138 -0.8578 -0.0129
vn -0.3013 -0.6280 -0.7175
vn -0.3384 -0.7073 -0.6207
vn -0.1268 -0.2606 -0.9571
vn -0.1561 -0.3225 -0.9336
vn -0.3840 -0.8089 -0.4453
vn -0.1807 -0.3742 -0.9096
vn -0.4191 -0.9022 -0.1018
vn -0.2029 -0.4210 -0.8841
vn 0.2123 0.4264 -0.8793
vn -0.2244 -0.4663 -0.8557
vn 0.0589 0.1231 -0.9906
vn -0.2468 -0.5133 -0.8219
vn -0.0324 -0.0634 -0.9975
vn -0.2717 -0.5657 -0.7786
vn -0.0884 -0.1799 -0.9797
vn -0.0832 -0.5186 -0.8510
vn -0.1026 -0.5581 -0.8234
vn 0.1412 0.0021 -0.9900
vn 0.0697 -0.1749 -0.9821
vn -0.1251 -0.6024 -0.7883
vn 0.0264 -0.2777 -0.9603
vn -0.1535 -0.6562 -0.7388
vn -0.0036 -0.3467 -0.9380
vn -0.1927 -0.7270 -0.6590
vn -0.0269 -0.3987 -0.9167
vn -0.2518 -0.8250 -0.5060
vn -0.0467 -0.4419 -0.8959
vn -0.3346 -0.9282 -0.1629
vn -0.0650 -0.4808 -0.8744
vn 0.2665 0.3367 -0.9031
vn -0.0824 -0.7374 -0.6704
vn -0.1466 -0.8317 -0.5355
vn 0.0693 -0.4458 -0.8925
vn 0.0522 -0.4835 -0.8738
vn -0.2611 -0.9440 -0.2016
vn 0.0363 -0.5175 -0.8549
vn 0.3147 0.2677 -0.9107
vn 0.0203 -0.5506 -0.8345
vn 0.2098 -0.0818 -0.9743
vn 0.0030 -0.5853 -0.8108
vn 0.1504 -0.2474 -0.9572
vn -0.0175 -0.6245 -0.7809
vn 0.1143 -0.3395 -0.9336
vn -0.0440 -0.6726 -0.7387
vn 0.0891 -0.4002 -0.9121
vn 0.2703 -0.1385 -0.9527
vn 0.2187 -0.2949 -0.9302
vn 0.0861 -0.6043 -0.7921
vn 0.0670 -0.6403 -0.7652
vn 0.1869 -0.3798 -0.9060
vn 0.0419 -0.6848 -0.7275
vn 0.1644 -0.4354 -0.8851
vn 0.0045 -0.7455 -0.6665
vn 0.1466 -0.4769 -0.8666
vn -0.0615 -0.8367 -0.5442
vn 0.1313 -0.5113 -0.8493
vn -0.0925 -0.8852 -0.4558
vn 0.1168 -0.5424 -0.8320
vn 0.3846 0.4679 -0.7957
vn -0.2919 -0.9557 0.0374
vn 0.1022 -0.5726 -0.8135
vn 0.3090 -0.0404 -0.9502
vn 0.2139 -0.4985 -0.8401
vn 0.1994 -0.5311 -0.8235
vn 0.0094 -0.8432 -0.5375
vn -0.0302 -0.8913 -0.4524
vn 0.1857 -0.5605 -0.8070
vn 0.4184 0.4363 -0.7966
vn -0.2490 -0.9682 0.0253
vn 0.1718 -0.5892 -0.7895
vn 0.3582 -0.0739 -0.9307
vn 0.3271 -0.1746 -0.9287
vn 0.1565 -0.6193 -0.7694
vn 0.2806 -0.3254 -0.9030
vn 0.1381 -0.6536 -0.7442
vn 0.2513 -0.4064 -0.8785
vn 0.1137 -0.6960 -0.7090
vn 0.2305 -0.4591 -0.8580
vn 0.0768 -0.7543 -0.6520
vn 0.2201 -0.6323 -0.7428
vn 0.2018 -0.6660 -0.7181
vn 0.3404 -0.3432 -0.8754
vn 0.3127 -0.4230 -0.8505
vn 0.1773 -0.7078 -0.6838
vn 0.2926 -0.4749 -0.8300
vn 0.1399 -0.7651 -0.6285
vn 0.2765 -0.5136 -0.8122
vn 0.0702 -0.8529 -0.5174
vn 0.2624 -0.5457 -0.7959
vn 0.0226 -0.8998 -0.4358
vn 0.2490 -0.5746 -0.7797
vn 0.4526 0.4207 -0.7862
vn -0.2116 -0.9768 0.0316
vn 0.2353 -0.6027 -0.7625
vn 0.4068 -0.0912 -0.9089
vn 0.3834 -0.1939 -0.9030
vn 0.1240 -0.8663 -0.4839
vn 0.0687 -0.9112 -0.4061
vn 0.3246 -0.5563 -0.7649
vn 0.3110 -0.5858 -0.7484
vn 0.4853 0.4228 -0.7653
vn -0.1821 -0.9816 0.0566
vn 0.2970 -0.6144 -0.7309
vn 0.4571 -0.0939 -0.8845
vn 0.4417 -0.1977 -0.8751
vn 0.2814 -0.6445 -0.7109
vn 0.4017 -0.3499 -0.8463
vn 0.2626 -0.6786 -0.6859
vn 0.3748 -0.4312 -0.8207
vn 0.2371 -0.7209 -0.6512
vn 0.3550 -0.4842 -0.7997
vn 0.1979 -0.7787 -0.5953
vn 0.3388 -0.5237 -0.7816
vn 0.4681 -0.3451 -0.8135
vn 0.4416 -0.4311 -0.7868
vn 0.3242 -0.6921 -0.6449
vn 0.2967 -0.7361 -0.6083
vn 0.4216 -0.4872 -0.7648
vn 0.2539 -0.7958 -0.5498
vn 0.4050 -0.5290 -0.7458
vn 0.1727 -0.8839 -0.4346
vn 0.3901 -0.5635 -0.7282
vn 0.1098 -0.9260 -0.3612
vn 0.3759 -0.5946 -0.7108
vn 0.5147 0.4417 -0.7349
vn -0.1619 -0.9819 0.0982
vn 0.3610 -0.6247 -0.6923
vn 0.5113 -0.0812 -0.8556
vn 0.5045 -0.1857 -0.8432
vn 0.3444 -0.6563 -0.6712
vn 0.4637 -0.5664 -0.6813
vn 0.4482 -0.6005 -0.6622
vn 0.5771 0.2148 -0.7879
vn 0.0013 -0.9969 -0.0789
vn 0.4318 -0.6335 -0.6420
vn 0.5743 -0.1552 -0.8038
vn 0.4134 -0.6680 -0.6188
vn 0.5435 -0.3266 -0.7733
vn 0.3906 -0.7067 -0.5900
vn 0.5178 -0.4208 -0.7449
vn 0.3595 -0.7539 -0.5500
vn 0.4972 -0.4824 -0.7212
vn 0.3106 -0.8166 -0.4866
vn 0.4797 -0.5285 -0.7005
vn 0.2179 -0.9052 -0.3650
vn 0.4665 -0.7216 -0.5116
vn 0.4292 -0.7736 -0.4663
vn 0.6090 -0.3951 -0.6877
vn 0.5880 -0.4658 -0.6612
vn 0.3703 -0.8404 -0.3957
vn 0.5693 -0.5188 -0.6378
vn 0.2600 -0.9281 -0.2665
vn 0.5516 -0.5624 -0.6160
vn 0.0208 -0.9998 0.0034
vn 0.5340 -0.6015 -0.5942
vn 0.6219 0.2651 -0.7368
vn 0.5152 -0.6392 -0.5710
vn 0.6531 -0.1010 -0.7505
vn 0.4935 -0.6782 -0.5445
vn 0.6326 -0.2883 -0.7188
vn 0.0334 -0.9934 0.1098
vn 0.6414 -0.5910 -0.4892
vn 0.6185 -0.6361 -0.4614
vn 0.6648 0.3352 -0.6676
vn 0.7407 -0.0143 -0.6717
vn 0.5915 -0.6822 -0.4298
vn 0.7398 -0.2189 -0.6362
vn 0.5572 -0.7327 -0.3908
vn 0.7222 -0.3432 -0.6005
vn 0.5093 -0.7914 -0.3383
vn 0.7022 -0.4276 -0.5693
vn 0.4338 -0.8629 -0.2594
vn 0.6822 -0.4914 -0.5414
vn 0.2978 -0.9462 -0.1264
vn 0.6622 -0.5440 -0.5153
vn 0.5974 -0.7910 -0.1318
vn 0.4959 -0.8669 -0.0495
vn 0.8430 -0.3453 -0.4124
vn 0.8233 -0.4247 -0.3767
vn 0.3256 -0.9428 0.0716
vn 0.8007 -0.4909 -0.3433
vn 0.0373 -0.9688 0.2449
vn 0.7754 -0.5500 -0.3103
vn 0.7005 0.4269 -0.5718
vn 0.7459 -0.6063 -0.2757
vn 0.8286 0.1156 -0.5478
vn 0.7100 -0.6631 -0.2372
vn 0.8610 -0.0988 -0.4990
vn 0.6632 -0.7236 -0.1911
vn 0.8580 -0.2426 -0.4527
vn 0.7174 0.5408 -0.4392
vn 0.8878 0.2940 -0.3540
vn 0.8650 -0.4999 0.0421
vn 0.8166 -0.5706 0.0863
vn 0.9588 0.0929 -0.2686
vn 0.7526 -0.6445 0.1352
vn 0.9786 -0.0598 -0.1970
vn 0.6632 -0.7236 0.1915
vn 0.9744 -0.1778 -0.1379
vn 0.5310 -0.8071 0.2581
vn 0.9579 -0.2734 -0.0876
vn 0.3284 -0.8832 0.3349
vn 0.9338 -0.3552 -0.0426
vn 0.0272 -0.9114 0.4106
vn 0.9032 -0.4293 -0.0002
vn 0.9657 0.0863 0.2448
vn 0.9821 -0.1634 0.0937
vn 0.4823 -0.6245 0.6143
vn 0.2765 -0.7293 0.6258
vn 0.9576 -0.2495 0.1441
vn -0.0101 -0.8065 0.5911
vn 0.9252 -0.3284 0.1902
vn 0.6913 0.6693 -0.2725
vn 0.8841 -0.4041 0.2346
vn 0.8608 0.5002 -0.0937
vn 0.8315 -0.4802 0.2791
vn 0.9397 0.3381 0.0510
vn 0.7221 -0.4263 0.5448
vn 0.9664 0.2007 0.1607
vn 0.6235 -0.5210 0.5830
vn 0.6994 -0.1753 0.6929
vn 0.7500 -0.0945 0.6547
vn 0.6311 0.0400 0.7747
vn 0.5857 -0.0376 0.8097
vn 0.7244 0.6711 0.1577
vn 0.7622 0.5465 0.3469
vn 0.5274 -0.1247 0.8404
vn 0.7637 0.4361 0.4760
vn 0.4483 -0.2276 0.8644
vn 0.7491 0.3419 0.5673
vn 0.3345 -0.3535 0.8736
vn 0.8500 0.1415 0.5075
vn 0.7269 0.2597 0.6357
vn 0.1650 -0.5061 0.8465
vn 0.8234 0.0601 0.5643
vn 0.6999 0.1847 0.6900
vn -0.0775 -0.6697 0.7385
vn 0.7904 -0.0173 0.6123
vn 0.6683 0.1127 0.7353
vn 0.6126 0.7825 -0.1113
vn 0.1672 -0.1083 0.9800
vn 0.0433 -0.2913 0.9557
vn 0.4534 0.4287 0.7814
vn 0.4277 0.3699 0.8248
vn -0.1494 -0.5380 0.8296
vn 0.4014 0.3130 0.8608
vn 0.5138 0.8578 0.0129
vn 0.3729 0.2545 0.8923
vn 0.5463 0.7671 0.3363
vn 0.3401 0.1903 0.9209
vn 0.5322 0.6598 0.5305
vn 0.2998 0.1151 0.9470
vn 0.5065 0.5686 0.6482
vn 0.2459 0.0202 0.9691
vn 0.4796 0.4934 0.7257
vn 0.3840 0.8089 0.4453
vn 0.3384 0.7073 0.6207
vn 0.1561 0.3225 0.9336
vn 0.1268 0.2606 0.9571
vn 0.3013 0.6280 0.7175
vn 0.0884 0.1799 0.9797
vn 0.2717 0.5657 0.7786
vn 0.0324 0.0634 0.9975
vn 0.2468 0.5133 0.8219
vn -0.0589 -0.1231 0.9906
vn 0.2244 0.4663 0.8557
vn -0.2123 -0.4264 0.8793
vn 0.2029 0.4210 0.8841
vn 0.4191 0.9022 0.1018
vn 0.1807 0.3742 0.9096
vn 0.1026 0.5581 0.8234
vn 0.0832 0.5186 0.8510
vn -0.1412 -0.0021 0.9900
vn -0.2665 -0.3367 0.9031
vn 0.0650 0.4808 0.8744
vn 0.3346 0.9282 0.1629
vn 0.0467 0.4419 0.8959
vn 0.2518 0.8250 0.5060
vn 0.0269 0.3987 0.9167
vn 0.1927 0.7270 0.6590
vn 0.0036 0.3466 0.9380
vn 0.1535 0.6562 0.7388
vn -0.0264 0.2777 0.9603
vn 0.1251 0.6024 0.7883
vn -0.0697 0.1749 0.9821
vn -0.0693 0.4458 0.8925
vn -0.0891 0.4002 0.9121
vn 0.0824 0.7374 0.6704
vn 0.0440 0.6726 0.7387
vn -0.1143 0.3395 0.9336
vn 0.0175 0.6245 0.7809
vn -0.1504 0.2474 0.9572
vn -0.0030 0.5853 0.8108
vn -0.2098 0.0818 0.9743
vn -0.0203 0.5506 0.8345
vn -0.3147 -0.2677 0.9107
vn -0.0363 0.5175 0.8549
vn 0.2611 0.9440 0.2016
vn -0.0522 0.4835 0.8738
vn 0.1466 0.8317 0.5355
vn -0.2704 0.1385 0.9527
vn -0.3090 0.0404 0.9502
vn -0.1022 0.5726 0.8135
vn -0.1168 0.5424 0.8320
vn 0.2919 0.9557 -0.0374
vn -0.3846 -0.4679 0.7957
vn -0.1313 0.5113 0.8493
vn 0.0925 0.8852 0.4558
vn 0.0615 0.8367 0.5442
vn -0.1466 0.4769 0.8666
vn -0.0045 0.7455 0.6665
vn -0.1644 0.4354 0.8851
vn -0.0419 0.6848 0.7275
vn -0.1869 0.3798 0.9060
vn -0.0670 0.6403 0.7652
vn -0.2187 0.2949 0.9302
vn -0.0861 0.6043 0.7921
vn -0.2305 0.4591 0.8580
vn -0.2513 0.4064 0.8785
vn -0.1137 0.6960 0.7090
vn -0.1381 0.6536 0.7442
vn -0.2806 0.3254 0.9030
vn -0.1565 0.6193 0.7694
vn -0.3271 0.1746 0.9287
vn -0.1718 0.5892 0.7895
vn -0.3582 0.0739 0.9307
vn -0.1857 0.5605 0.8070
vn 0.2490 0.9682 -0.0253
vn -0.4184 -0.4363 0.7966
vn -0.1994 0.5311 0.8235
vn 0.0302 0.8913 0.4524
vn -0.0094 0.8432 0.5375
vn -0.2139 0.4985 0.8401
vn -0.0768 0.7543 0.6520
vn 0.2116 0.9768 -0.0316
vn -0.4526 -0.4207 0.7862
vn -0.2490 0.5746 0.7797
vn -0.2624 0.5457 0.7959
vn -0.0226 0.8998 0.4358
vn -0.0702 0.8529 0.5174
vn -0.2765 0.5136 0.8122
vn -0.1399 0.7651 0.6285
vn -0.2926 0.4749 0.8300
vn -0.1773 0.7078 0.6838
vn -0.3127 0.4230 0.8505
vn -0.2018 0.6660 0.7181
vn -0.3404 0.3432 0.8754
vn -0.2201 0.6323 0.7428
vn -0.3834 0.1939 0.9030
vn -0.2353 0.6027 0.7625
vn -0.4068 0.0912 0.9089
vn -0.2371 0.7209 0.6512
vn -0.2626 0.6786 0.6859
vn -0.3748 0.4312 0.8207
vn -0.4017 0.3499 0.8463
vn -0.2814 0.6445 0.7109
vn -0.4417 0.1977 0.8751
vn -0.2970 0.6144 0.7309
vn -0.4571 0.0939 0.8845
vn -0.3110 0.5858 0.7484
vn 0.1821 0.9816 -0.0566
vn -0.4853 -0.4229 0.7653
vn -0.3246 0.5563 0.7649
vn -0.0687 0.9112 0.4061
vn -0.1240 0.8663 0.4839
vn -0.3388 0.5237 0.7816
vn -0.1979 0.7787 0.5953
vn -0.3550 0.4842 0.7997
vn -0.3759 0.5946 0.7108
vn -0.3901 0.5635 0.7282
vn -0.1098 0.9260 0.3612
vn -0.1727 0.8839 0.4346
vn -0.4050 0.5290 0.7458
vn -0.2539 0.7958 0.5498
vn -0.4216 0.4872 0.7648
vn -0.2967 0.7361 0.6083
vn -0.4416 0.4311 0.7868
vn -0.3242 0.6921 0.6449
vn -0.4681 0.3451 0.8135
vn -0.3445 0.6563 0.6712
vn -0.5045 0.1857 0.8432
vn -0.3610 0.6247 0.6923
vn -0.5113 0.0812 0.8556
vn 0.1619 0.9819 -0.0982
vn -0.5147 -0.4417 0.7349
vn -0.5178 0.4208 0.7449
vn -0.5435 0.3266 0.7733
vn -0.3906 0.7067 0.5900
vn -0.4134 0.6680 0.6188
vn -0.5743 0.1552 0.8038
vn -0.4318 0.6335 0.6420
vn -0.5771 -0.2148 0.7879
vn -0.4482 0.6005 0.6622
vn -0.0013 0.9969 0.0788
vn -0.4637 0.5664 0.6813
vn -0.2179 0.9052 0.3650
vn -0.4797 0.5285 0.7005
vn -0.3106 0.8166 0.4866
vn -0.4972 0.4824 0.7212
vn -0.3595 0.7539 0.5500
vn -0.0208 0.9998 -0.0034
vn -0.2600 0.9281 0.2665
vn -0.5516 0.5624 0.6160
vn -0.5693 0.5188 0.6378
vn -0.3703 0.8404 0.3957
vn -0.5880 0.4658 0.6612
vn -0.4292 0.7736 0.4663
vn -0.6090 0.3951 0.6877
vn -0.4665 0.7216 0.5116
vn -0.6326 0.2883 0.7188
vn -0.4935 0.6782 0.5445
vn -0.6531 0.1010 0.7505
vn -0.5152 0.6392 0.5710
vn -0.6219 -0.2651 0.7368
vn -0.5340 0.6015 0.5942
vn -0.5572 0.7327 0.3908
vn -0.5915 0.6822 0.4298
vn -0.7398 0.2189 0.6362
vn -0.7407 0.0143 0.6717
vn -0.6185 0.6361 0.4614
vn -0.6648 -0.3352 0.6676
vn -0.6414 0.5910 0.4892
vn -0.0334 0.9934 -0.1099
vn -0.6622 0.5440 0.5153
vn -0.2978 0.9462 0.1264
vn -0.6822 0.4914 0.5414
vn -0.4338 0.8629 0.2594
vn -0.7022 0.4276 0.5693
vn -0.5093 0.7913 0.3383
vn -0.7222 0.3432 0.6005
vn -0.8007 0.4909 0.3433
vn -0.8233 0.4247 0.3767
vn -0.3256 0.9428 -0.0716
vn -0.4959 0.8669 0.0495
vn -0.8430 0.3453 0.4124
vn -0.5974 0.7910 0.1318
vn -0.8580 0.2426 0.4527
vn -0.6632 0.7236 0.1911
vn -0.8610 0.0988 0.4990
vn -0.7100 0.6631 0.2372
vn -0.8286 -0.1156 0.5478
vn -0.7459 0.6063 0.2757
vn -0.7005 -0.4269 0.5718
vn -0.7754 0.5500 0.3103
vn -0.0373 0.9688 -0.2449
vn -0.9588 -0.0929 0.2686
vn -0.8878 -0.2940 0.3540
vn -0.8166 0.5706 -0.0863
vn -0.8650 0.4999 -0.0421
vn -0.7174 -0.5408 0.4392
vn -0.9032 0.4293 0.0002
vn -0.0272 0.9114 -0.4106
vn -0.9338 0.3552 0.0426
vn -0.3284 0.8832 -0.3349
vn -0.9579 0.2734 0.0876
vn -0.5310 0.8071 -0.2581
vn -0.9744 0.1778 0.1379
vn -0.6632 0.7236 -0.1915
vn -0.9786 0.0598 0.1970
vn -0.7526 0.6445 -0.1352
vn -0.9821 0.1634 -0.0937
vn -0.8315 0.4802 -0.2791
vn -0.8841 0.4041 -0.2345
vn -0.9252 0.3284 -0.1902
vn -0.9576 0.2495 -0.1441
vn -0.0000 -0.7728 -0.6346
vn -0.0000 -0.6008 -0.7994
vn 0.2645 -0.5877 -0.7646
vn 0.2138 -0.7615 -0.6119
vn -0.0000 0.8771 -0.4803
vn -0.0000 0.9390 -0.3439
vn 0.1187 0.9347 -0.3349
vn 0.1640 0.8695 -0.4659
vn -0.0000 -0.8771 -0.4803
vn 0.1640 -0.8695 -0.4659
vn -0.0000 0.7728 -0.6346
vn 0.2138 0.7615 -0.6119
vn -0.0000 -0.9390 -0.3439
vn 0.1187 -0.9347 -0.3349
vn -0.0000 0.6008 -0.7994
vn 0.2645 0.5877 -0.7646
vn -0.0000 -0.9749 -0.2227
vn 0.0776 -0.9730 -0.2174
vn -0.0000 0.3379 -0.9412
vn 0.3059 0.3284 -0.8936
vn -0.0000 -0.9937 -0.1117
vn 0.0396 -0.9933 -0.1089
vn 0.3225 -0.0000 -0.9466
vn -0.0000 0.9937 -0.1117
vn 0.0396 0.9933 -0.1089
vn -0.0000 -0.3379 -0.9412
vn 0.3059 -0.3284 -0.8936
vn -0.0000 0.9749 -0.2227
vn 0.0776 0.9730 -0.2174
vn 0.5541 -0.3045 -0.7748
vn 0.4869 -0.5543 -0.6751
vn 0.1503 0.9678 -0.2022
vn 0.2284 0.9230 -0.3098
vn 0.4008 -0.7320 -0.5510
vn 0.3123 0.8490 -0.4263
vn 0.3123 -0.8490 -0.4263
vn 0.4008 0.7320 -0.5510
vn 0.2284 -0.9230 -0.3098
vn 0.4869 0.5543 -0.6751
vn 0.1503 -0.9678 -0.2022
vn 0.5541 0.3045 -0.7748
vn 0.0765 -0.9919 -0.1012
vn 0.5803 -0.0000 -0.8144
vn 0.0765 0.9919 -0.1012
vn 0.3234 -0.9063 -0.2721
vn 0.2145 -0.9602 -0.1791
vn 0.6513 0.5130 -0.5592
vn 0.7273 0.2761 -0.6284
vn 0.1092 -0.9900 -0.0896
vn 0.7558 -0.0000 -0.6548
vn 0.1092 0.9900 -0.0896
vn 0.7273 -0.2761 -0.6284
vn 0.2145 0.9602 -0.1791
vn 0.6513 -0.5130 -0.5592
vn 0.3234 0.9063 -0.2721
vn 0.5483 -0.6935 -0.4674
vn 0.4358 0.8209 -0.3690
vn 0.4358 -0.8209 -0.3690
vn 0.5483 0.6935 -0.4674
vn 0.2684 0.9516 -0.1498
vn 0.4009 0.8879 -0.2255
vn 0.7640 -0.4739 -0.4378
vn 0.6567 -0.6549 -0.3740
vn 0.5321 0.7913 -0.3013
vn 0.5321 -0.7913 -0.3013
vn 0.6567 0.6549 -0.3740
vn 0.4009 -0.8879 -0.2255
vn 0.7640 0.4739 -0.4378
vn 0.2684 -0.9516 -0.1498
vn 0.8390 0.2505 -0.4831
vn 0.1367 -0.9878 -0.0750
vn 0.8662 -0.0000 -0.4997
vn 0.1367 0.9878 -0.0750
vn 0.8390 -0.2505 -0.4831
vn 0.8377 0.4422 -0.3205
vn 0.9084 0.2306 -0.3488
vn 0.3109 -0.9433 -0.1160
vn 0.1586 -0.9856 -0.0581
vn 0.9334 -0.0000 -0.3589
vn 0.1586 0.9856 -0.0581
vn 0.9084 -0.2306 -0.3488
vn 0.3109 0.9433 -0.1160
vn 0.8377 -0.4422 -0.3205
vn 0.4602 0.8708 -0.1731
vn 0.7318 -0.6219 -0.2786
vn 0.6027 0.7646 -0.2282
vn 0.6027 -0.7646 -0.2282
vn 0.7318 0.6219 -0.2786
vn 0.4602 -0.8708 -0.1731
vn 0.8833 -0.4195 -0.2094
vn 0.7805 -0.5974 -0.1842
vn 0.5018 0.8570 -0.1171
vn 0.6505 0.7440 -0.1528
vn 0.6505 -0.7440 -0.1528
vn 0.7805 0.5974 -0.1842
vn 0.5018 -0.8570 -0.1171
vn 0.8833 0.4195 -0.2094
vn 0.3415 -0.9366 -0.0790
vn 0.9497 0.2168 -0.2258
vn 0.1744 -0.9839 -0.0395
vn 0.9728 -0.0000 -0.2315
vn 0.1744 0.9839 -0.0395
vn 0.9497 -0.2168 -0.2258
vn 0.3415 0.9366 -0.0790
vn 0.3598 -0.9322 -0.0400
vn 0.1839 -0.9827 -0.0200
vn 0.9717 0.2087 -0.1109
vn 0.9935 -0.0000 -0.1135
vn 0.1839 0.9827 -0.0200
vn 0.9717 -0.2087 -0.1109
vn 0.3598 0.9322 -0.0400
vn 0.9080 -0.4061 -0.1033
vn 0.5264 0.8482 -0.0590
vn 0.8077 -0.5824 -0.0916
vn 0.6780 0.7310 -0.0765
vn 0.6780 -0.7310 -0.0765
vn 0.8077 0.5824 -0.0916
vn 0.5264 -0.8482 -0.0590
vn 0.9080 0.4061 -0.1033
vn 0.8165 -0.5774 -0.0000
vn 0.6870 -0.7266 -0.0000
vn 0.6870 0.7266 -0.0000
vn 0.8165 0.5774 -0.0000
vn 0.5346 -0.8451 -0.0000
vn 0.9158 0.4016 -0.0000
vn 0.3659 -0.9306 -0.0000
vn 0.9785 0.2061 -0.0000
vn 0.1871 -0.9823 -0.0000
vn 0.1871 0.9823 -0.0000
vn 0.9785 -0.2061 -0.0000
vn 0.3659 0.9306 -0.0000
vn 0.9158 -0.4016 -0.0000
vn 0.5346 0.8451 -0.0000
vn 0.1839 0.9827 0.0200
vn 0.1839 -0.9827 0.0200
vn 0.9935 -0.0000 0.1135
vn 0.9717 -0.2087 0.1109
vn 0.3598 0.9322 0.0400
vn 0.9080 -0.4061 0.1033
vn 0.5264 0.8482 0.0590
vn 0.8077 -0.5824 0.0916
vn 0.6780 0.7310 0.0765
vn 0.6780 -0.7310 0.0765
vn 0.8077 0.5824 0.0916
vn 0.5264 -0.8482 0.0590
vn 0.9080 0.4061 0.1033
vn 0.3598 -0.9322 0.0400
vn 0.9717 0.2087 0.1109
vn 0.6505 0.7440 0.1528
vn 0.7805 0.5974 0.1842
vn 0.6505 -0.7440 0.1528
vn 0.5018 -0.8570 0.1171
vn 0.8833 0.4195 0.2094
vn 0.3415 -0.9366 0.0790
vn 0.9497 0.2168 0.2258
vn 0.1744 -0.9839 0.0395
vn 0.9728 -0.0000 0.2315
vn 0.1744 0.9839 0.0395
vn 0.9497 -0.2168 0.2258
vn 0.3415 0.9366 0.0790
vn 0.8833 -0.4195 0.2094
vn 0.5018 0.8570 0.1171
vn 0.7805 -0.5974 0.1842
vn 0.9334 -0.0000 0.3589
vn 0.9084 -0.2306 0.3488
vn 0.1586 0.9856 0.0581
vn 0.3109 0.9433 0.1160
vn 0.8377 -0.4422 0.3205
vn 0.4602 0.8708 0.1731
vn 0.7318 -0.6219 0.2786
vn 0.6027 0.7646 0.2282
vn 0.6027 -0.7646 0.2282
vn 0.7318 0.6219 0.2786
vn 0.4602 -0.8708 0.1731
vn 0.8377 0.4422 0.3205
vn 0.3109 -0.9433 0.1160
vn 0.9084 0.2306 0.3488
vn 0.1586 -0.9856 0.0581
vn 0.5321 -0.7913 0.3013
vn 0.4009 -0.8879 0.2255
vn 0.6567 0.6549 0.3740
vn 0.7640 0.4739 0.4378
vn 0.2684 -0.9516 0.1498
vn 0.8390 0.2505 0.4831
vn 0.1367 -0.9878 0.0750
vn 0.8662 -0.0000 0.4997
vn 0.1367 0.9878 0.0750
vn 0.8390 -0.2505 0.4831
vn 0.2684 0.9516 0.1498
vn 0.7640 -0.4739 0.4378
vn 0.4009 0.8879 0.2255
vn 0.6567 -0.6549 0.3740
vn 0.5321 0.7913 0.3013
vn 0.1092 0.9900 0.0896
vn 0.2145 0.9602 0.1791
vn 0.7273 -0.2761 0.6284
vn 0.6513 -0.5130 0.5592
vn 0.3234 0.9063 0.2721
vn 0.5483 -0.6935 0.4674
vn 0.4358 0.8209 0.3690
vn 0.4358 -0.8209 0.3690
vn 0.5483 0.6935 0.4674
vn 0.3234 -0.9063 0.2721
vn 0.6513 0.5130 0.5592
vn 0.2145 -0.9602 0.1791
vn 0.7273 0.2761 0.6284
vn 0.1092 -0.9900 0.0896
vn 0.7558 -0.0000 0.6548
vn 0.4008 0.7320 0.5510
vn 0.4869 0.5543 0.6751
vn 0.2284 -0.9230 0.3098
vn 0.1503 -0.9678 0.2022
vn 0.5541 0.3045 0.7748
vn 0.0765 -0.9919 0.1012
vn 0.5803 -0.0000 0.8144
vn 0.0765 0.9919 0.1012
vn 0.5541 -0.3045 0.7748
vn 0.1503 0.9678 0.2022
vn 0.4869 -0.5543 0.6751
vn 0.2284 0.9230 0.3098
vn 0.4008 -0.7320 0.5510
vn 0.3123 0.8490 0.4263
vn 0.3123 -0.8490 0.4263
vn 0.3059 -0.3283 0.8936
vn 0.2645 -0.5877 0.7646
vn 0.0776 0.9730 0.2174
vn 0.1187 0.9347 0.3349
vn 0.2138 -0.7615 0.6119
vn 0.1640 0.8695 0.4659
vn 0.1640 -0.8695 0.4659
vn 0.2138 0.7615 0.6119
vn 0.1187 -0.9347 0.3349
vn 0.2645 0.5877 0.7646
vn 0.0776 -0.9730 0.2174
vn 0.3059 0.3283 0.8936
vn 0.0396 -0.9933 0.1089
vn 0.3225 -0.0000 0.9466
vn 0.0396 0.9933 0.1089
vn -0.0000 -0.9390 0.3439
vn -0.0000 -0.9749 0.2227
vn -0.0000 0.6008 0.7994
vn -0.0000 0.3379 0.9412
vn -0.0000 -0.9937 0.1117
vn -0.0000 0.9937 0.1117
vn -0.0000 -0.3379 0.9412
vn -0.0000 0.9749 0.2227
vn -0.0000 -0.6008 0.7994
vn -0.0000 0.9390 0.3439
vn -0.0000 -0.7728 0.6346
vn -0.0000 0.8771 0.4803
vn -0.0000 -0.8771 0.4803
vn -0.0000 0.7728 0.6346
vn -0.2645 -0.5877 0.7646
vn -0.2138 -0.7615 0.6119
vn -0.1187 0.9347 0.3349
vn -0.1640 0.8695 0.4659
vn -0.1640 -0.8695 0.4659
vn -0.2138 0.7615 0.6119
vn -0.1187 -0.9347 0.3349
vn -0.2645 0.5877 0.7646
vn -0.0776 -0.9730 0.2174
vn -0.3059 0.3283 0.8936
vn -0.0396 -0.9933 0.1089
vn -0.3225 -0.0000 0.9466
vn -0.0396 0.9933 0.1089
vn -0.3059 -0.3283 0.8936
vn -0.0776 0.9730 0.2174
vn -0.1503 -0.9678 0.2022
vn -0.0765 -0.9919 0.1012
vn -0.5541 0.3045 0.7748
vn -0.5803 -0.0000 0.8144
vn -0.0765 0.9919 0.1012
vn -0.5541 -0.3045 0.7748
vn -0.1503 0.9678 0.2022
vn -0.4869 -0.5543 0.6751
vn -0.2284 0.9230 0.3098
vn -0.4008 -0.7320 0.5510
vn -0.3123 0.8490 0.4263
vn -0.3123 -0.8490 0.4263
vn -0.4008 0.7320 0.5510
vn -0.2284 -0.9230 0.3098
vn -0.4869 0.5543 0.6751
vn -0.3234 0.9063 0.2721
vn -0.4358 0.8209 0.3690
vn -0.5483 -0.6935 0.4674
vn -0.4358 -0.8209 0.3690
vn -0.5483 0.6935 0.4674
vn -0.3234 -0.9063 0.2721
vn -0.6513 0.5130 0.5592
vn -0.2145 -0.9602 0.1791
vn -0.7273 0.2761 0.6284
vn -0.1092 -0.9900 0.0896
vn -0.7558 -0.0000 0.6548
vn -0.1092 0.9900 0.0896
vn -0.7273 -0.2761 0.6284
vn -0.2145 0.9602 0.1791
vn -0.6513 -0.5130 0.5592
vn -0.8390 0.2505 0.4831
vn -0.8662 -0.0000 0.4997
vn -0.1367 0.9878 0.0750
vn -0.1367 -0.9878 0.0750
vn -0.8390 -0.2505 0.4831
vn -0.2684 0.9516 0.1498
vn -0.7640 -0.4739 0.4378
vn -0.4009 0.8879 0.2255
vn -0.6567 -0.6549 0.3740
vn -0.5321 0.7913 0.3013
vn -0.5321 -0.7913 0.3013
vn -0.6567 0.6549 0.3740
vn -0.4009 -0.8879 0.2255
vn -0.7640 0.4739 0.4378
vn -0.2684 -0.9516 0.1498
vn -0.7318 -0.6219 0.2786
vn -0.6027 -0.7646 0.2282
vn -0.6027 0.7646 0.2282
vn -0.7318 0.6219 0.2786
vn -0.4602 -0.8708 0.1731
vn -0.8377 0.4422 0.3205
vn -0.3109 -0.9433 0.1160
vn -0.9084 0.2306 0.3488
vn -0.1586 -0.9856 0.0581
vn -0.9334 -0.0000 0.3589
vn -0.1586 0.9856 0.0581
vn -0.9084 -0.2306 0.3488
vn -0.3109 0.9433 0.1160
vn -0.8377 -0.4422 0.3205
vn -0.4602 0.8708 0.1731
vn -0.1744 0.9839 0.0395
vn -0.1744 -0.9839 0.0395
vn -0.9728 -0.0000 0.2315
vn -0.9497 -0.2168 0.2258
vn -0.3415 0.9366 0.0790
vn -0.8833 -0.4195 0.2094
vn -0.5018 0.8570 0.1171
vn -0.7805 -0.5974 0.1842
vn -0.6505 0.7440 0.1528
vn -0.6505 -0.7440 0.1528
vn -0.7805 0.5974 0.1842
vn -0.5018 -0.8570 0.1171
vn -0.8833 0.4195 0.2094
vn -0.3415 -0.9366 0.0790
vn -0.9497 0.2168 0.2258
vn -0.6780 0.7310 0.0765
vn -0.8077 0.5824 0.0916
vn -0.6780 -0.7310 0.0765
vn -0.5264 -0.8482 0.0590
vn -0.9080 0.4061 0.1033
vn -0.3598 -0.9322 0.0400
vn -0.9717 0.2087 0.1109
vn -0.1839 -0.9827 0.0200
vn -0.9935 -0.0000 0.1135
vn -0.1839 0.9827 0.0200
vn -0.9717 -0.2087 0.1109
vn -0.3598 0.9322 0.0400
vn -0.9080 -0.4061 0.1033
vn -0.5264 0.8482 0.0590
vn -0.8077 -0.5824 0.0916
vn -0.9785 -0.2061 -0.0000
vn -0.1871 0.9823 -0.0000
vn -0.3659 0.9306 -0.0000
vn -0.9158 -0.4016 -0.0000
vn -0.5346 0.8451 -0.0000
vn -0.8165 -0.5774 -0.0000
vn -0.6870 0.7266 -0.0000
vn -0.6870 -0.7266 -0.0000
vn -0.8165 0.5774 -0.0000
vn -0.5346 -0.8451 -0.0000
vn -0.9158 0.4016 -0.0000
vn -0.3659 -0.9306 -0.0000
vn -0.9785 0.2061 -0.0000
vn -0.1871 -0.9823 -0.0000
vn -0.6780 -0.7310 -0.0765
vn -0.5264 -0.8482 -0.0590
vn -0.8077 0.5824 -0.0916
vn -0.9080 0.4061 -0.1033
vn -0.3598 -0.9322 -0.0400
vn -0.9717 0.2087 -0.1109
vn -0.1839 -0.9827 -0.0200
vn -0.9935 -0.0000 -0.1135
vn -0.1839 0.9827 -0.0200
vn -0.9717 -0.2087 -0.1109
vn -0.3598 0.9322 -0.0400
vn -0.9080 -0.4061 -0.1033
vn -0.5264 0.8482 -0.0590
vn -0.8077 -0.5824 -0.0916
vn -0.6780 0.7310 -0.0765
vn -0.9497 -0.2168 -0.2258
vn -0.8833 -0.4195 -0.2094
vn -0.3415 0.9366 -0.0790
vn -0.5018 0.8570 -0.1171
vn -0.7805 -0.5974 -0.1842
vn -0.6505 0.7440 -0.1528
vn -0.6505 -0.7440 -0.1528
vn -0.7805 0.5974 -0.1842
vn -0.5018 -0.8570 -0.1171
vn -0.8833 0.4195 -0.2094
vn -0.3415 -0.9366 -0.0790
vn -0.9497 0.2168 -0.2258
vn -0.1744 -0.9839 -0.0395
vn -0.9728 -0.0000 -0.2315
vn -0.1744 0.9839 -0.0395
vn -0.4602 -0.8708 -0.1731
vn -0.3109 -0.9433 -0.1160
vn -0.8377 0.4422 -0.3205
vn -0.9084 0.2306 -0.3488
vn -0.1586 -0.9856 -0.0581
vn -0.9334 -0.0000 -0.3589
vn -0.1586 0.9856 -0.0581
vn -0.9084 -0.2306 -0.3488
vn -0.3109 0.9433 -0.1160
vn -0.8377 -0.4422 -0.3205
vn -0.4602 0.8708 -0.1731
vn -0.7318 -0.6219 -0.2786
vn -0.6027 0.7646 -0.2282
vn -0.6027 -0.7646 -0.2282
vn -0.7318 0.6219 -0.2786
vn -0.2684 0.9516 -0.1498
vn -0.4009 0.8879 -0.2255
vn -0.7640 -0.4739 -0.4378
vn -0.6567 -0.6549 -0.3740
vn -0.5321 0.7913 -0.3013
vn -0.5321 -0.7913 -0.3013
vn -0.6567 0.6549 -0.3740
vn -0.4009 -0.8879 -0.2255
vn -0.7640 0.4739 -0.4378
vn -0.2684 -0.9516 -0.1498
vn -0.8390 0.2505 -0.4831
vn -0.1367 -0.9878 -0.0750
vn -0.8662 -0.0000 -0.4997
vn -0.1367 0.9878 -0.0750
vn -0.8390 -0.2505 -0.4831
vn -0.6513 0.5130 -0.5592
vn -0.7273 0.2761 -0.6284
vn -0.2145 -0.9602 -0.1791
vn -0.1092 -0.9900 -0.0896
vn -0.7558 -0.0000 -0.6548
vn -0.1092 0.9900 -0.0896
vn -0.7273 -0.2761 -0.6284
vn -0.2145 0.9602 -0.1791
vn -0.6513 -0.5130 -0.5592
vn -0.3234 0.9063 -0.2721
vn -0.5483 -0.6935 -0.4674
vn -0.4358 0.8209 -0.3690
vn -0.4358 -0.8209 -0.3690
vn -0.5483 0.6935 -0.4674
vn -0.3234 -0.9063 -0.2721
vn -0.4869 -0.5543 -0.6751
vn -0.4008 -0.7320 -0.5510
vn -0.2284 0.9230 -0.3098
vn -0.3123 0.8490 -0.4263
vn -0.3123 -0.8490 -0.4263
vn -0.4008 0.7320 -0.5510
vn -0.2284 -0.9230 -0.3098
vn -0.4869 0.5543 -0.6751
vn -0.1503 -0.9678 -0.2022
vn -0.5541 0.3045 -0.7748
vn -0.0765 -0.9919 -0.1012
vn -0.5803 -0.0000 -0.8144
vn -0.0765 0.9919 -0.1012
vn -0.5541 -0.3045 -0.7748
vn -0.1503 0.9678 -0.2022
vn -0.0776 -0.9730 -0.2174
vn -0.0396 -0.9933 -0.1089
vn -0.3059 0.3283 -0.8936
vn -0.3225 -0.0000 -0.9466
vn -0.0396 0.9933 -0.1089
vn -0.3059 -0.3283 -0.8936
vn -0.0776 0.9730 -0.2174
vn -0.2645 -0.5877 -0.7646
vn -0.1187 0.9347 -0.3349
vn -0.2138 -0.7615 -0.6119
vn -0.1640 0.8695 -0.4659
vn -0.1640 -0.8695 -0.4659
vn -0.2138 0.7615 -0.6119
vn -0.1187 -0.9347 -0.3349
vn -0.2645 0.5877 -0.7646
vt 0.441826 0.202369
vt 0.444210 0.167540
vt 0.448889 0.167059
vt 0.447131 0.201824
vt 0.453539 0.166535
vt 0.452402 0.201229
vt 0.457981 0.165987
vt 0.457438 0.200608
vt 0.462045 0.165436
vt 0.462045 0.199984
vt 0.308217 0.045822
vt 0.342876 0.041260
vt 0.342915 0.045381
vt 0.308262 0.050494
vt 0.342946 0.050111
vt 0.308297 0.055855
vt 0.342967 0.055266
vt 0.308321 0.061700
vt 0.342978 0.060650
vt 0.308333 0.067803
vt 0.342978 0.066055
vt 0.308333 0.073930
vt 0.342967 0.071273
vt 0.308321 0.079845
vt 0.342946 0.076104
vt 0.308297 0.085322
vt 0.342915 0.080363
vt 0.308262 0.090150
vt 0.342876 0.083885
vt 0.308217 0.094142
vt 0.462645 0.079612
vt 0.427714 0.082917
vt 0.427843 0.079042
vt 0.462792 0.075220
vt 0.427954 0.074721
vt 0.462917 0.070321
vt 0.428040 0.070119
vt 0.463015 0.065104
vt 0.428100 0.065413
vt 0.463083 0.059770
vt 0.428130 0.060785
vt 0.463117 0.054523
vt 0.428130 0.056411
vt 0.463117 0.049565
vt 0.428100 0.052461
vt 0.463083 0.045086
vt 0.428040 0.049085
vt 0.463015 0.041260
vt 0.041388 0.321788
vt 0.076119 0.332825
vt 0.076071 0.336921
vt 0.041333 0.326431
vt 0.076035 0.341619
vt 0.041293 0.331757
vt 0.076013 0.346739
vt 0.041268 0.337561
vt 0.076006 0.352084
vt 0.041260 0.343619
vt 0.076013 0.357448
vt 0.041268 0.349701
vt 0.076035 0.362626
vt 0.041293 0.355570
vt 0.076071 0.367418
vt 0.041333 0.361003
vt 0.076119 0.371641
vt 0.041388 0.365789
vt 0.427714 0.203512
vt 0.431760 0.168548
vt 0.435478 0.168299
vt 0.431928 0.203229
vt 0.199462 0.041391
vt 0.204166 0.041260
vt 0.208781 0.042187
vt 0.213127 0.044138
vt 0.217039 0.047037
vt 0.220366 0.050773
vt 0.222980 0.055202
vt 0.224780 0.060155
vt 0.225698 0.065440
vt 0.225698 0.070855
vt 0.224780 0.076192
vt 0.222980 0.081246
vt 0.220366 0.085821
vt 0.217039 0.089744
vt 0.213127 0.092862
vt 0.208781 0.095056
vt 0.204166 0.096241
vt 0.199462 0.096373
vt 0.194847 0.095446
vt 0.190501 0.093495
vt 0.186589 0.090596
vt 0.183262 0.086860
vt 0.180648 0.082431
vt 0.178848 0.077478
vt 0.177930 0.072193
vt 0.177930 0.066777
vt 0.178848 0.061441
vt 0.180648 0.056387
vt 0.183262 0.051811
vt 0.186589 0.047889
vt 0.190501 0.044771
vt 0.194847 0.042577
vt 0.439681 0.167959
vt 0.436693 0.202843
vt 0.071002 0.041260
vt 0.076233 0.042311
vt 0.081160 0.044522
vt 0.085595 0.047809
vt 0.089366 0.052044
vt 0.092329 0.057065
vt 0.094370 0.062679
vt 0.095411 0.068671
vt 0.095411 0.074810
vt 0.094370 0.080860
vt 0.092329 0.086589
vt 0.089366 0.091776
vt 0.085595 0.096222
vt 0.081160 0.099757
vt 0.076233 0.102244
vt 0.071002 0.103588
vt 0.065668 0.103737
vt 0.060438 0.102686
vt 0.055510 0.100475
vt 0.051076 0.097189
vt 0.047304 0.092953
vt 0.044341 0.087932
vt 0.042300 0.082318
vt 0.041260 0.076326
vt 0.041260 0.070187
vt 0.042300 0.064137
vt 0.044341 0.058409
vt 0.047304 0.053221
vt 0.051076 0.048775
vt 0.055510 0.045240
vt 0.060438 0.042753
vt 0.065668 0.041409
vt 0.436917 0.301667
vt 0.441984 0.301567
vt 0.441984 0.307392
vt 0.436917 0.307380
vt 0.196198 0.199508
vt 0.195566 0.205482
vt 0.194429 0.205482
vt 0.193967 0.199508
vt 0.432098 0.301944
vt 0.432098 0.307326
vt 0.196779 0.194006
vt 0.193540 0.194006
vt 0.427714 0.302388
vt 0.427714 0.307231
vt 0.197286 0.189187
vt 0.193163 0.189187
vt 0.062412 0.190238
vt 0.061992 0.186257
vt 0.066839 0.186257
vt 0.066534 0.190238
vt 0.456726 0.302335
vt 0.460857 0.302914
vt 0.460857 0.307033
vt 0.456726 0.307178
vt 0.062924 0.195082
vt 0.066163 0.195082
vt 0.452082 0.301907
vt 0.452082 0.307289
vt 0.063508 0.200604
vt 0.065740 0.200604
vt 0.447104 0.301648
vt 0.447104 0.307361
vt 0.064143 0.206590
vt 0.065281 0.206590
vt 0.194906 0.211699
vt 0.064804 0.212811
vt 0.067935 0.201073
vt 0.066400 0.206829
vt 0.447157 0.313032
vt 0.442037 0.313174
vt 0.193309 0.205721
vt 0.436969 0.313051
vt 0.191772 0.199976
vt 0.432148 0.312668
vt 0.190353 0.194686
vt 0.427759 0.312039
vt 0.189107 0.190054
vt 0.071609 0.187275
vt 0.070590 0.191104
vt 0.460895 0.311121
vt 0.456770 0.311986
vt 0.069350 0.195763
vt 0.452132 0.312631
vt 0.076117 0.189274
vt 0.074424 0.192803
vt 0.188082 0.186257
vt 0.185273 0.191753
vt 0.183574 0.188255
vt 0.072362 0.197098
vt 0.456858 0.316573
vt 0.452229 0.317728
vt 0.070010 0.201992
vt 0.447261 0.318444
vt 0.067457 0.207298
vt 0.442143 0.318691
vt 0.192252 0.206190
vt 0.437073 0.318462
vt 0.189697 0.200896
vt 0.432246 0.317765
vt 0.187341 0.196021
vt 0.427846 0.316627
vt 0.191296 0.206870
vt 0.068413 0.207979
vt 0.442296 0.323732
vt 0.437224 0.323406
vt 0.187822 0.202231
vt 0.432387 0.322422
vt 0.184619 0.197959
vt 0.427974 0.320818
vt 0.181809 0.194220
vt 0.080191 0.192174
vt 0.077888 0.195270
vt 0.179500 0.191156
vt 0.075084 0.199036
vt 0.456986 0.320764
vt 0.452371 0.322385
vt 0.071884 0.203327
vt 0.447411 0.323387
vt 0.178848 0.197359
vt 0.176018 0.194848
vt 0.080850 0.198410
vt 0.077411 0.201503
vt 0.316714 0.224311
vt 0.312219 0.222171
vt 0.312183 0.218203
vt 0.316674 0.219902
vt 0.073487 0.205027
vt 0.321603 0.225629
vt 0.321560 0.220949
vt 0.069230 0.208845
vt 0.326696 0.226075
vt 0.326653 0.221304
vt 0.190479 0.207737
vt 0.331800 0.225632
vt 0.331757 0.220952
vt 0.186220 0.203930
vt 0.336716 0.224316
vt 0.336676 0.219908
vt 0.182292 0.200426
vt 0.341257 0.222179
vt 0.341221 0.218211
vt 0.083673 0.195866
vt 0.326621 0.215826
vt 0.331725 0.215579
vt 0.189832 0.208755
vt 0.184951 0.205928
vt 0.336646 0.214847
vt 0.180450 0.203327
vt 0.341194 0.213656
vt 0.176503 0.201051
vt 0.086430 0.200207
vt 0.083195 0.202102
vt 0.173261 0.199189
vt 0.079253 0.204404
vt 0.312156 0.213649
vt 0.316645 0.214841
vt 0.074756 0.207025
vt 0.321529 0.215577
vt 0.069877 0.209863
vt 0.084833 0.206204
vt 0.080540 0.207627
vt 0.312140 0.208682
vt 0.316626 0.209323
vt 0.075643 0.209245
vt 0.321509 0.209718
vt 0.070329 0.210995
vt 0.326601 0.209852
vt 0.189380 0.209887
vt 0.331706 0.209721
vt 0.184064 0.208148
vt 0.336628 0.209328
vt 0.179163 0.206550
vt 0.341178 0.208690
vt 0.174864 0.205154
vt 0.345194 0.212054
vt 0.345180 0.207830
vt 0.308236 0.212044
vt 0.308222 0.207820
vt 0.189140 0.211089
vt 0.183594 0.210505
vt 0.331699 0.203601
vt 0.336622 0.203564
vt 0.178480 0.209972
vt 0.341172 0.203502
vt 0.173996 0.209509
vt 0.345176 0.203418
vt 0.308217 0.203408
vt 0.312134 0.203494
vt 0.085702 0.210559
vt 0.081223 0.211049
vt 0.316620 0.203558
vt 0.076113 0.211602
vt 0.321503 0.203598
vt 0.070569 0.212197
vt 0.326594 0.203613
vt 0.312140 0.198284
vt 0.316626 0.197770
vt 0.081274 0.214537
vt 0.076149 0.214005
vt 0.321509 0.197453
vt 0.070587 0.213422
vt 0.326601 0.197347
vt 0.189122 0.212314
vt 0.331706 0.197456
vt 0.183558 0.212908
vt 0.336628 0.197775
vt 0.178428 0.213461
vt 0.341178 0.198292
vt 0.173930 0.213949
vt 0.345180 0.198988
vt 0.308222 0.198978
vt 0.085768 0.214999
vt 0.331725 0.191521
vt 0.336646 0.192184
vt 0.183959 0.215265
vt 0.179010 0.216882
vt 0.341194 0.193261
vt 0.174670 0.218304
vt 0.345194 0.194709
vt 0.308236 0.194699
vt 0.312156 0.193253
vt 0.085028 0.219354
vt 0.080693 0.217959
vt 0.316645 0.192179
vt 0.075748 0.216361
vt 0.321529 0.191518
vt 0.070383 0.214623
vt 0.326621 0.191296
vt 0.189326 0.213515
vt 0.079501 0.221182
vt 0.074927 0.218582
vt 0.316674 0.187002
vt 0.321560 0.186022
vt 0.069965 0.215755
vt 0.326653 0.185692
vt 0.189745 0.214647
vt 0.331757 0.186025
vt 0.184780 0.217485
vt 0.336676 0.187007
vt 0.180202 0.220105
vt 0.341221 0.188601
vt 0.176187 0.222406
vt 0.088586 0.220494
vt 0.086802 0.225318
vt 0.083511 0.223457
vt 0.171105 0.219475
vt 0.172889 0.224299
vt 0.312183 0.188594
vt 0.336716 0.182442
vt 0.341257 0.184493
vt 0.181958 0.223006
vt 0.178422 0.226098
vt 0.084173 0.229659
vt 0.081276 0.227148
vt 0.175518 0.228640
vt 0.077745 0.224083
vt 0.312219 0.184485
vt 0.316714 0.182436
vt 0.073717 0.220580
vt 0.321603 0.181176
vt 0.069348 0.216774
vt 0.326696 0.180751
vt 0.190361 0.215666
vt 0.331800 0.181178
vt 0.185989 0.219483
vt 0.072165 0.222279
vt 0.068556 0.217640
vt 0.296577 0.367765
vt 0.291470 0.367319
vt 0.291586 0.363304
vt 0.296696 0.363671
vt 0.191153 0.216532
vt 0.326749 0.176662
vt 0.331851 0.177168
vt 0.187542 0.221183
vt 0.336765 0.178664
vt 0.184212 0.225473
vt 0.341301 0.181093
vt 0.181291 0.229238
vt 0.080800 0.233351
vt 0.078407 0.230288
vt 0.178891 0.232332
vt 0.075491 0.226550
vt 0.286538 0.366003
vt 0.281971 0.363865
vt 0.282069 0.360461
vt 0.286648 0.362220
vt 0.186876 0.227411
vt 0.184682 0.231705
vt 0.076813 0.236252
vt 0.075016 0.232755
vt 0.182879 0.235233
vt 0.072827 0.228488
vt 0.282147 0.356449
vt 0.286734 0.357762
vt 0.070330 0.223614
vt 0.291678 0.358571
vt 0.067621 0.218321
vt 0.296789 0.358845
vt 0.192089 0.217212
vt 0.301780 0.363306
vt 0.301872 0.358574
vt 0.189377 0.222518
vt 0.306643 0.362225
vt 0.306730 0.357767
vt 0.311099 0.360468
vt 0.311177 0.356456
vt 0.291741 0.353304
vt 0.296854 0.353475
vt 0.193132 0.217681
vt 0.066577 0.218789
vt 0.301935 0.353306
vt 0.191425 0.223437
vt 0.306789 0.352805
vt 0.189849 0.228746
vt 0.311230 0.351990
vt 0.188465 0.233404
vt 0.072364 0.238250
vt 0.071232 0.234454
vt 0.187327 0.237231
vt 0.069854 0.229823
vt 0.282201 0.351984
vt 0.286793 0.352800
vt 0.068282 0.224533
vt 0.067625 0.239268
vt 0.067202 0.235320
vt 0.278140 0.350885
vt 0.278163 0.346847
vt 0.282228 0.347236
vt 0.066687 0.230503
vt 0.286824 0.347525
vt 0.066101 0.225002
vt 0.291773 0.347704
vt 0.065465 0.219028
vt 0.296886 0.347765
vt 0.194244 0.217920
vt 0.301967 0.347706
vt 0.193606 0.223906
vt 0.306819 0.347530
vt 0.193016 0.229427
vt 0.311257 0.347242
vt 0.192496 0.234270
vt 0.195382 0.217920
vt 0.064328 0.219028
vt 0.296886 0.341935
vt 0.301967 0.341988
vt 0.195837 0.223906
vt 0.306819 0.342144
vt 0.196255 0.229427
vt 0.311257 0.342395
vt 0.196618 0.234270
vt 0.062777 0.239268
vt 0.063079 0.235320
vt 0.278163 0.342725
vt 0.282228 0.342389
vt 0.063448 0.230503
vt 0.286824 0.342139
vt 0.063870 0.225002
vt 0.291773 0.341986
vt 0.278140 0.338676
vt 0.282201 0.337628
vt 0.059023 0.234454
vt 0.060262 0.229823
vt 0.286793 0.336849
vt 0.061675 0.224533
vt 0.291741 0.336370
vt 0.063208 0.218789
vt 0.296854 0.336209
vt 0.196501 0.217681
vt 0.301935 0.336372
vt 0.198032 0.223437
vt 0.306789 0.336854
vt 0.199442 0.228746
vt 0.311230 0.337634
vt 0.200674 0.233404
vt 0.058008 0.238250
vt 0.296789 0.330808
vt 0.301872 0.331075
vt 0.197559 0.217212
vt 0.200107 0.222518
vt 0.306730 0.331863
vt 0.202454 0.227411
vt 0.311177 0.333143
vt 0.204508 0.231705
vt 0.053500 0.236252
vt 0.055189 0.232755
vt 0.201684 0.237231
vt 0.206192 0.235233
vt 0.057249 0.228488
vt 0.282147 0.333137
vt 0.286734 0.331859
vt 0.059600 0.223614
vt 0.291678 0.331073
vt 0.062151 0.218321
vt 0.051725 0.230288
vt 0.054527 0.226550
vt 0.282069 0.329088
vt 0.286648 0.327360
vt 0.057725 0.222279
vt 0.291586 0.326297
vt 0.061195 0.217640
vt 0.296696 0.325938
vt 0.198514 0.216532
vt 0.301780 0.326299
vt 0.201982 0.221183
vt 0.306643 0.327365
vt 0.205176 0.225473
vt 0.311099 0.329094
vt 0.207972 0.229238
vt 0.049426 0.233351
vt 0.210265 0.232332
vt 0.301664 0.322228
vt 0.306534 0.323530
vt 0.203585 0.219483
vt 0.207502 0.223006
vt 0.311000 0.325643
vt 0.210934 0.226098
vt 0.045944 0.229659
vt 0.048764 0.227148
vt 0.213748 0.228640
vt 0.052201 0.224083
vt 0.281971 0.325637
vt 0.286538 0.323525
vt 0.056122 0.220580
vt 0.291470 0.322226
vt 0.060378 0.216774
vt 0.296577 0.321788
vt 0.199331 0.215666
vt 0.050358 0.221182
vt 0.054853 0.218582
vt 0.182221 0.322230
vt 0.187142 0.323551
vt 0.187088 0.327897
vt 0.182163 0.326844
vt 0.059731 0.215755
vt 0.177116 0.321788
vt 0.177057 0.326492
vt 0.199978 0.214647
vt 0.172025 0.322241
vt 0.171967 0.326854
vt 0.204854 0.217485
vt 0.167142 0.323572
vt 0.167087 0.327918
vt 0.209345 0.220105
vt 0.162655 0.325730
vt 0.162606 0.329641
vt 0.213279 0.222406
vt 0.043186 0.225318
vt 0.046419 0.223456
vt 0.216505 0.224299
vt 0.191691 0.325700
vt 0.191642 0.329612
vt 0.205740 0.215265
vt 0.210632 0.216882
vt 0.167046 0.332924
vt 0.162569 0.334147
vt 0.214917 0.218304
vt 0.041260 0.220494
vt 0.044780 0.219354
vt 0.218431 0.219475
vt 0.049071 0.217959
vt 0.191605 0.334117
vt 0.187047 0.332904
vt 0.053966 0.216361
vt 0.182120 0.332158
vt 0.059279 0.214623
vt 0.177013 0.331910
vt 0.200430 0.213515
vt 0.171924 0.332169
vt 0.187022 0.338378
vt 0.182093 0.337970
vt 0.053496 0.214005
vt 0.059039 0.213422
vt 0.176986 0.337836
vt 0.200670 0.212314
vt 0.171897 0.337980
vt 0.206211 0.212908
vt 0.167021 0.338398
vt 0.211315 0.213461
vt 0.162547 0.339074
vt 0.215786 0.213949
vt 0.158664 0.335790
vt 0.158645 0.339980
vt 0.195620 0.335752
vt 0.195601 0.339942
vt 0.191583 0.339044
vt 0.043912 0.214999
vt 0.048388 0.214537
vt 0.167013 0.344130
vt 0.162539 0.344232
vt 0.211366 0.209972
vt 0.215852 0.209509
vt 0.158638 0.344367
vt 0.195594 0.344329
vt 0.191575 0.344202
vt 0.043846 0.210559
vt 0.048337 0.211049
vt 0.187013 0.344110
vt 0.053461 0.211602
vt 0.182084 0.344055
vt 0.059021 0.212197
vt 0.176977 0.344040
vt 0.200688 0.211089
vt 0.171888 0.344065
vt 0.206246 0.210505
vt 0.053861 0.209245
vt 0.059225 0.210995
vt 0.182093 0.350180
vt 0.176986 0.350285
vt 0.200484 0.209887
vt 0.171897 0.350190
vt 0.205846 0.208148
vt 0.167021 0.349900
vt 0.210785 0.206550
vt 0.162547 0.349425
vt 0.215112 0.205154
vt 0.158645 0.348783
vt 0.195601 0.348745
vt 0.191583 0.349395
vt 0.044586 0.206204
vt 0.048918 0.207627
vt 0.187022 0.349879
vt 0.209593 0.203327
vt 0.213595 0.201051
vt 0.162569 0.354451
vt 0.158664 0.353058
vt 0.195620 0.353020
vt 0.191605 0.354421
vt 0.046102 0.202102
vt 0.050110 0.204404
vt 0.187047 0.355464
vt 0.054682 0.207025
vt 0.182120 0.356109
vt 0.059644 0.209863
vt 0.177013 0.356330
vt 0.200066 0.208755
vt 0.171924 0.356119
vt 0.205025 0.205928
vt 0.167046 0.355485
vt 0.182163 0.361614
vt 0.177057 0.361943
vt 0.199449 0.207737
vt 0.060260 0.208845
vt 0.171967 0.361625
vt 0.203815 0.203930
vt 0.167087 0.360671
vt 0.207837 0.200426
vt 0.162606 0.359118
vt 0.211359 0.197359
vt 0.042814 0.200207
vt 0.045443 0.195866
vt 0.048338 0.198410
vt 0.216877 0.199189
vt 0.214248 0.194848
vt 0.051866 0.201503
vt 0.191642 0.359088
vt 0.187088 0.360650
vt 0.055892 0.205027
vt 0.048816 0.192174
vt 0.051207 0.195270
vt 0.208491 0.194220
vt 0.210875 0.191156
vt 0.054120 0.199036
vt 0.191691 0.363217
vt 0.187142 0.365238
vt 0.057444 0.203327
vt 0.182221 0.366485
vt 0.061052 0.207979
vt 0.177116 0.366909
vt 0.198657 0.206870
vt 0.172025 0.366495
vt 0.202262 0.202231
vt 0.167142 0.365259
vt 0.205583 0.197959
vt 0.162655 0.363247
vt 0.061987 0.207298
vt 0.437224 0.286430
vt 0.442296 0.286031
vt 0.442143 0.290677
vt 0.437073 0.290987
vt 0.197722 0.206190
vt 0.200427 0.200896
vt 0.432387 0.287591
vt 0.432246 0.291883
vt 0.202918 0.196021
vt 0.427974 0.289471
vt 0.427846 0.293334
vt 0.205100 0.191753
vt 0.052804 0.189274
vt 0.054598 0.192803
vt 0.206887 0.188255
vt 0.056784 0.197098
vt 0.452371 0.287554
vt 0.456986 0.289417
vt 0.456858 0.293280
vt 0.452229 0.291847
vt 0.059280 0.201992
vt 0.447411 0.286411
vt 0.447261 0.290968
vt 0.058381 0.191104
vt 0.059757 0.195763
vt 0.456770 0.297642
vt 0.452132 0.296693
vt 0.061327 0.201073
vt 0.447157 0.296113
vt 0.063031 0.206829
vt 0.442037 0.295923
vt 0.196678 0.205721
vt 0.436969 0.296131
vt 0.198380 0.199976
vt 0.432148 0.296730
vt 0.199946 0.194686
vt 0.427759 0.297695
vt 0.201316 0.190054
vt 0.057253 0.187275
vt 0.202438 0.186257
vt 0.460895 0.298923
vt 0.558860 0.157003
vt 0.558328 0.159916
vt 0.557773 0.159874
vt 0.557772 0.156922
vt 0.719588 0.809454
vt 0.717289 0.809580
vt 0.717302 0.806784
vt 0.719600 0.806821
vt 0.559349 0.154321
vt 0.557769 0.154203
vt 0.721679 0.809245
vt 0.721690 0.806875
vt 0.559777 0.151973
vt 0.557765 0.151822
vt 0.557724 0.043232
vt 0.557726 0.041260
vt 0.560084 0.041512
vt 0.559730 0.043447
vt 0.707833 0.809206
vt 0.705861 0.808911
vt 0.705870 0.806895
vt 0.707844 0.806836
vt 0.557723 0.045632
vt 0.559299 0.045801
vt 0.710051 0.809427
vt 0.710063 0.806793
vt 0.557722 0.048368
vt 0.558807 0.048484
vt 0.712427 0.809566
vt 0.712440 0.806770
vt 0.557721 0.051334
vt 0.558275 0.051393
vt 0.714871 0.809617
vt 0.714884 0.806767
vt 0.557774 0.162946
vt 0.557721 0.054417
vt 0.712427 0.803995
vt 0.714871 0.803937
vt 0.557218 0.159951
vt 0.558807 0.051569
vt 0.717289 0.804009
vt 0.556683 0.157073
vt 0.719588 0.804206
vt 0.556188 0.154422
vt 0.721679 0.804522
vt 0.555754 0.152100
vt 0.562352 0.042260
vt 0.561659 0.044082
vt 0.705861 0.804894
vt 0.707833 0.804483
vt 0.560814 0.046300
vt 0.710051 0.804179
vt 0.559851 0.048828
vt 0.564442 0.043473
vt 0.563436 0.045114
vt 0.555396 0.150197
vt 0.553819 0.152795
vt 0.553121 0.151015
vt 0.562211 0.047111
vt 0.707801 0.802236
vt 0.710014 0.801683
vt 0.560813 0.049387
vt 0.712388 0.801345
vt 0.559297 0.051853
vt 0.714832 0.801236
vt 0.556684 0.160143
vt 0.717250 0.801359
vt 0.555636 0.157449
vt 0.719551 0.801710
vt 0.554669 0.154968
vt 0.721647 0.802276
vt 0.559727 0.052237
vt 0.714767 0.798767
vt 0.717187 0.798938
vt 0.556193 0.160442
vt 0.554671 0.158036
vt 0.719492 0.799430
vt 0.553268 0.155821
vt 0.721593 0.800224
vt 0.552037 0.153881
vt 0.566274 0.045107
vt 0.564994 0.046504
vt 0.551025 0.152292
vt 0.563435 0.048203
vt 0.707747 0.800184
vt 0.709955 0.799402
vt 0.561656 0.050138
vt 0.712325 0.798924
vt 0.566272 0.048196
vt 0.564439 0.049532
vt 0.345398 0.706007
vt 0.343253 0.704952
vt 0.343236 0.702997
vt 0.345379 0.703834
vt 0.562348 0.051054
vt 0.347731 0.706656
vt 0.347710 0.704350
vt 0.560080 0.052704
vt 0.350162 0.706876
vt 0.350141 0.704524
vt 0.555762 0.160838
vt 0.352598 0.706658
vt 0.352577 0.704351
vt 0.553826 0.158813
vt 0.354944 0.706009
vt 0.354925 0.703837
vt 0.552040 0.156948
vt 0.357112 0.704956
vt 0.357094 0.703001
vt 0.550474 0.155316
vt 0.567777 0.047097
vt 0.549188 0.153979
vt 0.555408 0.161315
vt 0.553132 0.159748
vt 0.352561 0.701704
vt 0.354910 0.701343
vt 0.551033 0.158306
vt 0.357081 0.700756
vt 0.549192 0.157044
vt 0.568895 0.049368
vt 0.567222 0.050127
vt 0.547680 0.156011
vt 0.565186 0.051050
vt 0.343222 0.700753
vt 0.345364 0.701340
vt 0.562862 0.052100
vt 0.347695 0.701702
vt 0.560342 0.053236
vt 0.350125 0.701825
vt 0.343214 0.698305
vt 0.345355 0.698621
vt 0.565645 0.052696
vt 0.563179 0.053233
vt 0.347685 0.698815
vt 0.560503 0.053815
vt 0.350115 0.698882
vt 0.555145 0.161854
vt 0.352552 0.698817
vt 0.552616 0.160807
vt 0.354901 0.698623
vt 0.550284 0.159843
vt 0.357073 0.698309
vt 0.548239 0.159000
vt 0.358990 0.699967
vt 0.358984 0.697886
vt 0.546560 0.158311
vt 0.567807 0.052223
vt 0.352549 0.695801
vt 0.354898 0.695783
vt 0.552299 0.161947
vt 0.549823 0.161499
vt 0.357070 0.695753
vt 0.547653 0.161108
vt 0.358981 0.695712
vt 0.341345 0.697881
vt 0.341343 0.695707
vt 0.343212 0.695749
vt 0.568005 0.054402
vt 0.565801 0.054408
vt 0.345352 0.695780
vt 0.563286 0.054413
vt 0.347682 0.695800
vt 0.560558 0.054416
vt 0.350112 0.695807
vt 0.554983 0.162436
vt 0.565645 0.056120
vt 0.563179 0.055592
vt 0.345355 0.692928
vt 0.347685 0.692772
vt 0.560503 0.055017
vt 0.350115 0.692720
vt 0.554928 0.163037
vt 0.352552 0.692773
vt 0.552191 0.163127
vt 0.354901 0.692931
vt 0.549668 0.163211
vt 0.357073 0.693186
vt 0.547454 0.163287
vt 0.358984 0.693529
vt 0.341345 0.693524
vt 0.343214 0.693182
vt 0.567807 0.056581
vt 0.552299 0.164299
vt 0.549823 0.164913
vt 0.354910 0.690176
vt 0.357081 0.690707
vt 0.547653 0.165453
vt 0.358990 0.691420
vt 0.545637 0.163352
vt 0.545870 0.165899
vt 0.567222 0.058676
vt 0.565186 0.057766
vt 0.343222 0.690703
vt 0.345364 0.690174
vt 0.562862 0.056726
vt 0.347695 0.689848
vt 0.560342 0.055595
vt 0.350125 0.689738
vt 0.554983 0.163635
vt 0.352561 0.689849
vt 0.345379 0.687623
vt 0.347710 0.687140
vt 0.562348 0.057771
vt 0.560080 0.056128
vt 0.350141 0.686977
vt 0.555145 0.164206
vt 0.352577 0.687141
vt 0.552616 0.165420
vt 0.354925 0.687625
vt 0.550284 0.166540
vt 0.357094 0.688411
vt 0.548239 0.167524
vt 0.568895 0.059420
vt 0.567777 0.061691
vt 0.566272 0.060607
vt 0.546560 0.168334
vt 0.564439 0.059284
vt 0.343236 0.688407
vt 0.354944 0.685376
vt 0.357112 0.686387
vt 0.551033 0.168029
vt 0.549192 0.169419
vt 0.566274 0.063681
vt 0.564994 0.062300
vt 0.547680 0.170562
vt 0.563435 0.060613
vt 0.343253 0.686383
vt 0.345398 0.685373
vt 0.561656 0.058687
vt 0.347731 0.684752
vt 0.559727 0.056595
vt 0.350162 0.684543
vt 0.555408 0.164729
vt 0.352598 0.684753
vt 0.553132 0.166445
vt 0.560813 0.059439
vt 0.559297 0.056978
vt 0.139794 0.821264
vt 0.137356 0.821046
vt 0.137413 0.819083
vt 0.139852 0.819262
vt 0.555762 0.165183
vt 0.350188 0.682528
vt 0.352623 0.682777
vt 0.553826 0.167337
vt 0.354968 0.683515
vt 0.552040 0.169323
vt 0.357133 0.684712
vt 0.550474 0.171066
vt 0.564442 0.065314
vt 0.563436 0.063689
vt 0.549188 0.172499
vt 0.562211 0.061705
vt 0.135002 0.820401
vt 0.132821 0.819355
vt 0.132870 0.817690
vt 0.135056 0.818552
vt 0.562352 0.066528
vt 0.561659 0.064721
vt 0.552037 0.172402
vt 0.551025 0.174069
vt 0.560814 0.062516
vt 0.132908 0.815728
vt 0.135098 0.816372
vt 0.559851 0.059998
vt 0.137459 0.816768
vt 0.558807 0.057263
vt 0.139898 0.816902
vt 0.556193 0.165552
vt 0.142278 0.819084
vt 0.142324 0.816769
vt 0.554671 0.168059
vt 0.144599 0.818554
vt 0.144641 0.816374
vt 0.553268 0.170372
vt 0.146724 0.817694
vt 0.146763 0.815732
vt 0.556684 0.165820
vt 0.558275 0.057438
vt 0.139930 0.814275
vt 0.142355 0.814193
vt 0.555636 0.168586
vt 0.144671 0.813947
vt 0.554669 0.171136
vt 0.146789 0.813547
vt 0.553819 0.173374
vt 0.560084 0.067275
vt 0.559730 0.065357
vt 0.553121 0.175213
vt 0.559299 0.063015
vt 0.132935 0.813544
vt 0.135128 0.813945
vt 0.558807 0.060342
vt 0.137490 0.814192
vt 0.555754 0.173946
vt 0.555396 0.175886
vt 0.557724 0.065571
vt 0.557723 0.063184
vt 0.132948 0.811221
vt 0.135143 0.811364
vt 0.557722 0.060458
vt 0.137506 0.811452
vt 0.557721 0.057497
vt 0.139946 0.811482
vt 0.557218 0.165978
vt 0.142371 0.811453
vt 0.556683 0.168896
vt 0.144686 0.811366
vt 0.556188 0.171586
vt 0.146802 0.811225
vt 0.557726 0.067528
vt 0.139946 0.808629
vt 0.142371 0.808655
vt 0.557773 0.166020
vt 0.557772 0.168977
vt 0.144686 0.808731
vt 0.557769 0.171704
vt 0.146802 0.808853
vt 0.557765 0.174097
vt 0.555367 0.067275
vt 0.555718 0.065356
vt 0.557761 0.176062
vt 0.556147 0.063015
vt 0.132948 0.808849
vt 0.135143 0.808728
vt 0.556637 0.060342
vt 0.137506 0.808654
vt 0.557168 0.057438
vt 0.553790 0.064721
vt 0.554632 0.062516
vt 0.132935 0.806520
vt 0.135128 0.806140
vt 0.555593 0.059998
vt 0.137490 0.805906
vt 0.556636 0.057263
vt 0.139930 0.805827
vt 0.558328 0.165943
vt 0.142355 0.805907
vt 0.558860 0.168826
vt 0.144671 0.806142
vt 0.559349 0.171486
vt 0.146789 0.806523
vt 0.559777 0.173819
vt 0.553100 0.066528
vt 0.560126 0.175735
vt 0.558862 0.165751
vt 0.559907 0.168450
vt 0.142324 0.803314
vt 0.144641 0.803699
vt 0.560869 0.170940
vt 0.146763 0.804325
vt 0.561711 0.173123
vt 0.551009 0.065314
vt 0.552012 0.063689
vt 0.562401 0.174918
vt 0.553235 0.061705
vt 0.132908 0.804321
vt 0.135098 0.803697
vt 0.554631 0.059439
vt 0.137459 0.803313
vt 0.556146 0.056978
vt 0.139898 0.803184
vt 0.132870 0.802339
vt 0.135056 0.801495
vt 0.552011 0.060613
vt 0.553788 0.058687
vt 0.137413 0.800975
vt 0.555716 0.056595
vt 0.139852 0.800800
vt 0.559354 0.165452
vt 0.142278 0.800976
vt 0.560872 0.167863
vt 0.144599 0.801497
vt 0.562270 0.170086
vt 0.146724 0.802343
vt 0.563494 0.172038
vt 0.549178 0.063681
vt 0.550455 0.062300
vt 0.564497 0.173641
vt 0.142221 0.798983
vt 0.144545 0.799619
vt 0.561717 0.167086
vt 0.563497 0.168959
vt 0.146676 0.800653
vt 0.565056 0.170603
vt 0.547674 0.061691
vt 0.549176 0.060607
vt 0.566334 0.171954
vt 0.551007 0.059284
vt 0.132821 0.800649
vt 0.135002 0.799617
vt 0.553096 0.057771
vt 0.137356 0.798981
vt 0.555363 0.056128
vt 0.559785 0.165056
vt 0.139794 0.798767
vt 0.550260 0.057766
vt 0.552582 0.056726
vt 0.767590 0.150538
vt 0.769938 0.151188
vt 0.769912 0.153332
vt 0.767561 0.152814
vt 0.555101 0.055595
vt 0.765153 0.150320
vt 0.765124 0.152641
vt 0.560138 0.164579
vt 0.762723 0.150543
vt 0.762695 0.152819
vt 0.562411 0.166151
vt 0.760393 0.151198
vt 0.760366 0.153342
vt 0.564505 0.167601
vt 0.758252 0.152260
vt 0.758228 0.154189
vt 0.566338 0.168875
vt 0.546557 0.059420
vt 0.548226 0.058676
vt 0.567842 0.169922
vt 0.772110 0.152245
vt 0.772086 0.154174
vt 0.562927 0.165092
vt 0.565253 0.166065
vt 0.760347 0.155810
vt 0.758210 0.156410
vt 0.567291 0.166919
vt 0.545869 0.056956
vt 0.547641 0.056581
vt 0.568962 0.167622
vt 0.549801 0.056120
vt 0.772068 0.156395
vt 0.769892 0.155800
vt 0.552265 0.055592
vt 0.767540 0.155434
vt 0.554939 0.055017
vt 0.765103 0.155312
vt 0.560401 0.164039
vt 0.762674 0.155439
vt 0.769880 0.158498
vt 0.767527 0.158298
vt 0.552158 0.054413
vt 0.554885 0.054416
vt 0.765089 0.158232
vt 0.560563 0.163458
vt 0.762661 0.158303
vt 0.563244 0.163952
vt 0.760334 0.158508
vt 0.565714 0.164409
vt 0.758199 0.158838
vt 0.567878 0.164811
vt 0.545637 0.054394
vt 0.547443 0.054402
vt 0.773985 0.157198
vt 0.773975 0.159263
vt 0.772057 0.158823
vt 0.549645 0.054408
vt 0.760330 0.161332
vt 0.758196 0.161379
vt 0.565870 0.162696
vt 0.568076 0.162632
vt 0.756338 0.159282
vt 0.756335 0.161443
vt 0.773972 0.161424
vt 0.772053 0.161365
vt 0.547641 0.052222
vt 0.549801 0.052696
vt 0.769875 0.161322
vt 0.552265 0.053233
vt 0.767523 0.161296
vt 0.554939 0.053815
vt 0.765085 0.161289
vt 0.560618 0.162857
vt 0.762656 0.161301
vt 0.563352 0.162772
vt 0.552582 0.052099
vt 0.555101 0.053236
vt 0.767527 0.164312
vt 0.765089 0.164365
vt 0.560563 0.162259
vt 0.762661 0.164317
vt 0.563244 0.161600
vt 0.760334 0.164173
vt 0.565714 0.160994
vt 0.758199 0.163937
vt 0.567878 0.160466
vt 0.756338 0.163618
vt 0.773975 0.163599
vt 0.772057 0.163922
vt 0.548226 0.050127
vt 0.550260 0.051050
vt 0.769880 0.164163
vt 0.565253 0.159367
vt 0.567291 0.158395
vt 0.546557 0.049368
vt 0.547674 0.047097
vt 0.549176 0.048196
vt 0.773985 0.165704
vt 0.772068 0.166397
vt 0.551007 0.049532
vt 0.769892 0.166913
vt 0.553096 0.051054
vt 0.767540 0.167232
vt 0.555363 0.052704
vt 0.765103 0.167341
vt 0.560401 0.161688
vt 0.762674 0.167237
vt 0.562927 0.160479
vt 0.760347 0.166923
vt 0.758210 0.166411
vt 0.767561 0.169941
vt 0.765124 0.170104
vt 0.560138 0.161165
vt 0.555716 0.052237
vt 0.762695 0.169946
vt 0.562411 0.159454
vt 0.760366 0.169475
vt 0.564505 0.157878
vt 0.758228 0.168709
vt 0.566338 0.156500
vt 0.549178 0.045107
vt 0.550455 0.046503
vt 0.568962 0.157599
vt 0.567842 0.155371
vt 0.552011 0.048203
vt 0.772086 0.168694
vt 0.769912 0.169465
vt 0.553788 0.050138
vt 0.551009 0.043473
vt 0.552012 0.045114
vt 0.565056 0.154853
vt 0.566334 0.153434
vt 0.553235 0.047111
vt 0.772110 0.170725
vt 0.769938 0.171722
vt 0.554631 0.049387
vt 0.767590 0.172337
vt 0.556146 0.051853
vt 0.765153 0.172547
vt 0.559785 0.160710
vt 0.762723 0.172342
vt 0.561717 0.158562
vt 0.760393 0.171732
vt 0.563497 0.156584
vt 0.758252 0.170740
vt 0.556636 0.051569
vt 0.717103 0.817031
vt 0.714681 0.817215
vt 0.714767 0.814944
vt 0.717187 0.814804
vt 0.559354 0.160342
vt 0.560872 0.157839
vt 0.719413 0.816473
vt 0.719492 0.814375
vt 0.562270 0.155535
vt 0.721522 0.815562
vt 0.721593 0.813674
vt 0.563494 0.153517
vt 0.553100 0.042259
vt 0.553790 0.044082
vt 0.564497 0.151864
vt 0.554632 0.046300
vt 0.709875 0.816446
vt 0.707676 0.815522
vt 0.707747 0.813634
vt 0.709955 0.814347
vt 0.555593 0.048828
vt 0.712241 0.817017
vt 0.712325 0.814790
vt 0.555719 0.043447
vt 0.556147 0.045801
vt 0.707801 0.811501
vt 0.710014 0.811977
vt 0.556637 0.048484
vt 0.712388 0.812274
vt 0.557168 0.051393
vt 0.714832 0.812378
vt 0.558862 0.160073
vt 0.717250 0.812288
vt 0.559907 0.157313
vt 0.719551 0.812005
vt 0.560869 0.154771
vt 0.721647 0.811541
vt 0.561711 0.152545
vt 0.555367 0.041512
vt 0.562401 0.150720
vt 0.560126 0.150047
vt 0.763837 0.488170
vt 0.763885 0.485503
vt 0.766635 0.485515
vt 0.766641 0.488182
vt 0.249158 0.690103
vt 0.248709 0.692932
vt 0.248611 0.690072
vt 0.662855 0.483889
vt 0.662568 0.481037
vt 0.663115 0.481037
vt 0.763872 0.490813
vt 0.766622 0.490825
vt 0.249588 0.687385
vt 0.248516 0.687324
vt 0.763989 0.493330
vt 0.766580 0.493342
vt 0.249984 0.684883
vt 0.248427 0.684794
vt 0.764184 0.495625
vt 0.766515 0.495635
vt 0.250329 0.682691
vt 0.248348 0.682578
vt 0.764448 0.497609
vt 0.766430 0.497618
vt 0.764219 0.480502
vt 0.764493 0.478361
vt 0.766476 0.478369
vt 0.766551 0.480512
vt 0.662036 0.475762
vt 0.661813 0.473540
vt 0.663798 0.473540
vt 0.663596 0.475762
vt 0.764014 0.482913
vt 0.766604 0.482925
vt 0.662291 0.478293
vt 0.663365 0.478293
vt 0.665127 0.476074
vt 0.664420 0.478508
vt 0.769172 0.482913
vt 0.769361 0.485503
vt 0.663653 0.481147
vt 0.769420 0.488170
vt 0.248068 0.690151
vt 0.769348 0.490813
vt 0.247451 0.687479
vt 0.769148 0.493330
vt 0.246881 0.685018
vt 0.768826 0.495625
vt 0.246379 0.682864
vt 0.768396 0.497609
vt 0.768441 0.478361
vt 0.768862 0.480502
vt 0.665747 0.473937
vt 0.771594 0.493297
vt 0.771028 0.495594
vt 0.245404 0.685547
vt 0.244500 0.683537
vt 0.770268 0.497583
vt 0.770314 0.478335
vt 0.771063 0.480471
vt 0.667585 0.474716
vt 0.666571 0.476685
vt 0.771619 0.482879
vt 0.665414 0.478929
vt 0.771958 0.485467
vt 0.664160 0.481361
vt 0.772068 0.488133
vt 0.247550 0.690337
vt 0.771945 0.490777
vt 0.246434 0.687843
vt 0.666311 0.479541
vt 0.664617 0.481673
vt 0.774326 0.485408
vt 0.774483 0.488074
vt 0.247076 0.690622
vt 0.774314 0.490719
vt 0.245504 0.688403
vt 0.773825 0.493241
vt 0.244055 0.686360
vt 0.773035 0.495545
vt 0.242783 0.684572
vt 0.668417 0.473097
vt 0.670364 0.474427
vt 0.669241 0.475847
vt 0.772021 0.478292
vt 0.773071 0.480422
vt 0.667872 0.477574
vt 0.773849 0.482824
vt 0.242884 0.687426
vt 0.241293 0.685928
vt 0.672023 0.476119
vt 0.670651 0.477286
vt 0.241738 0.683107
vt 0.239985 0.684702
vt 0.668980 0.478704
vt 0.547749 0.702481
vt 0.545405 0.701500
vt 0.545388 0.699684
vt 0.547730 0.700464
vt 0.667074 0.480320
vt 0.550298 0.703086
vt 0.550278 0.700944
vt 0.665006 0.482070
vt 0.552954 0.703291
vt 0.552933 0.701107
vt 0.246665 0.690996
vt 0.555614 0.703087
vt 0.555593 0.700945
vt 0.244698 0.689137
vt 0.558176 0.702484
vt 0.558156 0.700466
vt 0.560542 0.701504
vt 0.560525 0.699688
vt 0.550262 0.698484
vt 0.552917 0.698599
vt 0.246332 0.691445
vt 0.665313 0.482537
vt 0.555578 0.698486
vt 0.244045 0.690017
vt 0.558142 0.698150
vt 0.241937 0.688704
vt 0.560512 0.697603
vt 0.240087 0.687555
vt 0.562606 0.698640
vt 0.562595 0.696867
vt 0.543341 0.698635
vt 0.543330 0.696862
vt 0.545375 0.697599
vt 0.671763 0.478978
vt 0.669853 0.480034
vt 0.547716 0.698147
vt 0.667675 0.481236
vt 0.560504 0.695328
vt 0.562589 0.694933
vt 0.543323 0.694928
vt 0.545367 0.695324
vt 0.672532 0.480858
vt 0.670458 0.481511
vt 0.547707 0.695619
vt 0.668092 0.482253
vt 0.550253 0.695801
vt 0.665525 0.483056
vt 0.552908 0.695863
vt 0.246091 0.691951
vt 0.555568 0.695803
vt 0.243572 0.691010
vt 0.558133 0.695622
vt 0.241250 0.690144
vt 0.239213 0.689388
vt 0.245950 0.692494
vt 0.665634 0.483607
vt 0.552904 0.693006
vt 0.555565 0.693000
vt 0.243296 0.692076
vt 0.558130 0.692982
vt 0.240849 0.691692
vt 0.560501 0.692952
vt 0.238703 0.691358
vt 0.562586 0.692912
vt 0.543321 0.692907
vt 0.545364 0.692948
vt 0.672929 0.482854
vt 0.670770 0.483079
vt 0.547704 0.692979
vt 0.668307 0.483334
vt 0.550250 0.692999
vt 0.543323 0.690877
vt 0.545367 0.690561
vt 0.672939 0.484889
vt 0.670778 0.484678
vt 0.547707 0.690327
vt 0.668312 0.484435
vt 0.550253 0.690183
vt 0.665637 0.484168
vt 0.552908 0.690135
vt 0.245915 0.693055
vt 0.555568 0.690185
vt 0.243228 0.693175
vt 0.558133 0.690330
vt 0.240750 0.693288
vt 0.560504 0.690565
vt 0.238577 0.693389
vt 0.562589 0.690882
vt 0.552917 0.687362
vt 0.555578 0.687465
vt 0.245988 0.693611
vt 0.243370 0.694265
vt 0.558142 0.687768
vt 0.240957 0.694871
vt 0.560512 0.688260
vt 0.238840 0.695404
vt 0.562595 0.688921
vt 0.543330 0.688916
vt 0.545375 0.688256
vt 0.672562 0.486885
vt 0.670481 0.486247
vt 0.547716 0.687765
vt 0.668108 0.485515
vt 0.550262 0.687464
vt 0.665533 0.484719
vt 0.671811 0.488766
vt 0.669892 0.487724
vt 0.545388 0.686120
vt 0.547730 0.685392
vt 0.667702 0.486533
vt 0.550278 0.684944
vt 0.665326 0.485238
vt 0.552933 0.684794
vt 0.246165 0.694140
vt 0.555593 0.684946
vt 0.243718 0.695304
vt 0.558156 0.685395
vt 0.241461 0.696379
vt 0.560525 0.686124
vt 0.239482 0.697323
vt 0.562606 0.687105
vt 0.543341 0.687100
vt 0.555614 0.682724
vt 0.558176 0.683302
vt 0.244257 0.696252
vt 0.242244 0.697755
vt 0.560542 0.684240
vt 0.240479 0.699075
vt 0.673387 0.489618
vt 0.672100 0.491607
vt 0.670717 0.490458
vt 0.237857 0.698101
vt 0.239028 0.700161
vt 0.669032 0.489053
vt 0.545405 0.684236
vt 0.547749 0.683299
vt 0.667110 0.487448
vt 0.550298 0.682722
vt 0.665024 0.485705
vt 0.552954 0.682528
vt 0.246440 0.694623
vt 0.667935 0.490184
vt 0.666354 0.488227
vt 0.448482 0.704453
vt 0.445913 0.703822
vt 0.445964 0.701991
vt 0.448536 0.702510
vt 0.664639 0.486102
vt 0.451144 0.704666
vt 0.451199 0.702685
vt 0.246802 0.695042
vt 0.453796 0.704454
vt 0.453850 0.702510
vt 0.244968 0.697073
vt 0.456337 0.703823
vt 0.456387 0.701992
vt 0.243275 0.698947
vt 0.458668 0.702799
vt 0.458714 0.701151
vt 0.241791 0.700591
vt 0.670458 0.493299
vt 0.669320 0.491897
vt 0.240571 0.701943
vt 0.443536 0.702798
vt 0.443581 0.701150
vt 0.245821 0.697734
vt 0.244515 0.699907
vt 0.456427 0.699838
vt 0.458749 0.699213
vt 0.243369 0.701813
vt 0.668524 0.494629
vt 0.667676 0.493027
vt 0.242427 0.703381
vt 0.666642 0.491072
vt 0.443617 0.699212
vt 0.446003 0.699838
vt 0.665464 0.488839
vt 0.448578 0.700223
vt 0.664185 0.486414
vt 0.451241 0.700354
vt 0.247238 0.695379
vt 0.453892 0.700224
vt 0.446031 0.697443
vt 0.448607 0.697681
vt 0.664473 0.489261
vt 0.663680 0.486628
vt 0.451271 0.697762
vt 0.247729 0.695622
vt 0.453921 0.697682
vt 0.246786 0.698211
vt 0.456454 0.697444
vt 0.245916 0.700600
vt 0.458774 0.697058
vt 0.245152 0.702695
vt 0.460770 0.698371
vt 0.460791 0.696538
vt 0.441510 0.698369
vt 0.441531 0.696537
vt 0.443641 0.697057
vt 0.665846 0.493806
vt 0.665205 0.491684
vt 0.456468 0.694901
vt 0.458786 0.694770
vt 0.247424 0.700998
vt 0.247071 0.703202
vt 0.460801 0.694592
vt 0.441541 0.694591
vt 0.443654 0.694768
vt 0.663901 0.494203
vt 0.663677 0.491996
vt 0.446044 0.694901
vt 0.663421 0.489476
vt 0.448622 0.694982
vt 0.663144 0.486738
vt 0.451286 0.695010
vt 0.248259 0.695762
vt 0.453935 0.694982
vt 0.247825 0.698486
vt 0.662346 0.489476
vt 0.662596 0.486738
vt 0.448622 0.692229
vt 0.451286 0.692203
vt 0.248806 0.695793
vt 0.453935 0.692229
vt 0.248897 0.698547
vt 0.456468 0.692308
vt 0.248981 0.701086
vt 0.458786 0.692436
vt 0.249053 0.703315
vt 0.460801 0.692607
vt 0.441541 0.692606
vt 0.443654 0.692434
vt 0.661916 0.494203
vt 0.662117 0.491996
vt 0.446044 0.692307
vt 0.250527 0.700862
vt 0.251021 0.703029
vt 0.458774 0.690146
vt 0.460791 0.690660
vt 0.441531 0.690658
vt 0.443641 0.690144
vt 0.659967 0.493806
vt 0.660586 0.491684
vt 0.446031 0.689763
vt 0.661292 0.489261
vt 0.448607 0.689528
vt 0.662058 0.486628
vt 0.451271 0.689448
vt 0.249349 0.695714
vt 0.453921 0.689528
vt 0.249963 0.698392
vt 0.456454 0.689763
vt 0.448578 0.686982
vt 0.451241 0.686853
vt 0.249867 0.695529
vt 0.661551 0.486414
vt 0.453892 0.686983
vt 0.250980 0.698028
vt 0.456427 0.687366
vt 0.252004 0.700333
vt 0.458749 0.687988
vt 0.252900 0.702356
vt 0.460770 0.688825
vt 0.441510 0.688823
vt 0.443617 0.687986
vt 0.658129 0.493027
vt 0.659142 0.491072
vt 0.446003 0.687365
vt 0.660297 0.488839
vt 0.657299 0.494629
vt 0.655351 0.493299
vt 0.656473 0.491897
vt 0.253634 0.704019
vt 0.254617 0.701321
vt 0.255654 0.702802
vt 0.657841 0.490184
vt 0.443581 0.686043
vt 0.445964 0.685206
vt 0.659401 0.488227
vt 0.448536 0.684690
vt 0.661094 0.486102
vt 0.451199 0.684516
vt 0.250341 0.695243
vt 0.453850 0.684691
vt 0.251909 0.697468
vt 0.456387 0.685207
vt 0.253353 0.699520
vt 0.458714 0.686045
vt 0.660705 0.485705
vt 0.451144 0.682528
vt 0.453796 0.682741
vt 0.250752 0.694869
vt 0.252716 0.696734
vt 0.456337 0.683370
vt 0.254524 0.698454
vt 0.458668 0.684391
vt 0.256108 0.699965
vt 0.653693 0.491607
vt 0.655063 0.490458
vt 0.257406 0.701207
vt 0.656732 0.489053
vt 0.443536 0.684390
vt 0.445913 0.683369
vt 0.658638 0.487448
vt 0.448482 0.682740
vt 0.653951 0.488766
vt 0.655859 0.487724
vt 0.659983 0.683347
vt 0.662353 0.684345
vt 0.662330 0.686123
vt 0.659957 0.685323
vt 0.658036 0.486533
vt 0.657419 0.682734
vt 0.657391 0.684831
vt 0.660398 0.485238
vt 0.654758 0.682528
vt 0.654730 0.684667
vt 0.251085 0.694420
vt 0.652104 0.682738
vt 0.652076 0.684836
vt 0.253368 0.695854
vt 0.649557 0.683356
vt 0.649531 0.685332
vt 0.255471 0.697177
vt 0.647217 0.684358
vt 0.647194 0.686136
vt 0.257313 0.698339
vt 0.652386 0.489618
vt 0.258823 0.699295
vt 0.251326 0.693914
vt 0.253841 0.694861
vt 0.652055 0.687261
vt 0.649512 0.687616
vt 0.256158 0.695736
vt 0.647176 0.688192
vt 0.258188 0.696505
vt 0.651482 0.487407
vt 0.653182 0.486885
vt 0.664418 0.687201
vt 0.664403 0.688949
vt 0.662312 0.688179
vt 0.655255 0.486247
vt 0.659937 0.687607
vt 0.657620 0.485515
vt 0.657370 0.687256
vt 0.660186 0.484719
vt 0.654708 0.687139
vt 0.662301 0.690433
vt 0.659925 0.690112
vt 0.654943 0.484678
vt 0.657405 0.484435
vt 0.657357 0.689915
vt 0.660077 0.484168
vt 0.654695 0.689850
vt 0.251467 0.693371
vt 0.652042 0.689920
vt 0.254117 0.693795
vt 0.649500 0.690121
vt 0.256559 0.694188
vt 0.647165 0.690446
vt 0.258698 0.694535
vt 0.645138 0.688966
vt 0.645129 0.690883
vt 0.664393 0.690866
vt 0.652785 0.484889
vt 0.652038 0.692711
vt 0.649495 0.692750
vt 0.254185 0.692696
vt 0.256658 0.692592
vt 0.647162 0.692812
vt 0.258823 0.692504
vt 0.645126 0.692895
vt 0.664390 0.692878
vt 0.662297 0.692799
vt 0.652775 0.482854
vt 0.654935 0.483079
vt 0.659921 0.692741
vt 0.657400 0.483334
vt 0.657353 0.692706
vt 0.660074 0.483607
vt 0.654691 0.692696
vt 0.251501 0.692810
vt 0.655232 0.481511
vt 0.657604 0.482253
vt 0.659925 0.695393
vt 0.657357 0.695521
vt 0.660178 0.483056
vt 0.654695 0.695566
vt 0.251429 0.692255
vt 0.652042 0.695526
vt 0.254043 0.691606
vt 0.649500 0.695402
vt 0.256451 0.691010
vt 0.647165 0.695199
vt 0.258560 0.690490
vt 0.645129 0.694925
vt 0.664393 0.694908
vt 0.662301 0.695185
vt 0.653153 0.480858
vt 0.253695 0.690567
vt 0.255946 0.689501
vt 0.649512 0.697975
vt 0.647176 0.697515
vt 0.257918 0.688570
vt 0.645138 0.696894
vt 0.664403 0.696877
vt 0.662312 0.697501
vt 0.653903 0.478978
vt 0.655821 0.480034
vt 0.659937 0.697966
vt 0.658010 0.481236
vt 0.657370 0.698253
vt 0.660385 0.482537
vt 0.654708 0.698351
vt 0.251252 0.691725
vt 0.652055 0.698258
vt 0.659957 0.700361
vt 0.657391 0.700796
vt 0.658602 0.480320
vt 0.660687 0.482070
vt 0.654730 0.700944
vt 0.250977 0.691242
vt 0.652076 0.700800
vt 0.253156 0.689619
vt 0.649531 0.700370
vt 0.255163 0.688125
vt 0.647194 0.699670
vt 0.256922 0.686818
vt 0.645153 0.698727
vt 0.664418 0.698710
vt 0.662330 0.699657
vt 0.654997 0.477286
vt 0.656681 0.478704
vt 0.649557 0.702496
vt 0.647217 0.701583
vt 0.254132 0.686934
vt 0.255609 0.685302
vt 0.653616 0.476119
vt 0.655258 0.474427
vt 0.656394 0.475847
vt 0.258363 0.685748
vt 0.256820 0.683965
vt 0.657778 0.477574
vt 0.662353 0.701570
vt 0.659983 0.702487
vt 0.659358 0.479541
vt 0.657419 0.703052
vt 0.661072 0.481673
vt 0.654758 0.703245
vt 0.250615 0.690823
vt 0.652104 0.703057
vt 0.252446 0.688798
vt 0.660248 0.478929
vt 0.661526 0.481361
vt 0.756335 0.487993
vt 0.756527 0.485329
vt 0.758732 0.485408
vt 0.758583 0.488074
vt 0.250179 0.690486
vt 0.756514 0.490640
vt 0.758719 0.490719
vt 0.251592 0.688137
vt 0.757058 0.493167
vt 0.759135 0.493241
vt 0.252893 0.685974
vt 0.757946 0.495478
vt 0.759815 0.495545
vt 0.254031 0.684080
vt 0.657192 0.473097
vt 0.658038 0.474716
vt 0.254964 0.682528
vt 0.659070 0.476685
vt 0.757083 0.482750
vt 0.757981 0.480355
vt 0.759851 0.480422
vt 0.759160 0.482824
vt 0.659344 0.472182
vt 0.659868 0.473937
vt 0.760778 0.478292
vt 0.762569 0.478335
vt 0.761957 0.480471
vt 0.660508 0.476074
vt 0.761500 0.482879
vt 0.661238 0.478508
vt 0.761216 0.485467
vt 0.662031 0.481147
vt 0.761116 0.488133
vt 0.249687 0.690243
vt 0.761204 0.490777
vt 0.250627 0.687660
vt 0.761476 0.493297
vt 0.251492 0.685281
vt 0.761921 0.495594
vt 0.252249 0.683198
vt 0.762524 0.497583
vt 0.623341 0.798767
vt 0.623341 0.817270
vt 0.622780 0.798864
vt 0.621920 0.799321
vt 0.620795 0.800120
vt 0.619448 0.801231
vt 0.617930 0.802611
vt 0.616301 0.804207
vt 0.614623 0.805957
vt 0.612960 0.807794
vt 0.611376 0.809648
vt 0.609931 0.811448
vt 0.608683 0.813124
vt 0.607678 0.814611
vt 0.606955 0.815854
vt 0.606542 0.816803
vt 0.850192 0.911609
vt 0.848346 0.924999
vt 0.849263 0.911510
vt 0.848346 0.911420
vt 0.759120 0.925484
vt 0.759120 0.911420
vt 0.759971 0.925576
vt 0.760985 0.925205
vt 0.762123 0.924386
vt 0.763341 0.923148
vt 0.764591 0.921542
vt 0.765827 0.919627
vt 0.334128 0.812673
vt 0.323188 0.816260
vt 0.332398 0.810946
vt 0.330656 0.809102
vt 0.328969 0.807213
vt 0.327402 0.805351
vt 0.676600 0.917396
vt 0.669904 0.925664
vt 0.675369 0.915477
vt 0.674122 0.913864
vt 0.672907 0.912622
vt 0.671771 0.911796
vt 0.863912 0.375634
vt 0.863503 0.377877
vt 0.861316 0.375937
vt 0.861616 0.374287
vt 0.670757 0.911420
vt 0.669904 0.911507
vt 0.333114 0.806840
vt 0.331873 0.805451
vt 0.334187 0.804898
vt 0.334676 0.805446
vt 0.340426 0.817534
vt 0.339658 0.817211
vt 0.339733 0.812802
vt 0.340297 0.813039
vt 0.863126 0.361467
vt 0.863632 0.363440
vt 0.861410 0.365321
vt 0.861039 0.363871
vt 0.952745 0.224476
vt 0.951824 0.224532
vt 0.952068 0.221078
vt 0.952745 0.221036
vt 0.862962 0.379842
vt 0.860918 0.377382
vt 0.338598 0.816531
vt 0.338954 0.812302
vt 0.330721 0.804082
vt 0.864000 0.365689
vt 0.861681 0.366975
vt 0.862311 0.381454
vt 0.860439 0.378566
vt 0.337289 0.815521
vt 0.337991 0.811559
vt 0.326014 0.803588
vt 0.329701 0.802786
vt 0.864218 0.368128
vt 0.861841 0.368768
vt 0.860186 0.357640
vt 0.861004 0.357896
vt 0.859478 0.361245
vt 0.858877 0.361057
vt 0.861573 0.382649
vt 0.859896 0.379445
vt 0.335779 0.814218
vt 0.336881 0.810601
vt 0.324861 0.801991
vt 0.328853 0.801612
vt 0.864276 0.370663
vt 0.861884 0.370633
vt 0.860777 0.383383
vt 0.859311 0.379985
vt 0.335667 0.809466
vt 0.861786 0.358641
vt 0.860054 0.361793
vt 0.323984 0.800622
vt 0.328209 0.800605
vt 0.864173 0.373198
vt 0.861808 0.372496
vt 0.859954 0.383627
vt 0.858706 0.380164
vt 0.334395 0.808196
vt 0.862503 0.359847
vt 0.860580 0.362680
vt 0.323420 0.799533
vt 0.327793 0.799805
vt 0.952688 0.310129
vt 0.951824 0.310231
vt 0.952052 0.307127
vt 0.952688 0.307052
vt 0.323188 0.798767
vt 0.327623 0.799241
vt 0.858256 0.366832
vt 0.858493 0.366906
vt 0.858720 0.367122
vt 0.858928 0.367472
vt 0.859109 0.367942
vt 0.859255 0.368514
vt 0.859362 0.369166
vt 0.859426 0.369874
vt 0.859442 0.370609
vt 0.859412 0.371344
vt 0.859337 0.372051
vt 0.859218 0.372701
vt 0.859061 0.373271
vt 0.858872 0.373739
vt 0.858658 0.374086
vt 0.858428 0.374298
vt 0.858189 0.374369
vt 0.857952 0.374295
vt 0.857725 0.374079
vt 0.857517 0.373729
vt 0.857336 0.373259
vt 0.857189 0.372687
vt 0.857083 0.372035
vt 0.857019 0.371327
vt 0.857003 0.370592
vt 0.857033 0.369857
vt 0.857108 0.369151
vt 0.857227 0.368500
vt 0.857384 0.367930
vt 0.857573 0.367462
vt 0.857787 0.367116
vt 0.858017 0.366903
vt 0.333732 0.804358
vt 0.333330 0.803847
vt 0.332995 0.803384
vt 0.332741 0.802987
vt 0.857144 0.362655
vt 0.857687 0.361776
vt 0.858105 0.379976
vt 0.858272 0.361237
vt 0.857529 0.379429
vt 0.857003 0.378542
vt 0.336600 0.807308
vt 0.336980 0.807601
vt 0.336162 0.806930
vt 0.335683 0.806482
vt 0.335181 0.805981
vt 0.659961 0.594605
vt 0.659822 0.591684
vt 0.662855 0.591684
vt 0.662818 0.594605
vt 0.254911 0.587557
vt 0.257623 0.587821
vt 0.257623 0.589006
vt 0.254911 0.589277
vt 0.660181 0.597270
vt 0.662753 0.597270
vt 0.252536 0.587326
vt 0.252536 0.589516
vt 0.660475 0.599575
vt 0.662662 0.599575
vt 0.660143 0.579735
vt 0.660427 0.577257
vt 0.662614 0.577257
vt 0.662715 0.579735
vt 0.043781 0.590215
vt 0.041410 0.590602
vt 0.041270 0.588417
vt 0.043671 0.588499
vt 0.659934 0.582527
vt 0.662792 0.582527
vt 0.046482 0.589775
vt 0.046406 0.588592
vt 0.659809 0.585527
vt 0.662842 0.585527
vt 0.049410 0.589296
vt 0.049372 0.588693
vt 0.659771 0.588619
vt 0.662864 0.588619
vt 0.260568 0.588110
vt 0.263634 0.588412
vt 0.260568 0.588714
vt 0.052453 0.588799
vt 0.049451 0.588095
vt 0.665927 0.588592
vt 0.665860 0.591658
vt 0.260686 0.589307
vt 0.257854 0.590169
vt 0.665648 0.594581
vt 0.255246 0.590964
vt 0.665300 0.597248
vt 0.252963 0.591663
vt 0.664828 0.599556
vt 0.664780 0.577239
vt 0.665262 0.579713
vt 0.041559 0.586246
vt 0.043898 0.586793
vt 0.665622 0.582503
vt 0.046563 0.587417
vt 0.665846 0.585501
vt 0.042266 0.584174
vt 0.044453 0.585165
vt 0.667686 0.579669
vt 0.668316 0.582454
vt 0.046945 0.586296
vt 0.668706 0.585450
vt 0.049646 0.587523
vt 0.668843 0.588540
vt 0.260918 0.589865
vt 0.668720 0.591607
vt 0.258308 0.591264
vt 0.668342 0.594533
vt 0.255905 0.592554
vt 0.667724 0.597204
vt 0.253801 0.593686
vt 0.666890 0.599519
vt 0.666842 0.577202
vt 0.261253 0.590367
vt 0.258966 0.592249
vt 0.671325 0.591533
vt 0.670797 0.594463
vt 0.256861 0.593984
vt 0.669933 0.597141
vt 0.255018 0.595507
vt 0.668769 0.599466
vt 0.668720 0.577148
vt 0.669895 0.579607
vt 0.043363 0.582279
vt 0.045315 0.583676
vt 0.670770 0.582384
vt 0.047539 0.585270
vt 0.671312 0.585375
vt 0.049949 0.587000
vt 0.671499 0.588464
vt 0.258077 0.595201
vt 0.256566 0.597055
vt 0.041758 0.581132
vt 0.043459 0.579199
vt 0.044810 0.580635
vt 0.253509 0.596758
vt 0.255329 0.598578
vt 0.046452 0.582384
vt 0.671803 0.579526
vt 0.672891 0.582295
vt 0.048322 0.584381
vt 0.462259 0.584932
vt 0.462910 0.581976
vt 0.465079 0.581955
vt 0.464562 0.584909
vt 0.050348 0.586546
vt 0.462038 0.588011
vt 0.464386 0.587988
vt 0.261680 0.590794
vt 0.462257 0.591095
vt 0.464560 0.591072
vt 0.259804 0.593087
vt 0.462906 0.594065
vt 0.465076 0.594044
vt 0.463961 0.596808
vt 0.465913 0.596789
vt 0.467206 0.584893
vt 0.467083 0.587971
vt 0.262183 0.591130
vt 0.050828 0.586179
vt 0.467205 0.591056
vt 0.260789 0.593745
vt 0.467567 0.594028
vt 0.259508 0.596157
vt 0.468156 0.596775
vt 0.258387 0.598271
vt 0.467041 0.599202
vt 0.468948 0.599190
vt 0.465918 0.579239
vt 0.467047 0.576864
vt 0.468954 0.576852
vt 0.468160 0.579224
vt 0.046549 0.579304
vt 0.047818 0.581339
vt 0.467570 0.581939
vt 0.049263 0.583661
vt 0.470602 0.596766
vt 0.471028 0.599182
vt 0.471034 0.576845
vt 0.470606 0.579216
vt 0.048514 0.578339
vt 0.049362 0.580580
vt 0.470288 0.581929
vt 0.050326 0.583138
vt 0.470092 0.584882
vt 0.051370 0.585913
vt 0.470025 0.587960
vt 0.262741 0.591361
vt 0.470090 0.591045
vt 0.261884 0.594199
vt 0.470285 0.594019
vt 0.261097 0.596815
vt 0.260410 0.599109
vt 0.263333 0.591479
vt 0.051954 0.585757
vt 0.473099 0.587957
vt 0.473105 0.591042
vt 0.263046 0.594430
vt 0.473125 0.594015
vt 0.262784 0.597151
vt 0.473158 0.596763
vt 0.262557 0.599537
vt 0.473202 0.599180
vt 0.473208 0.576842
vt 0.473162 0.579213
vt 0.050630 0.577775
vt 0.051024 0.580138
vt 0.473128 0.581926
vt 0.051472 0.582833
vt 0.473107 0.584879
vt 0.475392 0.576845
vt 0.475730 0.579216
vt 0.052815 0.577635
vt 0.052741 0.580028
vt 0.475981 0.581929
vt 0.052654 0.582757
vt 0.476135 0.584882
vt 0.052557 0.585719
vt 0.476187 0.587960
vt 0.263937 0.591479
vt 0.476134 0.591045
vt 0.264231 0.594430
vt 0.475978 0.594019
vt 0.264505 0.597150
vt 0.475725 0.596766
vt 0.264747 0.599537
vt 0.475385 0.599182
vt 0.479170 0.587971
vt 0.479059 0.591056
vt 0.264530 0.591361
vt 0.265394 0.594199
vt 0.478734 0.594028
vt 0.266192 0.596815
vt 0.478205 0.596775
vt 0.266894 0.599109
vt 0.477495 0.599190
vt 0.477501 0.576852
vt 0.478210 0.579224
vt 0.054985 0.577924
vt 0.054447 0.580254
vt 0.478737 0.581939
vt 0.053829 0.582913
vt 0.479061 0.584893
vt 0.053156 0.585798
vt 0.057058 0.578631
vt 0.056075 0.580810
vt 0.480508 0.579239
vt 0.481290 0.581955
vt 0.054950 0.583296
vt 0.481772 0.584909
vt 0.053727 0.585993
vt 0.481934 0.587988
vt 0.265088 0.591130
vt 0.481770 0.591072
vt 0.266488 0.593745
vt 0.481287 0.594044
vt 0.267781 0.596156
vt 0.480503 0.596789
vt 0.268917 0.598271
vt 0.479449 0.599202
vt 0.479455 0.576864
vt 0.484161 0.591095
vt 0.483540 0.594065
vt 0.267474 0.593087
vt 0.269212 0.595201
vt 0.482531 0.596808
vt 0.270738 0.597055
vt 0.057861 0.576842
vt 0.060089 0.578133
vt 0.058952 0.579728
vt 0.269853 0.600009
vt 0.271993 0.598578
vt 0.057563 0.581672
vt 0.482535 0.579258
vt 0.483543 0.581976
vt 0.055976 0.583890
vt 0.484163 0.584932
vt 0.054250 0.586296
vt 0.484372 0.588011
vt 0.265590 0.590794
vt 0.058855 0.582808
vt 0.056866 0.584673
vt 0.553754 0.389709
vt 0.550776 0.389015
vt 0.550830 0.386990
vt 0.553811 0.387560
vt 0.054704 0.586695
vt 0.556839 0.389944
vt 0.556898 0.387752
vt 0.266018 0.590367
vt 0.559915 0.389709
vt 0.559972 0.387560
vt 0.268312 0.592249
vt 0.562862 0.389015
vt 0.562916 0.386990
vt 0.270428 0.593984
vt 0.565567 0.387887
vt 0.565616 0.386065
vt 0.272286 0.595507
vt 0.062022 0.579833
vt 0.060596 0.581174
vt 0.273814 0.596758
vt 0.548021 0.387887
vt 0.548070 0.386065
vt 0.268970 0.591263
vt 0.271384 0.592554
vt 0.562959 0.384611
vt 0.565654 0.383923
vt 0.273503 0.593686
vt 0.063586 0.581878
vt 0.061927 0.582913
vt 0.545637 0.384820
vt 0.545669 0.382998
vt 0.548108 0.383923
vt 0.059901 0.584175
vt 0.550873 0.384610
vt 0.057586 0.585614
vt 0.553856 0.385033
vt 0.055071 0.587175
vt 0.556944 0.385176
vt 0.266353 0.589865
vt 0.560018 0.385034
vt 0.550902 0.381966
vt 0.553887 0.382227
vt 0.058108 0.586677
vt 0.055337 0.587717
vt 0.556976 0.382315
vt 0.266584 0.589307
vt 0.560049 0.382227
vt 0.269423 0.590169
vt 0.562988 0.381967
vt 0.272042 0.590964
vt 0.565680 0.381544
vt 0.274341 0.591663
vt 0.568000 0.382999
vt 0.568023 0.380975
vt 0.545692 0.380975
vt 0.548135 0.381544
vt 0.062893 0.584879
vt 0.060659 0.585719
vt 0.563003 0.379160
vt 0.565694 0.379018
vt 0.272378 0.589277
vt 0.274768 0.589515
vt 0.568034 0.378827
vt 0.545703 0.378827
vt 0.548148 0.379018
vt 0.063456 0.586994
vt 0.061102 0.587381
vt 0.550917 0.379160
vt 0.058413 0.587822
vt 0.553903 0.379247
vt 0.055493 0.588301
vt 0.556992 0.379277
vt 0.266702 0.588714
vt 0.560064 0.379248
vt 0.269655 0.589006
vt 0.058489 0.589005
vt 0.055531 0.588904
vt 0.553903 0.376210
vt 0.556992 0.376180
vt 0.266702 0.588110
vt 0.560064 0.376210
vt 0.269655 0.587821
vt 0.563003 0.376299
vt 0.272378 0.587557
vt 0.565694 0.376444
vt 0.274768 0.587326
vt 0.568034 0.376638
vt 0.545703 0.376637
vt 0.548148 0.376443
vt 0.063596 0.589180
vt 0.061212 0.589098
vt 0.550917 0.376299
vt 0.272042 0.585869
vt 0.274341 0.585178
vt 0.565680 0.373919
vt 0.568023 0.374490
vt 0.545692 0.374490
vt 0.548135 0.373918
vt 0.063307 0.591350
vt 0.060985 0.590803
vt 0.550902 0.373494
vt 0.058333 0.590180
vt 0.553887 0.373232
vt 0.055452 0.589503
vt 0.556976 0.373144
vt 0.266584 0.587518
vt 0.560049 0.373232
vt 0.269423 0.586659
vt 0.562988 0.373494
vt 0.553856 0.370427
vt 0.556944 0.370284
vt 0.266353 0.586959
vt 0.055257 0.590075
vt 0.560018 0.370427
vt 0.268970 0.585564
vt 0.562959 0.370852
vt 0.271384 0.584280
vt 0.565654 0.371541
vt 0.273503 0.583155
vt 0.568000 0.372468
vt 0.545669 0.372468
vt 0.548108 0.371540
vt 0.062601 0.593422
vt 0.060430 0.592432
vt 0.550873 0.370851
vt 0.057950 0.591301
vt 0.064379 0.594235
vt 0.063088 0.596463
vt 0.061503 0.595317
vt 0.545637 0.370648
vt 0.548070 0.369401
vt 0.059568 0.593920
vt 0.550830 0.368474
vt 0.057356 0.592327
vt 0.553811 0.367903
vt 0.054954 0.590597
vt 0.556898 0.367710
vt 0.266017 0.586457
vt 0.559972 0.367903
vt 0.268312 0.584579
vt 0.562916 0.368474
vt 0.270428 0.582849
vt 0.565616 0.369401
vt 0.272286 0.581335
vt 0.054555 0.591051
vt 0.556839 0.365522
vt 0.559915 0.365757
vt 0.265590 0.586030
vt 0.267474 0.583741
vt 0.562862 0.366453
vt 0.269212 0.581633
vt 0.565567 0.367582
vt 0.270738 0.579786
vt 0.061388 0.598397
vt 0.060057 0.596961
vt 0.273814 0.580093
vt 0.271993 0.578273
vt 0.058431 0.595212
vt 0.548021 0.367581
vt 0.550776 0.366452
vt 0.056574 0.593216
vt 0.553754 0.365757
vt 0.058318 0.598292
vt 0.057065 0.596258
vt 0.652378 0.151273
vt 0.653463 0.148528
vt 0.655369 0.148557
vt 0.654496 0.151305
vt 0.055632 0.593937
vt 0.651709 0.154245
vt 0.653957 0.154279
vt 0.054075 0.591418
vt 0.651482 0.157329
vt 0.653774 0.157364
vt 0.265088 0.585694
vt 0.651705 0.160408
vt 0.653952 0.160442
vt 0.266488 0.583083
vt 0.652369 0.163361
vt 0.654486 0.163394
vt 0.267781 0.580677
vt 0.653450 0.166077
vt 0.655356 0.166106
vt 0.268917 0.578570
vt 0.059343 0.599961
vt 0.269853 0.576842
vt 0.264530 0.585463
vt 0.265394 0.582629
vt 0.656555 0.160469
vt 0.656938 0.163419
vt 0.266192 0.580019
vt 0.657562 0.166129
vt 0.266894 0.577732
vt 0.656526 0.168475
vt 0.658403 0.168495
vt 0.656543 0.146139
vt 0.658420 0.146158
vt 0.657576 0.148580
vt 0.056353 0.599257
vt 0.055521 0.597016
vt 0.656948 0.151331
vt 0.054569 0.594459
vt 0.656560 0.154306
vt 0.053533 0.591684
vt 0.656428 0.157392
vt 0.659999 0.148595
vt 0.659640 0.151348
vt 0.053859 0.597459
vt 0.053424 0.594764
vt 0.659418 0.154325
vt 0.052949 0.591840
vt 0.659342 0.157411
vt 0.263937 0.585345
vt 0.659414 0.160488
vt 0.264231 0.582398
vt 0.659631 0.163437
vt 0.264505 0.579683
vt 0.659985 0.166145
vt 0.264747 0.577305
vt 0.660463 0.168508
vt 0.660480 0.146172
vt 0.054237 0.599821
vt 0.662417 0.160497
vt 0.662460 0.163446
vt 0.263046 0.582398
vt 0.262784 0.579683
vt 0.662532 0.166153
vt 0.262557 0.577305
vt 0.662629 0.168515
vt 0.662646 0.146179
vt 0.662545 0.148603
vt 0.052052 0.599961
vt 0.052142 0.597569
vt 0.662469 0.151357
vt 0.052241 0.594840
vt 0.662422 0.154334
vt 0.052346 0.591879
vt 0.662404 0.157421
vt 0.263333 0.585345
vt 0.050436 0.597342
vt 0.051067 0.594684
vt 0.665327 0.151357
vt 0.665456 0.154334
vt 0.051747 0.591799
vt 0.665497 0.157421
vt 0.262741 0.585463
vt 0.665451 0.160497
vt 0.261884 0.582629
vt 0.665318 0.163446
vt 0.261097 0.580019
vt 0.665103 0.166153
vt 0.260410 0.577732
vt 0.664816 0.168515
vt 0.664833 0.146179
vt 0.665117 0.148603
vt 0.049881 0.599672
vt 0.260789 0.583083
vt 0.259508 0.580677
vt 0.668094 0.163437
vt 0.667602 0.166145
vt 0.258387 0.578570
vt 0.666941 0.168508
vt 0.666958 0.146172
vt 0.667615 0.148595
vt 0.047809 0.598965
vt 0.048808 0.596787
vt 0.668103 0.151348
vt 0.049945 0.594301
vt 0.668403 0.154325
vt 0.051176 0.591604
vt 0.668502 0.157411
vt 0.262183 0.585694
vt 0.668398 0.160488
vt 0.670691 0.151331
vt 0.671150 0.154306
vt 0.048920 0.593707
vt 0.050653 0.591301
vt 0.671303 0.157392
vt 0.261680 0.586030
vt 0.671145 0.160469
vt 0.259804 0.583741
vt 0.670682 0.163419
vt 0.258077 0.581633
vt 0.669931 0.166129
vt 0.256566 0.579787
vt 0.668921 0.168495
vt 0.668938 0.146158
vt 0.669944 0.148580
vt 0.045914 0.597868
vt 0.047320 0.595924
vt 0.672982 0.163394
vt 0.672001 0.166106
vt 0.256861 0.582850
vt 0.255018 0.581335
vt 0.044758 0.599463
vt 0.042824 0.597762
vt 0.044270 0.596422
vt 0.670699 0.146139
vt 0.672014 0.148557
vt 0.046028 0.594788
vt 0.672991 0.151305
vt 0.048030 0.592924
vt 0.673592 0.154279
vt 0.050199 0.590902
vt 0.673793 0.157364
vt 0.261253 0.586457
vt 0.673587 0.160442
vt 0.258966 0.584579
vt 0.047310 0.591983
vt 0.049832 0.590422
vt 0.651482 0.588464
vt 0.651679 0.585375
vt 0.654118 0.585450
vt 0.653968 0.588540
vt 0.260918 0.586959
vt 0.651692 0.591533
vt 0.654131 0.591607
vt 0.258308 0.585564
vt 0.652303 0.594463
vt 0.654600 0.594533
vt 0.255905 0.584280
vt 0.653289 0.597141
vt 0.655357 0.597204
vt 0.253801 0.583155
vt 0.041260 0.595717
vt 0.042940 0.594683
vt 0.653251 0.579607
vt 0.654566 0.577148
vt 0.656324 0.577202
vt 0.655319 0.579669
vt 0.044982 0.593422
vt 0.652276 0.582384
vt 0.654574 0.582454
vt 0.656373 0.599519
vt 0.657684 0.597248
vt 0.658352 0.599556
vt 0.658303 0.577239
vt 0.657646 0.579713
vt 0.041974 0.592718
vt 0.044224 0.591878
vt 0.657160 0.582503
vt 0.046787 0.590920
vt 0.656863 0.585501
vt 0.049566 0.589880
vt 0.656767 0.588592
vt 0.260686 0.587518
vt 0.656876 0.591658
vt 0.257854 0.586659
vt 0.657186 0.594581
vt 0.255246 0.585869
vt 0.252963 0.585178
vt 0.228131 0.919279
vt 0.228248 0.916504
vt 0.228473 0.916567
vt 0.759851 0.589432
vt 0.759535 0.585870
vt 0.760423 0.585859
vt 0.760838 0.589420
vt 0.496027 0.913923
vt 0.496133 0.916622
vt 0.495908 0.916684
vt 0.495586 0.914046
vt 0.228366 0.913850
vt 0.228807 0.913973
vt 0.759112 0.582736
vt 0.759868 0.582726
vt 0.228479 0.911420
vt 0.229119 0.911599
vt 0.760067 0.601269
vt 0.760122 0.597282
vt 0.761190 0.597269
vt 0.761114 0.601256
vt 0.758674 0.614174
vt 0.759175 0.611670
vt 0.759930 0.611661
vt 0.759267 0.614167
vt 0.759583 0.608604
vt 0.760472 0.608593
vt 0.758601 0.580150
vt 0.759194 0.580143
vt 0.760049 0.593286
vt 0.761097 0.593273
vt 0.496246 0.919412
vt 0.759885 0.605092
vt 0.760871 0.605079
vt 0.495933 0.911420
vt 0.495293 0.911599
vt 0.228685 0.916734
vt 0.495171 0.914374
vt 0.494690 0.912075
vt 0.149699 0.476568
vt 0.149663 0.472567
vt 0.150817 0.472618
vt 0.150831 0.476618
vt 0.150221 0.480443
vt 0.151287 0.480490
vt 0.495696 0.916852
vt 0.154125 0.458332
vt 0.156177 0.455902
vt 0.156819 0.455930
vt 0.154941 0.458368
vt 0.150113 0.468595
vt 0.151034 0.464803
vt 0.152100 0.464850
vt 0.151245 0.468644
vt 0.154412 0.489885
vt 0.152623 0.487232
vt 0.153440 0.487268
vt 0.155053 0.489913
vt 0.152388 0.461338
vt 0.153348 0.461380
vt 0.151208 0.484044
vt 0.152168 0.484086
vt 0.229722 0.912075
vt 0.229222 0.914302
vt 0.495505 0.917117
vt 0.152414 0.472695
vt 0.152397 0.476693
vt 0.153575 0.464921
vt 0.152812 0.468720
vt 0.154676 0.461444
vt 0.229596 0.914822
vt 0.228875 0.917000
vt 0.156946 0.491919
vt 0.155940 0.489955
vt 0.157557 0.491948
vt 0.156070 0.458422
vt 0.154569 0.487322
vt 0.157706 0.455973
vt 0.153496 0.484150
vt 0.158908 0.454160
vt 0.159519 0.454189
vt 0.494797 0.914895
vt 0.152763 0.480561
vt 0.155403 0.465013
vt 0.154752 0.468818
vt 0.229037 0.917353
vt 0.154392 0.472795
vt 0.154337 0.476791
vt 0.154590 0.480653
vt 0.495343 0.917470
vt 0.155141 0.484233
vt 0.494479 0.915588
vt 0.160276 0.454228
vt 0.158805 0.456028
vt 0.157039 0.490011
vt 0.158314 0.491987
vt 0.155968 0.487393
vt 0.157469 0.458493
vt 0.229914 0.915515
vt 0.156320 0.461527
vt 0.156991 0.468935
vt 0.156675 0.472914
vt 0.160073 0.456095
vt 0.159084 0.458578
vt 0.161150 0.454273
vt 0.156700 0.480764
vt 0.157039 0.484332
vt 0.156577 0.476908
vt 0.158219 0.461626
vt 0.157512 0.465123
vt 0.230163 0.916354
vt 0.229165 0.917781
vt 0.495216 0.917898
vt 0.494229 0.916427
vt 0.158308 0.490077
vt 0.159188 0.492032
vt 0.157582 0.487477
vt 0.230336 0.917306
vt 0.229252 0.918266
vt 0.159823 0.465248
vt 0.159444 0.469067
vt 0.495128 0.918384
vt 0.494057 0.917379
vt 0.159176 0.473048
vt 0.162107 0.454325
vt 0.161463 0.456169
vt 0.159030 0.477040
vt 0.160852 0.458673
vt 0.159010 0.480888
vt 0.160298 0.461738
vt 0.159118 0.484444
vt 0.159350 0.487572
vt 0.159697 0.490152
vt 0.160145 0.492084
vt 0.162919 0.456250
vt 0.162706 0.458774
vt 0.161299 0.484564
vt 0.161205 0.487674
vt 0.162479 0.461858
vt 0.161154 0.490232
vt 0.162245 0.465381
vt 0.161148 0.492139
vt 0.162016 0.469208
vt 0.230423 0.918336
vt 0.229297 0.918791
vt 0.161798 0.473193
vt 0.495084 0.918908
vt 0.161601 0.477181
vt 0.493969 0.918408
vt 0.161433 0.481021
vt 0.163110 0.454380
vt 0.164608 0.469353
vt 0.164441 0.473341
vt 0.495084 0.919452
vt 0.229297 0.919335
vt 0.164193 0.477327
vt 0.493969 0.919475
vt 0.163874 0.481158
vt 0.164122 0.454437
vt 0.164388 0.456332
vt 0.163496 0.484687
vt 0.164575 0.458879
vt 0.163073 0.487779
vt 0.164676 0.461981
vt 0.162622 0.490314
vt 0.164687 0.465518
vt 0.162160 0.492196
vt 0.230423 0.919402
vt 0.165626 0.484809
vt 0.164885 0.487883
vt 0.166386 0.458983
vt 0.166806 0.462103
vt 0.164045 0.490396
vt 0.167054 0.465653
vt 0.163140 0.492252
vt 0.167120 0.469497
vt 0.230336 0.920465
vt 0.229252 0.919877
vt 0.167003 0.473487
vt 0.495128 0.919994
vt 0.166706 0.477471
vt 0.494057 0.920538
vt 0.166241 0.481293
vt 0.165102 0.454493
vt 0.165811 0.456413
vt 0.229165 0.920396
vt 0.169385 0.473627
vt 0.169043 0.477607
vt 0.495216 0.920513
vt 0.494229 0.921557
vt 0.168442 0.481422
vt 0.166014 0.454546
vt 0.167135 0.456491
vt 0.167607 0.484925
vt 0.168071 0.459082
vt 0.166569 0.487981
vt 0.168787 0.462219
vt 0.165369 0.490473
vt 0.169255 0.465782
vt 0.164052 0.492305
vt 0.169457 0.469634
vt 0.230163 0.921484
vt 0.168062 0.488071
vt 0.166542 0.490544
vt 0.170543 0.462324
vt 0.171206 0.465899
vt 0.164860 0.492354
vt 0.171528 0.469759
vt 0.229914 0.922419
vt 0.229037 0.920873
vt 0.171497 0.473754
vt 0.495343 0.920990
vt 0.171114 0.477732
vt 0.494479 0.922492
vt 0.170393 0.481540
vt 0.166822 0.454595
vt 0.168308 0.456561
vt 0.169363 0.485031
vt 0.169564 0.459171
vt 0.495505 0.921406
vt 0.494797 0.923307
vt 0.172839 0.477839
vt 0.172018 0.481641
vt 0.167495 0.454637
vt 0.169285 0.456622
vt 0.170826 0.485122
vt 0.170808 0.459249
vt 0.169306 0.488149
vt 0.172005 0.462416
vt 0.167519 0.490605
vt 0.172831 0.466001
vt 0.165533 0.492396
vt 0.173253 0.469866
vt 0.229596 0.923235
vt 0.228875 0.921288
vt 0.173256 0.473864
vt 0.756380 0.264444
vt 0.756471 0.260859
vt 0.757609 0.260914
vt 0.757646 0.264505
vt 0.230265 0.925044
vt 0.229722 0.926009
vt 0.229222 0.923899
vt 0.756335 0.268310
vt 0.757678 0.268374
vt 0.228685 0.921627
vt 0.756335 0.272308
vt 0.757704 0.272373
vt 0.495696 0.921745
vt 0.756380 0.276284
vt 0.757724 0.276348
vt 0.495171 0.923972
vt 0.756471 0.280086
vt 0.757736 0.280147
vt 0.494147 0.925044
vt 0.494690 0.926008
vt 0.173256 0.481722
vt 0.171939 0.485195
vt 0.756601 0.257693
vt 0.756768 0.255066
vt 0.757529 0.255103
vt 0.757570 0.257739
vt 0.170254 0.488211
vt 0.168264 0.490654
vt 0.759061 0.276389
vt 0.758995 0.280185
vt 0.495586 0.924460
vt 0.495293 0.926717
vt 0.757740 0.283623
vt 0.758873 0.283657
vt 0.758286 0.255126
vt 0.758533 0.257768
vt 0.757736 0.286642
vt 0.758700 0.286671
vt 0.758743 0.260948
vt 0.757724 0.289089
vt 0.758481 0.289112
vt 0.758905 0.264543
vt 0.229119 0.926718
vt 0.228807 0.924387
vt 0.759015 0.268415
vt 0.228473 0.921876
vt 0.759067 0.272415
vt 0.495908 0.921993
vt 0.228479 0.927143
vt 0.228366 0.924681
vt 0.760110 0.264558
vt 0.760293 0.268431
vt 0.228248 0.922025
vt 0.760371 0.272431
vt 0.496133 0.922143
vt 0.760339 0.276405
vt 0.496027 0.924753
vt 0.760200 0.280200
vt 0.495933 0.927143
vt 0.759957 0.283670
vt 0.759010 0.255135
vt 0.759455 0.257780
vt 0.759622 0.286683
vt 0.759827 0.260961
vt 0.759206 0.289121
vt 0.496477 0.924840
vt 0.496586 0.927268
vt 0.761303 0.280191
vt 0.760951 0.283662
vt 0.759674 0.255129
vt 0.760300 0.257772
vt 0.760467 0.286675
vt 0.760820 0.260953
vt 0.759869 0.289115
vt 0.761213 0.264548
vt 0.227826 0.927269
vt 0.227916 0.924767
vt 0.761465 0.268421
vt 0.228019 0.922069
vt 0.761566 0.272421
vt 0.496362 0.922187
vt 0.761511 0.276395
vt 0.762174 0.264515
vt 0.762485 0.268385
vt 0.227475 0.924644
vt 0.227794 0.922007
vt 0.762605 0.272385
vt 0.496587 0.922124
vt 0.762530 0.276360
vt 0.496918 0.924716
vt 0.762264 0.280157
vt 0.497226 0.927089
vt 0.761815 0.283632
vt 0.760251 0.255109
vt 0.761035 0.257747
vt 0.761202 0.286650
vt 0.761684 0.260923
vt 0.227753 0.929478
vt 0.226938 0.929250
vt 0.227186 0.927090
vt 0.042900 0.484944
vt 0.041843 0.481341
vt 0.042725 0.481403
vt 0.043695 0.485000
vt 0.497500 0.929152
vt 0.497829 0.926613
vt 0.498267 0.928545
vt 0.044421 0.488135
vt 0.045097 0.488183
vt 0.044234 0.462245
vt 0.046119 0.459246
vt 0.046795 0.459293
vt 0.045029 0.462302
vt 0.226171 0.928644
vt 0.226583 0.926613
vt 0.042761 0.465706
vt 0.043644 0.465768
vt 0.227060 0.924316
vt 0.041757 0.469494
vt 0.042694 0.469560
vt 0.227582 0.921839
vt 0.041260 0.473465
vt 0.042215 0.473532
vt 0.496798 0.921957
vt 0.041289 0.477465
vt 0.042225 0.477531
vt 0.497333 0.924388
vt 0.226686 0.923795
vt 0.227392 0.921574
vt 0.044111 0.469653
vt 0.043660 0.473627
vt 0.496989 0.921691
vt 0.043642 0.477624
vt 0.497707 0.923868
vt 0.044060 0.481490
vt 0.498372 0.925857
vt 0.044896 0.485078
vt 0.048874 0.456859
vt 0.049677 0.456912
vt 0.047816 0.459360
vt 0.046118 0.488249
vt 0.046230 0.462380
vt 0.046878 0.490829
vt 0.047680 0.490882
vt 0.044979 0.465856
vt 0.226040 0.925858
vt 0.046458 0.485176
vt 0.047447 0.488333
vt 0.049145 0.459444
vt 0.047792 0.462478
vt 0.048724 0.490947
vt 0.046714 0.465964
vt 0.049522 0.492875
vt 0.050241 0.492920
vt 0.045954 0.469769
vt 0.226368 0.923102
vt 0.227230 0.921221
vt 0.045538 0.473744
vt 0.497151 0.921338
vt 0.045485 0.477739
vt 0.498025 0.923175
vt 0.045796 0.481599
vt 0.051740 0.455129
vt 0.052459 0.455174
vt 0.050721 0.456977
vt 0.497278 0.920910
vt 0.227102 0.920793
vt 0.047779 0.473881
vt 0.047683 0.477873
vt 0.498275 0.922336
vt 0.047865 0.481725
vt 0.053317 0.455227
vt 0.051965 0.457053
vt 0.048321 0.485290
vt 0.050729 0.459540
vt 0.049031 0.488429
vt 0.049655 0.462592
vt 0.049969 0.491023
vt 0.048784 0.466091
vt 0.051098 0.492972
vt 0.048151 0.469903
vt 0.226118 0.922263
vt 0.052508 0.459646
vt 0.051747 0.462717
vt 0.050810 0.488536
vt 0.051367 0.491107
vt 0.051109 0.466230
vt 0.052061 0.493030
vt 0.050619 0.470050
vt 0.225946 0.921311
vt 0.227015 0.920308
vt 0.050295 0.474031
vt 0.497366 0.920425
vt 0.050150 0.478021
vt 0.498447 0.921384
vt 0.050190 0.481864
vt 0.054279 0.455284
vt 0.053363 0.457137
vt 0.050413 0.485415
vt 0.052990 0.474190
vt 0.052794 0.478176
vt 0.055221 0.454160
vt 0.055747 0.454191
vt 0.055311 0.455345
vt 0.052680 0.482010
vt 0.054861 0.457225
vt 0.052654 0.485546
vt 0.054414 0.459758
vt 0.052716 0.488647
vt 0.053988 0.462848
vt 0.052864 0.491195
vt 0.053599 0.466376
vt 0.053092 0.493090
vt 0.053262 0.470205
vt 0.052866 0.494230
vt 0.053392 0.494261
vt 0.497411 0.919900
vt 0.226970 0.919783
vt 0.054675 0.488760
vt 0.054403 0.491283
vt 0.056292 0.462981
vt 0.056159 0.466523
vt 0.054153 0.493151
vt 0.055979 0.470362
vt 0.053933 0.494292
vt 0.055761 0.474349
vt 0.497411 0.919356
vt 0.226970 0.919239
vt 0.055511 0.478332
vt 0.056288 0.454222
vt 0.056371 0.455406
vt 0.055240 0.482158
vt 0.056400 0.457313
vt 0.054957 0.485679
vt 0.056373 0.459871
vt 0.056822 0.454252
vt 0.057419 0.455465
vt 0.058198 0.478485
vt 0.057771 0.482302
vt 0.057922 0.457400
vt 0.057235 0.485808
vt 0.058310 0.459981
vt 0.056612 0.488870
vt 0.058569 0.463110
vt 0.055925 0.491370
vt 0.058690 0.466667
vt 0.055201 0.493211
vt 0.058666 0.470514
vt 0.054467 0.494323
vt 0.058500 0.474505
vt 0.497366 0.918815
vt 0.227015 0.918697
vt 0.060734 0.463231
vt 0.061095 0.466801
vt 0.057371 0.491450
vt 0.056197 0.493266
vt 0.061219 0.470657
vt 0.225946 0.918152
vt 0.226118 0.917133
vt 0.227102 0.918178
vt 0.061103 0.474650
vt 0.497278 0.918295
vt 0.060751 0.478627
vt 0.498447 0.918224
vt 0.498275 0.917206
vt 0.060176 0.482436
vt 0.058416 0.455521
vt 0.059368 0.457480
vt 0.059400 0.485929
vt 0.060151 0.460084
vt 0.058453 0.488973
vt 0.063072 0.478754
vt 0.062362 0.482555
vt 0.059321 0.455570
vt 0.060683 0.457552
vt 0.061368 0.486036
vt 0.061824 0.460175
vt 0.060126 0.489064
vt 0.062702 0.463338
vt 0.058686 0.491522
vt 0.063281 0.466920
vt 0.057103 0.493316
vt 0.063541 0.470783
vt 0.226368 0.916198
vt 0.227230 0.917701
vt 0.063470 0.474779
vt 0.497151 0.917819
vt 0.498025 0.916271
vt 0.059819 0.491582
vt 0.057883 0.493357
vt 0.065165 0.467020
vt 0.065541 0.470889
vt 0.226686 0.915383
vt 0.227392 0.917285
vt 0.065510 0.474887
vt 0.496989 0.917403
vt 0.065073 0.478860
vt 0.497707 0.915455
vt 0.064247 0.482655
vt 0.060102 0.455612
vt 0.061816 0.457612
vt 0.063063 0.486126
vt 0.063266 0.460251
vt 0.061568 0.489141
vt 0.064397 0.463428
vt 0.060727 0.455644
vt 0.062724 0.457658
vt 0.065756 0.482732
vt 0.064422 0.486195
vt 0.064422 0.460310
vt 0.062724 0.489199
vt 0.065756 0.463497
vt 0.060727 0.491628
vt 0.066675 0.467097
vt 0.058508 0.493389
vt 0.067143 0.470971
vt 0.227060 0.914718
vt 0.227582 0.916947
vt 0.067143 0.474970
vt 0.496798 0.917064
vt 0.066675 0.478941
vt 0.497333 0.914791
vt 0.756335 0.593263
vt 0.756352 0.589411
vt 0.757564 0.589427
vt 0.757622 0.593281
vt 0.227475 0.914230
vt 0.227794 0.916698
vt 0.756335 0.597259
vt 0.757647 0.597277
vt 0.496587 0.916815
vt 0.756352 0.601246
vt 0.757639 0.601264
vt 0.496918 0.914303
vt 0.756386 0.605070
vt 0.757598 0.605087
vt 0.497829 0.912680
vt 0.497226 0.911971
vt 0.756434 0.608584
vt 0.757525 0.608599
vt 0.756434 0.582719
vt 0.756497 0.580137
vt 0.757226 0.580147
vt 0.757362 0.582732
vt 0.756497 0.611654
vt 0.757424 0.611667
vt 0.756386 0.585850
vt 0.757477 0.585865
vt 0.756570 0.614161
vt 0.757299 0.614171
vt 0.226583 0.912680
vt 0.227186 0.911971
vt 0.758779 0.605094
vt 0.758589 0.608606
vt 0.757936 0.580151
vt 0.758266 0.582737
vt 0.758329 0.611672
vt 0.758540 0.585872
vt 0.758009 0.614175
vt 0.758746 0.589435
vt 0.227826 0.911546
vt 0.227916 0.913937
vt 0.758876 0.593288
vt 0.228019 0.916548
vt 0.758926 0.597285
vt 0.496362 0.916666
vt 0.758893 0.601271
vt 0.496477 0.914010
vt 0.496586 0.911546
vt 0.860238 0.795448
vt 0.859857 0.793015
vt 0.860742 0.793028
vt 0.860847 0.795457
vt 0.146876 0.707303
vt 0.146523 0.703531
vt 0.147999 0.703568
vt 0.148267 0.707338
vt 0.149316 0.716217
vt 0.148300 0.713771
vt 0.149364 0.713797
vt 0.150152 0.716238
vt 0.148584 0.685126
vt 0.149649 0.682535
vt 0.150486 0.682556
vt 0.149648 0.685153
vt 0.146430 0.699588
vt 0.147935 0.699626
vt 0.147476 0.710761
vt 0.148728 0.710792
vt 0.146601 0.695628
vt 0.148078 0.695665
vt 0.147029 0.691801
vt 0.148420 0.691836
vt 0.046101 0.913535
vt 0.045718 0.915952
vt 0.045108 0.915961
vt 0.045216 0.913548
vt 0.147699 0.688255
vt 0.148951 0.688286
vt 0.045301 0.918579
vt 0.044991 0.918584
vt 0.861086 0.800823
vt 0.860653 0.798084
vt 0.860964 0.798089
vt 0.044868 0.921314
vt 0.150002 0.691852
vt 0.149756 0.695682
vt 0.150151 0.710807
vt 0.150575 0.713810
vt 0.150859 0.685166
vt 0.150374 0.688301
vt 0.149647 0.699644
vt 0.151103 0.716248
vt 0.861640 0.793341
vt 0.861466 0.795672
vt 0.861279 0.798199
vt 0.149678 0.703585
vt 0.044489 0.916176
vt 0.044318 0.913860
vt 0.044675 0.918693
vt 0.149848 0.707355
vt 0.151437 0.682566
vt 0.152168 0.685164
vt 0.151914 0.688299
vt 0.043885 0.916589
vt 0.043440 0.914459
vt 0.044367 0.918904
vt 0.152466 0.682564
vt 0.151559 0.707352
vt 0.151691 0.710805
vt 0.151495 0.703583
vt 0.151884 0.713808
vt 0.152132 0.716246
vt 0.151499 0.699642
vt 0.151573 0.695680
vt 0.151713 0.691850
vt 0.861587 0.798409
vt 0.862070 0.796085
vt 0.862517 0.793940
vt 0.044078 0.919207
vt 0.043318 0.917184
vt 0.042618 0.915323
vt 0.153288 0.710786
vt 0.153243 0.713792
vt 0.153200 0.716234
vt 0.863340 0.794804
vt 0.862637 0.796680
vt 0.153533 0.682552
vt 0.153527 0.685148
vt 0.153511 0.688280
vt 0.861876 0.798712
vt 0.153488 0.691829
vt 0.153457 0.695657
vt 0.153420 0.699619
vt 0.153379 0.703560
vt 0.153334 0.707331
vt 0.155337 0.695616
vt 0.155337 0.699576
vt 0.043820 0.919591
vt 0.042811 0.917937
vt 0.155259 0.691789
vt 0.864076 0.795898
vt 0.863144 0.797433
vt 0.154598 0.713762
vt 0.154264 0.716210
vt 0.154598 0.682528
vt 0.154882 0.685117
vt 0.041881 0.916417
vt 0.155259 0.703518
vt 0.155105 0.707292
vt 0.154882 0.710750
vt 0.862134 0.799096
vt 0.155105 0.688245
vt 0.257400 0.484139
vt 0.256503 0.480628
vt 0.258356 0.480616
vt 0.259068 0.484128
vt 0.255776 0.472865
vt 0.255974 0.468911
vt 0.257941 0.468898
vt 0.257781 0.472851
vt 0.256542 0.465112
vt 0.258394 0.465099
vt 0.043601 0.920041
vt 0.258613 0.487219
vt 0.260031 0.487209
vt 0.260093 0.489750
vt 0.261207 0.489742
vt 0.257457 0.461612
vt 0.259124 0.461601
vt 0.258684 0.458548
vt 0.260102 0.458538
vt 0.864697 0.797181
vt 0.863572 0.798317
vt 0.255954 0.476821
vt 0.257921 0.476808
vt 0.862353 0.799547
vt 0.042383 0.918821
vt 0.041260 0.917700
vt 0.260177 0.456036
vt 0.261291 0.456029
vt 0.260485 0.480606
vt 0.260985 0.484119
vt 0.262572 0.456023
vt 0.261732 0.458531
vt 0.261661 0.487202
vt 0.261041 0.461592
vt 0.262487 0.489736
vt 0.260524 0.465089
vt 0.262551 0.491629
vt 0.263433 0.491625
vt 0.260202 0.468887
vt 0.863905 0.799297
vt 0.862522 0.800046
vt 0.260086 0.472840
vt 0.043432 0.920541
vt 0.260182 0.476797
vt 0.042050 0.919801
vt 0.262645 0.454168
vt 0.263527 0.454164
vt 0.864129 0.800335
vt 0.862636 0.800576
vt 0.262670 0.468880
vt 0.262603 0.472833
vt 0.043317 0.921070
vt 0.262650 0.476790
vt 0.041826 0.920839
vt 0.262810 0.480599
vt 0.264490 0.454161
vt 0.263970 0.456018
vt 0.263077 0.484112
vt 0.263512 0.458525
vt 0.263440 0.487196
vt 0.263133 0.461586
vt 0.263886 0.489732
vt 0.262849 0.465082
vt 0.264396 0.491622
vt 0.265432 0.456016
vt 0.265372 0.458523
vt 0.265265 0.484109
vt 0.265301 0.487194
vt 0.265321 0.461582
vt 0.265347 0.489730
vt 0.265280 0.465078
vt 0.265403 0.491621
vt 0.265251 0.468876
vt 0.864236 0.801392
vt 0.862691 0.801114
vt 0.265234 0.472829
vt 0.043262 0.921609
vt 0.265231 0.476786
vt 0.041718 0.921895
vt 0.265241 0.480595
vt 0.265497 0.454160
vt 0.267844 0.468876
vt 0.267879 0.472829
vt 0.043269 0.922136
vt 0.862684 0.801642
vt 0.267825 0.476786
vt 0.041731 0.922930
vt 0.267685 0.480595
vt 0.266509 0.454160
vt 0.266901 0.456016
vt 0.267464 0.484109
vt 0.267242 0.458523
vt 0.267171 0.487194
vt 0.267520 0.461582
vt 0.266817 0.489730
vt 0.267723 0.465078
vt 0.266415 0.491621
vt 0.864223 0.802426
vt 0.269589 0.484112
vt 0.268978 0.487196
vt 0.269050 0.458525
vt 0.269646 0.461586
vt 0.268237 0.489732
vt 0.270085 0.465082
vt 0.267393 0.491622
vt 0.270352 0.468880
vt 0.864089 0.803399
vt 0.862616 0.802138
vt 0.270435 0.472833
vt 0.043337 0.922632
vt 0.270332 0.476790
vt 0.041865 0.923903
vt 0.270046 0.480599
vt 0.267487 0.454161
vt 0.268321 0.456018
vt 0.862489 0.802583
vt 0.272805 0.472840
vt 0.272656 0.476797
vt 0.043464 0.923077
vt 0.042114 0.924776
vt 0.272236 0.480606
vt 0.268394 0.454164
vt 0.269638 0.456023
vt 0.271560 0.484119
vt 0.270726 0.458531
vt 0.270654 0.487202
vt 0.271616 0.461592
vt 0.269554 0.489736
vt 0.272275 0.465089
vt 0.268300 0.491625
vt 0.272676 0.468887
vt 0.863840 0.804272
vt 0.272134 0.487209
vt 0.270716 0.489742
vt 0.273356 0.461601
vt 0.274208 0.465099
vt 0.269101 0.491629
vt 0.274728 0.468898
vt 0.863485 0.805013
vt 0.862308 0.802960
vt 0.274897 0.472851
vt 0.043645 0.923455
vt 0.274709 0.476808
vt 0.042469 0.925517
vt 0.274169 0.480616
vt 0.269195 0.454168
vt 0.270800 0.456029
vt 0.273300 0.484128
vt 0.272205 0.458538
vt 0.043873 0.923750
vt 0.042916 0.926096
vt 0.276410 0.476821
vt 0.275772 0.480628
vt 0.041385 0.927420
vt 0.042034 0.928262
vt 0.274742 0.484139
vt 0.271764 0.456036
vt 0.273432 0.458548
vt 0.273360 0.487219
vt 0.274798 0.461612
vt 0.271680 0.489750
vt 0.275810 0.465112
vt 0.864570 0.806902
vt 0.863921 0.807743
vt 0.863037 0.805592
vt 0.276430 0.468911
vt 0.862080 0.803256
vt 0.276632 0.472865
vt 0.275887 0.461626
vt 0.277021 0.465127
vt 0.863163 0.808317
vt 0.862515 0.805988
vt 0.277714 0.468927
vt 0.861814 0.803458
vt 0.277942 0.472881
vt 0.044139 0.923952
vt 0.277695 0.476837
vt 0.043438 0.926492
vt 0.276982 0.480643
vt 0.042792 0.928837
vt 0.275831 0.484153
vt 0.041260 0.930164
vt 0.042224 0.930895
vt 0.274286 0.487231
vt 0.274358 0.458559
vt 0.864697 0.809624
vt 0.863733 0.810355
vt 0.651963 0.380598
vt 0.651580 0.376810
vt 0.652846 0.376849
vt 0.653156 0.380635
vt 0.044015 0.926689
vt 0.043629 0.929123
vt 0.652618 0.384081
vt 0.653690 0.384114
vt 0.043290 0.931260
vt 0.653517 0.387124
vt 0.654430 0.387152
vt 0.652882 0.361562
vt 0.653854 0.358463
vt 0.654766 0.358491
vt 0.653955 0.361596
vt 0.862667 0.810720
vt 0.862326 0.808604
vt 0.652146 0.365087
vt 0.653338 0.365124
vt 0.861939 0.806185
vt 0.651673 0.368902
vt 0.652938 0.368941
vt 0.861520 0.803558
vt 0.651482 0.372860
vt 0.652772 0.372900
vt 0.044433 0.924053
vt 0.861441 0.808590
vt 0.861329 0.806176
vt 0.654751 0.365152
vt 0.654439 0.368971
vt 0.861209 0.803553
vt 0.654302 0.372930
vt 0.044744 0.924048
vt 0.654346 0.376878
vt 0.044625 0.926680
vt 0.654569 0.380663
vt 0.044514 0.929110
vt 0.654963 0.384139
vt 0.655741 0.355930
vt 0.656591 0.355947
vt 0.655848 0.358512
vt 0.655511 0.387173
vt 0.655227 0.361620
vt 0.655345 0.389632
vt 0.656195 0.389648
vt 0.045244 0.926465
vt 0.045412 0.928797
vt 0.656150 0.380680
vt 0.656385 0.384155
vt 0.657541 0.355957
vt 0.657058 0.358525
vt 0.656721 0.387186
vt 0.656650 0.361636
vt 0.657145 0.389659
vt 0.656332 0.365169
vt 0.860543 0.808278
vt 0.860710 0.805961
vt 0.656117 0.368989
vt 0.860894 0.803444
vt 0.656013 0.372948
vt 0.045060 0.923939
vt 0.656024 0.376896
vt 0.658018 0.365175
vt 0.657907 0.368995
vt 0.860106 0.805548
vt 0.860586 0.803233
vt 0.657838 0.372955
vt 0.045368 0.923728
vt 0.657814 0.376902
vt 0.045848 0.926053
vt 0.657836 0.380686
vt 0.046290 0.928198
vt 0.657903 0.384160
vt 0.658555 0.355960
vt 0.658349 0.358530
vt 0.658012 0.387191
vt 0.658168 0.361641
vt 0.658159 0.389662
vt 0.859665 0.807678
vt 0.659564 0.380680
vt 0.659458 0.384155
vt 0.659595 0.355957
vt 0.659671 0.358525
vt 0.659335 0.387186
vt 0.659723 0.361636
vt 0.659199 0.389659
vt 0.659747 0.365169
vt 0.858843 0.806815
vt 0.859539 0.804953
vt 0.659742 0.368989
vt 0.860297 0.802930
vt 0.659709 0.372948
vt 0.045657 0.923425
vt 0.659649 0.376896
vt 0.046415 0.925458
vt 0.047112 0.927335
vt 0.859032 0.804200
vt 0.860038 0.802546
vt 0.661550 0.368971
vt 0.661553 0.372930
vt 0.045915 0.923041
vt 0.661457 0.376878
vt 0.046922 0.924704
vt 0.661268 0.380663
vt 0.047849 0.926241
vt 0.660991 0.384139
vt 0.660619 0.355947
vt 0.660975 0.358512
vt 0.660638 0.387173
vt 0.661256 0.361620
vt 0.660223 0.389648
vt 0.661450 0.365152
vt 0.858107 0.805721
vt 0.662443 0.384114
vt 0.661873 0.387152
vt 0.662209 0.358491
vt 0.662707 0.361596
vt 0.661193 0.389632
vt 0.663063 0.365124
vt 0.857485 0.804438
vt 0.858604 0.803316
vt 0.663262 0.368941
vt 0.859820 0.802095
vt 0.663298 0.372900
vt 0.046133 0.922590
vt 0.663169 0.376849
vt 0.047350 0.923821
vt 0.662880 0.380635
vt 0.048470 0.924958
vt 0.661589 0.355930
vt 0.046303 0.922091
vt 0.859650 0.801596
vt 0.360653 0.476898
vt 0.360461 0.472945
vt 0.362396 0.472963
vt 0.362550 0.476916
vt 0.047683 0.922841
vt 0.361171 0.480695
vt 0.362959 0.480712
vt 0.048953 0.923536
vt 0.361997 0.484191
vt 0.363605 0.484206
vt 0.362918 0.458581
vt 0.364219 0.456044
vt 0.365294 0.456054
vt 0.364286 0.458594
vt 0.363097 0.487250
vt 0.364465 0.487263
vt 0.361856 0.461666
vt 0.363464 0.461681
vt 0.364430 0.489755
vt 0.365505 0.489765
vt 0.361075 0.465180
vt 0.362862 0.465196
vt 0.857002 0.803016
vt 0.858272 0.802336
vt 0.360604 0.468989
vt 0.362501 0.469006
vt 0.365837 0.458603
vt 0.365289 0.461692
vt 0.366016 0.487272
vt 0.366724 0.489773
vt 0.364889 0.465209
vt 0.366685 0.491618
vt 0.367524 0.491623
vt 0.364653 0.469019
vt 0.858047 0.801298
vt 0.859536 0.801067
vt 0.364590 0.472977
vt 0.046417 0.921562
vt 0.364702 0.476929
vt 0.047907 0.921803
vt 0.364986 0.480724
vt 0.366451 0.454160
vt 0.367291 0.454165
vt 0.366513 0.456062
vt 0.365430 0.484217
vt 0.366960 0.472985
vt 0.367027 0.476937
vt 0.046472 0.921023
vt 0.048015 0.920746
vt 0.367175 0.480732
vt 0.368197 0.454168
vt 0.367830 0.456066
vt 0.367400 0.484224
vt 0.367513 0.458609
vt 0.367692 0.487278
vt 0.367259 0.461699
vt 0.368040 0.489777
vt 0.367078 0.465217
vt 0.368431 0.491626
vt 0.366977 0.469028
vt 0.857940 0.800242
vt 0.859481 0.800528
vt 0.369427 0.487280
vt 0.369404 0.489779
vt 0.369300 0.461701
vt 0.369345 0.465219
vt 0.369370 0.491627
vt 0.369384 0.469030
vt 0.857953 0.799207
vt 0.859488 0.800001
vt 0.369414 0.472988
vt 0.046466 0.920496
vt 0.369433 0.476940
vt 0.048001 0.919712
vt 0.369442 0.480735
vt 0.369136 0.454169
vt 0.369193 0.456068
vt 0.369440 0.484226
vt 0.369248 0.458611
vt 0.046397 0.920000
vt 0.047868 0.918739
vt 0.371830 0.476937
vt 0.371700 0.480732
vt 0.370072 0.454168
vt 0.370551 0.456066
vt 0.371472 0.484224
vt 0.370976 0.458609
vt 0.371155 0.487278
vt 0.371332 0.461699
vt 0.370761 0.489777
vt 0.371603 0.465217
vt 0.370306 0.491626
vt 0.371781 0.469028
vt 0.858087 0.798234
vt 0.859557 0.799505
vt 0.371858 0.472985
vt 0.373277 0.461692
vt 0.373765 0.465209
vt 0.372061 0.489773
vt 0.371201 0.491623
vt 0.374076 0.469019
vt 0.858337 0.797361
vt 0.859684 0.799059
vt 0.374198 0.472977
vt 0.046270 0.919554
vt 0.374125 0.476929
vt 0.047619 0.917866
vt 0.373862 0.480724
vt 0.370967 0.454165
vt 0.371851 0.456062
vt 0.373418 0.484217
vt 0.372631 0.458603
vt 0.372810 0.487272
vt 0.376230 0.476916
vt 0.375845 0.480712
vt 0.371789 0.454160
vt 0.373043 0.456054
vt 0.375203 0.484206
vt 0.374149 0.458594
vt 0.374328 0.487263
vt 0.375062 0.461681
vt 0.373254 0.489765
vt 0.375748 0.465196
vt 0.372023 0.491618
vt 0.376181 0.469006
vt 0.858692 0.796620
vt 0.859865 0.798682
vt 0.376344 0.472963
vt 0.046089 0.919177
vt 0.047264 0.917125
vt 0.857612 0.794717
vt 0.858261 0.793876
vt 0.859139 0.796041
vt 0.377476 0.465180
vt 0.378015 0.468989
vt 0.860093 0.798386
vt 0.378214 0.472945
vt 0.045862 0.918881
vt 0.378065 0.476898
vt 0.046817 0.916545
vt 0.377573 0.480695
vt 0.048345 0.915237
vt 0.047696 0.914396
vt 0.376757 0.484191
vt 0.374082 0.456044
vt 0.375471 0.458581
vt 0.375650 0.487250
vt 0.376617 0.461666
vt 0.374293 0.489755
vt 0.378979 0.480675
vt 0.378023 0.484172
vt 0.374928 0.456032
vt 0.376547 0.458565
vt 0.376726 0.487234
vt 0.377882 0.461647
vt 0.375138 0.489743
vt 0.378882 0.465159
vt 0.859019 0.793301
vt 0.859661 0.795645
vt 0.379508 0.468967
vt 0.860359 0.798185
vt 0.379736 0.472923
vt 0.045595 0.918680
vt 0.379557 0.476877
vt 0.046295 0.916149
vt 0.046938 0.913821
vt 0.145188 0.699532
vt 0.145383 0.695573
vt 0.145305 0.703476
vt 0.145729 0.707251
vt 0.146443 0.710714
vt 0.047502 0.911784
vt 0.046436 0.911420
vt 0.147422 0.713731
vt 0.146666 0.688208
vt 0.147706 0.685087
vt 0.858458 0.791243
vt 0.859524 0.790879
vt 0.145882 0.691749
vt 0.423518 0.811670
vt 0.423726 0.808677
vt 0.424372 0.808680
vt 0.424203 0.811673
vt 0.131620 0.915201
vt 0.131473 0.913571
vt 0.131685 0.913514
vt 0.131728 0.915172
vt 0.423476 0.814756
vt 0.424175 0.814759
vt 0.404701 0.921165
vt 0.406053 0.922419
vt 0.404647 0.921263
vt 0.132152 0.916853
vt 0.423604 0.817817
vt 0.424289 0.817819
vt 0.403527 0.919613
vt 0.403421 0.919806
vt 0.423895 0.820734
vt 0.424540 0.820736
vt 0.425244 0.801363
vt 0.425983 0.799792
vt 0.426250 0.799793
vt 0.425632 0.801364
vt 0.424338 0.823396
vt 0.424920 0.823398
vt 0.424606 0.803423
vt 0.425101 0.803424
vt 0.424917 0.825700
vt 0.425412 0.825702
vt 0.424094 0.805892
vt 0.424675 0.805895
vt 0.425610 0.827559
vt 0.425998 0.827560
vt 0.864665 0.485633
vt 0.865627 0.483678
vt 0.865824 0.483850
vt 0.864800 0.485752
vt 0.425374 0.805875
vt 0.425149 0.808658
vt 0.426657 0.828900
vt 0.426466 0.827547
vt 0.426979 0.828892
vt 0.425028 0.811650
vt 0.131943 0.913582
vt 0.131859 0.915207
vt 0.425016 0.814736
vt 0.404650 0.921399
vt 0.425114 0.817796
vt 0.426930 0.798772
vt 0.427094 0.798767
vt 0.426572 0.799784
vt 0.425317 0.820715
vt 0.426100 0.801351
vt 0.425619 0.823379
vt 0.425695 0.803408
vt 0.426006 0.825686
vt 0.426046 0.817749
vt 0.426196 0.820671
vt 0.426936 0.799766
vt 0.426628 0.801325
vt 0.426409 0.823339
vt 0.426367 0.803374
vt 0.426679 0.825652
vt 0.426165 0.805835
vt 0.426994 0.827521
vt 0.426027 0.808614
vt 0.132401 0.912043
vt 0.132827 0.912320
vt 0.132237 0.913773
vt 0.425960 0.811603
vt 0.132009 0.915304
vt 0.425967 0.814688
vt 0.404709 0.921568
vt 0.859046 0.254222
vt 0.860502 0.254005
vt 0.860563 0.254127
vt 0.859166 0.254462
vt 0.133290 0.912765
vt 0.132556 0.914080
vt 0.426973 0.808549
vt 0.426964 0.811534
vt 0.132172 0.915460
vt 0.426990 0.814617
vt 0.862009 0.254276
vt 0.860680 0.254264
vt 0.427050 0.817680
vt 0.859396 0.254731
vt 0.427141 0.820605
vt 0.427327 0.799739
vt 0.427196 0.801286
vt 0.427260 0.823280
vt 0.427091 0.803324
vt 0.427402 0.825602
vt 0.427015 0.805777
vt 0.427562 0.827481
vt 0.858206 0.255659
vt 0.859725 0.255020
vt 0.858684 0.256078
vt 0.428118 0.820521
vt 0.428139 0.823204
vt 0.427784 0.801235
vt 0.427838 0.803260
vt 0.428150 0.825537
vt 0.427894 0.805701
vt 0.134345 0.911566
vt 0.134956 0.912323
vt 0.133770 0.913360
vt 0.427949 0.808465
vt 0.132887 0.914490
vt 0.428001 0.811444
vt 0.132340 0.915669
vt 0.428047 0.814526
vt 0.860848 0.254411
vt 0.428087 0.817591
vt 0.428919 0.808365
vt 0.429031 0.811339
vt 0.133217 0.914987
vt 0.132509 0.915923
vt 0.429097 0.814418
vt 0.861061 0.254562
vt 0.429117 0.817485
vt 0.860142 0.255316
vt 0.429088 0.820422
vt 0.859290 0.256508
vt 0.429012 0.823115
vt 0.857765 0.257544
vt 0.858535 0.258092
vt 0.136400 0.911420
vt 0.137118 0.912501
vt 0.135567 0.913243
vt 0.857002 0.259364
vt 0.857908 0.260007
vt 0.134250 0.914082
vt 0.428768 0.805611
vt 0.138843 0.911885
vt 0.139609 0.913252
vt 0.137807 0.913731
vt 0.859998 0.256932
vt 0.859437 0.258632
vt 0.136153 0.914289
vt 0.858969 0.260643
vt 0.134710 0.914904
vt 0.857433 0.262180
vt 0.858611 0.262887
vt 0.133534 0.915553
vt 0.857127 0.264528
vt 0.858378 0.265278
vt 0.132670 0.916212
vt 0.857002 0.266960
vt 0.858278 0.267724
vt 0.861310 0.254712
vt 0.430100 0.814298
vt 0.430100 0.817367
vt 0.860630 0.255609
vt 0.140676 0.911420
vt 0.141489 0.912871
vt 0.133826 0.916166
vt 0.132819 0.916524
vt 0.859764 0.265990
vt 0.859691 0.268450
vt 0.861585 0.254853
vt 0.858315 0.270132
vt 0.859701 0.270844
vt 0.861171 0.255886
vt 0.142237 0.914442
vt 0.140313 0.914732
vt 0.860783 0.257336
vt 0.138441 0.915063
vt 0.860436 0.259145
vt 0.136692 0.915421
vt 0.860143 0.261246
vt 0.135134 0.915794
vt 0.859916 0.263557
vt 0.138995 0.916445
vt 0.137164 0.916597
vt 0.861494 0.259612
vt 0.861387 0.261794
vt 0.135504 0.916718
vt 0.861298 0.264166
vt 0.134081 0.916803
vt 0.861230 0.266636
vt 0.132949 0.916848
vt 0.861187 0.269109
vt 0.861877 0.254982
vt 0.861168 0.271491
vt 0.861744 0.256139
vt 0.142891 0.916073
vt 0.140929 0.916268
vt 0.861614 0.257702
vt 0.862174 0.255093
vt 0.133056 0.917172
vt 0.862708 0.269677
vt 0.862660 0.272047
vt 0.862326 0.256356
vt 0.143427 0.917700
vt 0.141434 0.917801
vt 0.862459 0.258017
vt 0.139449 0.917825
vt 0.862570 0.260013
vt 0.137550 0.917771
vt 0.862652 0.262266
vt 0.135808 0.917640
vt 0.862704 0.264691
vt 0.134290 0.917438
vt 0.862723 0.267193
vt 0.863622 0.260334
vt 0.863889 0.262643
vt 0.137835 0.918897
vt 0.136032 0.918525
vt 0.864079 0.265110
vt 0.134445 0.918047
vt 0.864182 0.267638
vt 0.133135 0.917483
vt 0.864196 0.270130
vt 0.862464 0.255181
vt 0.864120 0.272492
vt 0.862895 0.256529
vt 0.862581 0.274212
vt 0.863956 0.274631
vt 0.863286 0.258269
vt 0.141807 0.919273
vt 0.139785 0.919150
vt 0.865594 0.270453
vt 0.865491 0.272808
vt 0.862737 0.255244
vt 0.863430 0.256653
vt 0.865248 0.274929
vt 0.864063 0.258448
vt 0.142034 0.920626
vt 0.139990 0.920367
vt 0.864610 0.260561
vt 0.138009 0.919933
vt 0.865052 0.262911
vt 0.136169 0.919338
vt 0.865370 0.265407
vt 0.134539 0.918608
vt 0.865553 0.267954
vt 0.133183 0.917769
vt 0.138065 0.920838
vt 0.136213 0.920050
vt 0.866095 0.263060
vt 0.866529 0.265573
vt 0.134569 0.919098
vt 0.866783 0.268129
vt 0.133198 0.918019
vt 0.866848 0.270632
vt 0.862982 0.255279
vt 0.866721 0.272983
vt 0.863910 0.256721
vt 0.866407 0.275094
vt 0.864760 0.258548
vt 0.142108 0.921809
vt 0.140056 0.921432
vt 0.865497 0.260688
vt 0.867825 0.268157
vt 0.867910 0.270660
vt 0.863189 0.255284
vt 0.133180 0.918223
vt 0.867763 0.273011
vt 0.864317 0.256732
vt 0.867388 0.275121
vt 0.865350 0.258563
vt 0.142023 0.922777
vt 0.139980 0.922303
vt 0.866248 0.260708
vt 0.138001 0.921578
vt 0.866978 0.263084
vt 0.136162 0.920631
vt 0.867510 0.265599
vt 0.134535 0.919498
vt 0.139766 0.922945
vt 0.137819 0.922125
vt 0.866835 0.260621
vt 0.867667 0.262981
vt 0.136019 0.921061
vt 0.868276 0.265485
vt 0.134436 0.919794
vt 0.868638 0.268036
vt 0.133130 0.918374
vt 0.868740 0.270537
vt 0.863351 0.255260
vt 0.868576 0.272891
vt 0.864634 0.256685
vt 0.868154 0.275007
vt 0.865810 0.258495
vt 0.141785 0.923491
vt 0.407422 0.923385
vt 0.407531 0.923329
vt 0.133049 0.918465
vt 0.041326 0.814110
vt 0.041260 0.811064
vt 0.041694 0.810956
vt 0.041752 0.814004
vt 0.863461 0.255208
vt 0.864850 0.256582
vt 0.041630 0.817096
vt 0.042031 0.816996
vt 0.866124 0.258345
vt 0.042159 0.819906
vt 0.042520 0.819816
vt 0.867234 0.260430
vt 0.139421 0.923336
vt 0.137526 0.922457
vt 0.868137 0.262757
vt 0.135789 0.921322
vt 0.868798 0.265236
vt 0.134277 0.919974
vt 0.869192 0.267772
vt 0.869304 0.270267
vt 0.042826 0.802627
vt 0.043591 0.800478
vt 0.044055 0.800445
vt 0.043373 0.802587
vt 0.044047 0.824520
vt 0.043201 0.822357
vt 0.043666 0.822323
vt 0.044412 0.824493
vt 0.042241 0.805155
vt 0.042849 0.805112
vt 0.045026 0.826222
vt 0.045278 0.826204
vt 0.041859 0.807968
vt 0.042504 0.807921
vt 0.134065 0.920031
vt 0.132941 0.918494
vt 0.042351 0.810908
vt 0.407585 0.923230
vt 0.042396 0.813958
vt 0.863515 0.255128
vt 0.864956 0.256426
vt 0.042638 0.816952
vt 0.866278 0.258119
vt 0.043067 0.819777
vt 0.044505 0.798794
vt 0.044871 0.798767
vt 0.043206 0.810923
vt 0.043235 0.813972
vt 0.409183 0.923665
vt 0.407582 0.923094
vt 0.409178 0.923398
vt 0.043428 0.816966
vt 0.410786 0.923706
vt 0.410779 0.923318
vt 0.043778 0.819789
vt 0.045346 0.798776
vt 0.044660 0.800456
vt 0.044271 0.822334
vt 0.044084 0.802600
vt 0.044888 0.824502
vt 0.043639 0.805126
vt 0.045605 0.826210
vt 0.043343 0.807936
vt 0.046229 0.827389
vt 0.046396 0.827392
vt 0.132809 0.918459
vt 0.044992 0.822388
vt 0.045455 0.824545
vt 0.044932 0.802664
vt 0.044582 0.805197
vt 0.045996 0.826239
vt 0.044344 0.808012
vt 0.046595 0.827407
vt 0.044227 0.811000
vt 0.407524 0.922925
vt 0.132659 0.918362
vt 0.044236 0.814048
vt 0.409063 0.923067
vt 0.044371 0.817037
vt 0.410612 0.922838
vt 0.044626 0.819853
vt 0.045913 0.798818
vt 0.045382 0.800510
vt 0.045361 0.814181
vt 0.045430 0.817163
vt 0.408841 0.922685
vt 0.410290 0.922284
vt 0.045580 0.819966
vt 0.046550 0.798894
vt 0.046193 0.800606
vt 0.045803 0.822484
vt 0.045886 0.802777
vt 0.046092 0.824620
vt 0.045641 0.805322
vt 0.046435 0.826291
vt 0.045468 0.808145
vt 0.046819 0.827434
vt 0.045374 0.811136
vt 0.407411 0.922731
vt 0.132497 0.918206
vt 0.046774 0.824725
vt 0.046905 0.826364
vt 0.046776 0.805497
vt 0.046673 0.808331
vt 0.047058 0.827471
vt 0.046602 0.811326
vt 0.407248 0.922517
vt 0.862275 0.488290
vt 0.860978 0.488480
vt 0.861115 0.488323
vt 0.046566 0.814367
vt 0.408522 0.922266
vt 0.046565 0.817338
vt 0.409827 0.921676
vt 0.046601 0.820124
vt 0.047232 0.798999
vt 0.047061 0.800740
vt 0.046672 0.822618
vt 0.046907 0.802934
vt 0.408118 0.921827
vt 0.409240 0.921039
vt 0.047732 0.817556
vt 0.047651 0.820320
vt 0.411112 0.920769
vt 0.410365 0.919958
vt 0.047565 0.822785
vt 0.047954 0.800907
vt 0.047957 0.803130
vt 0.047476 0.824856
vt 0.047943 0.805715
vt 0.047388 0.826454
vt 0.047912 0.808562
vt 0.859922 0.487856
vt 0.860274 0.487527
vt 0.861294 0.488156
vt 0.047865 0.811562
vt 0.407042 0.922294
vt 0.047804 0.814598
vt 0.049097 0.805968
vt 0.049137 0.808830
vt 0.860697 0.487189
vt 0.861510 0.487984
vt 0.049114 0.811835
vt 0.406800 0.922068
vt 0.049030 0.814866
vt 0.407644 0.921385
vt 0.048886 0.817808
vt 0.408552 0.920397
vt 0.048690 0.820547
vt 0.409489 0.919140
vt 0.048448 0.822978
vt 0.411450 0.918626
vt 0.410420 0.917665
vt 0.048170 0.825008
vt 0.048996 0.803358
vt 0.859253 0.486428
vt 0.859868 0.485937
vt 0.858285 0.482269
vt 0.857592 0.479993
vt 0.858747 0.479187
vt 0.859324 0.481544
vt 0.407789 0.919774
vt 0.408518 0.918348
vt 0.859053 0.484276
vt 0.859936 0.483660
vt 0.409277 0.916733
vt 0.860562 0.485453
vt 0.411308 0.916027
vt 0.410039 0.914992
vt 0.861175 0.486856
vt 0.050194 0.806245
vt 0.050302 0.809124
vt 0.861754 0.487814
vt 0.050302 0.812135
vt 0.406532 0.921849
vt 0.050194 0.815161
vt 0.407118 0.920956
vt 0.857002 0.477536
vt 0.858228 0.476681
vt 0.861690 0.486539
vt 0.862016 0.487652
vt 0.857787 0.474120
vt 0.857441 0.471604
vt 0.858759 0.470793
vt 0.859131 0.473293
vt 0.406248 0.921646
vt 0.859546 0.475870
vt 0.406561 0.920557
vt 0.859988 0.478423
vt 0.406980 0.919194
vt 0.860441 0.480856
vt 0.407488 0.917611
vt 0.860887 0.483075
vt 0.408067 0.915866
vt 0.861308 0.484994
vt 0.408694 0.914028
vt 0.857203 0.469229
vt 0.858445 0.468465
vt 0.406156 0.918681
vt 0.406440 0.916957
vt 0.861595 0.480232
vt 0.861868 0.482544
vt 0.406835 0.915098
vt 0.862079 0.484577
vt 0.407325 0.913174
vt 0.862221 0.486252
vt 0.859727 0.467772
vt 0.860120 0.470057
vt 0.862287 0.487506
vt 0.860518 0.472543
vt 0.405959 0.921466
vt 0.860907 0.475133
vt 0.405994 0.920203
vt 0.861270 0.477730
vt 0.861471 0.469424
vt 0.861896 0.471897
vt 0.405676 0.921315
vt 0.862555 0.487380
vt 0.862258 0.474500
vt 0.405439 0.919908
vt 0.862543 0.477133
vt 0.405350 0.918253
vt 0.862740 0.479695
vt 0.405414 0.916412
vt 0.862842 0.482088
vt 0.405629 0.914457
vt 0.862845 0.484218
vt 0.405984 0.912462
vt 0.862748 0.486005
vt 0.861000 0.467175
vt 0.863833 0.479267
vt 0.863772 0.481723
vt 0.404450 0.915997
vt 0.404494 0.913969
vt 0.863575 0.483932
vt 0.404724 0.911920
vt 0.863251 0.485808
vt 0.862214 0.466699
vt 0.862760 0.468918
vt 0.862812 0.487279
vt 0.863211 0.471381
vt 0.405410 0.921201
vt 0.863547 0.473995
vt 0.404917 0.919684
vt 0.863757 0.476657
vt 0.404592 0.917927
vt 0.863046 0.487208
vt 0.864412 0.471016
vt 0.864725 0.473636
vt 0.405171 0.921126
vt 0.404448 0.919538
vt 0.864867 0.476319
vt 0.403912 0.917715
vt 0.864832 0.478963
vt 0.403584 0.915728
vt 0.864621 0.481464
vt 0.403476 0.913652
vt 0.864242 0.483728
vt 0.403592 0.911568
vt 0.863711 0.485668
vt 0.863324 0.466361
vt 0.863939 0.468559
vt 0.865357 0.481322
vt 0.864821 0.483616
vt 0.402612 0.913519
vt 0.402632 0.911420
vt 0.864109 0.485590
vt 0.864286 0.466175
vt 0.864960 0.468361
vt 0.863249 0.487168
vt 0.865453 0.470814
vt 0.404968 0.921095
vt 0.865747 0.473438
vt 0.404050 0.919477
vt 0.865829 0.476133
vt 0.403335 0.917626
vt 0.865698 0.478795
vt 0.402849 0.915614
vt 0.404810 0.921108
vt 0.403739 0.919502
vt 0.866572 0.473408
vt 0.866607 0.476105
vt 0.402883 0.917663
vt 0.866398 0.478769
vt 0.402274 0.915661
vt 0.865953 0.481300
vt 0.401936 0.913574
vt 0.865289 0.483599
vt 0.401881 0.911481
vt 0.864431 0.485579
vt 0.865064 0.466147
vt 0.865786 0.468331
vt 0.863414 0.487163
vt 0.866295 0.470783
vt 0.423236 0.808651
vt 0.423653 0.805869
vt 0.422997 0.811643
vt 0.863533 0.487190
vt 0.422946 0.814728
vt 0.131539 0.915292
vt 0.423083 0.817789
vt 0.867171 0.473548
vt 0.867171 0.476236
vt 0.402574 0.917824
vt 0.866905 0.478888
vt 0.401881 0.915867
vt 0.866384 0.481401
vt 0.424231 0.803403
vt 0.758713 0.374932
vt 0.759935 0.373382
vt 0.760068 0.373473
vt 0.758907 0.375063
vt 0.858500 0.591731
vt 0.858567 0.588902
vt 0.859064 0.588948
vt 0.858947 0.591772
vt 0.757672 0.376860
vt 0.757918 0.377027
vt 0.858420 0.594294
vt 0.858800 0.594329
vt 0.858624 0.574697
vt 0.858577 0.572614
vt 0.858958 0.572649
vt 0.859071 0.574738
vt 0.858328 0.596493
vt 0.858627 0.596520
vt 0.858652 0.577169
vt 0.859149 0.577215
vt 0.858229 0.598243
vt 0.858435 0.598262
vt 0.858661 0.579935
vt 0.859188 0.579983
vt 0.858127 0.599477
vt 0.858232 0.599486
vt 0.858649 0.582889
vt 0.859186 0.582938
vt 0.313440 0.923343
vt 0.314121 0.924786
vt 0.313376 0.923404
vt 0.586206 0.924353
vt 0.585267 0.925534
vt 0.585203 0.925473
vt 0.858617 0.585917
vt 0.859144 0.585965
vt 0.761292 0.372271
vt 0.761360 0.372317
vt 0.756607 0.389483
vt 0.756335 0.386960
vt 0.756955 0.387113
vt 0.757216 0.389633
vt 0.761481 0.372347
vt 0.760306 0.373531
vt 0.859632 0.586084
vt 0.859523 0.589060
vt 0.759251 0.375148
vt 0.859361 0.591873
vt 0.758357 0.377136
vt 0.859152 0.594414
vt 0.757142 0.379290
vt 0.757658 0.379417
vt 0.858903 0.596587
vt 0.756607 0.381763
vt 0.757181 0.381905
vt 0.858625 0.598308
vt 0.756335 0.384353
vt 0.756943 0.384504
vt 0.583982 0.926287
vt 0.583922 0.926073
vt 0.585173 0.925363
vt 0.313345 0.923513
vt 0.582501 0.926455
vt 0.580966 0.926494
vt 0.580982 0.925939
vt 0.582514 0.926019
vt 0.758381 0.379470
vt 0.757984 0.381964
vt 0.583930 0.925773
vt 0.757796 0.384566
vt 0.585177 0.925210
vt 0.757825 0.387177
vt 0.762730 0.371641
vt 0.761650 0.372359
vt 0.758069 0.389696
vt 0.760639 0.373556
vt 0.757715 0.391967
vt 0.758519 0.392026
vt 0.759734 0.375184
vt 0.758434 0.394025
vt 0.759157 0.394078
vt 0.758972 0.377181
vt 0.759345 0.395728
vt 0.759960 0.395773
vt 0.759133 0.389668
vt 0.759521 0.392000
vt 0.761054 0.373545
vt 0.760337 0.375168
vt 0.760059 0.394055
vt 0.759739 0.377161
vt 0.760727 0.395753
vt 0.759283 0.379447
vt 0.581123 0.925246
vt 0.582624 0.925475
vt 0.758986 0.381938
vt 0.584007 0.925398
vt 0.758860 0.384539
vt 0.585216 0.925019
vt 0.758909 0.387149
vt 0.761862 0.372354
vt 0.582829 0.924843
vt 0.584148 0.924963
vt 0.760149 0.381829
vt 0.760094 0.384423
vt 0.585288 0.924797
vt 0.760168 0.387030
vt 0.762107 0.372331
vt 0.760367 0.389552
vt 0.761535 0.373500
vt 0.760684 0.391891
vt 0.761036 0.375102
vt 0.761106 0.393956
vt 0.760629 0.377077
vt 0.761617 0.395669
vt 0.760329 0.379349
vt 0.581383 0.924442
vt 0.762065 0.373421
vt 0.761805 0.374989
vt 0.761962 0.391701
vt 0.762256 0.393786
vt 0.761607 0.376932
vt 0.762596 0.395525
vt 0.761480 0.379178
vt 0.581754 0.923559
vt 0.583121 0.924149
vt 0.761427 0.381639
vt 0.584349 0.924485
vt 0.761451 0.384222
vt 0.585390 0.924554
vt 0.761552 0.386826
vt 0.762377 0.372291
vt 0.761724 0.389351
vt 0.762772 0.381378
vt 0.762879 0.383944
vt 0.584601 0.923981
vt 0.585519 0.924297
vt 0.763008 0.386542
vt 0.762661 0.372236
vt 0.763152 0.389073
vt 0.762622 0.373313
vt 0.763307 0.391440
vt 0.762614 0.374831
vt 0.763467 0.393550
vt 0.762637 0.376732
vt 0.763625 0.395324
vt 0.762690 0.378943
vt 0.582221 0.922629
vt 0.583487 0.923418
vt 0.764667 0.391116
vt 0.764691 0.393259
vt 0.763432 0.374636
vt 0.763678 0.376484
vt 0.764666 0.395076
vt 0.763914 0.378651
vt 0.582765 0.921688
vt 0.583915 0.922679
vt 0.764132 0.381054
vt 0.584896 0.923472
vt 0.764323 0.383600
vt 0.585669 0.924038
vt 0.764480 0.386192
vt 0.762949 0.372167
vt 0.764596 0.388729
vt 0.763186 0.373179
vt 0.585221 0.922977
vt 0.585835 0.923785
vt 0.765727 0.383203
vt 0.765911 0.385787
vt 0.763228 0.372088
vt 0.766000 0.388333
vt 0.763733 0.373024
vt 0.765990 0.390742
vt 0.764227 0.374412
vt 0.765881 0.392922
vt 0.764690 0.376198
vt 0.581490 0.920538
vt 0.582197 0.919462
vt 0.583366 0.920773
vt 0.765105 0.378315
vt 0.584387 0.921960
vt 0.765455 0.380680
vt 0.764970 0.374166
vt 0.765635 0.375885
vt 0.582944 0.918458
vt 0.584001 0.919919
vt 0.766216 0.377946
vt 0.584886 0.921289
vt 0.766690 0.380271
vt 0.585565 0.922515
vt 0.767038 0.382769
vt 0.586010 0.923550
vt 0.767248 0.385344
vt 0.763489 0.372002
vt 0.767311 0.387898
vt 0.764245 0.372854
vt 0.767224 0.390333
vt 0.766992 0.392554
vt 0.768205 0.382313
vt 0.768437 0.384880
vt 0.763721 0.371911
vt 0.586188 0.923340
vt 0.768477 0.387443
vt 0.764700 0.372677
vt 0.768323 0.389904
vt 0.765630 0.373907
vt 0.581754 0.916961
vt 0.582596 0.915967
vt 0.583701 0.917564
vt 0.766476 0.375556
vt 0.584646 0.919159
vt 0.767205 0.377560
vt 0.585393 0.920692
vt 0.767789 0.379842
vt 0.585913 0.922104
vt 0.584441 0.916814
vt 0.585275 0.918522
vt 0.767181 0.375226
vt 0.768034 0.377171
vt 0.585887 0.920191
vt 0.768710 0.379409
vt 0.586254 0.921759
vt 0.769183 0.381854
vt 0.586362 0.923164
vt 0.769434 0.384412
vt 0.763915 0.371820
vt 0.769455 0.386984
vt 0.765082 0.372498
vt 0.581372 0.914431
vt 0.582245 0.913547
vt 0.583418 0.915134
vt 0.766184 0.373647
vt 0.586524 0.923029
vt 0.580966 0.912113
vt 0.581799 0.911420
vt 0.583062 0.912867
vt 0.764065 0.371731
vt 0.765375 0.372324
vt 0.584188 0.914494
vt 0.766610 0.373395
vt 0.585134 0.916238
vt 0.767723 0.374905
vt 0.585864 0.918031
vt 0.768671 0.376794
vt 0.586350 0.919806
vt 0.769418 0.378990
vt 0.586573 0.921493
vt 0.769934 0.381409
vt 0.770201 0.383958
vt 0.586391 0.917708
vt 0.586764 0.919552
vt 0.857059 0.692591
vt 0.857055 0.689814
vt 0.857603 0.689995
vt 0.857667 0.692791
vt 0.586858 0.921318
vt 0.857055 0.695496
vt 0.857701 0.695709
vt 0.586670 0.922939
vt 0.857044 0.698420
vt 0.857703 0.698636
vt 0.764163 0.371649
vt 0.857026 0.701248
vt 0.857672 0.701461
vt 0.765568 0.372163
vt 0.857002 0.703873
vt 0.857611 0.704074
vt 0.857026 0.685067
vt 0.857002 0.683279
vt 0.857254 0.683362
vt 0.857392 0.685188
vt 0.584876 0.914071
vt 0.585754 0.915857
vt 0.857044 0.687274
vt 0.857510 0.687427
vt 0.857102 0.682020
vt 0.857224 0.682042
vt 0.857494 0.683406
vt 0.858286 0.701572
vt 0.858189 0.704179
vt 0.857740 0.685251
vt 0.857521 0.706375
vt 0.858041 0.706469
vt 0.857953 0.687508
vt 0.586276 0.915686
vt 0.586836 0.917562
vt 0.858123 0.690089
vt 0.587113 0.919437
vt 0.858246 0.692896
vt 0.587098 0.921240
vt 0.858315 0.695820
vt 0.586792 0.922899
vt 0.858329 0.698750
vt 0.314842 0.925939
vt 0.314965 0.925979
vt 0.858597 0.690094
vt 0.858772 0.692902
vt 0.587384 0.919468
vt 0.587285 0.921261
vt 0.858874 0.695826
vt 0.586887 0.922910
vt 0.858899 0.698756
vt 0.315060 0.925968
vt 0.858845 0.701578
vt 0.857335 0.682044
vt 0.857712 0.683408
vt 0.858716 0.704184
vt 0.858057 0.685254
vt 0.858515 0.706474
vt 0.858356 0.687512
vt 0.857848 0.708355
vt 0.858252 0.708360
vt 0.587181 0.917601
vt 0.859328 0.701479
vt 0.859170 0.704091
vt 0.857901 0.683369
vt 0.858330 0.685198
vt 0.858924 0.706390
vt 0.858703 0.687440
vt 0.757652 0.062480
vt 0.756839 0.060160
vt 0.757135 0.059994
vt 0.757904 0.062338
vt 0.859006 0.690010
vt 0.758685 0.064473
vt 0.758883 0.064361
vt 0.859227 0.692808
vt 0.759898 0.066061
vt 0.760035 0.065985
vt 0.859357 0.695727
vt 0.761244 0.067185
vt 0.761314 0.067146
vt 0.859391 0.698655
vt 0.315124 0.925906
vt 0.586951 0.922971
vt 0.857431 0.682024
vt 0.759231 0.064293
vt 0.760274 0.065937
vt 0.756605 0.049309
vt 0.757135 0.046827
vt 0.757713 0.046713
vt 0.757219 0.049188
vt 0.761436 0.067122
vt 0.756335 0.051970
vt 0.756961 0.051847
vt 0.315154 0.925797
vt 0.586982 0.923080
vt 0.756335 0.054708
vt 0.756949 0.054587
vt 0.316346 0.926723
vt 0.316405 0.926509
vt 0.756605 0.057417
vt 0.757183 0.057303
vt 0.317739 0.927205
vt 0.317826 0.926893
vt 0.757656 0.059891
vt 0.858549 0.685084
vt 0.858983 0.687295
vt 0.758347 0.062251
vt 0.859335 0.689839
vt 0.757904 0.044619
vt 0.758425 0.044516
vt 0.316397 0.926208
vt 0.317814 0.926457
vt 0.757990 0.057264
vt 0.758381 0.059856
vt 0.319362 0.926936
vt 0.319346 0.926380
vt 0.758964 0.062221
vt 0.759326 0.042683
vt 0.759943 0.042653
vt 0.759150 0.044481
vt 0.759716 0.064269
vt 0.758519 0.046674
vt 0.760608 0.065921
vt 0.758075 0.049147
vt 0.761606 0.067114
vt 0.757833 0.051805
vt 0.315150 0.925644
vt 0.762672 0.067801
vt 0.757805 0.054545
vt 0.759522 0.046712
vt 0.759139 0.049187
vt 0.761023 0.065937
vt 0.761818 0.067122
vt 0.758918 0.051845
vt 0.315111 0.925452
vt 0.758869 0.054585
vt 0.316321 0.925833
vt 0.758992 0.057302
vt 0.317703 0.925912
vt 0.759283 0.059890
vt 0.760867 0.041260
vt 0.761470 0.041282
vt 0.760710 0.042682
vt 0.759731 0.062250
vt 0.760052 0.044515
vt 0.760319 0.064292
vt 0.760152 0.057415
vt 0.760327 0.059991
vt 0.762168 0.041350
vt 0.761598 0.042768
vt 0.760619 0.062336
vt 0.761097 0.044617
vt 0.761016 0.064360
vt 0.760682 0.046825
vt 0.761504 0.065984
vt 0.760371 0.049307
vt 0.762063 0.067146
vt 0.760174 0.051968
vt 0.315039 0.925230
vt 0.760101 0.054705
vt 0.316179 0.925397
vt 0.317498 0.925280
vt 0.762032 0.066060
vt 0.762332 0.067184
vt 0.761723 0.049502
vt 0.761553 0.052167
vt 0.314937 0.924986
vt 0.761453 0.054900
vt 0.315979 0.924919
vt 0.761426 0.057598
vt 0.317206 0.924585
vt 0.761474 0.060157
vt 0.762934 0.041461
vt 0.762573 0.042909
vt 0.761594 0.062477
vt 0.762243 0.044782
vt 0.761782 0.064470
vt 0.761956 0.047008
vt 0.762678 0.060380
vt 0.762618 0.062667
vt 0.763597 0.043099
vt 0.763447 0.045005
vt 0.762587 0.064619
vt 0.763294 0.047256
vt 0.762586 0.066162
vt 0.763143 0.049765
vt 0.762615 0.067237
vt 0.763001 0.052435
vt 0.314808 0.924730
vt 0.762873 0.055163
vt 0.315726 0.924415
vt 0.762764 0.057846
vt 0.316840 0.923854
vt 0.763738 0.041610
vt 0.314658 0.924470
vt 0.762900 0.067300
vt 0.764463 0.052761
vt 0.764307 0.055484
vt 0.315431 0.923906
vt 0.764114 0.058148
vt 0.316412 0.923114
vt 0.763893 0.060651
vt 0.318106 0.923068
vt 0.317562 0.922127
vt 0.763652 0.062898
vt 0.764631 0.043330
vt 0.764663 0.045277
vt 0.763399 0.064801
vt 0.764644 0.047558
vt 0.763145 0.066287
vt 0.764577 0.050085
vt 0.765635 0.043594
vt 0.765843 0.045587
vt 0.764656 0.063162
vt 0.764188 0.065008
vt 0.765956 0.047903
vt 0.763689 0.066430
vt 0.765970 0.050451
vt 0.763177 0.067373
vt 0.765883 0.053134
vt 0.314492 0.924218
vt 0.765699 0.055850
vt 0.315106 0.923410
vt 0.765426 0.058493
vt 0.315940 0.922395
vt 0.765074 0.060962
vt 0.316961 0.921211
vt 0.767206 0.053539
vt 0.766997 0.056247
vt 0.314317 0.923982
vt 0.314762 0.922948
vt 0.766649 0.058867
vt 0.315441 0.921724
vt 0.766174 0.061298
vt 0.316326 0.920357
vt 0.765591 0.063448
vt 0.318130 0.919904
vt 0.317383 0.918899
vt 0.764923 0.065233
vt 0.766943 0.045924
vt 0.767178 0.048277
vt 0.764195 0.066585
vt 0.767267 0.050848
vt 0.763435 0.067452
vt 0.766422 0.063746
vt 0.765576 0.065467
vt 0.767921 0.046274
vt 0.768264 0.048666
vt 0.764645 0.066746
vt 0.768420 0.051261
vt 0.763664 0.067534
vt 0.768381 0.053961
vt 0.314139 0.923772
vt 0.768150 0.056660
vt 0.314414 0.922537
vt 0.767735 0.059256
vt 0.314934 0.921127
vt 0.767151 0.061649
vt 0.315681 0.919597
vt 0.316626 0.918005
vt 0.313965 0.923596
vt 0.314073 0.922192
vt 0.769114 0.057073
vt 0.768642 0.059645
vt 0.314440 0.920626
vt 0.767968 0.061999
vt 0.315052 0.918959
vt 0.767117 0.064044
vt 0.315886 0.917256
vt 0.766122 0.065701
vt 0.317731 0.916414
vt 0.316910 0.915581
vt 0.765021 0.066908
vt 0.769172 0.049055
vt 0.769384 0.051675
vt 0.763856 0.067617
vt 0.769364 0.054382
vt 0.315193 0.916680
vt 0.316140 0.914941
vt 0.766540 0.065926
vt 0.765309 0.067063
vt 0.318083 0.913999
vt 0.317266 0.913319
vt 0.764003 0.067696
vt 0.319362 0.912570
vt 0.318528 0.911877
vt 0.313803 0.923461
vt 0.770116 0.054787
vt 0.769851 0.057471
vt 0.313754 0.921927
vt 0.769337 0.060020
vt 0.313977 0.920241
vt 0.768594 0.062336
vt 0.314463 0.918469
vt 0.767649 0.064330
vt 0.857046 0.589170
vt 0.857002 0.586201
vt 0.857525 0.586037
vt 0.857538 0.589016
vt 0.313469 0.921751
vt 0.313563 0.919987
vt 0.857132 0.591972
vt 0.857574 0.591833
vt 0.313936 0.918146
vt 0.857256 0.594499
vt 0.857632 0.594381
vt 0.314573 0.916299
vt 0.767997 0.064595
vt 0.766814 0.066134
vt 0.315451 0.914518
vt 0.765497 0.067206
vt 0.316535 0.912870
vt 0.764099 0.067769
vt 0.317783 0.911420
vt 0.313657 0.923372
vt 0.857002 0.583179
vt 0.857535 0.583012
vt 0.857803 0.598290
vt 0.857710 0.596561
vt 0.858018 0.596506
vt 0.858016 0.598252
vt 0.857569 0.580056
vt 0.857624 0.577283
vt 0.858137 0.577192
vt 0.858114 0.579960
vt 0.857910 0.599501
vt 0.858018 0.599482
vt 0.858091 0.582914
vt 0.313535 0.923332
vt 0.585485 0.925505
vt 0.585363 0.925545
vt 0.858070 0.585941
vt 0.313228 0.921673
vt 0.858052 0.588925
vt 0.313214 0.919873
vt 0.858037 0.591751
vt 0.313491 0.918001
vt 0.858025 0.594311
vt 0.314051 0.916129
vt 0.857699 0.574799
vt 0.858161 0.574718
vt 0.858183 0.572631
vt 0.858204 0.571014
vt 0.858514 0.571000
vt 0.313042 0.921694
vt 0.312943 0.919904
vt 0.234972 0.800038
vt 0.234949 0.798767
vt 0.236350 0.798984
vt 0.236233 0.800233
vt 0.518862 0.801402
vt 0.518748 0.803470
vt 0.517901 0.803570
vt 0.517784 0.801528
vt 0.235004 0.801745
vt 0.236076 0.801911
vt 0.518955 0.799705
vt 0.517687 0.799854
vt 0.235043 0.803824
vt 0.235886 0.803954
vt 0.953162 0.045681
vt 0.951851 0.045484
vt 0.951861 0.044208
vt 0.953173 0.044264
vt 0.235088 0.806194
vt 0.235668 0.806284
vt 0.954560 0.045808
vt 0.954571 0.044303
vt 0.235137 0.808765
vt 0.235433 0.808811
vt 0.955990 0.045858
vt 0.956001 0.044324
vt 0.518475 0.808395
vt 0.518327 0.811063
vt 0.518178 0.808430
vt 0.235188 0.811437
vt 0.957398 0.045832
vt 0.957409 0.044327
vt 0.518617 0.805832
vt 0.518034 0.805900
vt 0.958730 0.045728
vt 0.958740 0.044311
vt 0.957398 0.042804
vt 0.958730 0.042876
vt 0.517462 0.806167
vt 0.517071 0.803957
vt 0.237707 0.799678
vt 0.237454 0.800857
vt 0.516727 0.802021
vt 0.237115 0.802442
vt 0.516444 0.800434
vt 0.236701 0.804372
vt 0.951851 0.042917
vt 0.953162 0.042829
vt 0.236230 0.806572
vt 0.954560 0.042780
vt 0.235719 0.808957
vt 0.955990 0.042772
vt 0.517886 0.808566
vt 0.237459 0.805061
vt 0.236752 0.807046
vt 0.953131 0.041432
vt 0.954527 0.041297
vt 0.235985 0.809199
vt 0.955957 0.041260
vt 0.517612 0.808798
vt 0.957365 0.041321
vt 0.516923 0.806622
vt 0.958699 0.041480
vt 0.516288 0.804618
vt 0.238967 0.800823
vt 0.238588 0.801888
vt 0.515731 0.802862
vt 0.238079 0.803319
vt 0.515273 0.801422
vt 0.951823 0.041660
vt 0.516438 0.807248
vt 0.515584 0.805526
vt 0.866218 0.063391
vt 0.864955 0.064452
vt 0.864942 0.062904
vt 0.866207 0.061998
vt 0.514835 0.804018
vt 0.239591 0.803285
vt 0.238932 0.804507
vt 0.514220 0.802782
vt 0.238130 0.805994
vt 0.859382 0.064450
vt 0.858128 0.063389
vt 0.858117 0.061995
vt 0.859370 0.062902
vt 0.237214 0.807689
vt 0.860745 0.065104
vt 0.860732 0.063461
vt 0.236221 0.809527
vt 0.862165 0.065325
vt 0.862151 0.063649
vt 0.517364 0.809117
vt 0.863586 0.065105
vt 0.863573 0.063461
vt 0.859359 0.061006
vt 0.860721 0.061447
vt 0.237598 0.808476
vt 0.236417 0.809928
vt 0.862140 0.061597
vt 0.517154 0.809511
vt 0.863561 0.061448
vt 0.516026 0.808020
vt 0.864932 0.061007
vt 0.514985 0.806648
vt 0.866197 0.060291
vt 0.514073 0.805445
vt 0.240426 0.804995
vt 0.239642 0.805961
vt 0.513324 0.804460
vt 0.238687 0.807137
vt 0.858107 0.060289
vt 0.864924 0.058835
vt 0.866190 0.058336
vt 0.514515 0.807939
vt 0.513474 0.807089
vt 0.867310 0.059327
vt 0.867304 0.057664
vt 0.512619 0.806393
vt 0.240180 0.807626
vt 0.239110 0.808444
vt 0.858100 0.058334
vt 0.859351 0.058834
vt 0.237889 0.809377
vt 0.860712 0.059142
vt 0.236565 0.810387
vt 0.862131 0.059246
vt 0.516989 0.809965
vt 0.863553 0.059142
vt 0.515702 0.808910
vt 0.238077 0.810357
vt 0.236661 0.810887
vt 0.860707 0.056632
vt 0.862126 0.056687
vt 0.516875 0.810460
vt 0.863548 0.056633
vt 0.515478 0.809882
vt 0.864919 0.056472
vt 0.514191 0.809350
vt 0.866186 0.056209
vt 0.513062 0.808886
vt 0.867301 0.055855
vt 0.857007 0.057662
vt 0.857004 0.055853
vt 0.858096 0.056207
vt 0.240527 0.809436
vt 0.239382 0.809867
vt 0.859346 0.056470
vt 0.866185 0.053991
vt 0.867299 0.053969
vt 0.857002 0.053966
vt 0.858095 0.053989
vt 0.240668 0.811323
vt 0.239494 0.811349
vt 0.859345 0.054005
vt 0.238154 0.811378
vt 0.860706 0.054016
vt 0.236700 0.811407
vt 0.862124 0.054020
vt 0.516817 0.810979
vt 0.863546 0.054017
vt 0.515365 0.810900
vt 0.864917 0.054007
vt 0.514026 0.810828
vt 0.512852 0.810766
vt 0.516817 0.811501
vt 0.236681 0.811929
vt 0.862126 0.051345
vt 0.863548 0.051393
vt 0.515365 0.811924
vt 0.864919 0.051536
vt 0.514026 0.812315
vt 0.866186 0.051767
vt 0.512852 0.812658
vt 0.867301 0.052078
vt 0.857004 0.052075
vt 0.858096 0.051765
vt 0.240599 0.813214
vt 0.239439 0.812835
vt 0.859346 0.051534
vt 0.238116 0.812401
vt 0.860707 0.051393
vt 0.857007 0.050251
vt 0.858100 0.049621
vt 0.240322 0.815036
vt 0.239222 0.814267
vt 0.859351 0.049152
vt 0.237966 0.813387
vt 0.860712 0.048863
vt 0.236604 0.812432
vt 0.862131 0.048766
vt 0.516875 0.812006
vt 0.863553 0.048864
vt 0.515478 0.812915
vt 0.864924 0.049153
vt 0.514191 0.813753
vt 0.866190 0.049623
vt 0.513062 0.814490
vt 0.867304 0.050254
vt 0.862140 0.046383
vt 0.863561 0.046526
vt 0.516989 0.812475
vt 0.515702 0.813835
vt 0.864932 0.046951
vt 0.514515 0.815089
vt 0.866197 0.047641
vt 0.513474 0.816190
vt 0.867310 0.048569
vt 0.857013 0.048566
vt 0.858107 0.047639
vt 0.239848 0.816720
vt 0.238849 0.815590
vt 0.859359 0.046950
vt 0.237710 0.814299
vt 0.860721 0.046526
vt 0.236473 0.812896
vt 0.239195 0.818200
vt 0.238336 0.816753
vt 0.858117 0.045895
vt 0.859370 0.045012
vt 0.237356 0.815100
vt 0.860732 0.044469
vt 0.236293 0.813305
vt 0.862151 0.044286
vt 0.517154 0.812890
vt 0.863573 0.044470
vt 0.516026 0.814649
vt 0.864942 0.045014
vt 0.514985 0.816270
vt 0.866207 0.045897
vt 0.514073 0.817693
vt 0.240668 0.817646
vt 0.239900 0.819387
vt 0.512619 0.817094
vt 0.513324 0.818862
vt 0.517364 0.813235
vt 0.516438 0.815324
vt 0.863586 0.042773
vt 0.864955 0.043416
vt 0.515584 0.817251
vt 0.866218 0.044459
vt 0.514835 0.818942
vt 0.238951 0.820822
vt 0.238388 0.819421
vt 0.514220 0.820330
vt 0.237702 0.817711
vt 0.858128 0.044457
vt 0.859382 0.043414
vt 0.236919 0.815760
vt 0.860745 0.042772
vt 0.236071 0.813641
vt 0.862165 0.042556
vt 0.513762 0.821364
vt 0.515273 0.821443
vt 0.514932 0.822600
vt 0.236971 0.818429
vt 0.236416 0.816254
vt 0.859397 0.042217
vt 0.860761 0.041501
vt 0.235814 0.813893
vt 0.862180 0.041260
vt 0.517612 0.813496
vt 0.863602 0.041502
vt 0.516923 0.815836
vt 0.864969 0.042218
vt 0.516288 0.817995
vt 0.239370 0.821861
vt 0.238155 0.823054
vt 0.237858 0.821895
vt 0.515731 0.819888
vt 0.237458 0.820333
vt 0.958636 0.138217
vt 0.957287 0.138446
vt 0.957320 0.137101
vt 0.958667 0.136950
vt 0.517462 0.816165
vt 0.517071 0.818472
vt 0.236826 0.823799
vt 0.236661 0.822566
vt 0.516727 0.820495
vt 0.236441 0.820904
vt 0.516444 0.822157
vt 0.236172 0.818877
vt 0.516233 0.823394
vt 0.235865 0.816563
vt 0.954447 0.138427
vt 0.953065 0.138180
vt 0.953096 0.136914
vt 0.954480 0.137083
vt 0.235533 0.814051
vt 0.955873 0.138517
vt 0.955907 0.137146
vt 0.517886 0.813663
vt 0.235335 0.819039
vt 0.235289 0.816675
vt 0.953115 0.135547
vt 0.954500 0.135632
vt 0.235239 0.814108
vt 0.955927 0.135667
vt 0.518178 0.813731
vt 0.957340 0.135651
vt 0.518034 0.816298
vt 0.958686 0.135584
vt 0.517901 0.818665
vt 0.235434 0.824069
vt 0.235409 0.822809
vt 0.517784 0.820741
vt 0.235375 0.821111
vt 0.517687 0.822446
vt 0.517615 0.823714
vt 0.234033 0.823853
vt 0.234148 0.822614
vt 0.518748 0.818565
vt 0.518862 0.820614
vt 0.234303 0.820945
vt 0.518955 0.822297
vt 0.234492 0.818909
vt 0.951824 0.135416
vt 0.951829 0.134143
vt 0.953121 0.134133
vt 0.234709 0.816585
vt 0.954507 0.134131
vt 0.234943 0.814062
vt 0.955934 0.134137
vt 0.518475 0.813696
vt 0.957347 0.134150
vt 0.518617 0.816230
vt 0.958692 0.134170
vt 0.234147 0.816298
vt 0.234657 0.813916
vt 0.954500 0.132638
vt 0.955927 0.132614
vt 0.518767 0.813560
vt 0.957340 0.132656
vt 0.519190 0.815963
vt 0.958686 0.132763
vt 0.519579 0.818178
vt 0.232676 0.823159
vt 0.232927 0.821990
vt 0.519919 0.820121
vt 0.233265 0.820414
vt 0.520198 0.821717
vt 0.233676 0.818492
vt 0.951824 0.132877
vt 0.953115 0.132727
vt 0.520361 0.817518
vt 0.520915 0.819280
vt 0.231793 0.820959
vt 0.232300 0.819537
vt 0.521368 0.820729
vt 0.232919 0.817803
vt 0.520404 0.822905
vt 0.521705 0.821806
vt 0.233625 0.815823
vt 0.953096 0.131381
vt 0.954480 0.131209
vt 0.234391 0.813674
vt 0.955907 0.131157
vt 0.519042 0.813328
vt 0.957320 0.131228
vt 0.519728 0.815508
vt 0.958667 0.131417
vt 0.231416 0.822013
vt 0.862180 0.147845
vt 0.863601 0.148073
vt 0.863581 0.149411
vt 0.862159 0.149210
vt 0.519289 0.813009
vt 0.234155 0.813346
vt 0.860761 0.148082
vt 0.860741 0.149420
vt 0.520213 0.814882
vt 0.859398 0.148774
vt 0.859379 0.150035
vt 0.521065 0.816609
vt 0.230301 0.820461
vt 0.230789 0.819562
vt 0.521811 0.818124
vt 0.231447 0.818349
vt 0.522422 0.819369
vt 0.232248 0.816870
vt 0.522876 0.820296
vt 0.233163 0.815180
vt 0.864971 0.148757
vt 0.864952 0.150018
vt 0.229955 0.817852
vt 0.230737 0.816895
vt 0.522573 0.816697
vt 0.523318 0.817690
vt 0.231691 0.815727
vt 0.866218 0.151005
vt 0.866203 0.152483
vt 0.864935 0.151660
vt 0.232779 0.814393
vt 0.863564 0.151155
vt 0.233960 0.812945
vt 0.862142 0.150987
vt 0.519499 0.812615
vt 0.860723 0.151163
vt 0.520626 0.814109
vt 0.859363 0.151677
vt 0.521664 0.815488
vt 0.858128 0.151030
vt 0.858114 0.152508
vt 0.519664 0.812162
vt 0.233811 0.812486
vt 0.862128 0.153108
vt 0.860710 0.153244
vt 0.520950 0.813220
vt 0.859350 0.153637
vt 0.522134 0.814196
vt 0.858102 0.154272
vt 0.523172 0.815053
vt 0.229322 0.815895
vt 0.230199 0.815231
vt 0.524022 0.815758
vt 0.231268 0.814419
vt 0.866192 0.154247
vt 0.864923 0.153620
vt 0.232487 0.813493
vt 0.863551 0.153235
vt 0.867309 0.155093
vt 0.867302 0.156779
vt 0.866184 0.156229
vt 0.229852 0.813420
vt 0.230995 0.812997
vt 0.864914 0.155822
vt 0.232300 0.812513
vt 0.863541 0.155573
vt 0.233716 0.811986
vt 0.862119 0.155492
vt 0.519778 0.811666
vt 0.860701 0.155582
vt 0.521173 0.812248
vt 0.859342 0.155839
vt 0.522458 0.812785
vt 0.858094 0.156254
vt 0.523584 0.813257
vt 0.857013 0.155125
vt 0.857006 0.156810
vt 0.862114 0.158047
vt 0.860696 0.158088
vt 0.519836 0.811147
vt 0.521287 0.811230
vt 0.859337 0.158199
vt 0.522623 0.811307
vt 0.858090 0.158378
vt 0.523794 0.811376
vt 0.857003 0.158617
vt 0.867299 0.158585
vt 0.866180 0.158353
vt 0.229711 0.811533
vt 0.230884 0.811514
vt 0.864909 0.158182
vt 0.232223 0.811492
vt 0.863537 0.158079
vt 0.233676 0.811465
vt 0.229780 0.809642
vt 0.230938 0.810029
vt 0.866180 0.160538
vt 0.864909 0.160610
vt 0.232261 0.810468
vt 0.863537 0.160656
vt 0.233696 0.810944
vt 0.862114 0.160674
vt 0.519836 0.810625
vt 0.860696 0.160664
vt 0.521287 0.810206
vt 0.859337 0.160627
vt 0.522623 0.809820
vt 0.858090 0.160563
vt 0.523794 0.809484
vt 0.857003 0.160475
vt 0.867299 0.160443
vt 0.860701 0.163214
vt 0.859342 0.163028
vt 0.521173 0.809215
vt 0.522458 0.808382
vt 0.858094 0.162724
vt 0.523584 0.807653
vt 0.857006 0.162313
vt 0.867302 0.162281
vt 0.866184 0.162699
vt 0.230057 0.807820
vt 0.231156 0.808597
vt 0.864914 0.163011
vt 0.232411 0.809482
vt 0.863541 0.163205
vt 0.233772 0.810441
vt 0.862119 0.163273
vt 0.519778 0.810120
vt 0.231529 0.807274
vt 0.232667 0.808571
vt 0.864923 0.165294
vt 0.863551 0.165628
vt 0.233903 0.809976
vt 0.862128 0.165744
vt 0.519664 0.809651
vt 0.860710 0.165637
vt 0.520950 0.808295
vt 0.859350 0.165311
vt 0.522134 0.807046
vt 0.858102 0.164778
vt 0.523172 0.805953
vt 0.857013 0.164060
vt 0.867309 0.164028
vt 0.866192 0.164754
vt 0.230531 0.806136
vt 0.520626 0.807481
vt 0.521664 0.805865
vt 0.859363 0.167388
vt 0.858114 0.166648
vt 0.522573 0.804449
vt 0.229712 0.805201
vt 0.230480 0.803460
vt 0.231184 0.804656
vt 0.524022 0.805057
vt 0.523318 0.803289
vt 0.232042 0.806111
vt 0.866203 0.166623
vt 0.864935 0.167371
vt 0.233021 0.807770
vt 0.863564 0.167833
vt 0.234083 0.809568
vt 0.862142 0.167992
vt 0.519499 0.809236
vt 0.860723 0.167842
vt 0.864952 0.169162
vt 0.863581 0.169734
vt 0.233457 0.807109
vt 0.234306 0.809231
vt 0.862159 0.169931
vt 0.519289 0.808892
vt 0.860741 0.169743
vt 0.520213 0.806805
vt 0.859379 0.169179
vt 0.521065 0.804884
vt 0.858128 0.168259
vt 0.521811 0.803201
vt 0.231430 0.802025
vt 0.231991 0.803436
vt 0.522422 0.801821
vt 0.232676 0.805152
vt 0.866218 0.168234
vt 0.859398 0.170615
vt 0.858145 0.169552
vt 0.520361 0.804140
vt 0.520915 0.802254
vt 0.232523 0.800952
vt 0.232921 0.802523
vt 0.521368 0.800708
vt 0.233407 0.804435
vt 0.866235 0.169527
vt 0.864971 0.170598
vt 0.233961 0.806615
vt 0.863601 0.171259
vt 0.234562 0.808979
vt 0.862180 0.171485
vt 0.519042 0.808631
vt 0.860761 0.171268
vt 0.519728 0.806293
vt 0.234511 0.806306
vt 0.234843 0.808822
vt 0.955902 0.048638
vt 0.954474 0.048534
vt 0.954527 0.047236
vt 0.955957 0.047315
vt 0.518767 0.808463
vt 0.957312 0.048558
vt 0.957365 0.047260
vt 0.519190 0.805965
vt 0.958648 0.048296
vt 0.958699 0.047074
vt 0.519579 0.803663
vt 0.232228 0.799783
vt 0.233557 0.799037
vt 0.233719 0.800281
vt 0.519919 0.801647
vt 0.233939 0.801952
vt 0.520198 0.799994
vt 0.234206 0.803987
vt 0.521705 0.799561
vt 0.520404 0.798767
vt 0.953081 0.048249
vt 0.953131 0.047027
vt 0.951823 0.046695
vt 0.050253 0.704955
vt 0.049959 0.702649
vt 0.052531 0.702649
vt 0.052440 0.704955
vt 0.049921 0.685115
vt 0.050205 0.682637
vt 0.052392 0.682637
vt 0.052493 0.685115
vt 0.149419 0.590215
vt 0.147049 0.590602
vt 0.146908 0.588417
vt 0.149309 0.588499
vt 0.049712 0.687907
vt 0.052570 0.687907
vt 0.152120 0.589775
vt 0.152045 0.588592
vt 0.049587 0.690907
vt 0.052620 0.690907
vt 0.155049 0.589296
vt 0.155010 0.588693
vt 0.049549 0.693999
vt 0.052641 0.693999
vt 0.365319 0.588110
vt 0.368385 0.588411
vt 0.365319 0.588714
vt 0.158091 0.588799
vt 0.049600 0.697064
vt 0.052633 0.697064
vt 0.362374 0.587821
vt 0.362374 0.589006
vt 0.049739 0.699985
vt 0.052596 0.699985
vt 0.359662 0.587557
vt 0.359662 0.589277
vt 0.357287 0.587326
vt 0.357287 0.589516
vt 0.055426 0.699961
vt 0.055078 0.702627
vt 0.359997 0.590964
vt 0.357714 0.591663
vt 0.054606 0.704936
vt 0.054558 0.682618
vt 0.055040 0.685093
vt 0.147197 0.586246
vt 0.149536 0.586793
vt 0.055400 0.687882
vt 0.152201 0.587417
vt 0.055624 0.690880
vt 0.155090 0.588095
vt 0.055705 0.693972
vt 0.365437 0.589307
vt 0.055638 0.697038
vt 0.362605 0.590169
vt 0.152583 0.586296
vt 0.155285 0.587523
vt 0.058484 0.690829
vt 0.058621 0.693920
vt 0.365669 0.589865
vt 0.058498 0.696987
vt 0.363059 0.591263
vt 0.058120 0.699912
vt 0.360656 0.592554
vt 0.057502 0.702584
vt 0.358552 0.593686
vt 0.056668 0.704899
vt 0.056620 0.682582
vt 0.057464 0.685049
vt 0.147904 0.584174
vt 0.150091 0.585165
vt 0.058094 0.687834
vt 0.361612 0.593984
vt 0.359769 0.595507
vt 0.059711 0.702521
vt 0.058547 0.704846
vt 0.058498 0.682528
vt 0.059673 0.684986
vt 0.149002 0.582279
vt 0.150954 0.583676
vt 0.060548 0.687764
vt 0.153177 0.585270
vt 0.061090 0.690755
vt 0.155587 0.587000
vt 0.061277 0.693844
vt 0.366004 0.590367
vt 0.061103 0.696913
vt 0.363717 0.592249
vt 0.060574 0.699842
vt 0.651482 0.052429
vt 0.651702 0.049350
vt 0.654005 0.049327
vt 0.653830 0.052406
vt 0.366431 0.590794
vt 0.155986 0.586546
vt 0.651700 0.055513
vt 0.654003 0.055490
vt 0.364555 0.593087
vt 0.652350 0.058483
vt 0.654519 0.058462
vt 0.362828 0.595201
vt 0.653405 0.061226
vt 0.655357 0.061207
vt 0.361317 0.597055
vt 0.147396 0.581132
vt 0.149097 0.579199
vt 0.150448 0.580635
vt 0.358260 0.596758
vt 0.360080 0.598578
vt 0.152090 0.582385
vt 0.061581 0.684906
vt 0.062669 0.687675
vt 0.153960 0.584381
vt 0.652353 0.046394
vt 0.654522 0.046373
vt 0.656485 0.063620
vt 0.657599 0.061193
vt 0.658392 0.063607
vt 0.655362 0.043656
vt 0.656491 0.041282
vt 0.658398 0.041270
vt 0.657604 0.043642
vt 0.152187 0.579304
vt 0.153456 0.581339
vt 0.657014 0.046357
vt 0.154901 0.583661
vt 0.656650 0.049310
vt 0.156466 0.586179
vt 0.656526 0.052388
vt 0.366934 0.591130
vt 0.656648 0.055473
vt 0.365540 0.593745
vt 0.657010 0.058446
vt 0.364259 0.596156
vt 0.363138 0.598271
vt 0.367492 0.591361
vt 0.157008 0.585913
vt 0.659468 0.052378
vt 0.659534 0.055463
vt 0.366635 0.594198
vt 0.659728 0.058436
vt 0.365848 0.596815
vt 0.660045 0.061184
vt 0.365161 0.599109
vt 0.660472 0.063600
vt 0.660478 0.041262
vt 0.660050 0.043633
vt 0.154152 0.578339
vt 0.155000 0.580580
vt 0.659732 0.046347
vt 0.155965 0.583138
vt 0.659535 0.049300
vt 0.662651 0.041260
vt 0.662606 0.043630
vt 0.156268 0.577775
vt 0.156663 0.580138
vt 0.662571 0.046344
vt 0.157110 0.582833
vt 0.662550 0.049296
vt 0.157592 0.585757
vt 0.662542 0.052374
vt 0.368084 0.591479
vt 0.662548 0.055459
vt 0.367797 0.594430
vt 0.662568 0.058433
vt 0.367535 0.597150
vt 0.662601 0.061181
vt 0.367308 0.599536
vt 0.662645 0.063597
vt 0.665630 0.052378
vt 0.665577 0.055463
vt 0.368688 0.591479
vt 0.368982 0.594430
vt 0.665421 0.058436
vt 0.369256 0.597150
vt 0.665168 0.061184
vt 0.369498 0.599536
vt 0.664829 0.063600
vt 0.664835 0.041262
vt 0.665173 0.043633
vt 0.158453 0.577635
vt 0.158380 0.580028
vt 0.665424 0.046347
vt 0.158292 0.582757
vt 0.665579 0.049300
vt 0.158195 0.585719
vt 0.160623 0.577924
vt 0.160085 0.580255
vt 0.667654 0.043642
vt 0.668180 0.046357
vt 0.159467 0.582913
vt 0.668504 0.049310
vt 0.158794 0.585799
vt 0.668613 0.052388
vt 0.369281 0.591361
vt 0.668503 0.055473
vt 0.370145 0.594198
vt 0.668177 0.058446
vt 0.370943 0.596815
vt 0.667649 0.061193
vt 0.371645 0.599109
vt 0.666938 0.063607
vt 0.666944 0.041270
vt 0.671213 0.055490
vt 0.670730 0.058462
vt 0.371239 0.593745
vt 0.372532 0.596156
vt 0.669947 0.061207
vt 0.373668 0.598271
vt 0.668893 0.063620
vt 0.668899 0.041282
vt 0.669952 0.043656
vt 0.162696 0.578631
vt 0.161713 0.580810
vt 0.670734 0.046373
vt 0.160589 0.583296
vt 0.671215 0.049327
vt 0.159366 0.585994
vt 0.671377 0.052406
vt 0.369839 0.591130
vt 0.163202 0.581672
vt 0.161614 0.583890
vt 0.672986 0.046394
vt 0.673606 0.049350
vt 0.159888 0.586296
vt 0.673815 0.052429
vt 0.370341 0.590794
vt 0.673605 0.055513
vt 0.372225 0.593087
vt 0.672983 0.058483
vt 0.373963 0.595201
vt 0.671974 0.061226
vt 0.375489 0.597055
vt 0.163499 0.576842
vt 0.165727 0.578133
vt 0.164591 0.579728
vt 0.374604 0.600008
vt 0.376744 0.598578
vt 0.671979 0.043675
vt 0.373063 0.592249
vt 0.375179 0.593984
vt 0.565567 0.280947
vt 0.562862 0.282074
vt 0.562916 0.280050
vt 0.565616 0.279125
vt 0.377037 0.595506
vt 0.167660 0.579833
vt 0.166235 0.581174
vt 0.378565 0.596757
vt 0.164494 0.582808
vt 0.550776 0.282074
vt 0.548021 0.280946
vt 0.548070 0.279124
vt 0.550830 0.280050
vt 0.162504 0.584673
vt 0.553754 0.282768
vt 0.553811 0.280619
vt 0.160342 0.586695
vt 0.556839 0.283003
vt 0.556898 0.280812
vt 0.370768 0.590367
vt 0.559915 0.282769
vt 0.559972 0.280619
vt 0.550873 0.277670
vt 0.553856 0.278093
vt 0.163224 0.585614
vt 0.160709 0.587175
vt 0.556944 0.278236
vt 0.371104 0.589865
vt 0.560017 0.278093
vt 0.373721 0.591263
vt 0.562958 0.277670
vt 0.376135 0.592554
vt 0.565654 0.276983
vt 0.378254 0.593686
vt 0.169225 0.581878
vt 0.167565 0.582913
vt 0.545637 0.277879
vt 0.545669 0.276058
vt 0.548108 0.276982
vt 0.165539 0.584175
vt 0.562988 0.275026
vt 0.565680 0.274603
vt 0.376793 0.590964
vt 0.379092 0.591663
vt 0.568000 0.276058
vt 0.568023 0.274034
vt 0.545692 0.274034
vt 0.548135 0.274603
vt 0.168531 0.584879
vt 0.166298 0.585719
vt 0.550902 0.275026
vt 0.163747 0.586677
vt 0.553887 0.275286
vt 0.160976 0.587717
vt 0.556976 0.275374
vt 0.371335 0.589307
vt 0.560049 0.275286
vt 0.374174 0.590169
vt 0.164052 0.587822
vt 0.161131 0.588301
vt 0.553903 0.272307
vt 0.556992 0.272336
vt 0.371453 0.588714
vt 0.560064 0.272307
vt 0.374406 0.589006
vt 0.563003 0.272219
vt 0.377129 0.589277
vt 0.565694 0.272078
vt 0.379519 0.589515
vt 0.568034 0.271887
vt 0.545703 0.271886
vt 0.548148 0.272077
vt 0.169094 0.586994
vt 0.166741 0.587381
vt 0.550917 0.272219
vt 0.377129 0.587556
vt 0.379519 0.587326
vt 0.565694 0.269503
vt 0.568034 0.269697
vt 0.545703 0.269696
vt 0.548148 0.269502
vt 0.169235 0.589180
vt 0.166851 0.589098
vt 0.550917 0.269358
vt 0.164127 0.589005
vt 0.553903 0.269270
vt 0.161170 0.588904
vt 0.556992 0.269240
vt 0.371453 0.588110
vt 0.560064 0.269270
vt 0.374406 0.587821
vt 0.563003 0.269359
vt 0.553887 0.266291
vt 0.556976 0.266203
vt 0.371335 0.587517
vt 0.161090 0.589503
vt 0.560049 0.266291
vt 0.374174 0.586659
vt 0.562988 0.266553
vt 0.376793 0.585869
vt 0.565680 0.266978
vt 0.379092 0.585178
vt 0.568023 0.267550
vt 0.545692 0.267549
vt 0.548135 0.266978
vt 0.168946 0.591350
vt 0.166624 0.590803
vt 0.550902 0.266553
vt 0.163971 0.590180
vt 0.565654 0.264600
vt 0.568000 0.265527
vt 0.545669 0.265527
vt 0.548108 0.264600
vt 0.168239 0.593422
vt 0.166068 0.592432
vt 0.550873 0.263911
vt 0.163588 0.591301
vt 0.553856 0.263486
vt 0.160895 0.590075
vt 0.556944 0.263343
vt 0.371104 0.586959
vt 0.560017 0.263486
vt 0.373721 0.585564
vt 0.562958 0.263911
vt 0.376135 0.584280
vt 0.378254 0.583155
vt 0.160592 0.590597
vt 0.556898 0.260770
vt 0.559972 0.260962
vt 0.370768 0.586457
vt 0.373063 0.584579
vt 0.562916 0.261533
vt 0.375179 0.582849
vt 0.565616 0.262460
vt 0.377037 0.581335
vt 0.170017 0.594235
vt 0.168726 0.596463
vt 0.167141 0.595317
vt 0.545637 0.263707
vt 0.548070 0.262460
vt 0.165206 0.593920
vt 0.550830 0.261533
vt 0.162995 0.592327
vt 0.553811 0.260962
vt 0.165695 0.596961
vt 0.164070 0.595212
vt 0.548021 0.260641
vt 0.550776 0.259512
vt 0.162212 0.593216
vt 0.553754 0.258816
vt 0.160193 0.591051
vt 0.556839 0.258582
vt 0.370341 0.586030
vt 0.559915 0.258817
vt 0.372225 0.583741
vt 0.562862 0.259512
vt 0.373963 0.581633
vt 0.565567 0.260641
vt 0.375489 0.579786
vt 0.167026 0.598397
vt 0.378565 0.580093
vt 0.376744 0.578272
vt 0.369839 0.585694
vt 0.371239 0.583083
vt 0.652369 0.268257
vt 0.651705 0.265303
vt 0.653952 0.265338
vt 0.654486 0.268289
vt 0.372532 0.580677
vt 0.653450 0.270973
vt 0.655355 0.271002
vt 0.373668 0.578570
vt 0.164981 0.599961
vt 0.163956 0.598292
vt 0.374604 0.576842
vt 0.162703 0.596258
vt 0.652378 0.256169
vt 0.653463 0.253423
vt 0.655369 0.253452
vt 0.654496 0.256201
vt 0.161271 0.593937
vt 0.651709 0.259141
vt 0.653957 0.259175
vt 0.159713 0.591418
vt 0.651482 0.262225
vt 0.653773 0.262260
vt 0.657575 0.253475
vt 0.656948 0.256226
vt 0.161159 0.597016
vt 0.160207 0.594459
vt 0.656560 0.259202
vt 0.159171 0.591684
vt 0.656427 0.262287
vt 0.369281 0.585463
vt 0.656555 0.265364
vt 0.370145 0.582629
vt 0.656938 0.268315
vt 0.370943 0.580019
vt 0.657562 0.271025
vt 0.371645 0.577732
vt 0.656526 0.273371
vt 0.658403 0.273390
vt 0.656543 0.251035
vt 0.658420 0.251054
vt 0.161991 0.599257
vt 0.659413 0.265383
vt 0.659631 0.268332
vt 0.368982 0.582398
vt 0.369256 0.579683
vt 0.659985 0.271040
vt 0.369498 0.577305
vt 0.660463 0.273404
vt 0.660480 0.251067
vt 0.659999 0.253491
vt 0.159875 0.599821
vt 0.159497 0.597459
vt 0.659640 0.256244
vt 0.159062 0.594764
vt 0.659418 0.259220
vt 0.158587 0.591840
vt 0.659342 0.262306
vt 0.368688 0.585345
vt 0.157780 0.597569
vt 0.157880 0.594840
vt 0.662469 0.256253
vt 0.662422 0.259230
vt 0.157985 0.591879
vt 0.662404 0.262316
vt 0.368084 0.585345
vt 0.662417 0.265393
vt 0.367797 0.582398
vt 0.662460 0.268341
vt 0.367535 0.579683
vt 0.662532 0.271049
vt 0.367308 0.577305
vt 0.662629 0.273411
vt 0.662646 0.251074
vt 0.662545 0.253499
vt 0.157690 0.599961
vt 0.366635 0.582629
vt 0.365848 0.580019
vt 0.665318 0.268341
vt 0.665103 0.271049
vt 0.365161 0.577732
vt 0.664816 0.273411
vt 0.664833 0.251074
vt 0.665117 0.253499
vt 0.155520 0.599672
vt 0.156075 0.597342
vt 0.665327 0.256253
vt 0.156705 0.594684
vt 0.665455 0.259230
vt 0.157386 0.591799
vt 0.665497 0.262316
vt 0.367492 0.585463
vt 0.665451 0.265393
vt 0.668103 0.256244
vt 0.668402 0.259220
vt 0.155583 0.594301
vt 0.156814 0.591604
vt 0.668502 0.262306
vt 0.366934 0.585694
vt 0.668398 0.265383
vt 0.365540 0.583083
vt 0.668094 0.268332
vt 0.364259 0.580677
vt 0.667602 0.271040
vt 0.363138 0.578570
vt 0.666941 0.273404
vt 0.666958 0.251067
vt 0.667615 0.253491
vt 0.153447 0.598965
vt 0.154446 0.596787
vt 0.670682 0.268315
vt 0.669931 0.271025
vt 0.362828 0.581633
vt 0.361317 0.579786
vt 0.668921 0.273390
vt 0.668938 0.251054
vt 0.669944 0.253475
vt 0.151552 0.597868
vt 0.152958 0.595924
vt 0.670691 0.256226
vt 0.154558 0.593707
vt 0.671150 0.259202
vt 0.156291 0.591301
vt 0.671303 0.262287
vt 0.366431 0.586030
vt 0.671145 0.265364
vt 0.364555 0.583741
vt 0.153668 0.592925
vt 0.155838 0.590902
vt 0.673591 0.259175
vt 0.673793 0.262260
vt 0.366004 0.586457
vt 0.673587 0.265338
vt 0.363717 0.584579
vt 0.672982 0.268289
vt 0.361612 0.582849
vt 0.672001 0.271002
vt 0.359769 0.581335
vt 0.150396 0.599463
vt 0.148462 0.597762
vt 0.149908 0.596422
vt 0.670699 0.251035
vt 0.672014 0.253452
vt 0.151666 0.594788
vt 0.672991 0.256201
vt 0.146898 0.595717
vt 0.148578 0.594683
vt 0.043029 0.684986
vt 0.044344 0.682528
vt 0.046102 0.682582
vt 0.045097 0.685049
vt 0.150621 0.593422
vt 0.042054 0.687764
vt 0.044352 0.687834
vt 0.152948 0.591983
vt 0.041457 0.690755
vt 0.043896 0.690829
vt 0.155470 0.590422
vt 0.041260 0.693844
vt 0.043746 0.693920
vt 0.365669 0.586959
vt 0.041470 0.696913
vt 0.043909 0.696987
vt 0.363059 0.585564
vt 0.042081 0.699842
vt 0.044378 0.699912
vt 0.360656 0.584280
vt 0.043067 0.702521
vt 0.045135 0.702584
vt 0.358552 0.583155
vt 0.365437 0.587517
vt 0.155204 0.589880
vt 0.046545 0.693972
vt 0.046654 0.697038
vt 0.362605 0.586659
vt 0.046964 0.699961
vt 0.359997 0.585869
vt 0.047462 0.702627
vt 0.357714 0.585178
vt 0.046151 0.704899
vt 0.048130 0.704936
vt 0.048081 0.682618
vt 0.047424 0.685093
vt 0.147612 0.592718
vt 0.149862 0.591878
vt 0.046937 0.687882
vt 0.152425 0.590920
vt 0.046641 0.690880
s 1
usemtl Material.001
f 1/1/1 2/2/2 4/3/3 3/4/4
f 3/4/4 4/3/3 6/5/5 5/6/6
f 5/6/6 6/5/5 8/7/7 7/8/8
f 7/8/8 8/7/7 10/9/9 9/10/10
f 9/11/10 10/12/9 12/13/11 11/14/12
f 11/14/12 12/13/11 14/15/13 13/16/14
f 13/16/14 14/15/13 16/17/15 15/18/16
f 15/18/16 16/17/15 18/19/17 17/20/18
f 17/20/18 18/19/17 20/21/19 19/22/20
f 19/22/20 20/21/19 22/23/21 21/24/22
f 21/24/22 22/23/21 24/25/23 23/26/24
f 23/26/24 24/25/23 26/27/25 25/28/26
f 25/28/26 26/27/25 28/29/27 27/30/28
f 27/31/28 28/32/27 30/33/29 29/34/30
f 29/34/30 30/33/29 32/35/31 31/36/32
f 31/36/32 32/35/31 34/37/33 33/38/34
f 33/38/34 34/37/33 36/39/35 35/40/36
f 35/40/36 36/39/35 38/41/37 37/42/38
f 37/42/38 38/41/37 40/43/39 39/44/40
f 39/44/40 40/43/39 42/45/41 41/46/42
f 41/46/42 42/45/41 44/47/43 43/48/44
f 43/49/44 44/50/43 46/51/45 45/52/46
f 45/52/46 46/51/45 48/53/47 47/54/48
f 47/54/48 48/53/47 50/55/49 49/56/50
f 49/56/50 50/55/49 52/57/51 51/58/52
f 51/58/52 52/57/51 54/59/53 53/60/54
f 53/60/54 54/59/53 56/61/55 55/62/56
f 55/62/56 56/61/55 58/63/57 57/64/58
f 57/64/58 58/63/57 60/65/59 59/66/60
f 59/67/60 60/68/59 62/69/61 61/70/62
f 4/71/63 2/72/63 64/73/63 62/74/63 60/75/63 58/76/63 56/77/63 54/78/63 52/79/63 50/80/63 48/81/63 46/82/63 44/83/63 42/84/63 40/85/63 38/86/63 36/87/63 34/88/63 32/89/63 30/90/63 28/91/63 26/92/63 24/93/63 22/94/63 20/95/63 18/96/63 16/97/63 14/98/63 12/99/63 10/100/63 8/101/63 6/102/63
f 61/70/62 62/69/61 64/103/64 63/104/65
f 63/104/65 64/103/64 2/2/2 1/1/1
f 1/105/66 3/106/66 5/107/66 7/108/66 9/109/66 11/110/66 13/111/66 15/112/66 17/113/66 19/114/66 21/115/66 23/116/66 25/117/66 27/118/66 29/119/66 31/120/66 33/121/66 35/122/66 37/123/66 39/124/66 41/125/66 43/126/66 45/127/66 47/128/66 49/129/66 51/130/66 53/131/66 55/132/66 57/133/66 59/134/66 61/135/66 63/136/66
f 69/137/67 68/138/68 78/139/69 79/140/70
f 539/141/71 538/142/72 71/143/73 72/144/74
f 542/145/75 69/137/67 79/140/70 80/146/76
f 65/147/77 539/141/71 72/144/74 73/148/78
f 70/149/79 542/145/75 80/146/76 81/150/80
f 540/151/81 65/147/77 73/148/78 74/152/82
f 543/153/83 70/154/79 81/155/80 82/156/84
f 66/157/85 540/158/81 74/159/82 75/160/86
f 544/161/87 543/153/83 82/156/84 83/162/88
f 541/163/89 66/157/85 75/160/86 76/164/90
f 545/165/91 544/161/87 83/162/88 84/166/92
f 67/167/93 541/163/89 76/164/90 77/168/94
f 546/169/95 545/165/91 84/166/92 85/170/96
f 68/138/68 67/167/93 77/168/94 78/139/69
f 538/142/72 146/171/63 71/143/73
f 372/172/66 546/169/95 85/170/96
f 85/170/96 84/166/92 99/173/97 100/174/98
f 78/139/69 77/168/94 92/175/99 93/176/100
f 71/143/73 146/171/63 86/177/101
f 372/172/66 85/170/96 100/174/98
f 79/140/70 78/139/69 93/176/100 94/178/102
f 72/144/74 71/143/73 86/177/101 87/179/103
f 80/146/76 79/140/70 94/178/102 95/180/104
f 73/148/78 72/144/74 87/179/103 88/181/105
f 81/150/80 80/146/76 95/180/104 96/182/106
f 74/152/82 73/148/78 88/181/105 89/183/107
f 82/156/84 81/155/80 96/184/106 97/185/108
f 75/160/86 74/159/82 89/186/107 90/187/109
f 83/162/88 82/156/84 97/185/108 98/188/110
f 76/164/90 75/160/86 90/187/109 91/189/111
f 84/166/92 83/162/88 98/188/110 99/173/97
f 77/168/94 76/164/90 91/189/111 92/175/99
f 97/185/108 96/184/106 111/190/112 112/191/113
f 90/192/109 89/183/107 104/193/114 105/194/115
f 98/188/110 97/185/108 112/191/113 113/195/116
f 91/189/111 90/187/109 105/196/115 106/197/117
f 99/173/97 98/188/110 113/195/116 114/198/118
f 92/175/99 91/189/111 106/197/117 107/199/119
f 100/174/98 99/173/97 114/198/118 115/200/120
f 93/176/100 92/175/99 107/199/119 108/201/121
f 86/177/101 146/171/63 101/202/122
f 372/172/66 100/174/98 115/200/120
f 94/178/102 93/176/100 108/201/121 109/203/123
f 87/179/103 86/177/101 101/202/122 102/204/124
f 95/180/104 94/178/102 109/203/123 110/205/125
f 88/181/105 87/179/103 102/204/124 103/206/126
f 96/182/106 95/180/104 110/205/125 111/207/112
f 89/183/107 88/181/105 103/206/126 104/193/114
f 101/202/122 146/171/63 116/208/127
f 372/172/66 115/200/120 130/209/128
f 109/203/123 108/201/121 123/210/129 124/211/130
f 102/204/124 101/202/122 116/208/127 117/212/131
f 110/205/125 109/203/123 124/211/130 125/213/132
f 103/206/126 102/204/124 117/212/131 118/214/133
f 111/207/112 110/205/125 125/213/132 126/215/134
f 104/193/114 103/206/126 118/214/133 119/216/135
f 112/191/113 111/190/112 126/217/134 127/218/136
f 105/194/115 104/193/114 119/216/135 120/219/137
f 113/195/116 112/191/113 127/218/136 128/220/138
f 106/197/117 105/196/115 120/221/137 121/222/139
f 114/198/118 113/195/116 128/220/138 129/223/140
f 107/199/119 106/197/117 121/222/139 122/224/141
f 115/200/120 114/198/118 129/223/140 130/209/128
f 108/201/121 107/199/119 122/224/141 123/210/129
f 120/219/137 119/216/135 134/225/142 135/226/143
f 128/220/138 127/218/136 142/227/144 143/228/145
f 121/229/139 120/230/137 135/231/143 136/232/146
f 129/223/140 128/220/138 143/228/145 144/233/147
f 122/234/141 121/229/139 136/232/146 137/235/148
f 130/209/128 129/223/140 144/233/147 145/236/149
f 123/237/129 122/234/141 137/235/148 138/238/150
f 116/208/127 146/171/63 131/239/151
f 372/172/66 130/209/128 145/236/149
f 124/240/130 123/237/129 138/238/150 139/241/152
f 117/212/131 116/208/127 131/239/151 132/242/153
f 125/243/132 124/240/130 139/241/152 140/244/154
f 118/214/133 117/212/131 132/242/153 133/245/155
f 126/246/134 125/243/132 140/244/154 141/247/156
f 119/216/135 118/214/133 133/245/155 134/225/142
f 127/218/136 126/217/134 141/248/156 142/227/144
f 139/241/152 138/238/150 154/249/157 155/250/158
f 132/242/153 131/239/151 147/251/159 148/252/160
f 140/244/154 139/241/152 155/250/158 156/253/161
f 133/245/155 132/242/153 148/252/160 149/254/162
f 141/247/156 140/244/154 156/253/161 157/255/163
f 134/225/142 133/245/155 149/254/162 150/256/164
f 142/227/144 141/248/156 157/257/163 158/258/165
f 135/226/143 134/225/142 150/256/164 151/259/166
f 143/228/145 142/227/144 158/258/165 159/260/167
f 136/232/146 135/231/143 151/261/166 152/262/168
f 144/233/147 143/228/145 159/260/167 160/263/169
f 137/235/148 136/232/146 152/262/168 153/264/170
f 145/236/149 144/233/147 160/263/169 161/265/171
f 138/238/150 137/235/148 153/264/170 154/249/157
f 131/239/151 146/171/63 147/251/159
f 372/172/66 145/236/149 161/265/171
f 159/260/167 158/258/165 173/266/172 174/267/173
f 152/262/168 151/261/166 166/268/174 167/269/175
f 160/263/169 159/260/167 174/267/173 175/270/176
f 153/264/170 152/262/168 167/269/175 168/271/177
f 161/265/171 160/263/169 175/270/176 176/272/178
f 154/249/157 153/264/170 168/271/177 169/273/179
f 147/251/159 146/171/63 162/274/180
f 372/172/66 161/265/171 176/272/178
f 155/250/158 154/249/157 169/273/179 170/275/181
f 148/252/160 147/251/159 162/274/180 163/276/182
f 156/253/161 155/250/158 170/275/181 171/277/183
f 149/254/162 148/252/160 163/276/182 164/278/184
f 157/255/163 156/253/161 171/277/183 172/279/185
f 150/256/164 149/254/162 164/278/184 165/280/186
f 158/281/165 157/255/163 172/279/185 173/282/172
f 151/261/166 150/283/164 165/284/186 166/268/174
f 163/276/182 162/274/180 177/285/187 178/286/188
f 171/277/183 170/275/181 185/287/189 186/288/190
f 164/278/184 163/276/182 178/286/188 179/289/191
f 172/279/185 171/277/183 186/288/190 187/290/192
f 165/280/186 164/278/184 179/289/191 180/291/193
f 173/282/172 172/279/185 187/290/192 188/292/194
f 166/268/174 165/284/186 180/293/193 181/294/195
f 174/267/173 173/266/172 188/295/194 189/296/196
f 167/269/175 166/268/174 181/294/195 182/297/197
f 175/270/176 174/267/173 189/296/196 190/298/198
f 168/271/177 167/269/175 182/297/197 183/299/199
f 176/272/178 175/270/176 190/298/198 191/300/200
f 169/273/179 168/271/177 183/299/199 184/301/201
f 162/274/180 146/171/63 177/285/187
f 372/172/66 176/272/178 191/300/200
f 170/275/181 169/273/179 184/301/201 185/287/189
f 182/297/197 181/294/195 196/302/202 197/303/203
f 190/298/198 189/296/196 204/304/204 205/305/205
f 183/299/199 182/297/197 197/303/203 198/306/206
f 191/300/200 190/298/198 205/305/205 206/307/207
f 184/301/201 183/299/199 198/306/206 199/308/208
f 177/285/187 146/171/63 192/309/209
f 372/172/66 191/300/200 206/307/207
f 185/287/189 184/301/201 199/308/208 200/310/210
f 178/286/188 177/285/187 192/309/209 193/311/211
f 186/288/190 185/287/189 200/310/210 201/312/212
f 179/289/191 178/286/188 193/311/211 194/313/213
f 187/290/192 186/288/190 201/312/212 202/314/214
f 180/291/193 179/289/191 194/313/213 195/315/215
f 188/292/194 187/290/192 202/314/214 203/316/216
f 181/294/195 180/293/193 195/317/215 196/302/202
f 189/296/196 188/295/194 203/318/216 204/304/204
f 201/312/212 200/310/210 215/319/217 216/320/218
f 194/313/213 193/311/211 208/321/219 209/322/220
f 202/314/214 201/312/212 216/320/218 217/323/221
f 195/315/215 194/313/213 209/322/220 210/324/222
f 203/316/216 202/314/214 217/323/221 218/325/223
f 196/302/202 195/317/215 210/326/222 211/327/224
f 204/304/204 203/318/216 218/328/223 219/329/225
f 197/303/203 196/302/202 211/327/224 212/330/226
f 205/305/205 204/304/204 219/329/225 220/331/227
f 198/306/206 197/303/203 212/330/226 213/332/228
f 206/307/207 205/305/205 220/331/227 221/333/229
f 199/308/208 198/306/206 213/332/228 214/334/230
f 192/309/209 146/171/63 207/335/231
f 372/172/66 206/307/207 221/333/229
f 200/310/210 199/308/208 214/334/230 215/319/217
f 193/311/211 192/309/209 207/335/231 208/321/219
f 220/331/227 219/329/225 234/336/232 235/337/233
f 213/332/228 212/330/226 227/338/234 228/339/235
f 221/333/229 220/331/227 235/337/233 236/340/236
f 214/334/230 213/332/228 228/339/235 229/341/237
f 207/335/231 146/171/63 222/342/238
f 372/172/66 221/333/229 236/340/236
f 215/319/217 214/334/230 229/341/237 230/343/239
f 208/321/219 207/335/231 222/342/238 223/344/240
f 216/320/218 215/319/217 230/343/239 231/345/241
f 209/322/220 208/321/219 223/344/240 224/346/242
f 217/323/221 216/320/218 231/345/241 232/347/243
f 210/324/222 209/322/220 224/346/242 225/348/244
f 218/328/223 217/349/221 232/350/243 233/351/245
f 211/352/224 210/324/222 225/348/244 226/353/246
f 219/329/225 218/328/223 233/351/245 234/336/232
f 212/330/226 211/327/224 226/354/246 227/338/234
f 232/347/243 231/345/241 246/355/247 247/356/248
f 225/348/244 224/346/242 239/357/249 240/358/250
f 233/351/245 232/350/243 247/359/248 248/360/251
f 226/353/246 225/348/244 240/358/250 241/361/252
f 234/336/232 233/351/245 248/360/251 249/362/253
f 227/338/234 226/354/246 241/363/252 242/364/254
f 235/337/233 234/336/232 249/362/253 250/365/255
f 228/339/235 227/338/234 242/364/254 243/366/256
f 236/340/236 235/337/233 250/365/255 251/367/257
f 229/341/237 228/339/235 243/366/256 244/368/258
f 222/342/238 146/171/63 237/369/259
f 372/172/66 236/340/236 251/367/257
f 230/343/239 229/341/237 244/368/258 245/370/260
f 223/344/240 222/342/238 237/369/259 238/371/261
f 231/345/241 230/343/239 245/370/260 246/355/247
f 224/346/242 223/344/240 238/371/261 239/357/249
f 251/367/257 250/365/255 265/372/262 266/373/263
f 244/374/258 243/375/256 258/376/264 259/377/265
f 237/369/259 146/171/63 252/378/266
f 372/172/66 251/367/257 266/373/263
f 245/370/260 244/368/258 259/379/265 260/380/267
f 238/371/261 237/369/259 252/378/266 253/381/268
f 246/355/247 245/370/260 260/380/267 261/382/269
f 239/357/249 238/371/261 253/381/268 254/383/270
f 247/356/248 246/355/247 261/382/269 262/384/271
f 240/358/250 239/357/249 254/383/270 255/385/272
f 248/360/251 247/359/248 262/386/271 263/387/273
f 241/361/252 240/358/250 255/385/272 256/388/274
f 249/362/253 248/360/251 263/387/273 264/389/275
f 242/390/254 241/391/252 256/392/274 257/393/276
f 250/365/255 249/362/253 264/389/275 265/372/262
f 243/375/256 242/390/254 257/393/276 258/376/264
f 255/385/272 254/383/270 269/394/277 270/395/278
f 263/387/273 262/386/271 277/396/279 278/397/280
f 256/388/274 255/385/272 270/395/278 271/398/281
f 264/389/275 263/387/273 278/397/280 279/399/282
f 257/393/276 256/392/274 271/400/281 272/401/283
f 265/372/262 264/389/275 279/399/282 280/402/284
f 258/376/264 257/393/276 272/401/283 273/403/285
f 266/373/263 265/372/262 280/402/284 281/404/286
f 259/377/265 258/376/264 273/403/285 274/405/287
f 252/378/266 146/171/63 267/406/288
f 372/172/66 266/373/263 281/404/286
f 260/407/267 259/377/265 274/405/287 275/408/289
f 253/381/268 252/378/266 267/406/288 268/409/290
f 261/410/269 260/407/267 275/408/289 276/411/291
f 254/383/270 253/381/268 268/409/290 269/394/277
f 262/412/271 261/410/269 276/411/291 277/413/279
f 274/405/287 273/403/285 288/414/292 289/415/293
f 267/406/288 146/171/63 282/416/294
f 372/172/66 281/404/286 296/417/295
f 275/408/289 274/405/287 289/415/293 290/418/296
f 268/409/290 267/406/288 282/416/294 283/419/297
f 276/411/291 275/408/289 290/418/296 291/420/298
f 269/394/277 268/409/290 283/419/297 284/421/299
f 277/413/279 276/411/291 291/420/298 292/422/300
f 270/395/278 269/394/277 284/421/299 285/423/301
f 278/397/280 277/396/279 292/424/300 293/425/302
f 271/398/281 270/395/278 285/423/301 286/426/303
f 279/399/282 278/397/280 293/425/302 294/427/304
f 272/401/283 271/400/281 286/428/303 287/429/305
f 280/402/284 279/399/282 294/427/304 295/430/306
f 273/403/285 272/401/283 287/429/305 288/414/292
f 281/404/286 280/402/284 295/430/306 296/417/295
f 293/425/302 292/424/300 307/431/307 308/432/308
f 286/428/303 285/433/301 300/434/309 301/435/310
f 294/427/304 293/425/302 308/432/308 309/436/311
f 287/429/305 286/428/303 301/435/310 302/437/312
f 295/430/306 294/427/304 309/436/311 310/438/313
f 288/414/292 287/429/305 302/437/312 303/439/314
f 296/417/295 295/430/306 310/438/313 311/440/315
f 289/415/293 288/414/292 303/439/314 304/441/316
f 282/416/294 146/171/63 297/442/317
f 372/172/66 296/417/295 311/440/315
f 290/418/296 289/415/293 304/441/316 305/443/318
f 283/419/297 282/416/294 297/442/317 298/444/319
f 291/420/298 290/418/296 305/443/318 306/445/320
f 284/421/299 283/419/297 298/444/319 299/446/321
f 292/422/300 291/420/298 306/445/320 307/447/307
f 285/423/301 284/421/299 299/446/321 300/448/309
f 297/442/317 146/171/63 312/449/322
f 372/172/66 311/440/315 326/450/323
f 305/443/318 304/441/316 319/451/324 320/452/325
f 298/444/319 297/442/317 312/449/322 313/453/326
f 306/445/320 305/443/318 320/452/325 321/454/327
f 299/446/321 298/444/319 313/453/326 314/455/328
f 307/447/307 306/445/320 321/454/327 322/456/329
f 300/448/309 299/446/321 314/455/328 315/457/330
f 308/432/308 307/431/307 322/458/329 323/459/331
f 301/435/310 300/434/309 315/460/330 316/461/332
f 309/436/311 308/432/308 323/459/331 324/462/333
f 302/437/312 301/435/310 316/461/332 317/463/334
f 310/438/313 309/436/311 324/462/333 325/464/335
f 303/439/314 302/437/312 317/463/334 318/465/336
f 311/440/315 310/438/313 325/464/335 326/450/323
f 304/441/316 303/439/314 318/465/336 319/451/324
f 316/461/332 315/460/330 330/466/337 331/467/338
f 324/462/333 323/459/331 338/468/339 339/469/340
f 317/463/334 316/461/332 331/467/338 332/470/341
f 325/464/335 324/462/333 339/469/340 340/471/342
f 318/465/336 317/463/334 332/470/341 333/472/343
f 326/450/323 325/464/335 340/471/342 341/473/344
f 319/451/324 318/465/336 333/472/343 334/474/345
f 312/449/322 146/171/63 327/475/346
f 372/172/66 326/450/323 341/473/344
f 320/452/325 319/451/324 334/474/345 335/476/347
f 313/453/326 312/449/322 327/475/346 328/477/348
f 321/454/327 320/452/325 335/476/347 336/478/349
f 314/455/328 313/453/326 328/477/348 329/479/350
f 322/456/329 321/454/327 336/478/349 337/480/351
f 315/457/330 314/455/328 329/479/350 330/481/337
f 323/459/331 322/458/329 337/482/351 338/468/339
f 335/476/347 334/474/345 349/483/352 350/484/353
f 328/477/348 327/475/346 342/485/354 343/486/355
f 336/478/349 335/476/347 350/484/353 351/487/356
f 329/479/350 328/477/348 343/486/355 344/488/357
f 337/480/351 336/478/349 351/487/356 352/489/358
f 330/481/337 329/479/350 344/488/357 345/490/359
f 338/468/339 337/482/351 352/491/358 353/492/360
f 331/493/338 330/481/337 345/490/359 346/494/361
f 339/469/340 338/468/339 353/492/360 354/495/362
f 332/470/341 331/467/338 346/496/361 347/497/363
f 340/471/342 339/469/340 354/495/362 355/498/364
f 333/472/343 332/470/341 347/497/363 348/499/365
f 341/473/344 340/471/342 355/498/364 356/500/366
f 334/474/345 333/472/343 348/499/365 349/483/352
f 327/475/346 146/171/63 342/485/354
f 372/172/66 341/473/344 356/500/366
f 354/495/362 353/492/360 368/501/367 369/502/368
f 347/497/363 346/496/361 361/503/369 362/504/370
f 355/498/364 354/495/362 369/502/368 370/505/371
f 348/499/365 347/497/363 362/504/370 363/506/372
f 356/500/366 355/498/364 370/505/371 371/507/373
f 349/483/352 348/499/365 363/506/372 364/508/374
f 342/485/354 146/171/63 357/509/375
f 372/172/66 356/500/366 371/507/373
f 350/484/353 349/483/352 364/508/374 365/510/376
f 343/486/355 342/485/354 357/509/375 358/511/377
f 351/487/356 350/484/353 365/510/376 366/512/378
f 344/488/357 343/486/355 358/511/377 359/513/379
f 352/489/358 351/487/356 366/512/378 367/514/380
f 345/490/359 344/488/357 359/513/379 360/515/381
f 353/492/360 352/491/358 367/516/380 368/501/367
f 346/494/361 345/490/359 360/515/381 361/517/369
f 366/512/378 365/510/376 381/518/382 382/519/383
f 359/513/379 358/511/377 374/520/384 375/521/385
f 367/514/380 366/512/378 382/519/383 383/522/386
f 360/515/381 359/513/379 375/521/385 376/523/387
f 368/501/367 367/516/380 383/524/386 384/525/388
f 361/517/369 360/515/381 376/523/387 377/526/389
f 369/502/368 368/501/367 384/525/388 385/527/390
f 362/504/370 361/503/369 377/528/389 378/529/391
f 370/505/371 369/502/368 385/527/390 386/530/392
f 363/506/372 362/504/370 378/529/391 379/531/393
f 371/507/373 370/505/371 386/530/392 387/532/394
f 364/508/374 363/506/372 379/531/393 380/533/395
f 357/509/375 146/171/63 373/534/396
f 372/172/66 371/507/373 387/532/394
f 365/510/376 364/508/374 380/533/395 381/518/382
f 358/511/377 357/509/375 373/534/396 374/520/384
f 386/530/392 385/527/390 400/535/397 401/536/398
f 379/537/393 378/538/391 393/539/399 394/540/400
f 387/532/394 386/530/392 401/536/398 402/541/401
f 380/542/395 379/537/393 394/540/400 395/543/402
f 373/534/396 146/171/63 388/544/403
f 372/172/66 387/532/394 402/541/401
f 381/545/382 380/542/395 395/543/402 396/546/404
f 374/520/384 373/534/396 388/544/403 389/547/405
f 382/548/383 381/545/382 396/546/404 397/549/406
f 375/521/385 374/520/384 389/547/405 390/550/407
f 383/551/386 382/548/383 397/549/406 398/552/408
f 376/523/387 375/521/385 390/550/407 391/553/409
f 384/525/388 383/524/386 398/554/408 399/555/410
f 377/526/389 376/523/387 391/553/409 392/556/411
f 385/527/390 384/525/388 399/555/410 400/535/397
f 378/538/391 377/557/389 392/558/411 393/539/399
f 390/550/407 389/547/405 404/559/412 405/560/413
f 398/552/408 397/549/406 412/561/414 413/562/415
f 391/553/409 390/550/407 405/560/413 406/563/416
f 399/555/410 398/554/408 413/564/415 414/565/417
f 392/556/411 391/553/409 406/563/416 407/566/418
f 400/535/397 399/555/410 414/565/417 415/567/419
f 393/539/399 392/558/411 407/568/418 408/569/420
f 401/536/398 400/535/397 415/567/419 416/570/421
f 394/540/400 393/539/399 408/569/420 409/571/422
f 402/541/401 401/536/398 416/570/421 417/572/423
f 395/543/402 394/540/400 409/571/422 410/573/424
f 388/544/403 146/171/63 403/574/425
f 372/172/66 402/541/401 417/572/423
f 396/546/404 395/543/402 410/573/424 411/575/426
f 389/547/405 388/544/403 403/574/425 404/559/412
f 397/549/406 396/546/404 411/575/426 412/561/414
f 409/571/422 408/569/420 423/576/427 424/577/428
f 417/572/423 416/570/421 431/578/429 432/579/430
f 410/573/424 409/571/422 424/577/428 425/580/431
f 403/574/425 146/171/63 418/581/432
f 372/172/66 417/572/423 432/579/430
f 411/575/426 410/573/424 425/580/431 426/582/433
f 404/559/412 403/574/425 418/581/432 419/583/434
f 412/561/414 411/575/426 426/582/433 427/584/435
f 405/560/413 404/559/412 419/583/434 420/585/436
f 413/562/415 412/561/414 427/584/435 428/586/437
f 406/563/416 405/560/413 420/585/436 421/587/438
f 414/588/417 413/562/415 428/586/437 429/589/439
f 407/568/418 406/590/416 421/591/438 422/592/440
f 415/567/419 414/565/417 429/593/439 430/594/441
f 408/569/420 407/568/418 422/592/440 423/576/427
f 416/570/421 415/567/419 430/594/441 431/578/429
f 428/586/437 427/584/435 442/595/442 443/596/443
f 421/587/438 420/585/436 435/597/444 436/598/445
f 429/589/439 428/586/437 443/596/443 444/599/446
f 422/592/440 421/591/438 436/600/445 437/601/447
f 430/594/441 429/593/439 444/602/446 445/603/448
f 423/576/427 422/592/440 437/601/447 438/604/449
f 431/578/429 430/594/441 445/603/448 446/605/450
f 424/577/428 423/576/427 438/604/449 439/606/451
f 432/579/430 431/578/429 446/605/450 447/607/452
f 425/580/431 424/577/428 439/606/451 440/608/453
f 418/581/432 146/171/63 433/609/454
f 372/172/66 432/579/430 447/607/452
f 426/582/433 425/580/431 440/608/453 441/610/455
f 419/583/434 418/581/432 433/609/454 434/611/456
f 427/584/435 426/582/433 441/610/455 442/595/442
f 420/585/436 419/583/434 434/611/456 435/597/444
f 447/607/452 446/605/450 461/612/457 462/613/458
f 440/608/453 439/606/451 454/614/459 455/615/460
f 433/609/454 146/171/63 448/616/461
f 372/172/66 447/607/452 462/613/458
f 441/610/455 440/608/453 455/615/460 456/617/462
f 434/611/456 433/609/454 448/616/461 449/618/463
f 442/595/442 441/610/455 456/617/462 457/619/464
f 435/597/444 434/611/456 449/618/463 450/620/465
f 443/596/443 442/595/442 457/619/464 458/621/466
f 436/598/445 435/597/444 450/620/465 451/622/467
f 444/599/446 443/596/443 458/621/466 459/623/468
f 437/601/447 436/600/445 451/624/467 452/625/469
f 445/603/448 444/602/446 459/626/468 460/627/470
f 438/604/449 437/601/447 452/625/469 453/628/471
f 446/605/450 445/603/448 460/627/470 461/612/457
f 439/606/451 438/604/449 453/628/471 454/614/459
f 451/622/467 450/620/465 465/629/472 466/630/473
f 459/623/468 458/621/466 473/631/474 474/632/475
f 452/625/469 451/624/467 466/633/473 467/634/476
f 460/627/470 459/626/468 474/635/475 475/636/477
f 453/628/471 452/625/469 467/634/476 468/637/478
f 461/612/457 460/627/470 475/636/477 476/638/479
f 454/614/459 453/628/471 468/637/478 469/639/480
f 462/613/458 461/612/457 476/638/479 477/640/481
f 455/615/460 454/614/459 469/639/480 470/641/482
f 448/616/461 146/171/63 463/642/483
f 372/172/66 462/613/458 477/640/481
f 456/617/462 455/615/460 470/641/482 471/643/484
f 449/618/463 448/616/461 463/642/483 464/644/485
f 457/619/464 456/617/462 471/643/484 472/645/486
f 450/620/465 449/618/463 464/644/485 465/629/472
f 458/621/466 457/619/464 472/645/486 473/631/474
f 470/641/482 469/639/480 484/646/487 485/647/488
f 463/642/483 146/171/63 478/648/489
f 372/172/66 477/640/481 492/649/490
f 471/643/484 470/641/482 485/647/488 486/650/491
f 464/644/485 463/642/483 478/648/489 479/651/492
f 472/645/486 471/643/484 486/650/491 487/652/493
f 465/629/472 464/644/485 479/651/492 480/653/494
f 473/631/474 472/645/486 487/652/493 488/654/495
f 466/630/473 465/629/472 480/653/494 481/655/496
f 474/635/475 473/656/474 488/657/495 489/658/497
f 467/659/476 466/630/473 481/655/496 482/660/498
f 475/636/477 474/635/475 489/658/497 490/661/499
f 468/637/478 467/634/476 482/662/498 483/663/500
f 476/638/479 475/636/477 490/661/499 491/664/501
f 469/639/480 468/637/478 483/663/500 484/646/487
f 477/640/481 476/638/479 491/664/501 492/649/490
f 489/658/497 488/657/495 503/665/502 504/666/503
f 482/660/498 481/655/496 496/667/504 497/668/505
f 490/661/499 489/658/497 504/666/503 505/669/506
f 483/663/500 482/662/498 497/670/505 498/671/507
f 491/664/501 490/661/499 505/669/506 506/672/508
f 484/646/487 483/663/500 498/671/507 499/673/509
f 492/649/490 491/664/501 506/672/508 507/674/510
f 485/647/488 484/646/487 499/673/509 500/675/511
f 478/648/489 146/171/63 493/676/512
f 372/172/66 492/649/490 507/674/510
f 486/650/491 485/647/488 500/675/511 501/677/513
f 479/651/492 478/648/489 493/676/512 494/678/514
f 487/652/493 486/650/491 501/677/513 502/679/515
f 480/653/494 479/651/492 494/678/514 495/680/516
f 488/654/495 487/652/493 502/679/515 503/681/502
f 481/655/496 480/653/494 495/680/516 496/667/504
f 372/172/66 507/674/510 522/682/517
f 501/683/513 500/684/511 515/685/518 516/686/519
f 494/678/514 493/676/512 508/687/520 509/688/521
f 502/689/515 501/683/513 516/686/519 517/690/522
f 495/680/516 494/678/514 509/688/521 510/691/523
f 503/692/502 502/689/515 517/690/522 518/693/524
f 496/667/504 495/680/516 510/691/523 511/694/525
f 504/666/503 503/665/502 518/695/524 519/696/526
f 497/668/505 496/667/504 511/694/525 512/697/527
f 505/669/506 504/666/503 519/696/526 520/698/528
f 498/699/507 497/700/505 512/701/527 513/702/529
f 506/672/508 505/669/506 520/698/528 521/703/530
f 499/704/509 498/699/507 513/702/529 514/705/531
f 507/674/510 506/672/508 521/703/530 522/682/517
f 500/684/511 499/704/509 514/705/531 515/685/518
f 493/676/512 146/171/63 508/687/520
f 520/698/528 519/696/526 534/706/532 535/707/533
f 513/702/529 512/701/527 527/708/534 528/709/535
f 521/703/530 520/698/528 535/707/533 536/710/536
f 514/705/531 513/702/529 528/709/535 529/711/537
f 522/682/517 521/703/530 536/710/536 537/712/538
f 515/685/518 514/705/531 529/711/537 530/713/539
f 508/687/520 146/171/63 523/714/540
f 372/172/66 522/682/517 537/712/538
f 516/686/519 515/685/518 530/713/539 531/715/541
f 509/688/521 508/687/520 523/714/540 524/716/542
f 517/690/522 516/686/519 531/715/541 532/717/543
f 510/691/523 509/688/521 524/716/542 525/718/544
f 518/693/524 517/690/522 532/717/543 533/719/545
f 511/694/525 510/691/523 525/718/544 526/720/546
f 519/696/526 518/695/524 533/721/545 534/706/532
f 512/697/527 511/694/525 526/720/546 527/722/534
f 524/716/542 523/714/540 538/142/72 539/141/71
f 532/717/543 531/715/541 69/137/67 542/145/75
f 525/718/544 524/716/542 539/141/71 65/147/77
f 533/719/545 532/717/543 542/145/75 70/149/79
f 526/720/546 525/718/544 65/147/77 540/151/81
f 534/706/532 533/721/545 70/154/79 543/153/83
f 527/708/534 526/723/546 540/158/81 66/157/85
f 535/707/533 534/706/532 543/153/83 544/161/87
f 528/709/535 527/708/534 66/157/85 541/163/89
f 536/710/536 535/707/533 544/161/87 545/165/91
f 529/711/537 528/709/535 541/163/89 67/167/93
f 537/712/538 536/710/536 545/165/91 546/169/95
f 530/713/539 529/711/537 67/167/93 68/138/68
f 523/714/540 146/171/63 538/142/72
f 372/172/66 537/712/538 546/169/95
f 531/715/541 530/713/539 68/138/68 69/137/67
f 1021/724/547 1020/725/548 553/726/549 554/727/550
f 1024/728/551 551/729/552 561/730/553 562/731/554
f 547/732/555 1021/724/547 554/727/550 555/733/556
f 552/734/557 1024/728/551 562/731/554 563/735/558
f 1022/736/559 547/732/555 555/733/556 556/737/560
f 1025/738/561 552/739/557 563/740/558 564/741/562
f 548/742/563 1022/743/559 556/744/560 557/745/564
f 1026/746/565 1025/738/561 564/741/562 565/747/566
f 1023/748/567 548/742/563 557/745/564 558/749/568
f 1027/750/569 1026/746/565 565/747/566 566/751/570
f 549/752/571 1023/748/567 558/749/568 559/753/572
f 1028/754/573 1027/750/569 566/751/570 567/755/574
f 550/756/68 549/752/571 559/753/572 560/757/575
f 1020/725/548 628/758/63 553/726/549
f 854/759/66 1028/754/573 567/755/574
f 551/729/552 550/756/68 560/757/575 561/730/553
f 560/757/575 559/753/572 574/760/576 575/761/577
f 553/726/549 628/758/63 568/762/578
f 854/759/66 567/755/574 582/763/579
f 561/730/553 560/757/575 575/761/577 576/764/580
f 554/727/550 553/726/549 568/762/578 569/765/581
f 562/731/554 561/730/553 576/764/580 577/766/582
f 555/733/556 554/727/550 569/765/581 570/767/583
f 563/735/558 562/731/554 577/766/582 578/768/584
f 556/737/560 555/733/556 570/767/583 571/769/585
f 564/741/562 563/740/558 578/770/584 579/771/586
f 557/745/564 556/744/560 571/772/585 572/773/587
f 565/747/566 564/741/562 579/771/586 580/774/588
f 558/749/568 557/745/564 572/773/587 573/775/589
f 566/751/570 565/747/566 580/774/588 581/776/590
f 559/753/572 558/749/568 573/775/589 574/760/576
f 567/755/574 566/751/570 581/776/590 582/763/579
f 579/771/586 578/770/584 593/777/591 594/778/592
f 572/779/587 571/769/585 586/780/593 587/781/594
f 580/774/588 579/771/586 594/778/592 595/782/595
f 573/775/589 572/773/587 587/783/594 588/784/596
f 581/776/590 580/774/588 595/782/595 596/785/597
f 574/760/576 573/775/589 588/784/596 589/786/598
f 582/763/579 581/776/590 596/785/597 597/787/599
f 575/761/577 574/760/576 589/786/598 590/788/600
f 568/762/578 628/758/63 583/789/601
f 854/759/66 582/763/579 597/787/599
f 576/764/580 575/761/577 590/788/600 591/790/602
f 569/765/581 568/762/578 583/789/601 584/791/603
f 577/766/582 576/764/580 591/790/602 592/792/604
f 570/767/583 569/765/581 584/791/603 585/793/605
f 578/768/584 577/766/582 592/792/604 593/794/591
f 571/769/585 570/767/583 585/793/605 586/780/593
f 854/759/66 597/787/599 612/795/606
f 591/790/602 590/788/600 605/796/607 606/797/608
f 584/791/603 583/789/601 598/798/609 599/799/610
f 592/792/604 591/790/602 606/797/608 607/800/611
f 585/793/605 584/791/603 599/799/610 600/801/612
f 593/794/591 592/792/604 607/800/611 608/802/613
f 586/780/593 585/793/605 600/801/612 601/803/614
f 594/778/592 593/777/591 608/804/613 609/805/615
f 587/781/594 586/780/593 601/803/614 602/806/616
f 595/782/595 594/778/592 609/805/615 610/807/617
f 588/784/596 587/783/594 602/808/616 603/809/618
f 596/785/597 595/782/595 610/807/617 611/810/619
f 589/786/598 588/784/596 603/809/618 604/811/620
f 597/787/599 596/785/597 611/810/619 612/795/606
f 590/788/600 589/786/598 604/811/620 605/796/607
f 583/789/601 628/758/63 598/798/609
f 610/807/617 609/805/615 624/812/621 625/813/622
f 603/814/618 602/815/616 617/816/623 618/817/624
f 611/810/619 610/807/617 625/813/622 626/818/625
f 604/819/620 603/814/618 618/817/624 619/820/626
f 612/795/606 611/810/619 626/818/625 627/821/627
f 605/822/607 604/819/620 619/820/626 620/823/628
f 598/798/609 628/758/63 613/824/629
f 854/759/66 612/795/606 627/821/627
f 606/825/608 605/822/607 620/823/628 621/826/630
f 599/799/610 598/798/609 613/824/629 614/827/631
f 607/828/611 606/825/608 621/826/630 622/829/632
f 600/801/612 599/799/610 614/827/631 615/830/633
f 608/831/613 607/828/611 622/829/632 623/832/634
f 601/803/614 600/801/612 615/830/633 616/833/635
f 609/805/615 608/804/613 623/834/634 624/812/621
f 602/806/616 601/803/614 616/833/635 617/835/623
f 614/827/631 613/824/629 629/836/636 630/837/637
f 622/829/632 621/826/630 637/838/638 638/839/639
f 615/830/633 614/827/631 630/837/637 631/840/640
f 623/832/634 622/829/632 638/839/639 639/841/641
f 616/833/635 615/830/633 631/840/640 632/842/642
f 624/812/621 623/834/634 639/843/641 640/844/643
f 617/835/623 616/833/635 632/842/642 633/845/644
f 625/813/622 624/812/621 640/844/643 641/846/645
f 618/817/624 617/816/623 633/847/644 634/848/646
f 626/818/625 625/813/622 641/846/645 642/849/647
f 619/820/626 618/817/624 634/848/646 635/850/648
f 627/821/627 626/818/625 642/849/647 643/851/649
f 620/823/628 619/820/626 635/850/648 636/852/650
f 613/824/629 628/758/63 629/836/636
f 854/759/66 627/821/627 643/851/649
f 621/826/630 620/823/628 636/852/650 637/838/638
f 634/848/646 633/847/644 648/853/651 649/854/652
f 642/849/647 641/846/645 656/855/653 657/856/654
f 635/850/648 634/848/646 649/854/652 650/857/655
f 643/851/649 642/849/647 657/856/654 658/858/656
f 636/852/650 635/850/648 650/857/655 651/859/657
f 629/836/636 628/758/63 644/860/658
f 854/759/66 643/851/649 658/858/656
f 637/838/638 636/852/650 651/859/657 652/861/659
f 630/837/637 629/836/636 644/860/658 645/862/660
f 638/839/639 637/838/638 652/861/659 653/863/661
f 631/840/640 630/837/637 645/862/660 646/864/662
f 639/841/641 638/839/639 653/863/661 654/865/663
f 632/842/642 631/840/640 646/864/662 647/866/664
f 640/867/643 639/841/641 654/865/663 655/868/665
f 633/845/644 632/842/642 647/866/664 648/869/651
f 641/846/645 640/844/643 655/870/665 656/855/653
f 653/863/661 652/861/659 667/871/666 668/872/667
f 646/864/662 645/862/660 660/873/668 661/874/669
f 654/865/663 653/863/661 668/872/667 669/875/670
f 647/866/664 646/864/662 661/874/669 662/876/671
f 655/868/665 654/865/663 669/875/670 670/877/672
f 648/853/651 647/878/664 662/879/671 663/880/673
f 656/855/653 655/870/665 670/881/672 671/882/674
f 649/854/652 648/853/651 663/880/673 664/883/675
f 657/856/654 656/855/653 671/882/674 672/884/676
f 650/857/655 649/854/652 664/883/675 665/885/677
f 658/858/656 657/856/654 672/884/676 673/886/678
f 651/859/657 650/857/655 665/885/677 666/887/201
f 644/860/658 628/758/63 659/888/679
f 854/759/66 658/858/656 673/886/678
f 652/861/659 651/859/657 666/887/201 667/871/666
f 645/862/660 644/860/658 659/888/679 660/873/668
f 672/884/676 671/882/674 686/889/680 687/890/681
f 665/885/677 664/883/675 679/891/682 680/892/683
f 673/886/678 672/884/676 687/890/681 688/893/684
f 666/887/201 665/885/677 680/892/683 681/894/685
f 659/888/679 628/758/63 674/895/686
f 854/759/66 673/886/678 688/893/684
f 667/871/666 666/887/201 681/894/685 682/896/687
f 660/873/668 659/888/679 674/895/686 675/897/688
f 668/872/667 667/871/666 682/896/687 683/898/689
f 661/874/669 660/873/668 675/897/688 676/899/690
f 669/875/670 668/872/667 683/898/689 684/900/691
f 662/876/671 661/874/669 676/899/690 677/901/692
f 670/877/672 669/875/670 684/900/691 685/902/693
f 663/880/673 662/879/671 677/903/692 678/904/694
f 671/882/674 670/881/672 685/905/693 686/889/680
f 664/883/675 663/880/673 678/904/694 679/891/682
f 676/899/690 675/897/688 690/906/695 691/907/696
f 684/900/691 683/898/689 698/908/697 699/909/698
f 677/901/692 676/899/690 691/907/696 692/910/699
f 685/902/693 684/900/691 699/909/698 700/911/700
f 678/912/694 677/901/692 692/910/699 693/913/701
f 686/889/680 685/905/693 700/914/700 701/915/702
f 679/891/682 678/904/694 693/916/701 694/917/703
f 687/890/681 686/889/680 701/915/702 702/918/704
f 680/892/683 679/891/682 694/917/703 695/919/705
f 688/893/684 687/890/681 702/918/704 703/920/706
f 681/894/685 680/892/683 695/919/705 696/921/707
f 674/895/686 628/758/63 689/922/708
f 854/759/66 688/893/684 703/920/706
f 682/896/687 681/894/685 696/921/707 697/923/709
f 675/897/688 674/895/686 689/922/708 690/906/695
f 683/898/689 682/896/687 697/923/709 698/908/697
f 695/919/705 694/917/703 709/924/710 710/925/711
f 703/920/706 702/918/704 717/926/712 718/927/713
f 696/921/707 695/919/705 710/925/711 711/928/714
f 689/922/708 628/758/63 704/929/715
f 854/759/66 703/920/706 718/927/713
f 697/923/709 696/921/707 711/928/714 712/930/716
f 690/906/695 689/922/708 704/929/715 705/931/717
f 698/908/697 697/923/709 712/930/716 713/932/718
f 691/907/696 690/906/695 705/931/717 706/933/719
f 699/909/698 698/908/697 713/932/718 714/934/720
f 692/910/699 691/907/696 706/933/719 707/935/721
f 700/914/700 699/936/698 714/937/720 715/938/722
f 693/913/701 692/910/699 707/935/721 708/939/723
f 701/915/702 700/914/700 715/938/722 716/940/724
f 694/917/703 693/916/701 708/941/723 709/924/710
f 702/918/704 701/915/702 716/940/724 717/926/712
f 714/934/720 713/932/718 728/942/725 729/943/726
f 707/935/721 706/933/719 721/944/727 722/945/728
f 715/938/722 714/937/720 729/946/726 730/947/729
f 708/939/723 707/935/721 722/945/728 723/948/730
f 716/940/724 715/938/722 730/947/729 731/949/731
f 709/924/710 708/941/723 723/950/730 724/951/732
f 717/926/712 716/940/724 731/949/731 732/952/733
f 710/925/711 709/924/710 724/951/732 725/953/734
f 718/927/713 717/926/712 732/952/733 733/954/735
f 711/928/714 710/925/711 725/953/734 726/955/736
f 704/929/715 628/758/63 719/956/737
f 854/759/66 718/927/713 733/954/735
f 712/930/716 711/928/714 726/955/736 727/957/738
f 705/931/717 704/929/715 719/956/737 720/958/739
f 713/932/718 712/930/716 727/957/738 728/942/725
f 706/933/719 705/931/717 720/958/739 721/944/727
f 733/954/735 732/952/733 747/959/740 748/960/741
f 726/961/736 725/962/734 740/963/742 741/964/743
f 719/956/737 628/758/63 734/965/744
f 854/759/66 733/954/735 748/960/741
f 727/957/738 726/955/736 741/966/743 742/967/745
f 720/958/739 719/956/737 734/965/744 735/968/746
f 728/942/725 727/957/738 742/967/745 743/969/747
f 721/944/727 720/958/739 735/968/746 736/970/748
f 729/943/726 728/942/725 743/969/747 744/971/749
f 722/945/728 721/944/727 736/970/748 737/972/750
f 730/947/729 729/946/726 744/973/749 745/974/751
f 723/948/730 722/945/728 737/972/750 738/975/752
f 731/949/731 730/947/729 745/974/751 746/976/753
f 724/977/732 723/978/730 738/979/752 739/980/754
f 732/952/733 731/949/731 746/976/753 747/959/740
f 725/962/734 724/977/732 739/980/754 740/963/742
f 745/974/751 744/973/749 759/981/755 760/982/756
f 738/975/752 737/972/750 752/983/757 753/984/758
f 746/976/753 745/974/751 760/982/756 761/985/759
f 739/980/754 738/979/752 753/986/758 754/987/760
f 747/959/740 746/976/753 761/985/759 762/988/761
f 740/963/742 739/980/754 754/987/760 755/989/762
f 748/960/741 747/959/740 762/988/761 763/990/763
f 741/964/743 740/963/742 755/989/762 756/991/764
f 734/965/744 628/758/63 749/992/765
f 854/759/66 748/960/741 763/990/763
f 742/993/745 741/964/743 756/991/764 757/994/766
f 735/968/746 734/965/744 749/992/765 750/995/767
f 743/996/747 742/993/745 757/994/766 758/997/768
f 736/970/748 735/968/746 750/995/767 751/998/769
f 744/999/749 743/996/747 758/997/768 759/1000/755
f 737/972/750 736/970/748 751/998/769 752/983/757
f 749/992/765 628/758/63 764/1001/770
f 854/759/66 763/990/763 778/1002/771
f 757/994/766 756/991/764 771/1003/772 772/1004/773
f 750/995/767 749/992/765 764/1001/770 765/1005/774
f 758/997/768 757/994/766 772/1004/773 773/1006/775
f 751/998/769 750/995/767 765/1005/774 766/1007/776
f 759/1000/755 758/997/768 773/1006/775 774/1008/777
f 752/983/757 751/998/769 766/1007/776 767/1009/778
f 760/982/756 759/981/755 774/1010/777 775/1011/779
f 753/984/758 752/983/757 767/1009/778 768/1012/780
f 761/985/759 760/982/756 775/1011/779 776/1013/781
f 754/987/760 753/986/758 768/1014/780 769/1015/782
f 762/988/761 761/985/759 776/1013/781 777/1016/783
f 755/989/762 754/987/760 769/1015/782 770/1017/784
f 763/990/763 762/988/761 777/1016/783 778/1002/771
f 756/991/764 755/989/762 770/1017/784 771/1003/772
f 768/1012/780 767/1009/778 782/1018/785 783/1019/786
f 776/1013/781 775/1011/779 790/1020/787 791/1021/788
f 769/1015/782 768/1014/780 783/1022/786 784/1023/789
f 777/1016/783 776/1013/781 791/1021/788 792/1024/790
f 770/1017/784 769/1015/782 784/1023/789 785/1025/791
f 778/1002/771 777/1016/783 792/1024/790 793/1026/792
f 771/1003/772 770/1017/784 785/1025/791 786/1027/316
f 764/1001/770 628/758/63 779/1028/793
f 854/759/66 778/1002/771 793/1026/792
f 772/1004/773 771/1003/772 786/1027/316 787/1029/794
f 765/1005/774 764/1001/770 779/1028/793 780/1030/795
f 773/1006/775 772/1004/773 787/1029/794 788/1031/796
f 766/1007/776 765/1005/774 780/1030/795 781/1032/797
f 774/1008/777 773/1006/775 788/1031/796 789/1033/798
f 767/1009/778 766/1007/776 781/1032/797 782/1018/785
f 775/1011/779 774/1010/777 789/1034/798 790/1020/787
f 787/1029/794 786/1027/316 801/1035/799 802/1036/800
f 780/1030/795 779/1028/793 794/1037/801 795/1038/802
f 788/1031/796 787/1029/794 802/1036/800 803/1039/803
f 781/1032/797 780/1030/795 795/1038/802 796/1040/804
f 789/1033/798 788/1031/796 803/1039/803 804/1041/805
f 782/1018/785 781/1032/797 796/1040/804 797/1042/806
f 790/1020/787 789/1034/798 804/1043/805 805/1044/807
f 783/1019/786 782/1018/785 797/1042/806 798/1045/808
f 791/1021/788 790/1020/787 805/1044/807 806/1046/809
f 784/1023/789 783/1022/786 798/1047/808 799/1048/810
f 792/1024/790 791/1021/788 806/1046/809 807/1049/811
f 785/1025/791 784/1023/789 799/1048/810 800/1050/812
f 793/1026/792 792/1024/790 807/1049/811 808/1051/813
f 786/1027/316 785/1025/791 800/1050/812 801/1035/799
f 779/1028/793 628/758/63 794/1037/801
f 854/759/66 793/1026/792 808/1051/813
f 806/1046/809 805/1044/807 820/1052/814 821/1053/815
f 799/1048/810 798/1047/808 813/1054/816 814/1055/817
f 807/1049/811 806/1046/809 821/1053/815 822/1056/818
f 800/1050/812 799/1048/810 814/1055/817 815/1057/819
f 808/1051/813 807/1049/811 822/1056/818 823/1058/820
f 801/1035/799 800/1050/812 815/1057/819 816/1059/821
f 794/1037/801 628/758/63 809/1060/822
f 854/759/66 808/1051/813 823/1058/820
f 802/1036/800 801/1035/799 816/1059/821 817/1061/823
f 795/1038/802 794/1037/801 809/1060/822 810/1062/824
f 803/1039/803 802/1036/800 817/1061/823 818/1063/825
f 796/1040/804 795/1038/802 810/1062/824 811/1064/826
f 804/1041/805 803/1039/803 818/1063/825 819/1065/827
f 797/1042/806 796/1040/804 811/1064/826 812/1066/828
f 805/1044/807 804/1043/805 819/1067/827 820/1052/814
f 798/1045/808 797/1042/806 812/1066/828 813/1068/816
f 810/1062/824 809/1060/822 824/1069/829 825/1070/830
f 818/1063/825 817/1061/823 832/1071/831 833/1072/832
f 811/1064/826 810/1062/824 825/1070/830 826/1073/833
f 819/1065/827 818/1063/825 833/1072/832 834/1074/834
f 812/1066/828 811/1064/826 826/1073/833 827/1075/835
f 820/1052/814 819/1067/827 834/1076/834 835/1077/836
f 813/1068/816 812/1066/828 827/1075/835 828/1078/837
f 821/1053/815 820/1052/814 835/1077/836 836/1079/838
f 814/1055/817 813/1054/816 828/1080/837 829/1081/839
f 822/1056/818 821/1053/815 836/1079/838 837/1082/840
f 815/1057/819 814/1055/817 829/1081/839 830/1083/841
f 823/1058/820 822/1056/818 837/1082/840 838/1084/842
f 816/1059/821 815/1057/819 830/1083/841 831/1085/843
f 809/1060/822 628/758/63 824/1069/829
f 854/759/66 823/1058/820 838/1084/842
f 817/1061/823 816/1059/821 831/1085/843 832/1071/831
f 829/1081/839 828/1080/837 843/1086/844 844/1087/845
f 837/1082/840 836/1079/838 851/1088/846 852/1089/847
f 830/1083/841 829/1081/839 844/1087/845 845/1090/848
f 838/1084/842 837/1082/840 852/1089/847 853/1091/849
f 831/1085/843 830/1083/841 845/1090/848 846/1092/850
f 824/1069/829 628/758/63 839/1093/851
f 854/759/66 838/1084/842 853/1091/849
f 832/1071/831 831/1085/843 846/1092/850 847/1094/852
f 825/1070/830 824/1069/829 839/1093/851 840/1095/853
f 833/1072/832 832/1071/831 847/1094/852 848/1096/854
f 826/1073/833 825/1070/830 840/1095/853 841/1097/855
f 834/1074/834 833/1072/832 848/1096/854 849/1098/856
f 827/1075/835 826/1073/833 841/1097/855 842/1099/857
f 835/1077/836 834/1076/834 849/1100/856 850/1101/858
f 828/1078/837 827/1075/835 842/1099/857 843/1102/844
f 836/1079/838 835/1077/836 850/1101/858 851/1088/846
f 848/1096/854 847/1094/852 863/1103/859 864/1104/860
f 841/1097/855 840/1095/853 856/1105/861 857/1106/862
f 849/1098/856 848/1096/854 864/1104/860 865/1107/863
f 842/1099/857 841/1097/855 857/1106/862 858/1108/864
f 850/1101/858 849/1100/856 865/1109/863 866/1110/865
f 843/1102/844 842/1099/857 858/1108/864 859/1111/866
f 851/1088/846 850/1101/858 866/1110/865 867/1112/867
f 844/1087/845 843/1086/844 859/1113/866 860/1114/868
f 852/1089/847 851/1088/846 867/1112/867 868/1115/869
f 845/1090/848 844/1087/845 860/1114/868 861/1116/870
f 853/1091/849 852/1089/847 868/1115/869 869/1117/871
f 839/1093/851 628/758/63 855/1118/872
f 846/1092/850 845/1090/848 861/1116/870 862/1119/873
f 854/759/66 853/1091/849 869/1117/871
f 847/1094/852 846/1092/850 862/1119/873 863/1103/859
f 840/1095/853 839/1093/851 855/1118/872 856/1105/861
f 868/1115/869 867/1112/867 882/1120/874 883/1121/875
f 861/1122/870 860/1123/868 875/1124/876 876/1125/877
f 869/1117/871 868/1115/869 883/1121/875 884/1126/878
f 862/1127/873 861/1122/870 876/1125/877 877/1128/879
f 855/1118/872 628/758/63 870/1129/880
f 854/759/66 869/1117/871 884/1126/878
f 863/1130/859 862/1127/873 877/1128/879 878/1131/881
f 856/1105/861 855/1118/872 870/1129/880 871/1132/882
f 864/1133/860 863/1130/859 878/1131/881 879/1134/883
f 857/1106/862 856/1105/861 871/1132/882 872/1135/884
f 865/1136/863 864/1133/860 879/1134/883 880/1137/885
f 858/1108/864 857/1106/862 872/1135/884 873/1138/886
f 866/1110/865 865/1109/863 880/1139/885 881/1140/887
f 859/1111/866 858/1108/864 873/1138/886 874/1141/888
f 867/1112/867 866/1110/865 881/1140/887 882/1120/874
f 860/1123/868 859/1142/866 874/1143/888 875/1124/876
f 872/1135/884 871/1132/882 886/1144/889 887/1145/890
f 880/1137/885 879/1134/883 894/1146/891 895/1147/892
f 873/1138/886 872/1135/884 887/1145/890 888/1148/893
f 881/1140/887 880/1139/885 895/1149/892 896/1150/894
f 874/1141/888 873/1138/886 888/1148/893 889/1151/895
f 882/1120/874 881/1140/887 896/1150/894 897/1152/896
f 875/1124/876 874/1143/888 889/1153/895 890/1154/897
f 883/1121/875 882/1120/874 897/1152/896 898/1155/898
f 876/1125/877 875/1124/876 890/1154/897 891/1156/899
f 884/1126/878 883/1121/875 898/1155/898 899/1157/900
f 877/1128/879 876/1125/877 891/1156/899 892/1158/901
f 870/1129/880 628/758/63 885/1159/902
f 854/759/66 884/1126/878 899/1157/900
f 878/1131/881 877/1128/879 892/1158/901 893/1160/903
f 871/1132/882 870/1129/880 885/1159/902 886/1144/889
f 879/1134/883 878/1131/881 893/1160/903 894/1146/891
f 891/1156/899 890/1154/897 905/1161/904 906/1162/905
f 899/1157/900 898/1155/898 913/1163/906 914/1164/907
f 892/1158/901 891/1156/899 906/1162/905 907/1165/431
f 885/1159/902 628/758/63 900/1166/908
f 854/759/66 899/1157/900 914/1164/907
f 893/1160/903 892/1158/901 907/1165/431 908/1167/909
f 886/1144/889 885/1159/902 900/1166/908 901/1168/910
f 894/1146/891 893/1160/903 908/1167/909 909/1169/911
f 887/1145/890 886/1144/889 901/1168/910 902/1170/912
f 895/1147/892 894/1146/891 909/1169/911 910/1171/913
f 888/1148/893 887/1145/890 902/1170/912 903/1172/914
f 896/1150/894 895/1149/892 910/1173/913 911/1174/915
f 889/1153/895 888/1175/893 903/1176/914 904/1177/916
f 897/1152/896 896/1150/894 911/1174/915 912/1178/917
f 890/1154/897 889/1153/895 904/1177/916 905/1161/904
f 898/1155/898 897/1152/896 912/1178/917 913/1163/906
f 910/1171/913 909/1169/911 924/1179/918 925/1180/919
f 903/1172/914 902/1170/912 917/1181/920 918/1182/921
f 911/1183/915 910/1171/913 925/1180/919 926/1184/922
f 904/1177/916 903/1176/914 918/1185/921 919/1186/923
f 912/1178/917 911/1174/915 926/1187/922 927/1188/924
f 905/1161/904 904/1177/916 919/1186/923 920/1189/925
f 913/1163/906 912/1178/917 927/1188/924 928/1190/926
f 906/1162/905 905/1161/904 920/1189/925 921/1191/927
f 914/1164/907 913/1163/906 928/1190/926 929/1192/928
f 907/1165/431 906/1162/905 921/1191/927 922/1193/929
f 900/1166/908 628/758/63 915/1194/930
f 854/759/66 914/1164/907 929/1192/928
f 908/1167/909 907/1165/431 922/1193/929 923/1195/931
f 901/1168/910 900/1166/908 915/1194/930 916/1196/932
f 909/1169/911 908/1167/909 923/1195/931 924/1179/918
f 902/1170/912 901/1168/910 916/1196/932 917/1181/920
f 929/1192/928 928/1190/926 943/1197/933 944/1198/934
f 922/1193/929 921/1191/927 936/1199/935 937/1200/936
f 915/1194/930 628/758/63 930/1201/937
f 854/759/66 929/1192/928 944/1198/934
f 923/1195/931 922/1193/929 937/1200/936 938/1202/938
f 916/1196/932 915/1194/930 930/1201/937 931/1203/939
f 924/1179/918 923/1195/931 938/1202/938 939/1204/940
f 917/1181/920 916/1196/932 931/1203/939 932/1205/941
f 925/1180/919 924/1179/918 939/1204/940 940/1206/942
f 918/1182/921 917/1181/920 932/1205/941 933/1207/943
f 926/1184/922 925/1180/919 940/1206/942 941/1208/944
f 919/1186/923 918/1185/921 933/1209/943 934/1210/945
f 927/1188/924 926/1187/922 941/1211/944 942/1212/946
f 920/1189/925 919/1186/923 934/1210/945 935/1213/947
f 928/1190/926 927/1188/924 942/1212/946 943/1197/933
f 921/1191/927 920/1189/925 935/1213/947 936/1199/935
f 933/1207/943 932/1205/941 947/1214/948 948/1215/949
f 941/1211/944 940/1216/942 955/1217/950 956/1218/951
f 934/1210/945 933/1209/943 948/1219/949 949/1220/952
f 942/1212/946 941/1211/944 956/1218/951 957/1221/953
f 935/1213/947 934/1210/945 949/1220/952 950/1222/954
f 943/1197/933 942/1212/946 957/1221/953 958/1223/955
f 936/1199/935 935/1213/947 950/1222/954 951/1224/956
f 944/1198/934 943/1197/933 958/1223/955 959/1225/957
f 937/1200/936 936/1199/935 951/1224/956 952/1226/958
f 930/1201/937 628/758/63 945/1227/959
f 854/759/66 944/1198/934 959/1225/957
f 938/1202/938 937/1200/936 952/1226/958 953/1228/960
f 931/1203/939 930/1201/937 945/1227/959 946/1229/961
f 939/1204/940 938/1202/938 953/1228/960 954/1230/962
f 932/1205/941 931/1203/939 946/1229/961 947/1214/948
f 940/1206/942 939/1204/940 954/1230/962 955/1231/950
f 952/1226/958 951/1224/956 966/1232/963 967/1233/964
f 945/1227/959 628/758/63 960/1234/965
f 854/759/66 959/1225/957 974/1235/966
f 953/1228/960 952/1226/958 967/1233/964 968/1236/967
f 946/1229/961 945/1227/959 960/1234/965 961/1237/968
f 954/1230/962 953/1228/960 968/1236/967 969/1238/969
f 947/1214/948 946/1229/961 961/1237/968 962/1239/970
f 955/1231/950 954/1230/962 969/1238/969 970/1240/971
f 948/1215/949 947/1214/948 962/1239/970 963/1241/972
f 956/1218/951 955/1217/950 970/1242/971 971/1243/973
f 949/1244/952 948/1215/949 963/1241/972 964/1245/974
f 957/1221/953 956/1218/951 971/1243/973 972/1246/975
f 950/1222/954 949/1220/952 964/1247/974 965/1248/976
f 958/1223/955 957/1221/953 972/1246/975 973/1249/977
f 951/1224/956 950/1222/954 965/1248/976 966/1232/963
f 959/1225/957 958/1223/955 973/1249/977 974/1235/966
f 971/1243/973 970/1242/971 985/1250/978 986/1251/979
f 964/1245/974 963/1241/972 978/1252/980 979/1253/981
f 972/1246/975 971/1243/973 986/1251/979 987/1254/982
f 965/1248/976 964/1247/974 979/1255/981 980/1256/983
f 973/1249/977 972/1246/975 987/1254/982 988/1257/984
f 966/1232/963 965/1248/976 980/1256/983 981/1258/985
f 974/1235/966 973/1249/977 988/1257/984 989/1259/986
f 967/1233/964 966/1232/963 981/1258/985 982/1260/987
f 960/1234/965 628/758/63 975/1261/988
f 854/759/66 974/1235/966 989/1259/986
f 968/1236/967 967/1233/964 982/1260/987 983/1262/989
f 961/1237/968 960/1234/965 975/1261/988 976/1263/990
f 969/1238/969 968/1236/967 983/1262/989 984/1264/991
f 962/1239/970 961/1237/968 976/1263/990 977/1265/992
f 970/1240/971 969/1238/969 984/1264/991 985/1266/978
f 963/1241/972 962/1239/970 977/1265/992 978/1252/980
f 854/759/66 989/1259/986 1004/1267/993
f 983/1268/989 982/1269/987 997/1270/994 998/1271/995
f 976/1263/990 975/1261/988 990/1272/996 991/1273/997
f 984/1274/991 983/1268/989 998/1271/995 999/1275/998
f 977/1265/992 976/1263/990 991/1273/997 992/1276/999
f 985/1277/978 984/1274/991 999/1275/998 1000/1278/1000
f 978/1252/980 977/1265/992 992/1276/999 993/1279/1001
f 986/1251/979 985/1250/978 1000/1280/1000 1001/1281/1002
f 979/1253/981 978/1252/980 993/1279/1001 994/1282/1003
f 987/1254/982 986/1251/979 1001/1281/1002 1002/1283/1004
f 980/1284/983 979/1285/981 994/1286/1003 995/1287/1005
f 988/1257/984 987/1254/982 1002/1283/1004 1003/1288/1006
f 981/1289/985 980/1284/983 995/1287/1005 996/1290/1007
f 989/1259/986 988/1257/984 1003/1288/1006 1004/1267/993
f 982/1269/987 981/1289/985 996/1290/1007 997/1270/994
f 975/1261/988 628/758/63 990/1272/996
f 1002/1283/1004 1001/1281/1002 1016/1291/1008 1017/1292/1009
f 995/1287/1005 994/1286/1003 1009/1293/1010 1010/1294/1011
f 1003/1288/1006 1002/1283/1004 1017/1292/1009 1018/1295/1012
f 996/1290/1007 995/1287/1005 1010/1294/1011 1011/1296/1013
f 1004/1267/993 1003/1288/1006 1018/1295/1012 1019/1297/1014
f 997/1270/994 996/1290/1007 1011/1296/1013 1012/1298/1015
f 990/1272/996 628/758/63 1005/1299/1016
f 854/759/66 1004/1267/993 1019/1297/1014
f 998/1271/995 997/1270/994 1012/1298/1015 1013/1300/1017
f 991/1273/997 990/1272/996 1005/1299/1016 1006/1301/1018
f 999/1275/998 998/1271/995 1013/1300/1017 1014/1302/1019
f 992/1276/999 991/1273/997 1006/1301/1018 1007/1303/1020
f 1000/1278/1000 999/1275/998 1014/1302/1019 1015/1304/1021
f 993/1279/1001 992/1276/999 1007/1303/1020 1008/1305/1022
f 1001/1281/1002 1000/1280/1000 1015/1306/1021 1016/1291/1008
f 994/1282/1003 993/1279/1001 1008/1305/1022 1009/1307/1010
f 1006/1301/1018 1005/1299/1016 1020/725/548 1021/724/547
f 1014/1302/1019 1013/1300/1017 551/729/552 1024/728/551
f 1007/1303/1020 1006/1301/1018 1021/724/547 547/732/555
f 1015/1304/1021 1014/1302/1019 1024/728/551 552/734/557
f 1008/1305/1022 1007/1303/1020 547/732/555 1022/736/559
f 1016/1291/1008 1015/1306/1021 552/739/557 1025/738/561
f 1009/1307/1010 1008/1305/1022 1022/736/559 548/1308/563
f 1017/1292/1009 1016/1291/1008 1025/738/561 1026/746/565
f 1010/1294/1011 1009/1293/1010 548/742/563 1023/748/567
f 1018/1295/1012 1017/1292/1009 1026/746/565 1027/750/569
f 1011/1296/1013 1010/1294/1011 1023/748/567 549/752/571
f 1019/1297/1014 1018/1295/1012 1027/750/569 1028/754/573
f 1012/1298/1015 1011/1296/1013 549/752/571 550/756/68
f 1005/1299/1016 628/758/63 1020/725/548
f 854/759/66 1019/1297/1014 1028/754/573
f 1013/1300/1017 1012/1298/1015 550/756/68 551/729/552
f 1032/1309/68 1031/1310/1023 1041/1311/1024 1042/1312/1025
f 1502/1313/1026 1110/1314/63 1035/1315/1027
f 1336/1316/66 1510/1317/1028 1049/1318/1029
f 1033/1319/1030 1032/1309/68 1042/1312/1025 1043/1320/1031
f 1503/1321/1032 1502/1313/1026 1035/1315/1027 1036/1322/1033
f 1506/1323/1034 1033/1319/1030 1043/1320/1031 1044/1324/1035
f 1029/1325/1036 1503/1321/1032 1036/1322/1033 1037/1326/1037
f 1034/1327/1038 1506/1323/1034 1044/1324/1035 1045/1328/1039
f 1504/1329/1040 1029/1325/1036 1037/1326/1037 1038/1330/1041
f 1507/1331/1042 1034/1327/1038 1045/1328/1039 1046/1332/1043
f 1030/1333/1044 1504/1334/1040 1038/1335/1041 1039/1336/1045
f 1508/1337/1046 1507/1338/1042 1046/1339/1043 1047/1340/1047
f 1505/1341/1048 1030/1333/1044 1039/1336/1045 1040/1342/1049
f 1509/1343/1050 1508/1337/1046 1047/1340/1047 1048/1344/1051
f 1031/1310/1023 1505/1341/1048 1040/1342/1049 1041/1311/1024
f 1510/1317/1028 1509/1343/1050 1048/1344/1051 1049/1318/1029
f 1048/1344/1051 1047/1340/1047 1062/1345/1052 1063/1346/1053
f 1041/1311/1024 1040/1342/1049 1055/1347/1054 1056/1348/1055
f 1049/1318/1029 1048/1344/1051 1063/1346/1053 1064/1349/1056
f 1042/1312/1025 1041/1311/1024 1056/1348/1055 1057/1350/1057
f 1035/1315/1027 1110/1314/63 1050/1351/1058
f 1336/1316/66 1049/1318/1029 1064/1349/1056
f 1043/1320/1031 1042/1312/1025 1057/1350/1057 1058/1352/1059
f 1036/1322/1033 1035/1315/1027 1050/1351/1058 1051/1353/1060
f 1044/1324/1035 1043/1320/1031 1058/1352/1059 1059/1354/1061
f 1037/1326/1037 1036/1322/1033 1051/1353/1060 1052/1355/1062
f 1045/1328/1039 1044/1324/1035 1059/1354/1061 1060/1356/1063
f 1038/1330/1041 1037/1326/1037 1052/1355/1062 1053/1357/1064
f 1046/1332/1043 1045/1328/1039 1060/1356/1063 1061/1358/1065
f 1039/1336/1045 1038/1335/1041 1053/1359/1064 1054/1360/1066
f 1047/1340/1047 1046/1339/1043 1061/1361/1065 1062/1345/1052
f 1040/1342/1049 1039/1336/1045 1054/1360/1066 1055/1347/1054
f 1060/1356/1063 1059/1354/1061 1074/1362/1067 1075/1363/1068
f 1053/1357/1064 1052/1355/1062 1067/1364/1069 1068/1365/1070
f 1061/1358/1065 1060/1356/1063 1075/1363/1068 1076/1366/1071
f 1054/1360/1066 1053/1359/1064 1068/1367/1070 1069/1368/1072
f 1062/1345/1052 1061/1361/1065 1076/1369/1071 1077/1370/1073
f 1055/1347/1054 1054/1360/1066 1069/1368/1072 1070/1371/1074
f 1063/1346/1053 1062/1345/1052 1077/1370/1073 1078/1372/1075
f 1056/1348/1055 1055/1347/1054 1070/1371/1074 1071/1373/1076
f 1064/1349/1056 1063/1346/1053 1078/1372/1075 1079/1374/1077
f 1057/1350/1057 1056/1348/1055 1071/1373/1076 1072/1375/1078
f 1050/1351/1058 1110/1314/63 1065/1376/1079
f 1336/1316/66 1064/1349/1056 1079/1374/1077
f 1058/1352/1059 1057/1350/1057 1072/1375/1078 1073/1377/1080
f 1051/1353/1060 1050/1351/1058 1065/1376/1079 1066/1378/1081
f 1059/1354/1061 1058/1352/1059 1073/1377/1080 1074/1362/1067
f 1052/1355/1062 1051/1353/1060 1066/1378/1081 1067/1364/1069
f 1079/1374/1077 1078/1372/1075 1093/1379/1082 1094/1380/1083
f 1072/1375/1078 1071/1373/1076 1086/1381/1084 1087/1382/1085
f 1065/1376/1079 1110/1314/63 1080/1383/1086
f 1336/1316/66 1079/1374/1077 1094/1380/1083
f 1073/1377/1080 1072/1375/1078 1087/1382/1085 1088/1384/1087
f 1066/1378/1081 1065/1376/1079 1080/1383/1086 1081/1385/1088
f 1074/1362/1067 1073/1377/1080 1088/1384/1087 1089/1386/1089
f 1067/1364/1069 1066/1378/1081 1081/1385/1088 1082/1387/1090
f 1075/1363/1068 1074/1362/1067 1089/1386/1089 1090/1388/1091
f 1068/1365/1070 1067/1364/1069 1082/1387/1090 1083/1389/1092
f 1076/1369/1071 1075/1390/1068 1090/1391/1091 1091/1392/1093
f 1069/1368/1072 1068/1367/1070 1083/1393/1092 1084/1394/1094
f 1077/1370/1073 1076/1369/1071 1091/1392/1093 1092/1395/1095
f 1070/1371/1074 1069/1368/1072 1084/1394/1094 1085/1396/1096
f 1078/1372/1075 1077/1370/1073 1092/1395/1095 1093/1379/1082
f 1071/1373/1076 1070/1371/1074 1085/1396/1096 1086/1381/1084
f 1083/1389/1092 1082/1387/1090 1097/1397/1097 1098/1398/1098
f 1091/1392/1093 1090/1391/1091 1105/1399/1099 1106/1400/1100
f 1084/1401/1094 1083/1389/1092 1098/1398/1098 1099/1402/1101
f 1092/1395/1095 1091/1392/1093 1106/1400/1100 1107/1403/1102
f 1085/1404/1096 1084/1405/1094 1099/1406/1101 1100/1407/1103
f 1093/1379/1082 1092/1395/1095 1107/1403/1102 1108/1408/1104
f 1086/1409/1084 1085/1404/1096 1100/1407/1103 1101/1410/1105
f 1094/1380/1083 1093/1379/1082 1108/1408/1104 1109/1411/1106
f 1087/1412/1085 1086/1409/1084 1101/1410/1105 1102/1413/1107
f 1080/1383/1086 1110/1314/63 1095/1414/1108
f 1336/1316/66 1094/1380/1083 1109/1411/1106
f 1088/1415/1087 1087/1412/1085 1102/1413/1107 1103/1416/1109
f 1081/1385/1088 1080/1383/1086 1095/1414/1108 1096/1417/1110
f 1089/1418/1089 1088/1415/1087 1103/1416/1109 1104/1419/1111
f 1082/1387/1090 1081/1385/1088 1096/1417/1110 1097/1397/1097
f 1090/1420/1091 1089/1418/1089 1104/1419/1111 1105/1421/1099
f 1102/1413/1107 1101/1410/1105 1117/1422/1112 1118/1423/1113
f 1095/1414/1108 1110/1314/63 1111/1424/1114
f 1336/1316/66 1109/1411/1106 1125/1425/1115
f 1103/1416/1109 1102/1413/1107 1118/1423/1113 1119/1426/1116
f 1096/1417/1110 1095/1414/1108 1111/1424/1114 1112/1427/1117
f 1104/1419/1111 1103/1416/1109 1119/1426/1116 1120/1428/1118
f 1097/1397/1097 1096/1417/1110 1112/1427/1117 1113/1429/1119
f 1105/1421/1099 1104/1419/1111 1120/1428/1118 1121/1430/1120
f 1098/1398/1098 1097/1397/1097 1113/1429/1119 1114/1431/1121
f 1106/1432/1100 1105/1421/1099 1121/1430/1120 1122/1433/1122
f 1099/1406/1101 1098/1434/1098 1114/1435/1121 1115/1436/1123
f 1107/1403/1102 1106/1400/1100 1122/1437/1122 1123/1438/1124
f 1100/1407/1103 1099/1406/1101 1115/1436/1123 1116/1439/1125
f 1108/1408/1104 1107/1403/1102 1123/1438/1124 1124/1440/1126
f 1101/1410/1105 1100/1407/1103 1116/1439/1125 1117/1422/1112
f 1109/1411/1106 1108/1408/1104 1124/1440/1126 1125/1425/1115
f 1122/1433/1122 1121/1430/1120 1136/1441/1127 1137/1442/1128
f 1115/1436/1123 1114/1435/1121 1129/1443/1129 1130/1444/1130
f 1123/1438/1124 1122/1437/1122 1137/1445/1128 1138/1446/1131
f 1116/1439/1125 1115/1436/1123 1130/1444/1130 1131/1447/1132
f 1124/1440/1126 1123/1438/1124 1138/1446/1131 1139/1448/1133
f 1117/1422/1112 1116/1439/1125 1131/1447/1132 1132/1449/1134
f 1125/1425/1115 1124/1440/1126 1139/1448/1133 1140/1450/1135
f 1118/1423/1113 1117/1422/1112 1132/1449/1134 1133/1451/1136
f 1111/1424/1114 1110/1314/63 1126/1452/1137
f 1336/1316/66 1125/1425/1115 1140/1450/1135
f 1119/1426/1116 1118/1423/1113 1133/1451/1136 1134/1453/1138
f 1112/1427/1117 1111/1424/1114 1126/1452/1137 1127/1454/1139
f 1120/1428/1118 1119/1426/1116 1134/1453/1138 1135/1455/1140
f 1113/1429/1119 1112/1427/1117 1127/1454/1139 1128/1456/1141
f 1121/1430/1120 1120/1428/1118 1135/1455/1140 1136/1441/1127
f 1114/1431/1121 1113/1429/1119 1128/1456/1141 1129/1457/1129
f 1126/1452/1137 1110/1314/63 1141/1458/1142
f 1336/1316/66 1140/1450/1135 1155/1459/1143
f 1134/1453/1138 1133/1451/1136 1148/1460/201 1149/1461/1144
f 1127/1454/1139 1126/1452/1137 1141/1458/1142 1142/1462/1145
f 1135/1455/1140 1134/1453/1138 1149/1461/1144 1150/1463/1146
f 1128/1456/1141 1127/1454/1139 1142/1462/1145 1143/1464/1147
f 1136/1441/1127 1135/1455/1140 1150/1463/1146 1151/1465/1148
f 1129/1457/1129 1128/1456/1141 1143/1464/1147 1144/1466/1149
f 1137/1442/1128 1136/1441/1127 1151/1465/1148 1152/1467/1150
f 1130/1444/1130 1129/1443/1129 1144/1468/1149 1145/1469/1151
f 1138/1446/1131 1137/1445/1128 1152/1470/1150 1153/1471/1152
f 1131/1447/1132 1130/1444/1130 1145/1469/1151 1146/1472/1153
f 1139/1448/1133 1138/1446/1131 1153/1471/1152 1154/1473/1154
f 1132/1449/1134 1131/1447/1132 1146/1472/1153 1147/1474/1155
f 1140/1450/1135 1139/1448/1133 1154/1473/1154 1155/1459/1143
f 1133/1451/1136 1132/1449/1134 1147/1474/1155 1148/1460/201
f 1145/1469/1151 1144/1468/1149 1159/1475/1156 1160/1476/1157
f 1153/1471/1152 1152/1470/1150 1167/1477/1158 1168/1478/1159
f 1146/1472/1153 1145/1469/1151 1160/1476/1157 1161/1479/1160
f 1154/1473/1154 1153/1471/1152 1168/1478/1159 1169/1480/1161
f 1147/1474/1155 1146/1472/1153 1161/1479/1160 1162/1481/1162
f 1155/1459/1143 1154/1473/1154 1169/1480/1161 1170/1482/1163
f 1148/1460/201 1147/1474/1155 1162/1481/1162 1163/1483/1164
f 1141/1458/1142 1110/1314/63 1156/1484/1165
f 1336/1316/66 1155/1459/1143 1170/1482/1163
f 1149/1461/1144 1148/1460/201 1163/1483/1164 1164/1485/1166
f 1142/1462/1145 1141/1458/1142 1156/1484/1165 1157/1486/1167
f 1150/1463/1146 1149/1461/1144 1164/1485/1166 1165/1487/1168
f 1143/1464/1147 1142/1462/1145 1157/1486/1167 1158/1488/1169
f 1151/1465/1148 1150/1463/1146 1165/1487/1168 1166/1489/1170
f 1144/1466/1149 1143/1464/1147 1158/1488/1169 1159/1490/1156
f 1152/1467/1150 1151/1465/1148 1166/1489/1170 1167/1491/1158
f 1164/1485/1166 1163/1483/1164 1178/1492/1171 1179/1493/1172
f 1157/1486/1167 1156/1484/1165 1171/1494/1173 1172/1495/1174
f 1165/1487/1168 1164/1485/1166 1179/1493/1172 1180/1496/1175
f 1158/1488/1169 1157/1486/1167 1172/1495/1174 1173/1497/1176
f 1166/1489/1170 1165/1487/1168 1180/1496/1175 1181/1498/1177
f 1159/1490/1156 1158/1488/1169 1173/1497/1176 1174/1499/1178
f 1167/1491/1158 1166/1489/1170 1181/1498/1177 1182/1500/1179
f 1160/1476/1157 1159/1475/1156 1174/1501/1178 1175/1502/1180
f 1168/1478/1159 1167/1477/1158 1182/1503/1179 1183/1504/1181
f 1161/1479/1160 1160/1476/1157 1175/1502/1180 1176/1505/1182
f 1169/1480/1161 1168/1478/1159 1183/1504/1181 1184/1506/1183
f 1162/1481/1162 1161/1479/1160 1176/1505/1182 1177/1507/1184
f 1170/1482/1163 1169/1480/1161 1184/1506/1183 1185/1508/1185
f 1163/1483/1164 1162/1481/1162 1177/1507/1184 1178/1492/1171
f 1156/1484/1165 1110/1314/63 1171/1494/1173
f 1336/1316/66 1170/1482/1163 1185/1508/1185
f 1183/1504/1181 1182/1503/1179 1197/1509/1186 1198/1510/1187
f 1176/1505/1182 1175/1502/1180 1190/1511/1188 1191/1512/1189
f 1184/1506/1183 1183/1504/1181 1198/1510/1187 1199/1513/1190
f 1177/1507/1184 1176/1505/1182 1191/1512/1189 1192/1514/1191
f 1185/1508/1185 1184/1506/1183 1199/1513/1190 1200/1515/1192
f 1178/1492/1171 1177/1507/1184 1192/1514/1191 1193/1516/1193
f 1171/1494/1173 1110/1314/63 1186/1517/1194
f 1336/1316/66 1185/1508/1185 1200/1515/1192
f 1179/1493/1172 1178/1492/1171 1193/1516/1193 1194/1518/1195
f 1172/1495/1174 1171/1494/1173 1186/1517/1194 1187/1519/1196
f 1180/1496/1175 1179/1493/1172 1194/1518/1195 1195/1520/1197
f 1173/1497/1176 1172/1495/1174 1187/1519/1196 1188/1521/1198
f 1181/1498/1177 1180/1496/1175 1195/1520/1197 1196/1522/1199
f 1174/1499/1178 1173/1497/1176 1188/1521/1198 1189/1523/1200
f 1182/1500/1179 1181/1498/1177 1196/1522/1199 1197/1524/1186
f 1175/1502/1180 1174/1501/1178 1189/1525/1200 1190/1511/1188
f 1195/1520/1197 1194/1518/1195 1209/1526/1201 1210/1527/1202
f 1188/1521/1198 1187/1519/1196 1202/1528/1203 1203/1529/1204
f 1196/1522/1199 1195/1520/1197 1210/1527/1202 1211/1530/1205
f 1189/1523/1200 1188/1521/1198 1203/1529/1204 1204/1531/1206
f 1197/1509/1186 1196/1532/1199 1211/1533/1205 1212/1534/1207
f 1190/1535/1188 1189/1523/1200 1204/1531/1206 1205/1536/1208
f 1198/1510/1187 1197/1509/1186 1212/1534/1207 1213/1537/1209
f 1191/1512/1189 1190/1511/1188 1205/1538/1208 1206/1539/1210
f 1199/1513/1190 1198/1510/1187 1213/1537/1209 1214/1540/1211
f 1192/1514/1191 1191/1512/1189 1206/1539/1210 1207/1541/1212
f 1200/1515/1192 1199/1513/1190 1214/1540/1211 1215/1542/1213
f 1193/1516/1193 1192/1514/1191 1207/1541/1212 1208/1543/1214
f 1186/1517/1194 1110/1314/63 1201/1544/1215
f 1336/1316/66 1200/1515/1192 1215/1542/1213
f 1194/1518/1195 1193/1516/1193 1208/1543/1214 1209/1526/1201
f 1187/1519/1196 1186/1517/1194 1201/1544/1215 1202/1528/1203
f 1214/1540/1211 1213/1537/1209 1228/1545/1216 1229/1546/1217
f 1207/1547/1212 1206/1548/1210 1221/1549/1218 1222/1550/1219
f 1215/1542/1213 1214/1540/1211 1229/1546/1217 1230/1551/1220
f 1208/1552/1214 1207/1547/1212 1222/1550/1219 1223/1553/1221
f 1201/1544/1215 1110/1314/63 1216/1554/1222
f 1336/1316/66 1215/1542/1213 1230/1551/1220
f 1209/1555/1201 1208/1552/1214 1223/1553/1221 1224/1556/1223
f 1202/1528/1203 1201/1544/1215 1216/1554/1222 1217/1557/1224
f 1210/1558/1202 1209/1555/1201 1224/1556/1223 1225/1559/1225
f 1203/1529/1204 1202/1528/1203 1217/1557/1224 1218/1560/1226
f 1211/1561/1205 1210/1558/1202 1225/1559/1225 1226/1562/1227
f 1204/1531/1206 1203/1529/1204 1218/1560/1226 1219/1563/1228
f 1212/1534/1207 1211/1533/1205 1226/1564/1227 1227/1565/1229
f 1205/1536/1208 1204/1531/1206 1219/1563/1228 1220/1566/1230
f 1213/1537/1209 1212/1534/1207 1227/1565/1229 1228/1545/1216
f 1206/1548/1210 1205/1567/1208 1220/1568/1230 1221/1549/1218
f 1218/1560/1226 1217/1557/1224 1232/1569/1231 1233/1570/1232
f 1226/1562/1227 1225/1559/1225 1240/1571/1233 1241/1572/1234
f 1219/1563/1228 1218/1560/1226 1233/1570/1232 1234/1573/1235
f 1227/1565/1229 1226/1564/1227 1241/1574/1234 1242/1575/1236
f 1220/1566/1230 1219/1563/1228 1234/1573/1235 1235/1576/1237
f 1228/1545/1216 1227/1565/1229 1242/1575/1236 1243/1577/1238
f 1221/1549/1218 1220/1568/1230 1235/1578/1237 1236/1579/1239
f 1229/1546/1217 1228/1545/1216 1243/1577/1238 1244/1580/1240
f 1222/1550/1219 1221/1549/1218 1236/1579/1239 1237/1581/1241
f 1230/1551/1220 1229/1546/1217 1244/1580/1240 1245/1582/1242
f 1223/1553/1221 1222/1550/1219 1237/1581/1241 1238/1583/1243
f 1216/1554/1222 1110/1314/63 1231/1584/1244
f 1336/1316/66 1230/1551/1220 1245/1582/1242
f 1224/1556/1223 1223/1553/1221 1238/1583/1243 1239/1585/1245
f 1217/1557/1224 1216/1554/1222 1231/1584/1244 1232/1569/1231
f 1225/1559/1225 1224/1556/1223 1239/1585/1245 1240/1571/1233
f 1237/1581/1241 1236/1579/1239 1251/1586/1246 1252/1587/1247
f 1245/1582/1242 1244/1580/1240 1259/1588/1248 1260/1589/1249
f 1238/1583/1243 1237/1581/1241 1252/1587/1247 1253/1590/1250
f 1231/1584/1244 1110/1314/63 1246/1591/1251
f 1336/1316/66 1245/1582/1242 1260/1589/1249
f 1239/1585/1245 1238/1583/1243 1253/1590/1250 1254/1592/1252
f 1232/1569/1231 1231/1584/1244 1246/1591/1251 1247/1593/1253
f 1240/1571/1233 1239/1585/1245 1254/1592/1252 1255/1594/1254
f 1233/1570/1232 1232/1569/1231 1247/1593/1253 1248/1595/1255
f 1241/1572/1234 1240/1571/1233 1255/1594/1254 1256/1596/1256
f 1234/1573/1235 1233/1570/1232 1248/1595/1255 1249/1597/1257
f 1242/1598/1236 1241/1572/1234 1256/1596/1256 1257/1599/1258
f 1235/1578/1237 1234/1600/1235 1249/1601/1257 1250/1602/1259
f 1243/1577/1238 1242/1575/1236 1257/1603/1258 1258/1604/1260
f 1236/1579/1239 1235/1578/1237 1250/1602/1259 1251/1586/1246
f 1244/1580/1240 1243/1577/1238 1258/1604/1260 1259/1588/1248
f 1256/1596/1256 1255/1594/1254 1270/1605/1261 1271/1606/1262
f 1249/1597/1257 1248/1595/1255 1263/1607/1263 1264/1608/1264
f 1257/1599/1258 1256/1596/1256 1271/1606/1262 1272/1609/1265
f 1250/1602/1259 1249/1601/1257 1264/1610/1264 1265/1611/1266
f 1258/1604/1260 1257/1603/1258 1272/1612/1265 1273/1613/1267
f 1251/1586/1246 1250/1602/1259 1265/1611/1266 1266/1614/1268
f 1259/1588/1248 1258/1604/1260 1273/1613/1267 1274/1615/1269
f 1252/1587/1247 1251/1586/1246 1266/1614/1268 1267/1616/1270
f 1260/1589/1249 1259/1588/1248 1274/1615/1269 1275/1617/1271
f 1253/1590/1250 1252/1587/1247 1267/1616/1270 1268/1618/316
f 1246/1591/1251 1110/1314/63 1261/1619/1272
f 1336/1316/66 1260/1589/1249 1275/1617/1271
f 1254/1592/1252 1253/1590/1250 1268/1618/316 1269/1620/1273
f 1247/1593/1253 1246/1591/1251 1261/1619/1272 1262/1621/1274
f 1255/1594/1254 1254/1592/1252 1269/1620/1273 1270/1605/1261
f 1248/1595/1255 1247/1593/1253 1262/1621/1274 1263/1607/1263
f 1275/1617/1271 1274/1615/1269 1289/1622/1275 1290/1623/1276
f 1268/1618/316 1267/1616/1270 1282/1624/1277 1283/1625/1278
f 1261/1619/1272 1110/1314/63 1276/1626/1279
f 1336/1316/66 1275/1617/1271 1290/1623/1276
f 1269/1620/1273 1268/1618/316 1283/1625/1278 1284/1627/1280
f 1262/1621/1274 1261/1619/1272 1276/1626/1279 1277/1628/1281
f 1270/1605/1261 1269/1620/1273 1284/1627/1280 1285/1629/1282
f 1263/1607/1263 1262/1621/1274 1277/1628/1281 1278/1630/1283
f 1271/1606/1262 1270/1605/1261 1285/1629/1282 1286/1631/1284
f 1264/1608/1264 1263/1607/1263 1278/1630/1283 1279/1632/1285
f 1272/1609/1265 1271/1606/1262 1286/1631/1284 1287/1633/1286
f 1265/1611/1266 1264/1610/1264 1279/1634/1285 1280/1635/1287
f 1273/1613/1267 1272/1612/1265 1287/1636/1286 1288/1637/1288
f 1266/1614/1268 1265/1611/1266 1280/1635/1287 1281/1638/1289
f 1274/1615/1269 1273/1613/1267 1288/1637/1288 1289/1622/1275
f 1267/1616/1270 1266/1614/1268 1281/1638/1289 1282/1624/1277
f 1279/1632/1285 1278/1630/1283 1293/1639/1290 1294/1640/1291
f 1287/1633/1286 1286/1631/1284 1301/1641/1292 1302/1642/1293
f 1280/1635/1287 1279/1634/1285 1294/1643/1291 1295/1644/1294
f 1288/1637/1288 1287/1636/1286 1302/1645/1293 1303/1646/1295
f 1281/1638/1289 1280/1635/1287 1295/1644/1294 1296/1647/1296
f 1289/1622/1275 1288/1637/1288 1303/1646/1295 1304/1648/1297
f 1282/1624/1277 1281/1638/1289 1296/1647/1296 1297/1649/1298
f 1290/1623/1276 1289/1622/1275 1304/1648/1297 1305/1650/1299
f 1283/1625/1278 1282/1624/1277 1297/1649/1298 1298/1651/1300
f 1276/1626/1279 1110/1314/63 1291/1652/1301
f 1336/1316/66 1290/1623/1276 1305/1650/1299
f 1284/1627/1280 1283/1625/1278 1298/1651/1300 1299/1653/1302
f 1277/1628/1281 1276/1626/1279 1291/1652/1301 1292/1654/1303
f 1285/1629/1282 1284/1627/1280 1299/1653/1302 1300/1655/1304
f 1278/1630/1283 1277/1628/1281 1292/1654/1303 1293/1639/1290
f 1286/1631/1284 1285/1629/1282 1300/1655/1304 1301/1641/1292
f 1298/1651/1300 1297/1649/1298 1312/1656/1305 1313/1657/1306
f 1291/1652/1301 1110/1314/63 1306/1658/1307
f 1336/1316/66 1305/1650/1299 1320/1659/1308
f 1299/1653/1302 1298/1651/1300 1313/1657/1306 1314/1660/1309
f 1292/1654/1303 1291/1652/1301 1306/1658/1307 1307/1661/1310
f 1300/1655/1304 1299/1653/1302 1314/1660/1309 1315/1662/1311
f 1293/1639/1290 1292/1654/1303 1307/1661/1310 1308/1663/1312
f 1301/1641/1292 1300/1655/1304 1315/1662/1311 1316/1664/1313
f 1294/1640/1291 1293/1639/1290 1308/1663/1312 1309/1665/1314
f 1302/1642/1293 1301/1641/1292 1316/1664/1313 1317/1666/1315
f 1295/1644/1294 1294/1643/1291 1309/1667/1314 1310/1668/1316
f 1303/1646/1295 1302/1645/1293 1317/1669/1315 1318/1670/1317
f 1296/1647/1296 1295/1644/1294 1310/1668/1316 1311/1671/1318
f 1304/1648/1297 1303/1646/1295 1318/1670/1317 1319/1672/1319
f 1297/1649/1298 1296/1647/1296 1311/1671/1318 1312/1656/1305
f 1305/1650/1299 1304/1648/1297 1319/1672/1319 1320/1659/1308
f 1317/1669/1315 1316/1673/1313 1331/1674/1320 1332/1675/1321
f 1310/1676/1316 1309/1665/1314 1324/1677/1322 1325/1678/1323
f 1318/1670/1317 1317/1669/1315 1332/1675/1321 1333/1679/1324
f 1311/1671/1318 1310/1668/1316 1325/1680/1323 1326/1681/1325
f 1319/1672/1319 1318/1670/1317 1333/1679/1324 1334/1682/1326
f 1312/1656/1305 1311/1671/1318 1326/1681/1325 1327/1683/1327
f 1320/1659/1308 1319/1672/1319 1334/1682/1326 1335/1684/1328
f 1313/1657/1306 1312/1656/1305 1327/1683/1327 1328/1685/1329
f 1306/1658/1307 1110/1314/63 1321/1686/1330
f 1336/1316/66 1320/1659/1308 1335/1684/1328
f 1314/1660/1309 1313/1657/1306 1328/1685/1329 1329/1687/1331
f 1307/1661/1310 1306/1658/1307 1321/1686/1330 1322/1688/1332
f 1315/1662/1311 1314/1660/1309 1329/1687/1331 1330/1689/1333
f 1308/1663/1312 1307/1661/1310 1322/1688/1332 1323/1690/1334
f 1316/1664/1313 1315/1662/1311 1330/1689/1333 1331/1691/1320
f 1309/1665/1314 1308/1663/1312 1323/1690/1334 1324/1677/1322
f 1336/1316/66 1335/1684/1328 1351/1692/1335
f 1329/1687/1331 1328/1685/1329 1344/1693/1336 1345/1694/1337
f 1322/1688/1332 1321/1686/1330 1337/1695/1338 1338/1696/1339
f 1330/1689/1333 1329/1687/1331 1345/1694/1337 1346/1697/1340
f 1323/1690/1334 1322/1688/1332 1338/1696/1339 1339/1698/1341
f 1331/1691/1320 1330/1689/1333 1346/1697/1340 1347/1699/1342
f 1324/1677/1322 1323/1690/1334 1339/1698/1341 1340/1700/1343
f 1332/1675/1321 1331/1674/1320 1347/1701/1342 1348/1702/1344
f 1325/1678/1323 1324/1677/1322 1340/1700/1343 1341/1703/1345
f 1333/1679/1324 1332/1675/1321 1348/1702/1344 1349/1704/1346
f 1326/1681/1325 1325/1680/1323 1341/1705/1345 1342/1706/1347
f 1334/1682/1326 1333/1679/1324 1349/1704/1346 1350/1707/1348
f 1327/1683/1327 1326/1681/1325 1342/1706/1347 1343/1708/1349
f 1335/1684/1328 1334/1682/1326 1350/1707/1348 1351/1692/1335
f 1328/1685/1329 1327/1683/1327 1343/1708/1349 1344/1693/1336
f 1321/1686/1330 1110/1314/63 1337/1695/1338
f 1349/1704/1346 1348/1702/1344 1363/1709/1350 1364/1710/1351
f 1342/1711/1347 1341/1712/1345 1356/1713/1352 1357/1714/1353
f 1350/1707/1348 1349/1704/1346 1364/1710/1351 1365/1715/1354
f 1343/1716/1349 1342/1711/1347 1357/1714/1353 1358/1717/1355
f 1351/1692/1335 1350/1707/1348 1365/1715/1354 1366/1718/1356
f 1344/1719/1336 1343/1716/1349 1358/1717/1355 1359/1720/1357
f 1337/1695/1338 1110/1314/63 1352/1721/1358
f 1336/1316/66 1351/1692/1335 1366/1718/1356
f 1345/1722/1337 1344/1719/1336 1359/1720/1357 1360/1723/1359
f 1338/1696/1339 1337/1695/1338 1352/1721/1358 1353/1724/1360
f 1346/1725/1340 1345/1722/1337 1360/1723/1359 1361/1726/1361
f 1339/1698/1341 1338/1696/1339 1353/1724/1360 1354/1727/1362
f 1347/1728/1342 1346/1725/1340 1361/1726/1361 1362/1729/1363
f 1340/1700/1343 1339/1698/1341 1354/1727/1362 1355/1730/1364
f 1348/1702/1344 1347/1701/1342 1362/1731/1363 1363/1709/1350
f 1341/1703/1345 1340/1700/1343 1355/1730/1364 1356/1732/1352
f 1353/1724/1360 1352/1721/1358 1367/1733/1365 1368/1734/1366
f 1361/1726/1361 1360/1723/1359 1375/1735/1367 1376/1736/1368
f 1354/1727/1362 1353/1724/1360 1368/1734/1366 1369/1737/1369
f 1362/1729/1363 1361/1726/1361 1376/1736/1368 1377/1738/1370
f 1355/1730/1364 1354/1727/1362 1369/1737/1369 1370/1739/1371
f 1363/1709/1350 1362/1731/1363 1377/1740/1370 1378/1741/1372
f 1356/1713/1352 1355/1742/1364 1370/1743/1371 1371/1744/1373
f 1364/1710/1351 1363/1709/1350 1378/1741/1372 1379/1745/1374
f 1357/1714/1353 1356/1713/1352 1371/1744/1373 1372/1746/1375
f 1365/1715/1354 1364/1710/1351 1379/1745/1374 1380/1747/1376
f 1358/1717/1355 1357/1714/1353 1372/1746/1375 1373/1748/1377
f 1366/1718/1356 1365/1715/1354 1380/1747/1376 1381/1749/1378
f 1359/1720/1357 1358/1717/1355 1373/1748/1377 1374/1750/1379
f 1352/1721/1358 1110/1314/63 1367/1733/1365
f 1336/1316/66 1366/1718/1356 1381/1749/1378
f 1360/1723/1359 1359/1720/1357 1374/1750/1379 1375/1735/1367
f 1372/1746/1375 1371/1744/1373 1386/1751/1380 1387/1752/1381
f 1380/1747/1376 1379/1745/1374 1394/1753/1382 1395/1754/1383
f 1373/1748/1377 1372/1746/1375 1387/1752/1381 1388/1755/1384
f 1381/1749/1378 1380/1747/1376 1395/1754/1383 1396/1756/1385
f 1374/1750/1379 1373/1748/1377 1388/1755/1384 1389/1757/431
f 1367/1733/1365 1110/1314/63 1382/1758/1386
f 1336/1316/66 1381/1749/1378 1396/1756/1385
f 1375/1735/1367 1374/1750/1379 1389/1757/431 1390/1759/1387
f 1368/1734/1366 1367/1733/1365 1382/1758/1386 1383/1760/1388
f 1376/1736/1368 1375/1735/1367 1390/1759/1387 1391/1761/1389
f 1369/1737/1369 1368/1734/1366 1383/1760/1388 1384/1762/1390
f 1377/1738/1370 1376/1736/1368 1391/1761/1389 1392/1763/1391
f 1370/1739/1371 1369/1737/1369 1384/1762/1390 1385/1764/1392
f 1378/1765/1372 1377/1738/1370 1392/1763/1391 1393/1766/1393
f 1371/1744/1373 1370/1743/1371 1385/1767/1392 1386/1751/1380
f 1379/1745/1374 1378/1741/1372 1393/1768/1393 1394/1753/1382
f 1391/1761/1389 1390/1759/1387 1405/1769/1394 1406/1770/1395
f 1384/1762/1390 1383/1760/1388 1398/1771/1396 1399/1772/1397
f 1392/1763/1391 1391/1761/1389 1406/1770/1395 1407/1773/1398
f 1385/1764/1392 1384/1762/1390 1399/1772/1397 1400/1774/1399
f 1393/1766/1393 1392/1763/1391 1407/1773/1398 1408/1775/1400
f 1386/1751/1380 1385/1767/1392 1400/1776/1399 1401/1777/1401
f 1394/1753/1382 1393/1768/1393 1408/1778/1400 1409/1779/1402
f 1387/1752/1381 1386/1751/1380 1401/1777/1401 1402/1780/1403
f 1395/1754/1383 1394/1753/1382 1409/1779/1402 1410/1781/1404
f 1388/1755/1384 1387/1752/1381 1402/1780/1403 1403/1782/1405
f 1396/1756/1385 1395/1754/1383 1410/1781/1404 1411/1783/1406
f 1389/1757/431 1388/1755/1384 1403/1782/1405 1404/1784/1407
f 1382/1758/1386 1110/1314/63 1397/1785/1408
f 1336/1316/66 1396/1756/1385 1411/1783/1406
f 1390/1759/1387 1389/1757/431 1404/1784/1407 1405/1769/1394
f 1383/1760/1388 1382/1758/1386 1397/1785/1408 1398/1771/1396
f 1410/1781/1404 1409/1779/1402 1424/1786/1409 1425/1787/1410
f 1403/1782/1405 1402/1780/1403 1417/1788/1411 1418/1789/1412
f 1411/1783/1406 1410/1781/1404 1425/1787/1410 1426/1790/1413
f 1404/1784/1407 1403/1782/1405 1418/1789/1412 1419/1791/1414
f 1397/1785/1408 1110/1314/63 1412/1792/1415
f 1336/1316/66 1411/1783/1406 1426/1790/1413
f 1405/1769/1394 1404/1784/1407 1419/1791/1414 1420/1793/1416
f 1398/1771/1396 1397/1785/1408 1412/1792/1415 1413/1794/1417
f 1406/1770/1395 1405/1769/1394 1420/1793/1416 1421/1795/1418
f 1399/1772/1397 1398/1771/1396 1413/1794/1417 1414/1796/1419
f 1407/1773/1398 1406/1770/1395 1421/1795/1418 1422/1797/1420
f 1400/1774/1399 1399/1772/1397 1414/1796/1419 1415/1798/1421
f 1408/1775/1400 1407/1773/1398 1422/1797/1420 1423/1799/1422
f 1401/1777/1401 1400/1776/1399 1415/1800/1421 1416/1801/1423
f 1409/1779/1402 1408/1778/1400 1423/1802/1422 1424/1786/1409
f 1402/1780/1403 1401/1777/1401 1416/1801/1423 1417/1788/1411
f 1414/1796/1419 1413/1794/1417 1428/1803/1424 1429/1804/1425
f 1422/1797/1420 1421/1795/1418 1436/1805/1426 1437/1806/1427
f 1415/1798/1421 1414/1796/1419 1429/1804/1425 1430/1807/1428
f 1423/1799/1422 1422/1797/1420 1437/1806/1427 1438/1808/1429
f 1416/1801/1423 1415/1800/1421 1430/1809/1428 1431/1810/1430
f 1424/1786/1409 1423/1802/1422 1438/1811/1429 1439/1812/1431
f 1417/1788/1411 1416/1801/1423 1431/1810/1430 1432/1813/1432
f 1425/1787/1410 1424/1786/1409 1439/1812/1431 1440/1814/1433
f 1418/1789/1412 1417/1788/1411 1432/1813/1432 1433/1815/1434
f 1426/1790/1413 1425/1787/1410 1440/1814/1433 1441/1816/1435
f 1419/1791/1414 1418/1789/1412 1433/1815/1434 1434/1817/1436
f 1412/1792/1415 1110/1314/63 1427/1818/1437
f 1336/1316/66 1426/1790/1413 1441/1816/1435
f 1420/1793/1416 1419/1791/1414 1434/1817/1436 1435/1819/1438
f 1413/1794/1417 1412/1792/1415 1427/1818/1437 1428/1803/1424
f 1421/1795/1418 1420/1793/1416 1435/1819/1438 1436/1805/1426
f 1433/1815/1434 1432/1813/1432 1447/1820/1439 1448/1821/1440
f 1441/1816/1435 1440/1814/1433 1455/1822/1441 1456/1823/1442
f 1434/1817/1436 1433/1815/1434 1448/1821/1440 1449/1824/1443
f 1427/1818/1437 1110/1314/63 1442/1825/1444
f 1336/1316/66 1441/1816/1435 1456/1823/1442
f 1435/1819/1438 1434/1817/1436 1449/1824/1443 1450/1826/1445
f 1428/1803/1424 1427/1818/1437 1442/1825/1444 1443/1827/1446
f 1436/1805/1426 1435/1819/1438 1450/1826/1445 1451/1828/1447
f 1429/1804/1425 1428/1803/1424 1443/1827/1446 1444/1829/1448
f 1437/1806/1427 1436/1805/1426 1451/1828/1447 1452/1830/1449
f 1430/1807/1428 1429/1804/1425 1444/1829/1448 1445/1831/1450
f 1438/1808/1429 1437/1806/1427 1452/1830/1449 1453/1832/1451
f 1431/1810/1430 1430/1809/1428 1445/1833/1450 1446/1834/1452
f 1439/1812/1431 1438/1811/1429 1453/1835/1451 1454/1836/1453
f 1432/1813/1432 1431/1810/1430 1446/1834/1452 1447/1820/1439
f 1440/1814/1433 1439/1812/1431 1454/1836/1453 1455/1822/1441
f 1452/1830/1449 1451/1828/1447 1466/1837/1454 1467/1838/1455
f 1445/1831/1450 1444/1829/1448 1459/1839/1456 1460/1840/1457
f 1453/1835/1451 1452/1841/1449 1467/1842/1455 1468/1843/1458
f 1446/1844/1452 1445/1831/1450 1460/1840/1457 1461/1845/1459
f 1454/1836/1453 1453/1835/1451 1468/1843/1458 1469/1846/1460
f 1447/1820/1439 1446/1834/1452 1461/1847/1459 1462/1848/1461
f 1455/1822/1441 1454/1836/1453 1469/1846/1460 1470/1849/1462
f 1448/1821/1440 1447/1820/1439 1462/1848/1461 1463/1850/1463
f 1456/1823/1442 1455/1822/1441 1470/1849/1462 1471/1851/1464
f 1449/1824/1443 1448/1821/1440 1463/1850/1463 1464/1852/1465
f 1442/1825/1444 1110/1314/63 1457/1853/1466
f 1336/1316/66 1456/1823/1442 1471/1851/1464
f 1450/1826/1445 1449/1824/1443 1464/1852/1465 1465/1854/1467
f 1443/1827/1446 1442/1825/1444 1457/1853/1466 1458/1855/1468
f 1451/1828/1447 1450/1826/1445 1465/1854/1467 1466/1837/1454
f 1444/1829/1448 1443/1827/1446 1458/1855/1468 1459/1839/1456
f 1471/1851/1464 1470/1849/1462 1485/1856/1469 1486/1857/1470
f 1464/1858/1465 1463/1859/1463 1478/1860/1471 1479/1861/1472
f 1457/1853/1466 1110/1314/63 1472/1862/1473
f 1336/1316/66 1471/1851/1464 1486/1857/1470
f 1465/1863/1467 1464/1858/1465 1479/1861/1472 1480/1864/1474
f 1458/1855/1468 1457/1853/1466 1472/1862/1473 1473/1865/1475
f 1466/1866/1454 1465/1863/1467 1480/1864/1474 1481/1867/1476
f 1459/1839/1456 1458/1855/1468 1473/1865/1475 1474/1868/1477
f 1467/1869/1455 1466/1866/1454 1481/1867/1476 1482/1870/1478
f 1460/1840/1457 1459/1839/1456 1474/1868/1477 1475/1871/1479
f 1468/1843/1458 1467/1842/1455 1482/1872/1478 1483/1873/1480
f 1461/1845/1459 1460/1840/1457 1475/1871/1479 1476/1874/1481
f 1469/1846/1460 1468/1843/1458 1483/1873/1480 1484/1875/1482
f 1462/1876/1461 1461/1877/1459 1476/1878/1481 1477/1879/1483
f 1470/1849/1462 1469/1846/1460 1484/1875/1482 1485/1856/1469
f 1463/1859/1463 1462/1876/1461 1477/1879/1483 1478/1860/1471
f 1483/1873/1480 1482/1872/1478 1497/1880/1484 1498/1881/1485
f 1476/1878/1481 1475/1882/1479 1490/1883/1486 1491/1884/1487
f 1484/1875/1482 1483/1873/1480 1498/1881/1485 1499/1885/1488
f 1477/1879/1483 1476/1878/1481 1491/1884/1487 1492/1886/1489
f 1485/1856/1469 1484/1875/1482 1499/1885/1488 1500/1887/1490
f 1478/1860/1471 1477/1879/1483 1492/1886/1489 1493/1888/1491
f 1486/1857/1470 1485/1856/1469 1500/1887/1490 1501/1889/1492
f 1479/1861/1472 1478/1860/1471 1493/1888/1491 1494/1890/1493
f 1472/1862/1473 1110/1314/63 1487/1891/1494
f 1336/1316/66 1486/1857/1470 1501/1889/1492
f 1480/1864/1474 1479/1861/1472 1494/1890/1493 1495/1892/1495
f 1473/1865/1475 1472/1862/1473 1487/1891/1494 1488/1893/1496
f 1481/1867/1476 1480/1864/1474 1495/1892/1495 1496/1894/1497
f 1474/1868/1477 1473/1865/1475 1488/1893/1496 1489/1895/1498
f 1482/1870/1478 1481/1867/1476 1496/1894/1497 1497/1896/1484
f 1475/1871/1479 1474/1868/1477 1489/1895/1498 1490/1897/1486
f 1487/1891/1494 1110/1314/63 1502/1313/1026
f 1336/1316/66 1501/1889/1492 1510/1317/1028
f 1495/1892/1495 1494/1890/1493 1032/1309/68 1033/1319/1030
f 1488/1893/1496 1487/1891/1494 1502/1313/1026 1503/1321/1032
f 1496/1894/1497 1495/1892/1495 1033/1319/1030 1506/1323/1034
f 1489/1895/1498 1488/1893/1496 1503/1321/1032 1029/1325/1036
f 1497/1896/1484 1496/1894/1497 1506/1323/1034 1034/1327/1038
f 1490/1897/1486 1489/1895/1498 1029/1325/1036 1504/1329/1040
f 1498/1898/1485 1497/1896/1484 1034/1327/1038 1507/1331/1042
f 1491/1884/1487 1490/1883/1486 1504/1334/1040 1030/1333/1044
f 1499/1885/1488 1498/1881/1485 1507/1338/1042 1508/1337/1046
f 1492/1886/1489 1491/1884/1487 1030/1333/1044 1505/1341/1048
f 1500/1887/1490 1499/1885/1488 1508/1337/1046 1509/1343/1050
f 1493/1888/1491 1492/1886/1489 1505/1341/1048 1031/1310/1023
f 1501/1889/1492 1500/1887/1490 1509/1343/1050 1510/1317/1028
f 1494/1890/1493 1493/1888/1491 1031/1310/1023 1032/1309/68
f 1511/1899/1499 1543/1900/1500 1512/1901/1501
f 1512/1901/1501 1543/1900/1500 1513/1902/1502
f 1513/1902/1502 1543/1900/1500 1514/1903/1503
f 1514/1903/1503 1543/1900/1500 1515/1904/1504
f 1515/1904/1504 1543/1900/1500 1516/1905/1505
f 1516/1905/1505 1543/1900/1500 1517/1906/1506
f 1517/1906/1506 1543/1900/1500 1518/1907/1507
f 1518/1907/1507 1543/1900/1500 1519/1908/1508
f 1519/1908/1508 1543/1900/1500 1520/1909/1509
f 1520/1909/1509 1543/1900/1500 1521/1910/1510
f 1521/1910/1510 1543/1900/1500 1522/1911/1511
f 1522/1911/1511 1543/1900/1500 1523/1912/1512
f 1523/1912/1512 1543/1900/1500 1524/1913/1513
f 1524/1913/1513 1543/1900/1500 1525/1914/1514
f 1525/1915/1514 1543/1916/1500 1526/1917/1515
f 1526/1917/1515 1543/1916/1500 1527/1918/1516
f 1527/1919/1516 1543/1920/1500 1528/1921/1517
f 1528/1921/1517 1543/1920/1500 1529/1922/1518
f 1529/1922/1518 1543/1920/1500 1530/1923/1519
f 1530/1923/1519 1543/1920/1500 1531/1924/1520
f 1531/1924/1520 1543/1920/1500 1532/1925/1521
f 1532/1925/1521 1543/1920/1500 1533/1926/1522
f 1533/1927/1522 1543/1928/1500 1534/1929/1523
f 1534/1929/1523 1543/1928/1500 1535/1930/1524
f 1535/1930/1524 1543/1928/1500 1536/1931/1525
f 1536/1931/1525 1543/1928/1500 1537/1932/1526
f 1537/1933/1526 1543/1934/1500 1538/1935/1527
f 1538/1935/1527 1543/1934/1500 1539/1936/1528
f 1539/1936/1528 1543/1934/1500 1540/1937/1529
f 1540/1937/1529 1543/1934/1500 1541/1938/1530
f 1521/1939/1531 1522/1940/1532 1555/1941/1533 1554/1942/1534
f 1541/1938/1530 1543/1934/1500 1542/1943/1535
f 1542/1943/1535 1543/1934/1500 1511/1944/1499
f 1568/1945/1536 1569/1946/1537 1601/1947/1538 1600/1948/1536
f 1528/1949/1539 1529/1950/1540 1562/1951/1541 1561/1952/1542
f 1535/1930/1543 1536/1931/1544 1569/1946/1545 1568/1945/1543
f 1515/1953/1546 1516/1954/1547 1549/1955/1548 1548/1956/1549
f 1542/1957/1550 1511/1958/1551 1544/1959/1552 1575/1960/1553
f 1522/1940/1532 1523/1961/1554 1556/1962/1555 1555/1941/1533
f 1529/1950/1540 1530/1963/1556 1563/1964/1557 1562/1951/1541
f 1536/1931/1544 1537/1932/1558 1570/1965/1559 1569/1946/1545
f 1516/1954/1547 1517/1966/1560 1550/1967/1561 1549/1955/1548
f 1523/1961/1554 1524/1968/1562 1557/1969/1563 1556/1962/1555
f 1530/1963/1556 1531/1970/1564 1564/1971/1565 1563/1964/1557
f 1537/1932/1558 1538/1972/1566 1571/1973/1567 1570/1965/1559
f 1517/1966/1560 1518/1974/1568 1551/1975/1569 1550/1967/1561
f 1511/1976/1551 1512/1977/1570 1545/1978/1571 1544/1979/1552
f 1524/1968/1562 1525/1980/1572 1558/1981/1573 1557/1969/1563
f 1531/1970/1564 1532/1982/1574 1565/1983/1575 1564/1971/1565
f 1538/1972/1566 1539/1984/1576 1572/1985/1577 1571/1973/1567
f 1518/1974/1568 1519/1986/1578 1552/1987/1578 1551/1975/1569
f 1525/1980/1572 1526/1988/1579 1559/1989/1580 1558/1981/1573
f 1532/1982/1574 1533/1927/1581 1566/1990/1582 1565/1983/1575
f 1512/1977/1570 1513/1991/1583 1546/1992/1584 1545/1978/1571
f 1539/1984/1576 1540/1993/1585 1573/1994/1586 1572/1985/1577
f 1519/1986/1578 1520/1995/1587 1553/1996/1588 1552/1987/1578
f 1526/1988/1579 1527/1997/1589 1560/1998/1590 1559/1989/1580
f 1533/1927/1581 1534/1929/1591 1567/1999/1592 1566/1990/1582
f 1513/1991/1583 1514/2000/1593 1547/2001/1594 1546/1992/1584
f 1540/1993/1585 1541/2002/1595 1574/2003/1596 1573/1994/1586
f 1520/1995/1587 1521/1939/1531 1554/1942/1534 1553/1996/1588
f 1527/2004/1589 1528/2005/1539 1561/2006/1542 1560/2007/1590
f 1534/1929/1591 1535/1930/1543 1568/1945/1543 1567/1999/1592
f 1514/2000/1593 1515/1953/1546 1548/1956/1549 1547/2001/1594
f 1541/2002/1595 1542/2008/1550 1575/2009/1553 1574/2003/1596
f 1576/2010/1597 1577/2011/1598 1578/2012/1599 1579/2013/1600 1580/2014/1601 1581/2015/1602 1582/2016/1603 1583/2017/1603 1584/2018/1603 1585/2019/1603 1586/2020/1603 1587/2021/1604 1588/2022/1605 1589/2023/1606 1590/2024/1607 1591/2025/1608 1592/2026/1609 1593/2027/1610 1594/2028/1611 1595/2029/1612 1596/2030/1613 1597/2031/1614 1598/2032/1603 1599/2033/1603 1600/2034/1603 1601/2035/1603 1602/2036/1603 1603/2037/1615 1604/2038/1616 1605/2039/1617 1606/2040/1618 1607/2041/1619
f 1555/1941/1620 1556/1962/1621 1588/2022/1605 1587/2021/1604
f 1569/1946/1537 1570/1965/1622 1602/2042/1623 1601/1947/1538
f 1556/1962/1621 1557/1969/1624 1589/2023/1606 1588/2022/1605
f 1570/1965/1622 1571/1973/1625 1603/2043/1615 1602/2042/1623
f 1557/1969/1624 1558/1981/1626 1590/2024/1607 1589/2023/1606
f 1544/1979/1552 1545/1978/1571 1577/2011/1598 1576/2010/1597
f 1571/1973/1625 1572/1985/1627 1604/2044/1616 1603/2043/1615
f 1558/1981/1626 1559/1989/1580 1591/2025/1608 1590/2024/1607
f 1545/1978/1571 1546/1992/1628 1578/2012/1599 1577/2011/1598
f 1572/1985/1627 1573/1994/1629 1605/2045/1617 1604/2044/1616
f 1559/1989/1580 1560/1998/1590 1592/2026/1609 1591/2025/1608
f 1546/1992/1628 1547/2001/1630 1579/2013/1600 1578/2012/1599
f 1573/2046/1629 1574/2047/1631 1606/2040/1618 1605/2039/1617
f 1560/1998/1590 1561/2048/1542 1593/2027/1610 1592/2026/1609
f 1547/2001/1630 1548/1956/1632 1580/2014/1601 1579/2013/1600
f 1574/2047/1631 1575/2049/1553 1607/2041/1619 1606/2040/1618
f 1561/2048/1542 1562/2050/1633 1594/2028/1611 1593/2027/1610
f 1548/1956/1632 1549/1955/1634 1581/2015/1602 1580/2014/1601
f 1575/2049/1553 1544/1979/1552 1576/2010/1597 1607/2041/1619
f 1562/2050/1633 1563/2051/1635 1595/2029/1612 1594/2028/1611
f 1549/1955/1634 1550/1967/1636 1582/2016/1637 1581/2015/1602
f 1563/1964/1635 1564/1971/1638 1596/2052/1613 1595/2053/1612
f 1550/1967/1636 1551/1975/1639 1583/2017/1640 1582/2016/1637
f 1564/1971/1638 1565/1983/1641 1597/2054/1614 1596/2052/1613
f 1551/1975/1639 1552/1987/1642 1584/2018/1642 1583/2017/1640
f 1565/1983/1641 1566/1990/1643 1598/2055/1644 1597/2054/1614
f 1552/1987/1642 1553/1996/1645 1585/2019/1646 1584/2018/1642
f 1566/1990/1643 1567/1999/1647 1599/2056/1648 1598/2055/1644
f 1553/1996/1645 1554/1942/1649 1586/2020/1650 1585/2019/1646
f 1567/1999/1647 1568/1945/1536 1600/1948/1536 1599/2056/1648
f 1554/1942/1649 1555/1941/1620 1587/2021/1604 1586/2020/1650
f 2160/2057/1651 1617/2058/1652 1634/2059/1653 1635/2060/1654
f 1611/2061/1655 2152/2062/1656 1627/2063/1657 1628/2064/1658
f 1619/2065/1659 2160/2057/1651 1635/2060/1654 1636/2066/1660
f 2154/2067/1661 1611/2061/1655 1628/2064/1658 1629/2068/1662
f 2162/2069/1663 1619/2065/1659 1636/2066/1660 1637/2070/1664
f 1613/2071/1665 2154/2072/1661 1629/2073/1662 1630/2074/1666
f 2163/2075/1667 2162/2076/1663 1637/2077/1664 1638/2078/1668
f 2156/2079/1669 1613/2071/1665 1630/2074/1666 1631/2080/1670
f 2164/2081/1671 2163/2075/1667 1638/2078/1668 1639/2082/1672
f 1615/2083/1673 2156/2079/1669 1631/2080/1670 1632/2084/1674
f 2165/2085/1675 2164/2081/1671 1639/2082/1672 1640/2086/1676
f 1616/2087/68 1615/2083/1673 1632/2084/1674 1633/2088/1677
f 2151/2089/1678 1710/2090/63 1626/2091/1679
f 1964/2092/66 2165/2085/1675 1640/2086/1676
f 1617/2058/1652 1616/2087/68 1633/2088/1677 1634/2059/1653
f 2152/2062/1656 2151/2089/1678 1626/2091/1679 1627/2063/1657
f 1964/2092/66 1640/2086/1676 1657/2093/1680
f 1634/2059/1653 1633/2088/1677 1650/2094/1681 1651/2095/1682
f 1627/2063/1657 1626/2091/1679 1643/2096/1683 1644/2097/1684
f 1635/2060/1654 1634/2059/1653 1651/2095/1682 1652/2098/1685
f 1628/2064/1658 1627/2063/1657 1644/2097/1684 1645/2099/1686
f 1636/2066/1660 1635/2060/1654 1652/2098/1685 1653/2100/1687
f 1629/2068/1662 1628/2064/1658 1645/2099/1686 1646/2101/1688
f 1637/2070/1664 1636/2066/1660 1653/2100/1687 1654/2102/1689
f 1630/2074/1666 1629/2073/1662 1646/2103/1688 1647/2104/1690
f 1638/2078/1668 1637/2077/1664 1654/2105/1689 1655/2106/1691
f 1631/2080/1670 1630/2074/1666 1647/2104/1690 1648/2107/1692
f 1639/2082/1672 1638/2078/1668 1655/2106/1691 1656/2108/1693
f 1632/2084/1674 1631/2080/1670 1648/2107/1692 1649/2109/1694
f 1640/2086/1676 1639/2082/1672 1656/2108/1693 1657/2093/1680
f 1633/2088/1677 1632/2084/1674 1649/2109/1694 1650/2094/1681
f 1626/2091/1679 1710/2090/63 1643/2096/1683
f 1655/2106/1691 1654/2105/1689 1671/2110/1695 1672/2111/1696
f 1648/2107/1692 1647/2104/1690 1664/2112/1697 1665/2113/1698
f 1656/2108/1693 1655/2106/1691 1672/2111/1696 1673/2114/1699
f 1649/2109/1694 1648/2107/1692 1665/2113/1698 1666/2115/1700
f 1657/2093/1680 1656/2108/1693 1673/2114/1699 1674/2116/1701
f 1650/2094/1681 1649/2109/1694 1666/2115/1700 1667/2117/1702
f 1643/2096/1683 1710/2090/63 1660/2118/1703
f 1964/2092/66 1657/2093/1680 1674/2116/1701
f 1651/2095/1682 1650/2094/1681 1667/2117/1702 1668/2119/1704
f 1644/2097/1684 1643/2096/1683 1660/2118/1703 1661/2120/1705
f 1652/2098/1685 1651/2095/1682 1668/2119/1704 1669/2121/1706
f 1645/2099/1686 1644/2097/1684 1661/2120/1705 1662/2122/1707
f 1653/2100/1687 1652/2098/1685 1669/2121/1706 1670/2123/1708
f 1646/2101/1688 1645/2099/1686 1662/2122/1707 1663/2124/1709
f 1654/2102/1689 1653/2100/1687 1670/2123/1708 1671/2125/1695
f 1647/2104/1690 1646/2103/1688 1663/2126/1709 1664/2112/1697
f 1661/2120/1705 1660/2118/1703 1677/2127/1710 1678/2128/1711
f 1669/2121/1706 1668/2119/1704 1685/2129/1712 1686/2130/1713
f 1662/2122/1707 1661/2120/1705 1678/2128/1711 1679/2131/1714
f 1670/2123/1708 1669/2121/1706 1686/2130/1713 1687/2132/1715
f 1663/2124/1709 1662/2122/1707 1679/2131/1714 1680/2133/1716
f 1671/2125/1695 1670/2123/1708 1687/2132/1715 1688/2134/1717
f 1664/2112/1697 1663/2126/1709 1680/2135/1716 1681/2136/1718
f 1672/2111/1696 1671/2110/1695 1688/2137/1717 1689/2138/1719
f 1665/2113/1698 1664/2112/1697 1681/2136/1718 1682/2139/1720
f 1673/2114/1699 1672/2111/1696 1689/2138/1719 1690/2140/1721
f 1666/2115/1700 1665/2113/1698 1682/2139/1720 1683/2141/1722
f 1674/2116/1701 1673/2114/1699 1690/2140/1721 1691/2142/1723
f 1667/2117/1702 1666/2115/1700 1683/2141/1722 1684/2143/1724
f 1660/2118/1703 1710/2090/63 1677/2127/1710
f 1964/2092/66 1674/2116/1701 1691/2142/1723
f 1668/2119/1704 1667/2117/1702 1684/2143/1724 1685/2129/1712
f 1680/2133/1716 1679/2131/1714 1696/2144/1725 1697/2145/1726
f 1688/2137/1717 1687/2146/1715 1704/2147/1727 1705/2148/1728
f 1681/2149/1718 1680/2133/1716 1697/2145/1726 1698/2150/1729
f 1689/2138/1719 1688/2137/1717 1705/2148/1728 1706/2151/1730
f 1682/2139/1720 1681/2136/1718 1698/2152/1729 1699/2153/1731
f 1690/2140/1721 1689/2138/1719 1706/2151/1730 1707/2154/1732
f 1683/2155/1722 1682/2156/1720 1699/2157/1731 1700/2158/1733
f 1691/2142/1723 1690/2140/1721 1707/2154/1732 1708/2159/1734
f 1684/2160/1724 1683/2155/1722 1700/2158/1733 1701/2161/1735
f 1677/2127/1710 1710/2090/63 1694/2162/1736
f 1964/2092/66 1691/2142/1723 1708/2159/1734
f 1685/2163/1712 1684/2160/1724 1701/2161/1735 1702/2164/1737
f 1678/2128/1711 1677/2127/1710 1694/2162/1736 1695/2165/1738
f 1686/2166/1713 1685/2163/1712 1702/2164/1737 1703/2167/1739
f 1679/2131/1714 1678/2128/1711 1695/2165/1738 1696/2144/1725
f 1687/2168/1715 1686/2166/1713 1703/2167/1739 1704/2169/1727
f 1701/2161/1735 1700/2158/1733 1717/2170/1740 1718/2171/1741
f 1694/2162/1736 1710/2090/63 1711/2172/1742
f 1964/2092/66 1708/2159/1734 1725/2173/1743
f 1702/2164/1737 1701/2161/1735 1718/2171/1741 1719/2174/1744
f 1695/2165/1738 1694/2162/1736 1711/2172/1742 1712/2175/1745
f 1703/2167/1739 1702/2164/1737 1719/2174/1744 1720/2176/1746
f 1696/2144/1725 1695/2165/1738 1712/2175/1745 1713/2177/1747
f 1704/2169/1727 1703/2167/1739 1720/2176/1746 1721/2178/1748
f 1697/2145/1726 1696/2144/1725 1713/2177/1747 1714/2179/1749
f 1705/2180/1728 1704/2169/1727 1721/2178/1748 1722/2181/1750
f 1698/2182/1729 1697/2183/1726 1714/2184/1749 1715/2185/1751
f 1706/2151/1730 1705/2148/1728 1722/2186/1750 1723/2187/1752
f 1699/2157/1731 1698/2182/1729 1715/2185/1751 1716/2188/1753
f 1707/2154/1732 1706/2151/1730 1723/2187/1752 1724/2189/1754
f 1700/2158/1733 1699/2157/1731 1716/2188/1753 1717/2170/1740
f 1708/2159/1734 1707/2154/1732 1724/2189/1754 1725/2173/1743
f 1722/2181/1750 1721/2178/1748 1738/2190/1755 1739/2191/1756
f 1715/2185/1751 1714/2184/1749 1731/2192/1757 1732/2193/1758
f 1723/2187/1752 1722/2186/1750 1739/2194/1756 1740/2195/1759
f 1716/2188/1753 1715/2185/1751 1732/2193/1758 1733/2196/1760
f 1724/2189/1754 1723/2187/1752 1740/2195/1759 1741/2197/1761
f 1717/2170/1740 1716/2188/1753 1733/2196/1760 1734/2198/1762
f 1725/2173/1743 1724/2189/1754 1741/2197/1761 1742/2199/1763
f 1718/2171/1741 1717/2170/1740 1734/2198/1762 1735/2200/1764
f 1711/2172/1742 1710/2090/63 1728/2201/1765
f 1964/2092/66 1725/2173/1743 1742/2199/1763
f 1719/2174/1744 1718/2171/1741 1735/2200/1764 1736/2202/1766
f 1712/2175/1745 1711/2172/1742 1728/2201/1765 1729/2203/1767
f 1720/2176/1746 1719/2174/1744 1736/2202/1766 1737/2204/1768
f 1713/2177/1747 1712/2175/1745 1729/2203/1767 1730/2205/1769
f 1721/2178/1748 1720/2176/1746 1737/2204/1768 1738/2190/1755
f 1714/2179/1749 1713/2177/1747 1730/2205/1769 1731/2206/1757
f 1728/2201/1765 1710/2090/63 1745/2207/1770
f 1964/2092/66 1742/2199/1763 1759/2208/1771
f 1736/2202/1766 1735/2200/1764 1752/2209/201 1753/2210/1772
f 1729/2203/1767 1728/2201/1765 1745/2207/1770 1746/2211/1773
f 1737/2204/1768 1736/2202/1766 1753/2210/1772 1754/2212/1774
f 1730/2205/1769 1729/2203/1767 1746/2211/1773 1747/2213/1775
f 1738/2190/1755 1737/2204/1768 1754/2212/1774 1755/2214/1776
f 1731/2206/1757 1730/2205/1769 1747/2213/1775 1748/2215/1777
f 1739/2191/1756 1738/2190/1755 1755/2214/1776 1756/2216/1778
f 1732/2193/1758 1731/2192/1757 1748/2217/1777 1749/2218/1779
f 1740/2195/1759 1739/2194/1756 1756/2219/1778 1757/2220/1780
f 1733/2196/1760 1732/2193/1758 1749/2218/1779 1750/2221/1781
f 1741/2197/1761 1740/2195/1759 1757/2220/1780 1758/2222/1782
f 1734/2198/1762 1733/2196/1760 1750/2221/1781 1751/2223/1783
f 1742/2199/1763 1741/2197/1761 1758/2222/1782 1759/2208/1771
f 1735/2200/1764 1734/2198/1762 1751/2223/1783 1752/2209/201
f 1749/2218/1779 1748/2217/1777 1765/2224/1784 1766/2225/1785
f 1757/2220/1780 1756/2219/1778 1773/2226/1786 1774/2227/1787
f 1750/2221/1781 1749/2218/1779 1766/2225/1785 1767/2228/1788
f 1758/2222/1782 1757/2220/1780 1774/2227/1787 1775/2229/1789
f 1751/2223/1783 1750/2221/1781 1767/2228/1788 1768/2230/1790
f 1759/2208/1771 1758/2222/1782 1775/2229/1789 1776/2231/1791
f 1752/2209/201 1751/2223/1783 1768/2230/1790 1769/2232/1792
f 1745/2207/1770 1710/2090/63 1762/2233/1793
f 1964/2092/66 1759/2208/1771 1776/2231/1791
f 1753/2210/1772 1752/2209/201 1769/2232/1792 1770/2234/1794
f 1746/2211/1773 1745/2207/1770 1762/2233/1793 1763/2235/1795
f 1754/2212/1774 1753/2210/1772 1770/2234/1794 1771/2236/1796
f 1747/2213/1775 1746/2211/1773 1763/2235/1795 1764/2237/1797
f 1755/2214/1776 1754/2212/1774 1771/2236/1796 1772/2238/1798
f 1748/2215/1777 1747/2213/1775 1764/2237/1797 1765/2239/1784
f 1756/2216/1778 1755/2214/1776 1772/2238/1798 1773/2240/1786
f 1770/2234/1794 1769/2232/1792 1786/2241/1799 1787/2242/1800
f 1763/2235/1795 1762/2233/1793 1779/2243/1801 1780/2244/1802
f 1771/2236/1796 1770/2234/1794 1787/2242/1800 1788/2245/1803
f 1764/2237/1797 1763/2235/1795 1780/2244/1802 1781/2246/1804
f 1772/2238/1798 1771/2236/1796 1788/2245/1803 1789/2247/1805
f 1765/2239/1784 1764/2237/1797 1781/2246/1804 1782/2248/1806
f 1773/2240/1786 1772/2238/1798 1789/2247/1805 1790/2249/1807
f 1766/2225/1785 1765/2224/1784 1782/2250/1806 1783/2251/1808
f 1774/2227/1787 1773/2226/1786 1790/2252/1807 1791/2253/1809
f 1767/2228/1788 1766/2225/1785 1783/2251/1808 1784/2254/1810
f 1775/2229/1789 1774/2227/1787 1791/2253/1809 1792/2255/1811
f 1768/2230/1790 1767/2228/1788 1784/2254/1810 1785/2256/1812
f 1776/2231/1791 1775/2229/1789 1792/2255/1811 1793/2257/1813
f 1769/2232/1792 1768/2230/1790 1785/2256/1812 1786/2241/1799
f 1762/2233/1793 1710/2090/63 1779/2243/1801
f 1964/2092/66 1776/2231/1791 1793/2257/1813
f 1791/2253/1809 1790/2252/1807 1807/2258/1814 1808/2259/1815
f 1784/2254/1810 1783/2251/1808 1800/2260/1816 1801/2261/1817
f 1792/2255/1811 1791/2253/1809 1808/2259/1815 1809/2262/1818
f 1785/2256/1812 1784/2254/1810 1801/2261/1817 1802/2263/1819
f 1793/2257/1813 1792/2255/1811 1809/2262/1818 1810/2264/1820
f 1786/2241/1799 1785/2256/1812 1802/2263/1819 1803/2265/1821
f 1779/2243/1801 1710/2090/63 1796/2266/1822
f 1964/2092/66 1793/2257/1813 1810/2264/1820
f 1787/2242/1800 1786/2241/1799 1803/2265/1821 1804/2267/1823
f 1780/2244/1802 1779/2243/1801 1796/2266/1822 1797/2268/1824
f 1788/2245/1803 1787/2242/1800 1804/2267/1823 1805/2269/1825
f 1781/2246/1804 1780/2244/1802 1797/2268/1824 1798/2270/1826
f 1789/2247/1805 1788/2245/1803 1805/2269/1825 1806/2271/1827
f 1782/2248/1806 1781/2246/1804 1798/2270/1826 1799/2272/1828
f 1790/2249/1807 1789/2247/1805 1806/2271/1827 1807/2273/1814
f 1783/2251/1808 1782/2250/1806 1799/2274/1828 1800/2260/1816
f 1805/2269/1825 1804/2267/1823 1821/2275/1829 1822/2276/1830
f 1798/2270/1826 1797/2268/1824 1814/2277/1831 1815/2278/1832
f 1806/2271/1827 1805/2269/1825 1822/2276/1830 1823/2279/1833
f 1799/2272/1828 1798/2270/1826 1815/2278/1832 1816/2280/1834
f 1807/2258/1814 1806/2281/1827 1823/2282/1833 1824/2283/1835
f 1800/2284/1816 1799/2272/1828 1816/2280/1834 1817/2285/1836
f 1808/2259/1815 1807/2258/1814 1824/2283/1835 1825/2286/1837
f 1801/2261/1817 1800/2260/1816 1817/2287/1836 1818/2288/1838
f 1809/2262/1818 1808/2259/1815 1825/2286/1837 1826/2289/1839
f 1802/2263/1819 1801/2261/1817 1818/2288/1838 1819/2290/1840
f 1810/2264/1820 1809/2262/1818 1826/2289/1839 1827/2291/1841
f 1803/2265/1821 1802/2263/1819 1819/2290/1840 1820/2292/1842
f 1796/2266/1822 1710/2090/63 1813/2293/1843
f 1964/2092/66 1810/2264/1820 1827/2291/1841
f 1804/2267/1823 1803/2265/1821 1820/2292/1842 1821/2275/1829
f 1797/2268/1824 1796/2266/1822 1813/2293/1843 1814/2277/1831
f 1826/2289/1839 1825/2286/1837 1842/2294/1844 1843/2295/1845
f 1819/2296/1840 1818/2297/1838 1835/2298/1846 1836/2299/1847
f 1827/2291/1841 1826/2289/1839 1843/2295/1845 1844/2300/1848
f 1820/2301/1842 1819/2296/1840 1836/2299/1847 1837/2302/1849
f 1813/2293/1843 1710/2090/63 1830/2303/1850
f 1964/2092/66 1827/2291/1841 1844/2300/1848
f 1821/2304/1829 1820/2301/1842 1837/2302/1849 1838/2305/1851
f 1814/2277/1831 1813/2293/1843 1830/2303/1850 1831/2306/1852
f 1822/2307/1830 1821/2304/1829 1838/2305/1851 1839/2308/1853
f 1815/2278/1832 1814/2277/1831 1831/2306/1852 1832/2309/1854
f 1823/2310/1833 1822/2307/1830 1839/2308/1853 1840/2311/1855
f 1816/2280/1834 1815/2278/1832 1832/2309/1854 1833/2312/1856
f 1824/2283/1835 1823/2282/1833 1840/2313/1855 1841/2314/1857
f 1817/2285/1836 1816/2280/1834 1833/2312/1856 1834/2315/1858
f 1825/2286/1837 1824/2283/1835 1841/2314/1857 1842/2294/1844
f 1818/2297/1838 1817/2316/1836 1834/2317/1858 1835/2298/1846
f 1832/2309/1854 1831/2306/1852 1848/2318/1859 1849/2319/1860
f 1840/2311/1855 1839/2308/1853 1856/2320/1861 1857/2321/1862
f 1833/2312/1856 1832/2309/1854 1849/2319/1860 1850/2322/1863
f 1841/2314/1857 1840/2313/1855 1857/2323/1862 1858/2324/1864
f 1834/2317/1858 1833/2325/1856 1850/2326/1863 1851/2327/1865
f 1842/2294/1844 1841/2314/1857 1858/2324/1864 1859/2328/1866
f 1835/2298/1846 1834/2317/1858 1851/2327/1865 1852/2329/1867
f 1843/2295/1845 1842/2294/1844 1859/2328/1866 1860/2330/1868
f 1836/2299/1847 1835/2298/1846 1852/2329/1867 1853/2331/1869
f 1844/2300/1848 1843/2295/1845 1860/2330/1868 1861/2332/1870
f 1837/2302/1849 1836/2299/1847 1853/2331/1869 1854/2333/1871
f 1830/2303/1850 1710/2090/63 1847/2334/1872
f 1964/2092/66 1844/2300/1848 1861/2332/1870
f 1838/2305/1851 1837/2302/1849 1854/2333/1871 1855/2335/1873
f 1831/2306/1852 1830/2303/1850 1847/2334/1872 1848/2318/1859
f 1839/2308/1853 1838/2305/1851 1855/2335/1873 1856/2320/1861
f 1853/2331/1869 1852/2329/1867 1869/2336/1874 1870/2337/1875
f 1861/2332/1870 1860/2330/1868 1877/2338/1876 1878/2339/1877
f 1854/2333/1871 1853/2331/1869 1870/2337/1875 1871/2340/1878
f 1847/2334/1872 1710/2090/63 1864/2341/1879
f 1964/2092/66 1861/2332/1870 1878/2339/1877
f 1855/2335/1873 1854/2333/1871 1871/2340/1878 1872/2342/1880
f 1848/2318/1859 1847/2334/1872 1864/2341/1879 1865/2343/1881
f 1856/2320/1861 1855/2335/1873 1872/2342/1880 1873/2344/1882
f 1849/2319/1860 1848/2318/1859 1865/2343/1881 1866/2345/1883
f 1857/2321/1862 1856/2320/1861 1873/2344/1882 1874/2346/1884
f 1850/2322/1863 1849/2319/1860 1866/2345/1883 1867/2347/1885
f 1858/2348/1864 1857/2321/1862 1874/2346/1884 1875/2349/1886
f 1851/2327/1865 1850/2326/1863 1867/2350/1885 1868/2351/1887
f 1859/2328/1866 1858/2324/1864 1875/2352/1886 1876/2353/1888
f 1852/2329/1867 1851/2327/1865 1868/2351/1887 1869/2336/1874
f 1860/2330/1868 1859/2328/1866 1876/2353/1888 1877/2338/1876
f 1874/2346/1884 1873/2344/1882 1890/2354/1889 1891/2355/1890
f 1867/2347/1885 1866/2345/1883 1883/2356/1891 1884/2357/1892
f 1875/2349/1886 1874/2346/1884 1891/2355/1890 1892/2358/1893
f 1868/2351/1887 1867/2350/1885 1884/2359/1892 1885/2360/1894
f 1876/2353/1888 1875/2352/1886 1892/2361/1893 1893/2362/1895
f 1869/2336/1874 1868/2351/1887 1885/2360/1894 1886/2363/1896
f 1877/2338/1876 1876/2353/1888 1893/2362/1895 1894/2364/1897
f 1870/2337/1875 1869/2336/1874 1886/2363/1896 1887/2365/1898
f 1878/2339/1877 1877/2338/1876 1894/2364/1897 1895/2366/1899
f 1871/2340/1878 1870/2337/1875 1887/2365/1898 1888/2367/316
f 1864/2341/1879 1710/2090/63 1881/2368/1900
f 1964/2092/66 1878/2339/1877 1895/2366/1899
f 1872/2342/1880 1871/2340/1878 1888/2367/316 1889/2369/1901
f 1865/2343/1881 1864/2341/1879 1881/2368/1900 1882/2370/1902
f 1873/2344/1882 1872/2342/1880 1889/2369/1901 1890/2354/1889
f 1866/2345/1883 1865/2343/1881 1882/2370/1902 1883/2356/1891
f 1895/2366/1899 1894/2364/1897 1911/2371/1903 1912/2372/1904
f 1888/2367/316 1887/2365/1898 1904/2373/1905 1905/2374/1906
f 1881/2368/1900 1710/2090/63 1898/2375/1907
f 1964/2092/66 1895/2366/1899 1912/2372/1904
f 1889/2369/1901 1888/2367/316 1905/2374/1906 1906/2376/1908
f 1882/2370/1902 1881/2368/1900 1898/2375/1907 1899/2377/1909
f 1890/2354/1889 1889/2369/1901 1906/2376/1908 1907/2378/1910
f 1883/2356/1891 1882/2370/1902 1899/2377/1909 1900/2379/1911
f 1891/2355/1890 1890/2354/1889 1907/2378/1910 1908/2380/1912
f 1884/2357/1892 1883/2356/1891 1900/2379/1911 1901/2381/1913
f 1892/2358/1893 1891/2355/1890 1908/2380/1912 1909/2382/1914
f 1885/2360/1894 1884/2359/1892 1901/2383/1913 1902/2384/1915
f 1893/2362/1895 1892/2361/1893 1909/2385/1914 1910/2386/1916
f 1886/2363/1896 1885/2360/1894 1902/2384/1915 1903/2387/1917
f 1894/2364/1897 1893/2362/1895 1910/2386/1916 1911/2371/1903
f 1887/2365/1898 1886/2363/1896 1903/2387/1917 1904/2373/1905
f 1901/2381/1913 1900/2379/1911 1917/2388/1918 1918/2389/1919
f 1909/2382/1914 1908/2380/1912 1925/2390/1920 1926/2391/1921
f 1902/2384/1915 1901/2383/1913 1918/2392/1919 1919/2393/1922
f 1910/2386/1916 1909/2385/1914 1926/2394/1921 1927/2395/1923
f 1903/2387/1917 1902/2384/1915 1919/2393/1922 1920/2396/1924
f 1911/2371/1903 1910/2386/1916 1927/2395/1923 1928/2397/1925
f 1904/2373/1905 1903/2387/1917 1920/2396/1924 1921/2398/1926
f 1912/2372/1904 1911/2371/1903 1928/2397/1925 1929/2399/1927
f 1905/2374/1906 1904/2373/1905 1921/2398/1926 1922/2400/1928
f 1898/2375/1907 1710/2090/63 1915/2401/1929
f 1964/2092/66 1912/2372/1904 1929/2399/1927
f 1906/2376/1908 1905/2374/1906 1922/2400/1928 1923/2402/1930
f 1899/2377/1909 1898/2375/1907 1915/2401/1929 1916/2403/1931
f 1907/2378/1910 1906/2376/1908 1923/2402/1930 1924/2404/1932
f 1900/2379/1911 1899/2377/1909 1916/2403/1931 1917/2388/1918
f 1908/2380/1912 1907/2378/1910 1924/2404/1932 1925/2390/1920
f 1922/2400/1928 1921/2398/1926 1938/2405/1933 1939/2406/1934
f 1915/2401/1929 1710/2090/63 1932/2407/1935
f 1964/2092/66 1929/2399/1927 1946/2408/1936
f 1923/2402/1930 1922/2400/1928 1939/2406/1934 1940/2409/1937
f 1916/2403/1931 1915/2401/1929 1932/2407/1935 1933/2410/1938
f 1924/2404/1932 1923/2402/1930 1940/2409/1937 1941/2411/1939
f 1917/2388/1918 1916/2403/1931 1933/2410/1938 1934/2412/1940
f 1925/2390/1920 1924/2404/1932 1941/2411/1939 1942/2413/1941
f 1918/2389/1919 1917/2388/1918 1934/2412/1940 1935/2414/1942
f 1926/2391/1921 1925/2390/1920 1942/2413/1941 1943/2415/1943
f 1919/2393/1922 1918/2392/1919 1935/2416/1942 1936/2417/1944
f 1927/2395/1923 1926/2394/1921 1943/2418/1943 1944/2419/1945
f 1920/2396/1924 1919/2393/1922 1936/2417/1944 1937/2420/1946
f 1928/2397/1925 1927/2395/1923 1944/2419/1945 1945/2421/1947
f 1921/2398/1926 1920/2396/1924 1937/2420/1946 1938/2405/1933
f 1929/2399/1927 1928/2397/1925 1945/2421/1947 1946/2408/1936
f 1943/2418/1943 1942/2422/1941 1959/2423/1948 1960/2424/1949
f 1936/2417/1944 1935/2416/1942 1952/2425/1950 1953/2426/1951
f 1944/2419/1945 1943/2418/1943 1960/2424/1949 1961/2427/1952
f 1937/2420/1946 1936/2417/1944 1953/2426/1951 1954/2428/1953
f 1945/2421/1947 1944/2419/1945 1961/2427/1952 1962/2429/1954
f 1938/2405/1933 1937/2420/1946 1954/2428/1953 1955/2430/1955
f 1946/2408/1936 1945/2421/1947 1962/2429/1954 1963/2431/1956
f 1939/2406/1934 1938/2405/1933 1955/2430/1955 1956/2432/1957
f 1932/2407/1935 1710/2090/63 1949/2433/1958
f 1964/2092/66 1946/2408/1936 1963/2431/1956
f 1940/2409/1937 1939/2406/1934 1956/2432/1957 1957/2434/1959
f 1933/2410/1938 1932/2407/1935 1949/2433/1958 1950/2435/1960
f 1941/2411/1939 1940/2409/1937 1957/2434/1959 1958/2436/1961
f 1934/2412/1940 1933/2410/1938 1950/2435/1960 1951/2437/1962
f 1942/2413/1941 1941/2411/1939 1958/2436/1961 1959/2438/1948
f 1935/2414/1942 1934/2412/1940 1951/2437/1962 1952/2439/1950
f 1964/2092/66 1963/2431/1956 1980/2440/1963
f 1957/2434/1959 1956/2432/1957 1973/2441/1964 1974/2442/1965
f 1950/2435/1960 1949/2433/1958 1966/2443/1966 1967/2444/1967
f 1958/2436/1961 1957/2434/1959 1974/2442/1965 1975/2445/1968
f 1951/2437/1962 1950/2435/1960 1967/2444/1967 1968/2446/1969
f 1959/2438/1948 1958/2436/1961 1975/2445/1968 1976/2447/1970
f 1952/2439/1950 1951/2437/1962 1968/2446/1969 1969/2448/1971
f 1960/2424/1949 1959/2423/1948 1976/2449/1970 1977/2450/1972
f 1953/2451/1951 1952/2439/1950 1969/2448/1971 1970/2452/1973
f 1961/2427/1952 1960/2424/1949 1977/2450/1972 1978/2453/1974
f 1954/2428/1953 1953/2426/1951 1970/2454/1973 1971/2455/1975
f 1962/2429/1954 1961/2427/1952 1978/2453/1974 1979/2456/1976
f 1955/2430/1955 1954/2428/1953 1971/2455/1975 1972/2457/1977
f 1963/2431/1956 1962/2429/1954 1979/2456/1976 1980/2440/1963
f 1956/2432/1957 1955/2430/1955 1972/2457/1977 1973/2441/1964
f 1949/2433/1958 1710/2090/63 1966/2443/1966
f 1978/2453/1974 1977/2450/1972 1994/2458/1978 1995/2459/1979
f 1971/2460/1975 1970/2461/1973 1987/2462/1980 1988/2463/1981
f 1979/2456/1976 1978/2453/1974 1995/2459/1979 1996/2464/1982
f 1972/2465/1977 1971/2460/1975 1988/2463/1981 1989/2466/1983
f 1980/2440/1963 1979/2456/1976 1996/2464/1982 1997/2467/1984
f 1973/2468/1964 1972/2465/1977 1989/2466/1983 1990/2469/1985
f 1966/2443/1966 1710/2090/63 1983/2470/1986
f 1964/2092/66 1980/2440/1963 1997/2467/1984
f 1974/2471/1965 1973/2468/1964 1990/2469/1985 1991/2472/1987
f 1967/2444/1967 1966/2443/1966 1983/2470/1986 1984/2473/1988
f 1975/2474/1968 1974/2471/1965 1991/2472/1987 1992/2475/1989
f 1968/2446/1969 1967/2444/1967 1984/2473/1988 1985/2476/1990
f 1976/2477/1970 1975/2474/1968 1992/2475/1989 1993/2478/1991
f 1969/2448/1971 1968/2446/1969 1985/2476/1990 1986/2479/1992
f 1977/2450/1972 1976/2449/1970 1993/2480/1991 1994/2458/1978
f 1970/2452/1973 1969/2448/1971 1986/2479/1992 1987/2481/1980
f 1984/2473/1988 1983/2470/1986 2000/2482/1993 2001/2483/1994
f 1992/2475/1989 1991/2472/1987 2008/2484/1995 2009/2485/1996
f 1985/2476/1990 1984/2473/1988 2001/2483/1994 2002/2486/1997
f 1993/2478/1991 1992/2475/1989 2009/2485/1996 2010/2487/1998
f 1986/2479/1992 1985/2476/1990 2002/2486/1997 2003/2488/1999
f 1994/2489/1978 1993/2478/1991 2010/2487/1998 2011/2490/2000
f 1987/2462/1980 1986/2491/1992 2003/2492/1999 2004/2493/2001
f 1995/2459/1979 1994/2458/1978 2011/2494/2000 2012/2495/2002
f 1988/2463/1981 1987/2462/1980 2004/2493/2001 2005/2496/2003
f 1996/2464/1982 1995/2459/1979 2012/2495/2002 2013/2497/2004
f 1989/2466/1983 1988/2463/1981 2005/2496/2003 2006/2498/2005
f 1997/2467/1984 1996/2464/1982 2013/2497/2004 2014/2499/2006
f 1990/2469/1985 1989/2466/1983 2006/2498/2005 2007/2500/2007
f 1983/2470/1986 1710/2090/63 2000/2482/1993
f 1964/2092/66 1997/2467/1984 2014/2499/2006
f 1991/2472/1987 1990/2469/1985 2007/2500/2007 2008/2484/1995
f 2005/2496/2003 2004/2493/2001 2021/2501/2008 2022/2502/2009
f 2013/2497/2004 2012/2495/2002 2029/2503/2010 2030/2504/2011
f 2006/2498/2005 2005/2496/2003 2022/2502/2009 2023/2505/2012
f 2014/2499/2006 2013/2497/2004 2030/2504/2011 2031/2506/2013
f 2007/2500/2007 2006/2498/2005 2023/2505/2012 2024/2507/431
f 2000/2482/1993 1710/2090/63 2017/2508/2014
f 1964/2092/66 2014/2499/2006 2031/2506/2013
f 2008/2484/1995 2007/2500/2007 2024/2507/431 2025/2509/2015
f 2001/2483/1994 2000/2482/1993 2017/2508/2014 2018/2510/2016
f 2009/2485/1996 2008/2484/1995 2025/2509/2015 2026/2511/2017
f 2002/2486/1997 2001/2483/1994 2018/2510/2016 2019/2512/2018
f 2010/2487/1998 2009/2485/1996 2026/2511/2017 2027/2513/2019
f 2003/2488/1999 2002/2486/1997 2019/2512/2018 2020/2514/2020
f 2011/2490/2000 2010/2487/1998 2027/2513/2019 2028/2515/2021
f 2004/2493/2001 2003/2492/1999 2020/2516/2020 2021/2501/2008
f 2012/2495/2002 2011/2494/2000 2028/2517/2021 2029/2503/2010
f 2026/2511/2017 2025/2509/2015 2042/2518/2022 2043/2519/2023
f 2019/2512/2018 2018/2510/2016 2035/2520/2024 2036/2521/2025
f 2027/2513/2019 2026/2511/2017 2043/2519/2023 2044/2522/2026
f 2020/2514/2020 2019/2512/2018 2036/2521/2025 2037/2523/2027
f 2028/2515/2021 2027/2513/2019 2044/2522/2026 2045/2524/2028
f 2021/2501/2008 2020/2516/2020 2037/2525/2027 2038/2526/2029
f 2029/2503/2010 2028/2517/2021 2045/2527/2028 2046/2528/2030
f 2022/2502/2009 2021/2501/2008 2038/2526/2029 2039/2529/2031
f 2030/2504/2011 2029/2503/2010 2046/2528/2030 2047/2530/2032
f 2023/2505/2012 2022/2502/2009 2039/2529/2031 2040/2531/2033
f 2031/2506/2013 2030/2504/2011 2047/2530/2032 2048/2532/2034
f 2024/2507/431 2023/2505/2012 2040/2531/2033 2041/2533/2035
f 2017/2508/2014 1710/2090/63 2034/2534/2036
f 1964/2092/66 2031/2506/2013 2048/2532/2034
f 2025/2509/2015 2024/2507/431 2041/2533/2035 2042/2518/2022
f 2018/2510/2016 2017/2508/2014 2034/2534/2036 2035/2520/2024
f 2047/2530/2032 2046/2528/2030 2063/2535/2037 2064/2536/2038
f 2040/2531/2033 2039/2529/2031 2056/2537/2039 2057/2538/2040
f 2048/2532/2034 2047/2530/2032 2064/2536/2038 2065/2539/2041
f 2041/2533/2035 2040/2531/2033 2057/2538/2040 2058/2540/2042
f 2034/2534/2036 1710/2090/63 2051/2541/2043
f 1964/2092/66 2048/2532/2034 2065/2539/2041
f 2042/2518/2022 2041/2533/2035 2058/2540/2042 2059/2542/2044
f 2035/2520/2024 2034/2534/2036 2051/2541/2043 2052/2543/2045
f 2043/2519/2023 2042/2518/2022 2059/2542/2044 2060/2544/2046
f 2036/2521/2025 2035/2520/2024 2052/2543/2045 2053/2545/2047
f 2044/2522/2026 2043/2519/2023 2060/2544/2046 2061/2546/2048
f 2037/2523/2027 2036/2521/2025 2053/2545/2047 2054/2547/2049
f 2045/2524/2028 2044/2522/2026 2061/2546/2048 2062/2548/2050
f 2038/2526/2029 2037/2525/2027 2054/2549/2049 2055/2550/2051
f 2046/2528/2030 2045/2527/2028 2062/2551/2050 2063/2535/2037
f 2039/2529/2031 2038/2526/2029 2055/2550/2051 2056/2537/2039
f 2053/2545/2047 2052/2543/2045 2069/2552/2052 2070/2553/2053
f 2061/2546/2048 2060/2544/2046 2077/2554/2054 2078/2555/2055
f 2054/2547/2049 2053/2545/2047 2070/2553/2053 2071/2556/2056
f 2062/2548/2050 2061/2546/2048 2078/2555/2055 2079/2557/2057
f 2055/2550/2051 2054/2549/2049 2071/2558/2056 2072/2559/2058
f 2063/2535/2037 2062/2551/2050 2079/2560/2057 2080/2561/2059
f 2056/2537/2039 2055/2550/2051 2072/2559/2058 2073/2562/2060
f 2064/2536/2038 2063/2535/2037 2080/2561/2059 2081/2563/2061
f 2057/2538/2040 2056/2537/2039 2073/2562/2060 2074/2564/2062
f 2065/2539/2041 2064/2536/2038 2081/2563/2061 2082/2565/2063
f 2058/2540/2042 2057/2538/2040 2074/2564/2062 2075/2566/2064
f 2051/2541/2043 1710/2090/63 2068/2567/2065
f 1964/2092/66 2065/2539/2041 2082/2565/2063
f 2059/2542/2044 2058/2540/2042 2075/2566/2064 2076/2568/2066
f 2052/2543/2045 2051/2541/2043 2068/2567/2065 2069/2552/2052
f 2060/2544/2046 2059/2542/2044 2076/2568/2066 2077/2554/2054
f 2074/2564/2062 2073/2562/2060 2090/2569/2067 2091/2570/2068
f 2082/2565/2063 2081/2563/2061 2098/2571/2069 2099/2572/2070
f 2075/2566/2064 2074/2564/2062 2091/2570/2068 2092/2573/2071
f 2068/2567/2065 1710/2090/63 2085/2574/2072
f 1964/2092/66 2082/2565/2063 2099/2572/2070
f 2076/2568/2066 2075/2566/2064 2092/2573/2071 2093/2575/2073
f 2069/2552/2052 2068/2567/2065 2085/2574/2072 2086/2576/2074
f 2077/2554/2054 2076/2568/2066 2093/2575/2073 2094/2577/2075
f 2070/2553/2053 2069/2552/2052 2086/2576/2074 2087/2578/2076
f 2078/2555/2055 2077/2554/2054 2094/2577/2075 2095/2579/2077
f 2071/2556/2056 2070/2553/2053 2087/2578/2076 2088/2580/2078
f 2079/2557/2057 2078/2555/2055 2095/2579/2077 2096/2581/2079
f 2072/2559/2058 2071/2558/2056 2088/2582/2078 2089/2583/2080
f 2080/2561/2059 2079/2560/2057 2096/2584/2079 2097/2585/2081
f 2073/2562/2060 2072/2559/2058 2089/2583/2080 2090/2569/2067
f 2081/2563/2061 2080/2561/2059 2097/2585/2081 2098/2571/2069
f 2095/2579/2077 2094/2577/2075 2111/2586/2082 2112/2587/2083
f 2088/2580/2078 2087/2578/2076 2104/2588/2084 2105/2589/2085
f 2096/2584/2079 2095/2590/2077 2112/2591/2083 2113/2592/2086
f 2089/2583/2080 2088/2582/2078 2105/2593/2085 2106/2594/2087
f 2097/2585/2081 2096/2584/2079 2113/2592/2086 2114/2595/2088
f 2090/2569/2067 2089/2583/2080 2106/2594/2087 2107/2596/2089
f 2098/2571/2069 2097/2585/2081 2114/2595/2088 2115/2597/2090
f 2091/2570/2068 2090/2569/2067 2107/2596/2089 2108/2598/2091
f 2099/2572/2070 2098/2571/2069 2115/2597/2090 2116/2599/2092
f 2092/2573/2071 2091/2570/2068 2108/2598/2091 2109/2600/2093
f 2085/2574/2072 1710/2090/63 2102/2601/2094
f 1964/2092/66 2099/2572/2070 2116/2599/2092
f 2093/2575/2073 2092/2573/2071 2109/2600/2093 2110/2602/2095
f 2086/2576/2074 2085/2574/2072 2102/2601/2094 2103/2603/2096
f 2094/2577/2075 2093/2575/2073 2110/2602/2095 2111/2586/2082
f 2087/2578/2076 2086/2576/2074 2103/2603/2096 2104/2588/2084
f 2116/2599/2092 2115/2597/2090 2131/2604/2097 2132/2605/2098
f 2109/2606/2093 2108/2607/2091 2124/2608/2099 2125/2609/2100
f 2102/2601/2094 1710/2090/63 2118/2610/2101
f 1964/2092/66 2116/2599/2092 2132/2605/2098
f 2110/2611/2095 2109/2606/2093 2125/2609/2100 2126/2612/2102
f 2103/2603/2096 2102/2601/2094 2118/2610/2101 2119/2613/2103
f 2111/2614/2082 2110/2611/2095 2126/2612/2102 2127/2615/2104
f 2104/2588/2084 2103/2603/2096 2119/2613/2103 2120/2616/2105
f 2112/2617/2083 2111/2614/2082 2127/2615/2104 2128/2618/2106
f 2105/2589/2085 2104/2588/2084 2120/2616/2105 2121/2619/2107
f 2113/2592/2086 2112/2591/2083 2128/2620/2106 2129/2621/2108
f 2106/2622/2087 2105/2623/2085 2121/2624/2107 2122/2625/2109
f 2114/2595/2088 2113/2592/2086 2129/2621/2108 2130/2626/2110
f 2107/2627/2089 2106/2622/2087 2122/2625/2109 2123/2628/2111
f 2115/2597/2090 2114/2595/2088 2130/2626/2110 2131/2604/2097
f 2108/2607/2091 2107/2627/2089 2123/2628/2111 2124/2608/2099
f 2129/2629/2108 2128/2618/2106 2144/2630/2112 2145/2631/2113
f 2122/2625/2109 2121/2624/2107 2137/2632/2114 2138/2633/2115
f 2130/2626/2110 2129/2621/2108 2145/2634/2113 2146/2635/2116
f 2123/2628/2111 2122/2625/2109 2138/2633/2115 2139/2636/2117
f 2131/2604/2097 2130/2626/2110 2146/2635/2116 2147/2637/2118
f 2124/2608/2099 2123/2628/2111 2139/2636/2117 2140/2638/2119
f 2132/2605/2098 2131/2604/2097 2147/2637/2118 2148/2639/2120
f 2125/2609/2100 2124/2608/2099 2140/2638/2119 2141/2640/2121
f 2118/2610/2101 1710/2090/63 2134/2641/2122
f 1964/2092/66 2132/2605/2098 2148/2639/2120
f 2126/2612/2102 2125/2609/2100 2141/2640/2121 2142/2642/2123
f 2119/2613/2103 2118/2610/2101 2134/2641/2122 2135/2643/2124
f 2127/2615/2104 2126/2612/2102 2142/2642/2123 2143/2644/2125
f 2120/2616/2105 2119/2613/2103 2135/2643/2124 2136/2645/2126
f 2128/2618/2106 2127/2615/2104 2143/2644/2125 2144/2630/2112
f 2121/2619/2107 2120/2616/2105 2136/2645/2126 2137/2646/2114
f 2134/2641/2122 1710/2090/63 2151/2089/1678
f 1964/2092/66 2148/2639/2120 2165/2085/1675
f 2142/2642/2123 2141/2640/2121 1616/2087/68 1617/2058/1652
f 2135/2643/2124 2134/2641/2122 2151/2089/1678 2152/2062/1656
f 2143/2644/2125 2142/2642/2123 1617/2058/1652 2160/2057/1651
f 2136/2645/2126 2135/2643/2124 2152/2062/1656 1611/2061/1655
f 2144/2630/2112 2143/2644/2125 2160/2057/1651 1619/2065/1659
f 2137/2646/2114 2136/2645/2126 1611/2061/1655 2154/2067/1661
f 2145/2631/2113 2144/2630/2112 1619/2065/1659 2162/2069/1663
f 2138/2633/2115 2137/2632/2114 2154/2072/1661 1613/2071/1665
f 2146/2635/2116 2145/2634/2113 2162/2076/1663 2163/2075/1667
f 2139/2636/2117 2138/2633/2115 1613/2071/1665 2156/2079/1669
f 2147/2637/2118 2146/2635/2116 2163/2075/1667 2164/2081/1671
f 2140/2638/2119 2139/2636/2117 2156/2079/1669 1615/2083/1673
f 2148/2639/2120 2147/2637/2118 2164/2081/1671 2165/2085/1675
f 2141/2640/2121 2140/2638/2119 1615/2083/1673 1616/2087/68
f 2172/2647/2127 2634/2648/2128 2066/2649/2129
f 2153/2650/2130 2155/2651/2131 1981/2652/2132 1982/2653/2133
f 2159/2654/2134 2161/2655/2135 1931/2656/2136 1947/2657/2137
f 2634/2648/2128 2633/2658/2138 2050/2659/2139 2066/2649/2129
f 2155/2651/2131 2627/2660/2140 1965/2661/2141 1981/2652/2132
f 2633/2658/2138 2101/2662/2142 2049/2663/2143 2050/2659/2139
f 2133/2664/2144 2624/2665/2145 1999/2666/2146 2015/2667/2147
f 2101/2668/2142 2631/2669/2148 2033/2670/2149 2049/2671/2143
f 2631/2669/2148 2117/2672/2150 2032/2673/2151 2033/2670/2149
f 2627/2660/2140 2628/2674/2152 1948/2675/2153 1965/2661/2141
f 2624/2665/2145 2150/2676/2154 1998/2677/2155 1999/2666/2146
f 2161/2655/2135 2434/2678/2156 1931/2656/2136
f 2117/2672/2150 2622/2679/2157 2016/2680/2158 2032/2673/2151
f 2628/2681/2152 2159/2654/2134 1947/2657/2137 1948/2682/2153
f 2150/2676/2154 2153/2650/2130 1982/2653/2133 1998/2677/2155
f 2622/2679/2157 2133/2664/2144 2015/2667/2147 2016/2680/2158
f 2172/2647/2127 2066/2649/2129 1794/2683/2159
f 1948/2682/2153 1947/2657/2137 1897/2684/2160 1896/2685/2161
f 2015/2686/2147 1999/2687/2146 1846/2688/2162 1845/2689/2163
f 2016/2690/2158 2015/2686/2147 1845/2689/2163 1829/2691/2164
f 1931/2656/2136 2434/2678/2156 1913/2692/2165
f 1947/2657/2137 1931/2656/2136 1913/2692/2165 1897/2684/2160
f 1965/2693/2141 1948/2694/2153 1896/2695/2161 1880/2696/2166
f 1998/2697/2155 1982/2698/2133 1863/2699/2167 1862/2700/2168
f 2049/2701/2143 2033/2702/2149 1812/2703/2169 1811/2704/2170
f 1999/2687/2146 1998/2697/2155 1862/2700/2168 1846/2688/2162
f 1981/2705/2132 1965/2693/2141 1880/2696/2166 1879/2706/2171
f 1982/2698/2133 1981/2705/2132 1879/2706/2171 1863/2699/2167
f 2032/2707/2151 2016/2690/2158 1829/2691/2164 1828/2708/2172
f 2050/2659/2139 2049/2663/2143 1811/2709/2170 1795/2710/2173
f 2033/2702/2149 2032/2707/2151 1828/2708/2172 1812/2703/2169
f 2066/2649/2129 2050/2659/2139 1795/2710/2173 1794/2683/2159
f 1913/2692/2165 2434/2678/2156 1641/2711/2174
f 1845/2689/2163 1846/2688/2162 1693/2712/2175 1709/2713/2176
f 1862/2700/2168 1863/2699/2167 1676/2714/2177 1692/2715/2178
f 1863/2699/2167 1879/2706/2171 1675/2716/2179 1676/2714/2177
f 1846/2688/2162 1862/2700/2168 1692/2715/2178 1693/2712/2175
f 1794/2683/2159 1795/2710/2173 1760/2717/2180 1761/2718/2181
f 1795/2719/2173 1811/2704/2170 1744/2720/2182 1760/2721/2180
f 1879/2706/2171 1880/2696/2166 1659/2722/2183 1675/2716/2179
f 1811/2704/2170 1812/2703/2169 1743/2723/2184 1744/2720/2182
f 1880/2696/2166 1896/2695/2161 1658/2724/2185 1659/2722/2183
f 2172/2647/2127 1794/2683/2159 1761/2718/2181
f 1812/2703/2169 1828/2708/2172 1727/2725/2186 1743/2723/2184
f 1896/2695/2161 1897/2726/2160 1642/2727/2187 1658/2724/2185
f 1897/2684/2160 1913/2692/2165 1641/2711/2174 1642/2728/2187
f 1828/2708/2172 1829/2691/2164 1726/2729/2188 1727/2725/2186
f 1829/2691/2164 1845/2689/2163 1709/2713/2176 1726/2729/2188
f 1692/2715/2178 1676/2714/2177 1614/2730/2189 1612/2731/2190
f 2172/2647/2127 1761/2718/2181 2171/2732/2191
f 1693/2712/2175 1692/2715/2178 1612/2731/2190 1610/2733/2192
f 1709/2713/2176 1693/2712/2175 1610/2733/2192 1609/2734/2193
f 1726/2729/2188 1709/2713/2176 1609/2734/2193 1608/2735/2194
f 1641/2711/2174 2434/2678/2156 1623/2736/2195
f 1727/2725/2186 1726/2729/2188 1608/2735/2194 2167/2737/2196
f 1642/2728/2187 1641/2711/2174 1623/2736/2195 1622/2738/2197
f 1658/2724/2185 1642/2727/2187 1622/2739/2197 1621/2740/2198
f 1760/2721/2180 1744/2720/2182 2169/2741/2199 2170/2742/2200
f 1743/2723/2184 1727/2725/2186 2167/2737/2196 2168/2743/2201
f 1744/2720/2182 1743/2723/2184 2168/2743/2201 2169/2741/2199
f 1659/2722/2183 1658/2724/2185 1621/2740/2198 1620/2744/2202
f 1761/2718/2181 1760/2717/2180 2170/2745/2200 2171/2732/2191
f 1675/2716/2179 1659/2722/2183 1620/2744/2202 1618/2746/2203
f 1676/2714/2177 1675/2716/2179 1618/2746/2203 1614/2730/2189
f 1610/2733/2192 1612/2731/2190 2176/2747/2204 2175/2748/2205
f 1620/2744/2202 1621/2740/2198 2180/2749/2206 2179/2750/2207
f 1621/2740/2198 1622/2739/2197 2181/2751/2208 2180/2749/2206
f 2167/2737/2196 1608/2735/2194 2173/2752/2209 2184/2753/2210
f 1608/2735/2194 1609/2734/2193 2174/2754/2211 2173/2752/2209
f 1614/2730/2189 1618/2746/2203 2178/2755/2212 2177/2756/2213
f 1618/2746/2203 1620/2744/2202 2179/2750/2207 2178/2755/2212
f 1612/2731/2190 1614/2730/2189 2177/2756/2213 2176/2747/2204
f 2171/2732/2191 2170/2745/2200 2187/2757/2214 2188/2758/2215
f 1622/2738/2197 1623/2736/2195 2182/2759/2216 2181/2760/2208
f 2170/2742/2200 2169/2741/2199 2186/2761/2217 2187/2762/2214
f 2172/2647/2127 2171/2732/2191 2188/2758/2215
f 1623/2736/2195 2434/2678/2156 2182/2759/2216
f 2169/2741/2199 2168/2743/2201 2185/2763/2218 2186/2761/2217
f 1609/2734/2193 1610/2733/2192 2175/2748/2205 2174/2754/2211
f 2168/2743/2201 2167/2737/2196 2184/2753/2210 2185/2763/2218
f 2188/2758/2215 2187/2757/2214 2204/2764/2219 2205/2765/2220
f 2176/2747/2204 2177/2756/2213 2194/2766/2221 2193/2767/2222
f 2181/2760/2208 2182/2759/2216 2199/2768/2223 2198/2769/2224
f 2172/2647/2127 2188/2758/2215 2205/2765/2220
f 2175/2748/2205 2176/2747/2204 2193/2767/2222 2192/2770/2225
f 2180/2749/2206 2181/2751/2208 2198/2771/2224 2197/2772/2226
f 2174/2754/2211 2175/2748/2205 2192/2770/2225 2191/2773/2227
f 2179/2750/2207 2180/2749/2206 2197/2772/2226 2196/2774/2228
f 2173/2752/2209 2174/2754/2211 2191/2773/2227 2190/2775/2229
f 2178/2755/2212 2179/2750/2207 2196/2774/2228 2195/2776/2230
f 2184/2753/2210 2173/2752/2209 2190/2775/2229 2201/2777/2231
f 2177/2756/2213 2178/2755/2212 2195/2776/2230 2194/2766/2221
f 2185/2763/2218 2184/2753/2210 2201/2777/2231 2202/2778/2232
f 2186/2761/2217 2185/2763/2218 2202/2778/2232 2203/2779/2233
f 2182/2759/2216 2434/2678/2156 2199/2768/2223
f 2187/2762/2214 2186/2761/2217 2203/2779/2233 2204/2780/2219
f 2196/2774/2228 2197/2772/2226 2214/2781/2234 2213/2782/2235
f 2202/2778/2232 2201/2777/2231 2218/2783/2236 2219/2784/2237
f 2195/2776/2230 2196/2774/2228 2213/2782/2235 2212/2785/2238
f 2203/2779/2233 2202/2778/2232 2219/2784/2237 2220/2786/2239
f 2194/2766/2221 2195/2776/2230 2212/2785/2238 2211/2787/2240
f 2204/2780/2219 2203/2779/2233 2220/2786/2239 2221/2788/2241
f 2193/2767/2222 2194/2766/2221 2211/2787/2240 2210/2789/2242
f 2205/2765/2220 2204/2764/2219 2221/2790/2241 2222/2791/2243
f 2192/2770/2225 2193/2767/2222 2210/2789/2242 2209/2792/2244
f 2199/2768/2223 2434/2678/2156 2216/2793/2245
f 2172/2647/2127 2205/2765/2220 2222/2791/2243
f 2191/2773/2227 2192/2770/2225 2209/2792/2244 2208/2794/2246
f 2198/2769/2224 2199/2768/2223 2216/2793/2245 2215/2795/2247
f 2190/2775/2229 2191/2773/2227 2208/2794/2246 2207/2796/2248
f 2197/2772/2226 2198/2771/2224 2215/2797/2247 2214/2781/2234
f 2201/2777/2231 2190/2775/2229 2207/2796/2248 2218/2783/2236
f 2209/2792/2244 2210/2789/2242 2227/2798/2249 2226/2799/2250
f 2216/2793/2245 2434/2678/2156 2233/2800/2251
f 2172/2647/2127 2222/2791/2243 2239/2801/2252
f 2208/2794/2246 2209/2792/2244 2226/2799/2250 2225/2802/2253
f 2215/2795/2247 2216/2793/2245 2233/2800/2251 2232/2803/2254
f 2207/2796/2248 2208/2794/2246 2225/2802/2253 2224/2804/2255
f 2214/2781/2234 2215/2797/2247 2232/2805/2254 2231/2806/2256
f 2218/2783/2236 2207/2796/2248 2224/2804/2255 2235/2807/2257
f 2213/2782/2235 2214/2781/2234 2231/2806/2256 2230/2808/2258
f 2219/2784/2237 2218/2783/2236 2235/2807/2257 2236/2809/2259
f 2212/2785/2238 2213/2782/2235 2230/2808/2258 2229/2810/2260
f 2220/2786/2239 2219/2784/2237 2236/2809/2259 2237/2811/2261
f 2211/2787/2240 2212/2785/2238 2229/2810/2260 2228/2812/2262
f 2221/2788/2241 2220/2786/2239 2237/2811/2261 2238/2813/2263
f 2210/2789/2242 2211/2787/2240 2228/2812/2262 2227/2798/2249
f 2222/2791/2243 2221/2790/2241 2238/2814/2263 2239/2801/2252
f 2236/2809/2259 2235/2807/2257 2252/2815/2264 2253/2816/2265
f 2229/2810/2260 2230/2808/2258 2247/2817/2266 2246/2818/2267
f 2237/2811/2261 2236/2809/2259 2253/2816/2265 2254/2819/2268
f 2228/2812/2262 2229/2810/2260 2246/2818/2267 2245/2820/2269
f 2238/2813/2263 2237/2811/2261 2254/2819/2268 2255/2821/2270
f 2227/2798/2249 2228/2812/2262 2245/2820/2269 2244/2822/2271
f 2239/2801/2252 2238/2814/2263 2255/2823/2270 2256/2824/2272
f 2226/2799/2250 2227/2798/2249 2244/2822/2271 2243/2825/2273
f 2233/2800/2251 2434/2678/2156 2250/2826/2274
f 2172/2647/2127 2239/2801/2252 2256/2824/2272
f 2225/2802/2253 2226/2799/2250 2243/2825/2273 2242/2827/2275
f 2232/2803/2254 2233/2800/2251 2250/2826/2274 2249/2828/2276
f 2224/2804/2255 2225/2802/2253 2242/2827/2275 2241/2829/2277
f 2231/2806/2256 2232/2805/2254 2249/2830/2276 2248/2831/2278
f 2235/2807/2257 2224/2804/2255 2241/2829/2277 2252/2815/2264
f 2230/2808/2258 2231/2806/2256 2248/2831/2278 2247/2817/2266
f 2172/2647/2127 2256/2824/2272 2273/2832/2279
f 2242/2827/2275 2243/2825/2273 2260/2833/2280 2259/2834/2281
f 2249/2828/2276 2250/2826/2274 2267/2835/2282 2266/2836/2283
f 2241/2829/2277 2242/2827/2275 2259/2834/2281 2258/2837/2284
f 2248/2831/2278 2249/2830/2276 2266/2838/2283 2265/2839/2285
f 2252/2815/2264 2241/2829/2277 2258/2837/2284 2269/2840/2286
f 2247/2817/2266 2248/2831/2278 2265/2839/2285 2264/2841/2287
f 2253/2816/2265 2252/2815/2264 2269/2840/2286 2270/2842/2288
f 2246/2818/2267 2247/2817/2266 2264/2841/2287 2263/2843/2289
f 2254/2819/2268 2253/2816/2265 2270/2842/2288 2271/2844/2290
f 2245/2820/2269 2246/2818/2267 2263/2843/2289 2262/2845/2291
f 2255/2821/2270 2254/2819/2268 2271/2844/2290 2272/2846/2292
f 2244/2822/2271 2245/2820/2269 2262/2845/2291 2261/2847/2293
f 2256/2824/2272 2255/2823/2270 2272/2848/2292 2273/2832/2279
f 2243/2825/2273 2244/2822/2271 2261/2847/2293 2260/2833/2280
f 2250/2826/2274 2434/2678/2156 2267/2835/2282
f 2271/2844/2290 2270/2842/2288 2285/2849/2294 2286/2850/2295
f 2262/2845/2291 2263/2843/2289 2279/2851/2296 2278/2852/2297
f 2272/2846/2292 2271/2844/2290 2286/2850/2295 2287/2853/2298
f 2261/2847/2293 2262/2845/2291 2278/2852/2297 2277/2854/2299
f 2273/2832/2279 2272/2848/2292 2287/2855/2298 2288/2856/2300
f 2260/2833/2280 2261/2847/2293 2277/2854/2299 2276/2857/2301
f 2267/2835/2282 2434/2678/2156 2283/2858/2302
f 2172/2647/2127 2273/2832/2279 2288/2856/2300
f 2259/2834/2281 2260/2833/2280 2276/2857/2301 2275/2859/2303
f 2266/2836/2283 2267/2835/2282 2283/2858/2302 2282/2860/2304
f 2258/2837/2284 2259/2834/2281 2275/2859/2303 2274/2861/2305
f 2265/2839/2285 2266/2838/2283 2282/2862/2304 2281/2863/2306
f 2269/2840/2286 2258/2837/2284 2274/2861/2305 2284/2864/2307
f 2264/2841/2287 2265/2839/2285 2281/2863/2306 2280/2865/2308
f 2270/2842/2288 2269/2840/2286 2284/2864/2307 2285/2849/2294
f 2263/2843/2289 2264/2841/2287 2280/2865/2308 2279/2851/2296
f 2282/2860/2304 2283/2858/2302 2299/2866/2309 2298/2867/2310
f 2274/2861/2305 2275/2859/2303 2291/2868/2311 2290/2869/2312
f 2281/2863/2306 2282/2862/2304 2298/2870/2310 2297/2871/2313
f 2284/2864/2307 2274/2861/2305 2290/2869/2312 2301/2872/2314
f 2280/2865/2308 2281/2863/2306 2297/2871/2313 2296/2873/2315
f 2285/2849/2294 2284/2864/2307 2301/2872/2314 2302/2874/2316
f 2279/2851/2296 2280/2865/2308 2296/2873/2315 2295/2875/2317
f 2286/2850/2295 2285/2849/2294 2302/2874/2316 2303/2876/2318
f 2278/2852/2297 2279/2851/2296 2295/2875/2317 2294/2877/2319
f 2287/2853/2298 2286/2850/2295 2303/2876/2318 2304/2878/2320
f 2277/2854/2299 2278/2852/2297 2294/2877/2319 2293/2879/2321
f 2288/2856/2300 2287/2855/2298 2304/2880/2320 2305/2881/2322
f 2276/2857/2301 2277/2854/2299 2293/2879/2321 2292/2882/2323
f 2283/2858/2302 2434/2678/2156 2299/2866/2309
f 2172/2647/2127 2288/2856/2300 2305/2881/2322
f 2275/2859/2303 2276/2857/2301 2292/2882/2323 2291/2868/2311
f 2294/2883/2319 2295/2884/2317 2312/2885/2324 2311/2886/2325
f 2304/2880/2320 2303/2887/2318 2320/2888/2326 2321/2889/2327
f 2293/2890/2321 2294/2883/2319 2311/2886/2325 2310/2891/2328
f 2305/2881/2322 2304/2880/2320 2321/2889/2327 2322/2892/2329
f 2292/2893/2323 2293/2890/2321 2310/2891/2328 2309/2894/2330
f 2299/2866/2309 2434/2678/2156 2316/2895/2331
f 2172/2647/2127 2305/2881/2322 2322/2892/2329
f 2291/2896/2311 2292/2893/2323 2309/2894/2330 2308/2897/2332
f 2298/2867/2310 2299/2866/2309 2316/2895/2331 2315/2898/2333
f 2290/2899/2312 2291/2896/2311 2308/2897/2332 2307/2900/2334
f 2297/2901/2313 2298/2867/2310 2315/2898/2333 2314/2902/2335
f 2301/2872/2314 2290/2869/2312 2307/2903/2334 2318/2904/2336
f 2296/2905/2315 2297/2906/2313 2314/2907/2335 2313/2908/2337
f 2302/2874/2316 2301/2872/2314 2318/2904/2336 2319/2909/2338
f 2295/2884/2317 2296/2905/2315 2313/2908/2337 2312/2885/2324
f 2303/2876/2318 2302/2874/2316 2319/2909/2338 2320/2910/2326
f 2307/2900/2334 2308/2897/2332 2325/2911/2339 2324/2912/2340
f 2314/2902/2335 2315/2898/2333 2332/2913/2341 2331/2914/2342
f 2318/2915/2336 2307/2900/2334 2324/2912/2340 2335/2916/2343
f 2313/2908/2337 2314/2907/2335 2331/2917/2342 2330/2918/2344
f 2319/2919/2338 2318/2915/2336 2335/2916/2343 2336/2920/2345
f 2312/2885/2324 2313/2908/2337 2330/2918/2344 2329/2921/2346
f 2320/2922/2326 2319/2919/2338 2336/2920/2345 2337/2923/2347
f 2311/2886/2325 2312/2885/2324 2329/2921/2346 2328/2924/2348
f 2321/2889/2327 2320/2888/2326 2337/2925/2347 2338/2926/2349
f 2310/2891/2328 2311/2886/2325 2328/2924/2348 2327/2927/2350
f 2322/2892/2329 2321/2889/2327 2338/2926/2349 2339/2928/2351
f 2309/2894/2330 2310/2891/2328 2327/2927/2350 2326/2929/2352
f 2316/2895/2331 2434/2678/2156 2333/2930/2353
f 2172/2647/2127 2322/2892/2329 2339/2928/2351
f 2308/2897/2332 2309/2894/2330 2326/2929/2352 2325/2911/2339
f 2315/2898/2333 2316/2895/2331 2333/2930/2353 2332/2913/2341
f 2338/2926/2349 2337/2925/2347 2354/2931/2354 2355/2932/2355
f 2327/2927/2350 2328/2924/2348 2345/2933/2356 2344/2934/2357
f 2339/2928/2351 2338/2926/2349 2355/2932/2355 2356/2935/2358
f 2326/2929/2352 2327/2927/2350 2344/2934/2357 2343/2936/2359
f 2333/2930/2353 2434/2678/2156 2350/2937/2360
f 2172/2647/2127 2339/2928/2351 2356/2935/2358
f 2325/2911/2339 2326/2929/2352 2343/2936/2359 2342/2938/2361
f 2332/2913/2341 2333/2930/2353 2350/2937/2360 2349/2939/2362
f 2324/2912/2340 2325/2911/2339 2342/2938/2361 2341/2940/2363
f 2331/2914/2342 2332/2913/2341 2349/2939/2362 2348/2941/2364
f 2335/2916/2343 2324/2912/2340 2341/2940/2363 2352/2942/2365
f 2330/2918/2344 2331/2917/2342 2348/2943/2364 2347/2944/2366
f 2336/2920/2345 2335/2916/2343 2352/2942/2365 2353/2945/2367
f 2329/2921/2346 2330/2918/2344 2347/2944/2366 2346/2946/2368
f 2337/2923/2347 2336/2920/2345 2353/2945/2367 2354/2947/2354
f 2328/2924/2348 2329/2921/2346 2346/2946/2368 2345/2933/2356
f 2348/2941/2364 2349/2939/2362 2366/2948/2369 2365/2949/2370
f 2352/2942/2365 2341/2940/2363 2358/2950/2371 2369/2951/2372
f 2347/2944/2366 2348/2943/2364 2365/2952/2370 2364/2953/2373
f 2353/2945/2367 2352/2942/2365 2369/2951/2372 2370/2954/2374
f 2346/2946/2368 2347/2944/2366 2364/2953/2373 2363/2955/2375
f 2354/2947/2354 2353/2945/2367 2370/2954/2374 2371/2956/2376
f 2345/2933/2356 2346/2946/2368 2363/2955/2375 2362/2957/2377
f 2355/2932/2355 2354/2931/2354 2371/2958/2376 2372/2959/2378
f 2344/2934/2357 2345/2933/2356 2362/2957/2377 2361/2960/2379
f 2356/2935/2358 2355/2932/2355 2372/2959/2378 2373/2961/2380
f 2343/2936/2359 2344/2934/2357 2361/2960/2379 2360/2962/2381
f 2350/2937/2360 2434/2678/2156 2367/2963/2382
f 2172/2647/2127 2356/2935/2358 2373/2961/2380
f 2342/2938/2361 2343/2936/2359 2360/2962/2381 2359/2964/2383
f 2349/2939/2362 2350/2937/2360 2367/2963/2382 2366/2948/2369
f 2341/2940/2363 2342/2938/2361 2359/2964/2383 2358/2950/2371
f 2361/2960/2379 2362/2957/2377 2379/2965/2384 2378/2966/2385
f 2373/2961/2380 2372/2959/2378 2389/2967/2386 2390/2968/2387
f 2360/2962/2381 2361/2960/2379 2378/2966/2385 2377/2969/2388
f 2367/2963/2382 2434/2678/2156 2384/2970/2389
f 2172/2647/2127 2373/2961/2380 2390/2968/2387
f 2359/2964/2383 2360/2962/2381 2377/2969/2388 2376/2971/2390
f 2366/2948/2369 2367/2963/2382 2384/2970/2389 2383/2972/2391
f 2358/2950/2371 2359/2964/2383 2376/2971/2390 2375/2973/2392
f 2365/2949/2370 2366/2948/2369 2383/2972/2391 2382/2974/2393
f 2369/2951/2372 2358/2950/2371 2375/2973/2392 2386/2975/2394
f 2364/2953/2373 2365/2952/2370 2382/2976/2393 2381/2977/2395
f 2370/2954/2374 2369/2951/2372 2386/2975/2394 2387/2978/2396
f 2363/2955/2375 2364/2953/2373 2381/2977/2395 2380/2979/2397
f 2371/2958/2376 2370/2980/2374 2387/2981/2396 2388/2982/2398
f 2362/2957/2377 2363/2955/2375 2380/2979/2397 2379/2965/2384
f 2372/2959/2378 2371/2958/2376 2388/2982/2398 2389/2967/2386
f 2386/2983/2394 2375/2984/2392 2392/2985/2399 2403/2986/2400
f 2381/2987/2395 2382/2974/2393 2399/2988/2401 2398/2989/2402
f 2387/2990/2396 2386/2983/2394 2403/2986/2400 2404/2991/2403
f 2380/2992/2397 2381/2993/2395 2398/2994/2402 2397/2995/2404
f 2388/2982/2398 2387/2981/2396 2404/2996/2403 2405/2997/2405
f 2379/2998/2384 2380/2992/2397 2397/2995/2404 2396/2999/2406
f 2389/2967/2386 2388/2982/2398 2405/2997/2405 2406/3000/2407
f 2378/3001/2385 2379/2998/2384 2396/2999/2406 2395/3002/2408
f 2390/2968/2387 2389/2967/2386 2406/3000/2407 2407/3003/2409
f 2377/3004/2388 2378/3001/2385 2395/3002/2408 2394/3005/2410
f 2384/2970/2389 2434/2678/2156 2401/3006/2411
f 2172/2647/2127 2390/2968/2387 2407/3003/2409
f 2376/3007/2390 2377/3004/2388 2394/3005/2410 2393/3008/2412
f 2383/2972/2391 2384/2970/2389 2401/3006/2411 2400/3009/2413
f 2375/2984/2392 2376/3007/2390 2393/3008/2412 2392/2985/2399
f 2382/2974/2393 2383/2972/2391 2400/3009/2413 2399/2988/2401
f 2407/3003/2409 2406/3000/2407 2422/3010/2414 2423/3011/2415
f 2394/3005/2410 2395/3002/2408 2412/3012/2416 2411/3013/2417
f 2401/3006/2411 2434/2678/2156 2418/3014/2418
f 2172/2647/2127 2407/3003/2409 2423/3011/2415
f 2393/3008/2412 2394/3005/2410 2411/3013/2417 2410/3015/2419
f 2400/3009/2413 2401/3006/2411 2418/3014/2418 2417/3016/2420
f 2392/2985/2399 2393/3008/2412 2410/3015/2419 2409/3017/2421
f 2399/2988/2401 2400/3009/2413 2417/3016/2420 2416/3018/2422
f 2403/2986/2400 2392/2985/2399 2409/3017/2421 2419/3019/2423
f 2398/2994/2402 2399/3020/2401 2416/3021/2422 2415/3022/2424
f 2404/2991/2403 2403/2986/2400 2419/3019/2423 2420/3023/2425
f 2397/2995/2404 2398/2994/2402 2415/3022/2424 2414/3024/2426
f 2405/3025/2405 2404/2991/2403 2420/3023/2425 2421/3026/2427
f 2396/2999/2406 2397/2995/2404 2414/3024/2426 2413/3027/2428
f 2406/3000/2407 2405/2997/2405 2421/3028/2427 2422/3010/2414
f 2395/3002/2408 2396/2999/2406 2413/3027/2428 2412/3012/2416
f 2420/3023/2425 2419/3019/2423 2435/3029/2429 2436/3030/2430
f 2414/3024/2426 2415/3022/2424 2430/3031/2431 2429/3032/2432
f 2421/3026/2427 2420/3023/2425 2436/3030/2430 2437/3033/2433
f 2413/3027/2428 2414/3024/2426 2429/3032/2432 2428/3034/2434
f 2422/3035/2414 2421/3026/2427 2437/3033/2433 2438/3036/2435
f 2412/3012/2416 2413/3027/2428 2428/3034/2434 2427/3037/2436
f 2423/3011/2415 2422/3010/2414 2438/3038/2435 2439/3039/2437
f 2411/3013/2417 2412/3012/2416 2427/3037/2436 2426/3040/2438
f 2418/3014/2418 2434/2678/2156 2433/3041/2439
f 2172/2647/2127 2423/3011/2415 2439/3039/2437
f 2410/3015/2419 2411/3013/2417 2426/3040/2438 2425/3042/2440
f 2417/3016/2420 2418/3014/2418 2433/3041/2439 2432/3043/2441
f 2409/3017/2421 2410/3015/2419 2425/3042/2440 2424/3044/2442
f 2416/3021/2422 2417/3045/2420 2432/3046/2441 2431/3047/2443
f 2419/3019/2423 2409/3017/2421 2424/3044/2442 2435/3029/2429
f 2415/3022/2424 2416/3021/2422 2431/3047/2443 2430/3031/2431
f 2433/3041/2439 2434/2678/2156 2450/3048/2444
f 2172/2647/2127 2439/3039/2437 2456/3049/2445
f 2425/3042/2440 2426/3040/2438 2443/3050/2446 2442/3051/2447
f 2432/3043/2441 2433/3041/2439 2450/3048/2444 2449/3052/2448
f 2424/3044/2442 2425/3042/2440 2442/3051/2447 2441/3053/2449
f 2431/3047/2443 2432/3046/2441 2449/3054/2448 2448/3055/2450
f 2435/3029/2429 2424/3044/2442 2441/3053/2449 2452/3056/2451
f 2430/3031/2431 2431/3047/2443 2448/3055/2450 2447/3057/2452
f 2436/3030/2430 2435/3029/2429 2452/3056/2451 2453/3058/2453
f 2429/3032/2432 2430/3031/2431 2447/3057/2452 2446/3059/2454
f 2437/3033/2433 2436/3030/2430 2453/3058/2453 2454/3060/2455
f 2428/3034/2434 2429/3032/2432 2446/3059/2454 2445/3061/2456
f 2438/3036/2435 2437/3033/2433 2454/3060/2455 2455/3062/2457
f 2427/3037/2436 2428/3034/2434 2445/3061/2456 2444/3063/2458
f 2439/3039/2437 2438/3038/2435 2455/3064/2457 2456/3049/2445
f 2426/3040/2438 2427/3037/2436 2444/3063/2458 2443/3050/2446
f 2446/3059/2454 2447/3057/2452 2464/3065/2459 2463/3066/2460
f 2454/3060/2455 2453/3058/2453 2470/3067/2461 2471/3068/2462
f 2445/3061/2456 2446/3059/2454 2463/3066/2460 2462/3069/2463
f 2455/3062/2457 2454/3060/2455 2471/3068/2462 2472/3070/2464
f 2444/3063/2458 2445/3061/2456 2462/3069/2463 2461/3071/2465
f 2456/3049/2445 2455/3064/2457 2472/3072/2464 2473/3073/2466
f 2443/3050/2446 2444/3063/2458 2461/3071/2465 2460/3074/2467
f 2450/3048/2444 2434/2678/2156 2467/3075/2468
f 2172/2647/2127 2456/3049/2445 2473/3073/2466
f 2442/3051/2447 2443/3050/2446 2460/3074/2467 2459/3076/2469
f 2449/3052/2448 2450/3048/2444 2467/3075/2468 2466/3077/2470
f 2441/3053/2449 2442/3051/2447 2459/3076/2469 2458/3078/2471
f 2448/3055/2450 2449/3054/2448 2466/3079/2470 2465/3080/2472
f 2452/3056/2451 2441/3053/2449 2458/3078/2471 2469/3081/2473
f 2447/3057/2452 2448/3055/2450 2465/3080/2472 2464/3065/2459
f 2453/3058/2453 2452/3056/2451 2469/3081/2473 2470/3067/2461
f 2459/3076/2469 2460/3074/2467 2477/3082/2474 2476/3083/2475
f 2466/3079/2470 2467/3084/2468 2484/3085/2476 2483/3086/2477
f 2458/3078/2471 2459/3076/2469 2476/3083/2475 2475/3087/2478
f 2465/3080/2472 2466/3079/2470 2483/3086/2477 2482/3088/2479
f 2469/3081/2473 2458/3078/2471 2475/3087/2478 2486/3089/2480
f 2464/3065/2459 2465/3080/2472 2482/3088/2479 2481/3090/2481
f 2470/3067/2461 2469/3081/2473 2486/3089/2480 2487/3091/2482
f 2463/3066/2460 2464/3065/2459 2481/3090/2481 2480/3092/2483
f 2471/3068/2462 2470/3067/2461 2487/3091/2482 2488/3093/2484
f 2462/3069/2463 2463/3066/2460 2480/3092/2483 2479/3094/2485
f 2472/3070/2464 2471/3068/2462 2488/3093/2484 2489/3095/2486
f 2461/3071/2465 2462/3069/2463 2479/3094/2485 2478/3096/2487
f 2473/3097/2466 2472/3070/2464 2489/3095/2486 2490/3098/2488
f 2460/3074/2467 2461/3071/2465 2478/3096/2487 2477/3082/2474
f 2467/3075/2468 2434/2678/2156 2484/3099/2476
f 2172/2647/2127 2473/3073/2466 2490/3100/2488
f 2488/3093/2484 2487/3091/2482 2504/3101/2489 2505/3102/2490
f 2479/3094/2485 2480/3092/2483 2497/3103/2491 2496/3104/2492
f 2489/3095/2486 2488/3093/2484 2505/3102/2490 2506/3105/2493
f 2478/3096/2487 2479/3094/2485 2496/3104/2492 2495/3106/2494
f 2490/3098/2488 2489/3095/2486 2506/3105/2493 2507/3107/2495
f 2477/3082/2474 2478/3096/2487 2495/3106/2494 2494/3108/2496
f 2484/3099/2476 2434/2678/2156 2501/3109/2497
f 2172/2647/2127 2490/3100/2488 2507/3110/2495
f 2476/3083/2475 2477/3082/2474 2494/3108/2496 2493/3111/2498
f 2483/3086/2477 2484/3085/2476 2501/3112/2497 2500/3113/2499
f 2475/3087/2478 2476/3083/2475 2493/3111/2498 2492/3114/2500
f 2482/3088/2479 2483/3086/2477 2500/3113/2499 2499/3115/2501
f 2486/3089/2480 2475/3087/2478 2492/3114/2500 2503/3116/2502
f 2481/3090/2481 2482/3088/2479 2499/3115/2501 2498/3117/2503
f 2487/3091/2482 2486/3089/2480 2503/3116/2502 2504/3101/2489
f 2480/3092/2483 2481/3090/2481 2498/3117/2503 2497/3103/2491
f 2500/3113/2499 2501/3112/2497 2518/3118/2504 2517/3119/2505
f 2492/3114/2500 2493/3111/2498 2510/3120/2506 2509/3121/2507
f 2499/3115/2501 2500/3113/2499 2517/3119/2505 2516/3122/2508
f 2503/3116/2502 2492/3114/2500 2509/3121/2507 2520/3123/2509
f 2498/3117/2503 2499/3115/2501 2516/3122/2508 2515/3124/2510
f 2504/3101/2489 2503/3116/2502 2520/3123/2509 2521/3125/2511
f 2497/3103/2491 2498/3117/2503 2515/3124/2510 2514/3126/2512
f 2505/3102/2490 2504/3101/2489 2521/3125/2511 2522/3127/2513
f 2496/3104/2492 2497/3103/2491 2514/3126/2512 2513/3128/2514
f 2506/3105/2493 2505/3102/2490 2522/3127/2513 2523/3129/2515
f 2495/3106/2494 2496/3104/2492 2513/3128/2514 2512/3130/2516
f 2507/3107/2495 2506/3105/2493 2523/3129/2515 2524/3131/2517
f 2494/3108/2496 2495/3106/2494 2512/3130/2516 2511/3132/2518
f 2501/3109/2497 2434/2678/2156 2518/3133/2504
f 2172/2647/2127 2507/3110/2495 2524/3134/2517
f 2493/3111/2498 2494/3108/2496 2511/3132/2518 2510/3120/2506
f 2513/3128/2514 2514/3126/2512 2531/3135/2519 2530/3136/2520
f 2523/3129/2515 2522/3127/2513 2539/3137/2521 2540/3138/2522
f 2512/3130/2516 2513/3128/2514 2530/3136/2520 2529/3139/2523
f 2524/3134/2517 2523/3140/2515 2540/3141/2522 2541/3142/2524
f 2511/3132/2518 2512/3130/2516 2529/3139/2523 2528/3143/2525
f 2518/3133/2504 2434/2678/2156 2535/3144/2526
f 2172/2647/2127 2524/3134/2517 2541/3142/2524
f 2510/3120/2506 2511/3132/2518 2528/3143/2525 2527/3145/2527
f 2517/3146/2505 2518/3133/2504 2535/3144/2526 2534/3147/2528
f 2509/3121/2507 2510/3120/2506 2527/3145/2527 2526/3148/2529
f 2516/3122/2508 2517/3119/2505 2534/3149/2528 2533/3150/2530
f 2520/3123/2509 2509/3121/2507 2526/3148/2529 2537/3151/2531
f 2515/3124/2510 2516/3122/2508 2533/3150/2530 2532/3152/2532
f 2521/3125/2511 2520/3123/2509 2537/3151/2531 2538/3153/2533
f 2514/3126/2512 2515/3124/2510 2532/3152/2532 2531/3135/2519
f 2522/3127/2513 2521/3125/2511 2538/3153/2533 2539/3137/2521
f 2526/3148/2529 2527/3145/2527 2544/3154/2534 2543/3155/2535
f 2533/3150/2530 2534/3149/2528 2551/3156/2536 2550/3157/2537
f 2537/3151/2531 2526/3148/2529 2543/3155/2535 2554/3158/2538
f 2532/3152/2532 2533/3150/2530 2550/3157/2537 2549/3159/2539
f 2538/3153/2533 2537/3151/2531 2554/3158/2538 2555/3160/2540
f 2531/3135/2519 2532/3152/2532 2549/3159/2539 2548/3161/2541
f 2539/3137/2521 2538/3153/2533 2555/3160/2540 2556/3162/2542
f 2530/3136/2520 2531/3135/2519 2548/3161/2541 2547/3163/2543
f 2540/3138/2522 2539/3137/2521 2556/3162/2542 2557/3164/2544
f 2529/3139/2523 2530/3136/2520 2547/3163/2543 2546/3165/2545
f 2541/3142/2524 2540/3141/2522 2557/3166/2544 2558/3167/2546
f 2528/3143/2525 2529/3139/2523 2546/3165/2545 2545/3168/2547
f 2535/3144/2526 2434/2678/2156 2552/3169/2548
f 2172/2647/2127 2541/3142/2524 2558/3167/2546
f 2527/3145/2527 2528/3143/2525 2545/3168/2547 2544/3154/2534
f 2534/3147/2528 2535/3144/2526 2552/3169/2548 2551/3170/2536
f 2557/3164/2544 2556/3162/2542 2572/3171/2549 2573/3172/2550
f 2546/3165/2545 2547/3163/2543 2564/3173/2551 2563/3174/2552
f 2558/3167/2546 2557/3166/2544 2573/3175/2550 2574/3176/2553
f 2545/3168/2547 2546/3165/2545 2563/3174/2552 2562/3177/2554
f 2552/3169/2548 2434/2678/2156 2569/3178/2555
f 2172/2647/2127 2558/3167/2546 2574/3176/2553
f 2544/3154/2534 2545/3168/2547 2562/3177/2554 2561/3179/2556
f 2551/3170/2536 2552/3169/2548 2569/3178/2555 2568/3180/2557
f 2543/3155/2535 2544/3154/2534 2561/3179/2556 2560/3181/2558
f 2550/3157/2537 2551/3156/2536 2568/3182/2557 2567/3183/2559
f 2554/3158/2538 2543/3155/2535 2560/3181/2558 2570/3184/2560
f 2549/3159/2539 2550/3157/2537 2567/3183/2559 2566/3185/2561
f 2555/3160/2540 2554/3158/2538 2570/3184/2560 2571/3186/2562
f 2548/3161/2541 2549/3159/2539 2566/3185/2561 2565/3187/2563
f 2556/3162/2542 2555/3160/2540 2571/3186/2562 2572/3171/2549
f 2547/3163/2543 2548/3161/2541 2565/3187/2563 2564/3173/2551
f 2567/3183/2559 2568/3182/2557 2583/3188/2564 2582/3189/2565
f 2570/3184/2560 2560/3181/2558 2575/3190/2566 2585/3191/2567
f 2566/3185/2561 2567/3183/2559 2582/3189/2565 2581/3192/2568
f 2571/3186/2562 2570/3184/2560 2585/3191/2567 2586/3193/2569
f 2565/3187/2563 2566/3185/2561 2581/3192/2568 2580/3194/2570
f 2572/3171/2549 2571/3186/2562 2586/3193/2569 2587/3195/2571
f 2564/3173/2551 2565/3187/2563 2580/3194/2570 2579/3196/2572
f 2573/3172/2550 2572/3171/2549 2587/3195/2571 2588/3197/2573
f 2563/3174/2552 2564/3173/2551 2579/3196/2572 2578/3198/2574
f 2574/3176/2553 2573/3175/2550 2588/3199/2573 2589/3200/2575
f 2562/3177/2554 2563/3174/2552 2578/3198/2574 2577/3201/2576
f 2569/3178/2555 2434/2678/2156 2584/3202/2577
f 2172/2647/2127 2574/3176/2553 2589/3200/2575
f 2561/3179/2556 2562/3177/2554 2577/3201/2576 2576/3203/2578
f 2568/3180/2557 2569/3178/2555 2584/3202/2577 2583/3204/2564
f 2560/3181/2558 2561/3179/2556 2576/3203/2578 2575/3190/2566
f 2578/3205/2574 2579/3206/2572 2594/3207/2579 2593/3208/2580
f 2589/3200/2575 2588/3199/2573 2604/3209/2581 2605/3210/2582
f 2577/3211/2576 2578/3205/2574 2593/3208/2580 2592/3212/2583
f 2584/3202/2577 2434/2678/2156 2599/3213/2584
f 2172/2647/2127 2589/3200/2575 2605/3210/2582
f 2576/3214/2578 2577/3211/2576 2592/3212/2583 2591/3215/2585
f 2583/3204/2564 2584/3202/2577 2599/3213/2584 2598/3216/2586
f 2575/3217/2566 2576/3214/2578 2591/3215/2585 2590/3218/2587
f 2582/3219/2565 2583/3204/2564 2598/3216/2586 2597/3220/2588
f 2585/3221/2567 2575/3217/2566 2590/3218/2587 2601/3222/2589
f 2581/3223/2568 2582/3224/2565 2597/3225/2588 2596/3226/2590
f 2586/3227/2569 2585/3221/2567 2601/3222/2589 2602/3228/2591
f 2580/3229/2570 2581/3223/2568 2596/3226/2590 2595/3230/2592
f 2587/3231/2571 2586/3227/2569 2602/3228/2591 2603/3232/2593
f 2579/3206/2572 2580/3229/2570 2595/3230/2592 2594/3207/2579
f 2588/3199/2573 2587/3233/2571 2603/3234/2593 2604/3209/2581
f 2601/3222/2589 2590/3218/2587 2606/3235/2594 2617/3236/2595
f 2596/3226/2590 2597/3225/2588 2613/3237/2596 2612/3238/2597
f 2602/3228/2591 2601/3222/2589 2617/3236/2595 2618/3239/2598
f 2595/3230/2592 2596/3226/2590 2612/3238/2597 2611/3240/2599
f 2603/3232/2593 2602/3228/2591 2618/3239/2598 2619/3241/2600
f 2594/3207/2579 2595/3230/2592 2611/3240/2599 2610/3242/2601
f 2604/3209/2581 2603/3234/2593 2619/3243/2600 2620/3244/2602
f 2593/3208/2580 2594/3207/2579 2610/3242/2601 2609/3245/2603
f 2605/3210/2582 2604/3209/2581 2620/3244/2602 2621/3246/2604
f 2592/3212/2583 2593/3208/2580 2609/3245/2603 2608/3247/2605
f 2599/3213/2584 2434/2678/2156 2615/3248/2606
f 2172/2647/2127 2605/3210/2582 2621/3246/2604
f 2591/3215/2585 2592/3212/2583 2608/3247/2605 2607/3249/2607
f 2598/3216/2586 2599/3213/2584 2615/3248/2606 2614/3250/2608
f 2590/3218/2587 2591/3215/2585 2607/3249/2607 2606/3235/2594
f 2597/3220/2588 2598/3216/2586 2614/3250/2608 2613/3251/2596
f 2621/3246/2604 2620/3244/2602 2633/2658/2138 2634/2648/2128
f 2608/3247/2605 2609/3245/2603 2150/2676/2154 2624/2665/2145
f 2615/3248/2606 2434/2678/2156 2161/2655/2135
f 2172/2647/2127 2621/3246/2604 2634/2648/2128
f 2607/3249/2607 2608/3247/2605 2624/2665/2145 2133/2664/2144
f 2614/3250/2608 2615/3248/2606 2161/2655/2135 2159/2654/2134
f 2606/3235/2594 2607/3249/2607 2133/2664/2144 2622/2679/2157
f 2613/3251/2596 2614/3250/2608 2159/2654/2134 2628/2681/2152
f 2617/3236/2595 2606/3235/2594 2622/2679/2157 2117/2672/2150
f 2612/3238/2597 2613/3237/2596 2628/2674/2152 2627/2660/2140
f 2618/3239/2598 2617/3236/2595 2117/2672/2150 2631/2669/2148
f 2611/3240/2599 2612/3238/2597 2627/2660/2140 2155/2651/2131
f 2619/3241/2600 2618/3239/2598 2631/2669/2148 2101/2668/2142
f 2610/3242/2601 2611/3240/2599 2155/2651/2131 2153/2650/2130
f 2620/3244/2602 2619/3243/2600 2101/2662/2142 2633/2658/2138
f 2609/3245/2603 2610/3242/2601 2153/2650/2130 2150/2676/2154
f 3052/3252/2609 2600/3253/2610 2542/3254/2611 2553/3255/2612
f 3047/3256/2613 2623/3257/2614 2508/3258/2615 2519/3259/2616
f 2600/3260/2610 3051/3261/2617 2536/3262/2618 2542/3263/2611
f 3049/3264/2619 3050/3265/2620 2457/3266/2621 2468/3267/2622
f 2623/3257/2614 3048/3268/2623 2502/3269/2624 2508/3258/2615
f 3051/3261/2617 2616/3270/2625 2525/3271/2626 2536/3262/2618
f 3048/3268/2623 2625/3272/2627 2491/3273/2628 2502/3269/2624
f 2625/3272/2627 2626/3274/2629 2485/3275/2630 2491/3273/2628
f 2616/3270/2625 3047/3256/2613 2519/3259/2616 2525/3271/2626
f 3050/3276/2620 2630/3277/2631 2451/3278/2632 2457/3279/2621
f 2626/3274/2629 2629/3280/2633 2474/3281/2634 2485/3275/2630
f 2630/3277/2631 2632/3282/2635 2440/3283/2636 2451/3278/2632
f 2640/3284/66 3053/3285/2637 2559/3286/2638
f 2629/3280/2633 3049/3264/2619 2468/3267/2622 2474/3281/2634
f 2632/3282/2635 2876/3287/63 2440/3283/2636
f 3053/3285/2637 3052/3252/2609 2553/3255/2612 2559/3286/2638
f 2491/3273/2628 2485/3275/2630 2368/3288/2639 2357/3289/2640
f 2536/3262/2618 2525/3271/2626 2323/3290/2641 2317/3291/2642
f 2474/3281/2634 2468/3267/2622 2385/3292/2643 2374/3293/2644
f 2485/3275/2630 2474/3281/2634 2374/3293/2644 2368/3288/2639
f 2502/3269/2624 2491/3273/2628 2357/3289/2640 2351/3294/2645
f 2542/3263/2611 2536/3262/2618 2317/3291/2642 2306/3295/2646
f 2553/3255/2612 2542/3254/2611 2306/3296/2646 2300/3297/2647
f 2559/3286/2638 2553/3255/2612 2300/3297/2647 2289/3298/2648
f 2508/3258/2615 2502/3269/2624 2351/3294/2645 2340/3299/2649
f 2457/3279/2621 2451/3278/2632 2402/3300/2650 2391/3301/2651
f 2640/3284/66 2559/3286/2638 2289/3298/2648
f 2440/3283/2636 2876/3287/63 2408/3302/2652
f 2451/3278/2632 2440/3283/2636 2408/3302/2652 2402/3300/2650
f 2519/3259/2616 2508/3258/2615 2340/3299/2649 2334/3303/2653
f 2468/3267/2622 2457/3266/2621 2391/3304/2651 2385/3292/2643
f 2525/3271/2626 2519/3259/2616 2334/3303/2653 2323/3290/2641
f 2374/3293/2644 2385/3292/2643 2166/3305/2654 2183/3306/2655
f 2391/3301/2651 2402/3300/2650 2157/3307/2656 2158/3308/2657
f 2402/3300/2650 2408/3302/2652 2149/3309/2658 2157/3307/2656
f 2385/3292/2643 2391/3304/2651 2158/3310/2657 2166/3305/2654
f 2323/3290/2641 2334/3303/2653 2223/3311/2659 2234/3312/2660
f 2334/3303/2653 2340/3299/2649 2217/3313/2661 2223/3311/2659
f 2306/3295/2646 2317/3291/2642 2240/3314/2662 2251/3315/2663
f 2408/3302/2652 2876/3287/63 2149/3309/2658
f 2317/3291/2642 2323/3290/2641 2234/3312/2660 2240/3314/2662
f 2340/3299/2649 2351/3294/2645 2206/3316/2664 2217/3313/2661
f 2351/3294/2645 2357/3289/2640 2200/3317/2665 2206/3316/2664
f 2357/3289/2640 2368/3288/2639 2189/3318/2666 2200/3317/2665
f 2368/3288/2639 2374/3293/2644 2183/3306/2655 2189/3318/2666
f 2640/3284/66 2289/3298/2648 2268/3319/2667
f 2289/3298/2648 2300/3297/2647 2257/3320/2668 2268/3319/2667
f 2300/3297/2647 2306/3296/2646 2251/3321/2663 2257/3320/2668
f 2157/3307/2656 2149/3309/2658 2100/3322/2669 2084/3323/2670
f 2158/3308/2657 2157/3307/2656 2084/3323/2670 2083/3324/2671
f 2240/3314/2662 2234/3312/2660 2635/3325/2672 2636/3326/2673
f 2251/3315/2663 2240/3314/2662 2636/3326/2673 2637/3327/2674
f 2257/3320/2668 2251/3321/2663 2637/3328/2674 2638/3329/2675
f 2166/3305/2654 2158/3310/2657 2083/3330/2671 2067/3331/2676
f 2183/3306/2655 2166/3305/2654 2067/3331/2676 1930/3332/2677
f 2268/3319/2667 2257/3320/2668 2638/3329/2675 2639/3333/2678
f 2189/3318/2666 2183/3306/2655 1930/3332/2677 1914/3334/2679
f 2200/3317/2665 2189/3318/2666 1914/3334/2679 1778/3335/2680
f 2640/3284/66 2268/3319/2667 2639/3333/2678
f 2206/3316/2664 2200/3317/2665 1778/3335/2680 1777/3336/2681
f 2217/3313/2661 2206/3316/2664 1777/3336/2681 1625/3337/2682
f 2149/3309/2658 2876/3287/63 2100/3322/2669
f 2223/3311/2659 2217/3313/2661 1625/3337/2682 1624/3338/2683
f 2234/3312/2660 2223/3311/2659 1624/3338/2683 2635/3325/2672
f 1777/3336/2681 1778/3335/2680 2644/3339/2684 2643/3340/2685
f 2084/3323/2670 2100/3322/2669 2650/3341/2686 2649/3342/2687
f 1778/3335/2680 1914/3334/2679 2645/3343/2688 2644/3339/2684
f 2638/3329/2675 2637/3328/2674 2653/3344/2689 2654/3345/2690
f 2100/3322/2669 2876/3287/63 2650/3341/2686
f 2637/3327/2674 2636/3326/2673 2652/3346/2691 2653/3347/2689
f 2067/3331/2676 2083/3330/2671 2648/3348/2692 2647/3349/2693
f 2083/3324/2671 2084/3323/2670 2649/3342/2687 2648/3350/2692
f 1624/3338/2683 1625/3337/2682 2642/3351/2694 2641/3352/2695
f 2636/3326/2673 2635/3325/2672 2651/3353/2696 2652/3346/2691
f 2635/3325/2672 1624/3338/2683 2641/3352/2695 2651/3353/2696
f 2639/3333/2678 2638/3329/2675 2654/3345/2690 2655/3354/2697
f 1914/3334/2679 1930/3332/2677 2646/3355/2698 2645/3343/2688
f 2640/3284/66 2639/3333/2678 2655/3354/2697
f 1625/3337/2682 1777/3336/2681 2643/3340/2685 2642/3351/2694
f 1930/3332/2677 2067/3331/2676 2647/3349/2693 2646/3355/2698
f 2651/3356/2696 2641/3357/2695 2656/3358/2699 2666/3359/2700
f 2643/3360/2685 2644/3361/2684 2659/3362/2701 2658/3363/2702
f 2644/3361/2684 2645/3364/2688 2660/3365/2703 2659/3362/2701
f 2650/3341/2686 2876/3287/63 2665/3366/2704
f 2652/3367/2691 2651/3356/2696 2666/3359/2700 2667/3368/2705
f 2653/3369/2689 2652/3367/2691 2667/3368/2705 2668/3370/2706
f 2645/3364/2688 2646/3371/2698 2661/3372/2707 2660/3365/2703
f 2646/3371/2698 2647/3373/2693 2662/3374/2708 2661/3372/2707
f 2654/3345/2690 2653/3344/2689 2668/3375/2706 2669/3376/2709
f 2642/3377/2694 2643/3360/2685 2658/3363/2702 2657/3378/2710
f 2655/3354/2697 2654/3345/2690 2669/3376/2709 2670/3379/2711
f 2640/3284/66 2655/3354/2697 2670/3379/2711
f 2641/3357/2695 2642/3377/2694 2657/3378/2710 2656/3358/2699
f 2648/3350/2692 2649/3342/2687 2664/3380/2712 2663/3381/2713
f 2647/3373/2693 2648/3382/2692 2663/3383/2713 2662/3374/2708
f 2649/3342/2687 2650/3341/2686 2665/3366/2704 2664/3380/2712
f 2666/3359/2700 2656/3358/2699 2671/3384/2714 2681/3385/2715
f 2662/3374/2708 2663/3383/2713 2678/3386/2716 2677/3387/2717
f 2667/3368/2705 2666/3359/2700 2681/3385/2715 2682/3388/2718
f 2661/3372/2707 2662/3374/2708 2677/3387/2717 2676/3389/2719
f 2668/3370/2706 2667/3368/2705 2682/3388/2718 2683/3390/2720
f 2660/3365/2703 2661/3372/2707 2676/3389/2719 2675/3391/2721
f 2669/3392/2709 2668/3370/2706 2683/3390/2720 2684/3393/2722
f 2659/3362/2701 2660/3365/2703 2675/3391/2721 2674/3394/2723
f 2670/3379/2711 2669/3376/2709 2684/3395/2722 2685/3396/2724
f 2658/3363/2702 2659/3362/2701 2674/3394/2723 2673/3397/2725
f 2665/3366/2704 2876/3287/63 2680/3398/2726
f 2640/3284/66 2670/3379/2711 2685/3396/2724
f 2657/3378/2710 2658/3363/2702 2673/3397/2725 2672/3399/2727
f 2664/3380/2712 2665/3366/2704 2680/3398/2726 2679/3400/2728
f 2656/3358/2699 2657/3378/2710 2672/3399/2727 2671/3384/2714
f 2663/3383/2713 2664/3401/2712 2679/3402/2728 2678/3386/2716
f 2685/3396/2724 2684/3395/2722 2699/3403/2729 2700/3404/2730
f 2673/3397/2725 2674/3394/2723 2689/3405/2731 2688/3406/2732
f 2680/3398/2726 2876/3287/63 2695/3407/2733
f 2640/3284/66 2685/3396/2724 2700/3404/2730
f 2672/3399/2727 2673/3397/2725 2688/3406/2732 2687/3408/2734
f 2679/3400/2728 2680/3398/2726 2695/3407/2733 2694/3409/2735
f 2671/3384/2714 2672/3399/2727 2687/3408/2734 2686/3410/2736
f 2678/3386/2716 2679/3402/2728 2694/3411/2735 2693/3412/2737
f 2681/3385/2715 2671/3384/2714 2686/3410/2736 2696/3413/2738
f 2677/3387/2717 2678/3386/2716 2693/3412/2737 2692/3414/2739
f 2682/3388/2718 2681/3385/2715 2696/3413/2738 2697/3415/2740
f 2676/3389/2719 2677/3387/2717 2692/3414/2739 2691/3416/2741
f 2683/3390/2720 2682/3388/2718 2697/3415/2740 2698/3417/2742
f 2675/3391/2721 2676/3389/2719 2691/3416/2741 2690/3418/2743
f 2684/3393/2722 2683/3390/2720 2698/3417/2742 2699/3419/2729
f 2674/3394/2723 2675/3391/2721 2690/3418/2743 2689/3405/2731
f 2692/3414/2739 2693/3412/2737 2708/3420/2744 2707/3421/2745
f 2697/3415/2740 2696/3413/2738 2711/3422/2746 2712/3423/2747
f 2691/3416/2741 2692/3414/2739 2707/3421/2745 2706/3424/2748
f 2698/3417/2742 2697/3415/2740 2712/3423/2747 2713/3425/2749
f 2690/3418/2743 2691/3416/2741 2706/3424/2748 2705/3426/2750
f 2699/3419/2729 2698/3417/2742 2713/3425/2749 2714/3427/2751
f 2689/3405/2731 2690/3418/2743 2705/3426/2750 2704/3428/2752
f 2700/3404/2730 2699/3403/2729 2714/3429/2751 2715/3430/2753
f 2688/3406/2732 2689/3405/2731 2704/3428/2752 2703/3431/2754
f 2695/3407/2733 2876/3287/63 2710/3432/2755
f 2640/3284/66 2700/3404/2730 2715/3430/2753
f 2687/3408/2734 2688/3406/2732 2703/3431/2754 2702/3433/2756
f 2694/3409/2735 2695/3407/2733 2710/3432/2755 2709/3434/2757
f 2686/3410/2736 2687/3408/2734 2702/3433/2756 2701/3435/2758
f 2693/3412/2737 2694/3411/2735 2709/3436/2757 2708/3420/2744
f 2696/3413/2738 2686/3410/2736 2701/3435/2758 2711/3422/2746
f 2703/3431/2754 2704/3428/2752 2719/3437/2759 2718/3438/2760
f 2710/3432/2755 2876/3287/63 2725/3439/2761
f 2640/3284/66 2715/3430/2753 2730/3440/2762
f 2702/3433/2756 2703/3431/2754 2718/3438/2760 2717/3441/2763
f 2709/3434/2757 2710/3432/2755 2725/3439/2761 2724/3442/2764
f 2701/3435/2758 2702/3433/2756 2717/3441/2763 2716/3443/2765
f 2708/3420/2744 2709/3436/2757 2724/3444/2764 2723/3445/2766
f 2711/3422/2746 2701/3435/2758 2716/3443/2765 2726/3446/2767
f 2707/3421/2745 2708/3420/2744 2723/3445/2766 2722/3447/2768
f 2712/3423/2747 2711/3422/2746 2726/3446/2767 2727/3448/2769
f 2706/3424/2748 2707/3421/2745 2722/3447/2768 2721/3449/2770
f 2713/3425/2749 2712/3423/2747 2727/3448/2769 2728/3450/2771
f 2705/3426/2750 2706/3424/2748 2721/3449/2770 2720/3451/2772
f 2714/3427/2751 2713/3425/2749 2728/3450/2771 2729/3452/2773
f 2704/3428/2752 2705/3426/2750 2720/3451/2772 2719/3437/2759
f 2715/3430/2753 2714/3429/2751 2729/3453/2773 2730/3440/2762
f 2727/3448/2769 2726/3446/2767 2741/3454/2774 2742/3455/2775
f 2721/3449/2770 2722/3447/2768 2737/3456/2776 2736/3457/2777
f 2728/3450/2771 2727/3448/2769 2742/3455/2775 2743/3458/2778
f 2720/3451/2772 2721/3449/2770 2736/3457/2777 2735/3459/2779
f 2729/3452/2773 2728/3450/2771 2743/3458/2778 2744/3460/2780
f 2719/3437/2759 2720/3451/2772 2735/3459/2779 2734/3461/2781
f 2730/3440/2762 2729/3453/2773 2744/3462/2780 2745/3463/2782
f 2718/3438/2760 2719/3437/2759 2734/3461/2781 2733/3464/2783
f 2725/3439/2761 2876/3287/63 2740/3465/2784
f 2640/3284/66 2730/3440/2762 2745/3463/2782
f 2717/3441/2763 2718/3438/2760 2733/3464/2783 2732/3466/2785
f 2724/3442/2764 2725/3439/2761 2740/3465/2784 2739/3467/2786
f 2716/3443/2765 2717/3441/2763 2732/3466/2785 2731/3468/2787
f 2723/3445/2766 2724/3444/2764 2739/3469/2786 2738/3470/2788
f 2726/3446/2767 2716/3443/2765 2731/3468/2787 2741/3454/2774
f 2722/3447/2768 2723/3445/2766 2738/3470/2788 2737/3456/2776
f 2640/3284/66 2745/3463/2782 2760/3471/2789
f 2732/3466/2785 2733/3464/2783 2748/3472/2790 2747/3473/2791
f 2739/3467/2786 2740/3465/2784 2755/3474/2792 2754/3475/2793
f 2731/3468/2787 2732/3466/2785 2747/3473/2791 2746/3476/2794
f 2738/3470/2788 2739/3469/2786 2754/3477/2793 2753/3478/2795
f 2741/3454/2774 2731/3468/2787 2746/3476/2794 2756/3479/2796
f 2737/3456/2776 2738/3470/2788 2753/3478/2795 2752/3480/2797
f 2742/3455/2775 2741/3454/2774 2756/3479/2796 2757/3481/2798
f 2736/3457/2777 2737/3456/2776 2752/3480/2797 2751/3482/2799
f 2743/3458/2778 2742/3455/2775 2757/3481/2798 2758/3483/2800
f 2735/3459/2779 2736/3457/2777 2751/3482/2799 2750/3484/2801
f 2744/3460/2780 2743/3458/2778 2758/3483/2800 2759/3485/2802
f 2734/3461/2781 2735/3459/2779 2750/3484/2801 2749/3486/2803
f 2745/3463/2782 2744/3462/2780 2759/3487/2802 2760/3471/2789
f 2733/3464/2783 2734/3461/2781 2749/3486/2803 2748/3472/2790
f 2740/3465/2784 2876/3287/63 2755/3474/2792
f 2758/3483/2800 2757/3481/2798 2772/3488/2804 2773/3489/2805
f 2750/3484/2801 2751/3482/2799 2766/3490/2806 2765/3491/2807
f 2759/3485/2802 2758/3483/2800 2773/3489/2805 2774/3492/2808
f 2749/3486/2803 2750/3484/2801 2765/3491/2807 2764/3493/2809
f 2760/3471/2789 2759/3487/2802 2774/3494/2808 2775/3495/2810
f 2748/3472/2790 2749/3486/2803 2764/3493/2809 2763/3496/2811
f 2755/3474/2792 2876/3287/63 2770/3497/2812
f 2640/3284/66 2760/3471/2789 2775/3495/2810
f 2747/3473/2791 2748/3472/2790 2763/3496/2811 2762/3498/2813
f 2754/3475/2793 2755/3474/2792 2770/3497/2812 2769/3499/2814
f 2746/3476/2794 2747/3473/2791 2762/3498/2813 2761/3500/2815
f 2753/3478/2795 2754/3477/2793 2769/3501/2814 2768/3502/2816
f 2756/3479/2796 2746/3476/2794 2761/3500/2815 2771/3503/2817
f 2752/3480/2797 2753/3478/2795 2768/3502/2816 2767/3504/2818
f 2757/3481/2798 2756/3479/2796 2771/3503/2817 2772/3488/2804
f 2751/3482/2799 2752/3480/2797 2767/3504/2818 2766/3490/2806
f 2769/3499/2814 2770/3497/2812 2785/3505/2819 2784/3506/2820
f 2761/3500/2815 2762/3498/2813 2777/3507/2821 2776/3508/2822
f 2768/3509/2816 2769/3499/2814 2784/3506/2820 2783/3510/2823
f 2771/3503/2817 2761/3500/2815 2776/3508/2822 2786/3511/2824
f 2767/3504/2818 2768/3502/2816 2783/3512/2823 2782/3513/2825
f 2772/3488/2804 2771/3503/2817 2786/3511/2824 2787/3514/2826
f 2766/3490/2806 2767/3504/2818 2782/3513/2825 2781/3515/2827
f 2773/3489/2805 2772/3488/2804 2787/3514/2826 2788/3516/2828
f 2765/3491/2807 2766/3490/2806 2781/3515/2827 2780/3517/2829
f 2774/3494/2808 2773/3518/2805 2788/3519/2828 2789/3520/2830
f 2764/3493/2809 2765/3491/2807 2780/3517/2829 2779/3521/2831
f 2775/3495/2810 2774/3494/2808 2789/3520/2830 2790/3522/2832
f 2763/3496/2811 2764/3493/2809 2779/3521/2831 2778/3523/2833
f 2770/3497/2812 2876/3287/63 2785/3505/2819
f 2640/3284/66 2775/3495/2810 2790/3522/2832
f 2762/3498/2813 2763/3496/2811 2778/3523/2833 2777/3507/2821
f 2780/3517/2829 2781/3515/2827 2796/3524/2834 2795/3525/2835
f 2789/3520/2830 2788/3519/2828 2803/3526/2836 2804/3527/2837
f 2779/3521/2831 2780/3517/2829 2795/3525/2835 2794/3528/2838
f 2790/3522/2832 2789/3520/2830 2804/3527/2837 2805/3529/2839
f 2778/3523/2833 2779/3521/2831 2794/3528/2838 2793/3530/2840
f 2785/3505/2819 2876/3287/63 2800/3531/2841
f 2640/3284/66 2790/3522/2832 2805/3529/2839
f 2777/3507/2821 2778/3523/2833 2793/3530/2840 2792/3532/2842
f 2784/3506/2820 2785/3505/2819 2800/3531/2841 2799/3533/2843
f 2776/3508/2822 2777/3507/2821 2792/3532/2842 2791/3534/2844
f 2783/3510/2823 2784/3506/2820 2799/3533/2843 2798/3535/2845
f 2786/3511/2824 2776/3508/2822 2791/3534/2844 2801/3536/2846
f 2782/3537/2825 2783/3510/2823 2798/3535/2845 2797/3538/2847
f 2787/3514/2826 2786/3511/2824 2801/3536/2846 2802/3539/2848
f 2781/3515/2827 2782/3513/2825 2797/3540/2847 2796/3524/2834
f 2788/3519/2828 2787/3541/2826 2802/3542/2848 2803/3526/2836
f 2791/3543/2844 2792/3544/2842 2807/3545/2849 2806/3546/2850
f 2798/3535/2845 2799/3533/2843 2814/3547/2851 2813/3548/2852
f 2801/3549/2846 2791/3543/2844 2806/3546/2850 2816/3550/2853
f 2797/3538/2847 2798/3535/2845 2813/3548/2852 2812/3551/2854
f 2802/3552/2848 2801/3549/2846 2816/3550/2853 2817/3553/2855
f 2796/3554/2834 2797/3555/2847 2812/3556/2854 2811/3557/2856
f 2803/3526/2836 2802/3542/2848 2817/3558/2855 2818/3559/2857
f 2795/3560/2835 2796/3554/2834 2811/3557/2856 2810/3561/2858
f 2804/3527/2837 2803/3526/2836 2818/3559/2857 2819/3562/2859
f 2794/3563/2838 2795/3560/2835 2810/3561/2858 2809/3564/2860
f 2805/3529/2839 2804/3527/2837 2819/3562/2859 2820/3565/2861
f 2793/3566/2840 2794/3563/2838 2809/3564/2860 2808/3567/2862
f 2800/3531/2841 2876/3287/63 2815/3568/2863
f 2640/3284/66 2805/3529/2839 2820/3565/2861
f 2792/3544/2842 2793/3566/2840 2808/3567/2862 2807/3545/2849
f 2799/3533/2843 2800/3531/2841 2815/3568/2863 2814/3547/2851
f 2819/3562/2859 2818/3559/2857 2833/3569/2864 2834/3570/2865
f 2809/3564/2860 2810/3561/2858 2825/3571/2866 2824/3572/2867
f 2820/3565/2861 2819/3562/2859 2834/3570/2865 2835/3573/2868
f 2808/3567/2862 2809/3564/2860 2824/3572/2867 2823/3574/2869
f 2815/3568/2863 2876/3287/63 2830/3575/2870
f 2640/3284/66 2820/3565/2861 2835/3573/2868
f 2807/3545/2849 2808/3567/2862 2823/3574/2869 2822/3576/2871
f 2814/3547/2851 2815/3568/2863 2830/3575/2870 2829/3577/2872
f 2806/3546/2850 2807/3545/2849 2822/3576/2871 2821/3578/2873
f 2813/3548/2852 2814/3547/2851 2829/3577/2872 2828/3579/2874
f 2816/3550/2853 2806/3546/2850 2821/3578/2873 2831/3580/2875
f 2812/3556/2854 2813/3581/2852 2828/3582/2874 2827/3583/2876
f 2817/3553/2855 2816/3550/2853 2831/3580/2875 2832/3584/2877
f 2811/3557/2856 2812/3556/2854 2827/3583/2876 2826/3585/2878
f 2818/3586/2857 2817/3553/2855 2832/3584/2877 2833/3587/2864
f 2810/3561/2858 2811/3557/2856 2826/3585/2878 2825/3571/2866
f 2828/3579/2874 2829/3577/2872 2844/3588/2879 2843/3589/2880
f 2831/3580/2875 2821/3578/2873 2836/3590/2881 2846/3591/2882
f 2827/3583/2876 2828/3582/2874 2843/3592/2880 2842/3593/2883
f 2832/3584/2877 2831/3580/2875 2846/3591/2882 2847/3594/2884
f 2826/3585/2878 2827/3583/2876 2842/3593/2883 2841/3595/2885
f 2833/3587/2864 2832/3584/2877 2847/3594/2884 2848/3596/2886
f 2825/3571/2866 2826/3585/2878 2841/3595/2885 2840/3597/2887
f 2834/3570/2865 2833/3569/2864 2848/3598/2886 2849/3599/2888
f 2824/3572/2867 2825/3571/2866 2840/3597/2887 2839/3600/2889
f 2835/3573/2868 2834/3570/2865 2849/3599/2888 2850/3601/2890
f 2823/3574/2869 2824/3572/2867 2839/3600/2889 2838/3602/2891
f 2830/3575/2870 2876/3287/63 2845/3603/2892
f 2640/3284/66 2835/3573/2868 2850/3601/2890
f 2822/3576/2871 2823/3574/2869 2838/3602/2891 2837/3604/2893
f 2829/3577/2872 2830/3575/2870 2845/3603/2892 2844/3588/2879
f 2821/3578/2873 2822/3576/2871 2837/3604/2893 2836/3590/2881
f 2839/3600/2889 2840/3597/2887 2855/3605/2894 2854/3606/2895
f 2850/3601/2890 2849/3599/2888 2864/3607/2896 2865/3608/2897
f 2838/3602/2891 2839/3600/2889 2854/3606/2895 2853/3609/2898
f 2845/3603/2892 2876/3287/63 2860/3610/2899
f 2640/3284/66 2850/3601/2890 2865/3608/2897
f 2837/3604/2893 2838/3602/2891 2853/3609/2898 2852/3611/2900
f 2844/3588/2879 2845/3603/2892 2860/3610/2899 2859/3612/2901
f 2836/3590/2881 2837/3604/2893 2852/3611/2900 2851/3613/2902
f 2843/3589/2880 2844/3588/2879 2859/3612/2901 2858/3614/2903
f 2846/3591/2882 2836/3590/2881 2851/3613/2902 2861/3615/2904
f 2842/3593/2883 2843/3592/2880 2858/3616/2903 2857/3617/2905
f 2847/3594/2884 2846/3591/2882 2861/3615/2904 2862/3618/2906
f 2841/3595/2885 2842/3593/2883 2857/3617/2905 2856/3619/2907
f 2848/3596/2886 2847/3594/2884 2862/3618/2906 2863/3620/2908
f 2840/3597/2887 2841/3595/2885 2856/3619/2907 2855/3605/2894
f 2849/3599/2888 2848/3598/2886 2863/3621/2908 2864/3607/2896
f 2861/3615/2904 2851/3613/2902 2866/3622/2909 2877/3623/2910
f 2857/3617/2905 2858/3616/2903 2873/3624/2911 2872/3625/2912
f 2862/3618/2906 2861/3615/2904 2877/3623/2910 2878/3626/2913
f 2856/3619/2907 2857/3617/2905 2872/3625/2912 2871/3627/2914
f 2863/3620/2908 2862/3618/2906 2878/3626/2913 2879/3628/2915
f 2855/3605/2894 2856/3619/2907 2871/3627/2914 2870/3629/2916
f 2864/3607/2896 2863/3621/2908 2879/3630/2915 2880/3631/2917
f 2854/3606/2895 2855/3605/2894 2870/3629/2916 2869/3632/2918
f 2865/3608/2897 2864/3607/2896 2880/3631/2917 2881/3633/2919
f 2853/3609/2898 2854/3606/2895 2869/3632/2918 2868/3634/2920
f 2860/3610/2899 2876/3287/63 2875/3635/2921
f 2640/3284/66 2865/3608/2897 2881/3633/2919
f 2852/3611/2900 2853/3609/2898 2868/3634/2920 2867/3636/2922
f 2859/3612/2901 2860/3610/2899 2875/3635/2921 2874/3637/2923
f 2851/3613/2902 2852/3611/2900 2867/3636/2922 2866/3622/2909
f 2858/3614/2903 2859/3612/2901 2874/3637/2923 2873/3638/2911
f 2881/3633/2919 2880/3631/2917 2895/3639/2924 2896/3640/2925
f 2868/3634/2920 2869/3632/2918 2885/3641/2926 2884/3642/2927
f 2875/3635/2921 2876/3287/63 2891/3643/2928
f 2640/3284/66 2881/3633/2919 2896/3640/2925
f 2867/3636/2922 2868/3634/2920 2884/3642/2927 2883/3644/2929
f 2874/3637/2923 2875/3635/2921 2891/3643/2928 2890/3645/2930
f 2866/3622/2909 2867/3636/2922 2883/3644/2929 2882/3646/2931
f 2873/3638/2911 2874/3637/2923 2890/3645/2930 2889/3647/2932
f 2877/3623/2910 2866/3622/2909 2882/3646/2931 2892/3648/2933
f 2872/3625/2912 2873/3624/2911 2889/3649/2932 2888/3650/2934
f 2878/3626/2913 2877/3623/2910 2892/3648/2933 2893/3651/2935
f 2871/3627/2914 2872/3625/2912 2888/3650/2934 2887/3652/2936
f 2879/3628/2915 2878/3626/2913 2893/3651/2935 2894/3653/2937
f 2870/3629/2916 2871/3627/2914 2887/3652/2936 2886/3654/2938
f 2880/3631/2917 2879/3630/2915 2894/3655/2937 2895/3639/2924
f 2869/3632/2918 2870/3629/2916 2886/3654/2938 2885/3641/2926
f 2893/3651/2935 2892/3648/2933 2907/3656/2939 2908/3657/2940
f 2887/3652/2936 2888/3650/2934 2903/3658/2941 2902/3659/2942
f 2894/3653/2937 2893/3651/2935 2908/3657/2940 2909/3660/2943
f 2886/3654/2938 2887/3652/2936 2902/3659/2942 2901/3661/2944
f 2895/3639/2924 2894/3655/2937 2909/3662/2943 2910/3663/2945
f 2885/3641/2926 2886/3654/2938 2901/3661/2944 2900/3664/2946
f 2896/3640/2925 2895/3639/2924 2910/3663/2945 2911/3665/2947
f 2884/3642/2927 2885/3641/2926 2900/3664/2946 2899/3666/2948
f 2891/3643/2928 2876/3287/63 2906/3667/2949
f 2640/3284/66 2896/3640/2925 2911/3665/2947
f 2883/3644/2929 2884/3642/2927 2899/3666/2948 2898/3668/2950
f 2890/3645/2930 2891/3643/2928 2906/3667/2949 2905/3669/2951
f 2882/3646/2931 2883/3644/2929 2898/3668/2950 2897/3670/2952
f 2889/3647/2932 2890/3645/2930 2905/3669/2951 2904/3671/2953
f 2892/3648/2933 2882/3646/2931 2897/3670/2952 2907/3656/2939
f 2888/3650/2934 2889/3649/2932 2904/3672/2953 2903/3658/2941
f 2906/3667/2949 2876/3287/63 2921/3673/2954
f 2640/3284/66 2911/3665/2947 2926/3674/2955
f 2898/3675/2950 2899/3676/2948 2914/3677/2956 2913/3678/2957
f 2905/3669/2951 2906/3667/2949 2921/3673/2954 2920/3679/2958
f 2897/3680/2952 2898/3675/2950 2913/3678/2957 2912/3681/2959
f 2904/3671/2953 2905/3669/2951 2920/3679/2958 2919/3682/2960
f 2907/3683/2939 2897/3680/2952 2912/3681/2959 2922/3684/2961
f 2903/3685/2941 2904/3686/2953 2919/3687/2960 2918/3688/2962
f 2908/3689/2940 2907/3683/2939 2922/3684/2961 2923/3690/2963
f 2902/3691/2942 2903/3685/2941 2918/3688/2962 2917/3692/2964
f 2909/3693/2943 2908/3689/2940 2923/3690/2963 2924/3694/2965
f 2901/3695/2944 2902/3691/2942 2917/3692/2964 2916/3696/2966
f 2910/3663/2945 2909/3662/2943 2924/3697/2965 2925/3698/2967
f 2900/3699/2946 2901/3695/2944 2916/3696/2966 2915/3700/2968
f 2911/3665/2947 2910/3663/2945 2925/3698/2967 2926/3674/2955
f 2899/3676/2948 2900/3699/2946 2915/3700/2968 2914/3677/2956
f 2917/3692/2964 2918/3688/2962 2933/3701/2969 2932/3702/2970
f 2924/3694/2965 2923/3690/2963 2938/3703/2971 2939/3704/2972
f 2916/3696/2966 2917/3692/2964 2932/3702/2970 2931/3705/2973
f 2925/3706/2967 2924/3694/2965 2939/3704/2972 2940/3707/2974
f 2915/3700/2968 2916/3696/2966 2931/3705/2973 2930/3708/2975
f 2926/3674/2955 2925/3698/2967 2940/3709/2974 2941/3710/2976
f 2914/3677/2956 2915/3700/2968 2930/3708/2975 2929/3711/2977
f 2921/3673/2954 2876/3287/63 2936/3712/2978
f 2640/3284/66 2926/3674/2955 2941/3710/2976
f 2913/3678/2957 2914/3677/2956 2929/3711/2977 2928/3713/2979
f 2920/3679/2958 2921/3673/2954 2936/3712/2978 2935/3714/2980
f 2912/3681/2959 2913/3678/2957 2928/3713/2979 2927/3715/2981
f 2919/3687/2960 2920/3716/2958 2935/3717/2980 2934/3718/2982
f 2922/3684/2961 2912/3681/2959 2927/3715/2981 2937/3719/2983
f 2918/3688/2962 2919/3687/2960 2934/3718/2982 2933/3701/2969
f 2923/3690/2963 2922/3684/2961 2937/3719/2983 2938/3703/2971
f 2928/3713/2979 2929/3711/2977 2944/3720/2984 2943/3721/2985
f 2935/3714/2980 2936/3712/2978 2951/3722/2986 2950/3723/2987
f 2927/3715/2981 2928/3713/2979 2943/3721/2985 2942/3724/2988
f 2934/3718/2982 2935/3717/2980 2950/3725/2987 2949/3726/2989
f 2937/3719/2983 2927/3715/2981 2942/3724/2988 2952/3727/2990
f 2933/3701/2969 2934/3718/2982 2949/3726/2989 2948/3728/2991
f 2938/3703/2971 2937/3719/2983 2952/3727/2990 2953/3729/2992
f 2932/3702/2970 2933/3701/2969 2948/3728/2991 2947/3730/2993
f 2939/3704/2972 2938/3703/2971 2953/3729/2992 2954/3731/2994
f 2931/3705/2973 2932/3702/2970 2947/3730/2993 2946/3732/2995
f 2940/3707/2974 2939/3704/2972 2954/3731/2994 2955/3733/2996
f 2930/3708/2975 2931/3705/2973 2946/3732/2995 2945/3734/2997
f 2941/3710/2976 2940/3709/2974 2955/3735/2996 2956/3736/2998
f 2929/3711/2977 2930/3708/2975 2945/3734/2997 2944/3720/2984
f 2936/3712/2978 2876/3287/63 2951/3722/2986
f 2640/3284/66 2941/3710/2976 2956/3736/2998
f 2954/3731/2994 2953/3729/2992 2968/3737/2999 2969/3738/3000
f 2946/3732/2995 2947/3730/2993 2962/3739/3001 2961/3740/3002
f 2955/3733/2996 2954/3731/2994 2969/3738/3000 2970/3741/3003
f 2945/3734/2997 2946/3732/2995 2961/3740/3002 2960/3742/3004
f 2956/3736/2998 2955/3735/2996 2970/3743/3003 2971/3744/3005
f 2944/3720/2984 2945/3734/2997 2960/3742/3004 2959/3745/3006
f 2951/3722/2986 2876/3287/63 2966/3746/3007
f 2640/3284/66 2956/3736/2998 2971/3744/3005
f 2943/3721/2985 2944/3720/2984 2959/3745/3006 2958/3747/3008
f 2950/3723/2987 2951/3722/2986 2966/3746/3007 2965/3748/3009
f 2942/3724/2988 2943/3721/2985 2958/3747/3008 2957/3749/3010
f 2949/3726/2989 2950/3725/2987 2965/3750/3009 2964/3751/3011
f 2952/3727/2990 2942/3724/2988 2957/3749/3010 2967/3752/3012
f 2948/3728/2991 2949/3726/2989 2964/3751/3011 2963/3753/3013
f 2953/3729/2992 2952/3727/2990 2967/3752/3012 2968/3737/2999
f 2947/3730/2993 2948/3728/2991 2963/3753/3013 2962/3739/3001
f 2965/3748/3009 2966/3746/3007 2981/3754/3014 2980/3755/3015
f 2957/3749/3010 2958/3747/3008 2973/3756/3016 2972/3757/3017
f 2964/3751/3011 2965/3750/3009 2980/3758/3015 2979/3759/3018
f 2967/3752/3012 2957/3749/3010 2972/3757/3017 2982/3760/3019
f 2963/3753/3013 2964/3751/3011 2979/3759/3018 2978/3761/3020
f 2968/3737/2999 2967/3752/3012 2982/3760/3019 2983/3762/3021
f 2962/3739/3001 2963/3753/3013 2978/3761/3020 2977/3763/3022
f 2969/3738/3000 2968/3737/2999 2983/3762/3021 2984/3764/3023
f 2961/3740/3002 2962/3739/3001 2977/3763/3022 2976/3765/3024
f 2970/3741/3003 2969/3738/3000 2984/3764/3023 2985/3766/3025
f 2960/3742/3004 2961/3740/3002 2976/3765/3024 2975/3767/3026
f 2971/3744/3005 2970/3743/3003 2985/3768/3025 2986/3769/3027
f 2959/3745/3006 2960/3742/3004 2975/3767/3026 2974/3770/3028
f 2966/3746/3007 2876/3287/63 2981/3754/3014
f 2640/3284/66 2971/3744/3005 2986/3769/3027
f 2958/3747/3008 2959/3745/3006 2974/3770/3028 2973/3756/3016
f 2976/3765/3024 2977/3763/3022 2992/3771/3029 2991/3772/3030
f 2985/3766/3025 2984/3764/3023 2999/3773/3031 3000/3774/3032
f 2975/3767/3026 2976/3765/3024 2991/3772/3030 2990/3775/3033
f 2986/3769/3027 2985/3768/3025 3000/3776/3032 3001/3777/3034
f 2974/3770/3028 2975/3767/3026 2990/3775/3033 2989/3778/3035
f 2981/3754/3014 2876/3287/63 2996/3779/3036
f 2640/3284/66 2986/3769/3027 3001/3777/3034
f 2973/3756/3016 2974/3770/3028 2989/3778/3035 2988/3780/3037
f 2980/3755/3015 2981/3754/3014 2996/3779/3036 2995/3781/3038
f 2972/3757/3017 2973/3756/3016 2988/3780/3037 2987/3782/3039
f 2979/3759/3018 2980/3758/3015 2995/3783/3038 2994/3784/3040
f 2982/3760/3019 2972/3757/3017 2987/3782/3039 2997/3785/3041
f 2978/3761/3020 2979/3759/3018 2994/3784/3040 2993/3786/3042
f 2983/3762/3021 2982/3760/3019 2997/3785/3041 2998/3787/3043
f 2977/3763/3022 2978/3761/3020 2993/3786/3042 2992/3771/3029
f 2984/3764/3023 2983/3762/3021 2998/3787/3043 2999/3773/3031
f 2987/3782/3039 2988/3780/3037 3003/3788/3044 3002/3789/3045
f 2994/3784/3040 2995/3783/3038 3010/3790/3046 3009/3791/3047
f 2997/3785/3041 2987/3782/3039 3002/3789/3045 3012/3792/3048
f 2993/3786/3042 2994/3784/3040 3009/3791/3047 3008/3793/3049
f 2998/3787/3043 2997/3785/3041 3012/3792/3048 3013/3794/3050
f 2992/3771/3029 2993/3786/3042 3008/3793/3049 3007/3795/3051
f 2999/3773/3031 2998/3787/3043 3013/3794/3050 3014/3796/3052
f 2991/3772/3030 2992/3771/3029 3007/3795/3051 3006/3797/3053
f 3000/3774/3032 2999/3773/3031 3014/3796/3052 3015/3798/3054
f 2990/3775/3033 2991/3772/3030 3006/3797/3053 3005/3799/3055
f 3001/3777/3034 3000/3776/3032 3015/3800/3054 3016/3801/3056
f 2989/3778/3035 2990/3775/3033 3005/3799/3055 3004/3802/3057
f 2996/3779/3036 2876/3287/63 3011/3803/3058
f 2640/3284/66 3001/3777/3034 3016/3801/3056
f 2988/3780/3037 2989/3778/3035 3004/3802/3057 3003/3788/3044
f 2995/3781/3038 2996/3779/3036 3011/3803/3058 3010/3804/3046
f 3015/3800/3054 3014/3805/3052 3029/3806/3059 3030/3807/3060
f 3005/3799/3055 3006/3797/3053 3021/3808/3061 3020/3809/3062
f 3016/3801/3056 3015/3800/3054 3030/3807/3060 3031/3810/3063
f 3004/3802/3057 3005/3799/3055 3020/3809/3062 3019/3811/3064
f 3011/3803/3058 2876/3287/63 3026/3812/3065
f 2640/3284/66 3016/3801/3056 3031/3810/3063
f 3003/3788/3044 3004/3802/3057 3019/3811/3064 3018/3813/3066
f 3010/3804/3046 3011/3803/3058 3026/3812/3065 3025/3814/3067
f 3002/3789/3045 3003/3788/3044 3018/3813/3066 3017/3815/3068
f 3009/3816/3047 3010/3804/3046 3025/3814/3067 3024/3817/3069
f 3012/3792/3048 3002/3789/3045 3017/3815/3068 3027/3818/3070
f 3008/3793/3049 3009/3791/3047 3024/3819/3069 3023/3820/3071
f 3013/3794/3050 3012/3792/3048 3027/3818/3070 3028/3821/3072
f 3007/3795/3051 3008/3793/3049 3023/3820/3071 3022/3822/3073
f 3014/3796/3052 3013/3794/3050 3028/3821/3072 3029/3823/3059
f 3006/3797/3053 3007/3795/3051 3022/3822/3073 3021/3808/3061
f 3027/3818/3070 3017/3815/3068 3032/3824/3074 3042/3825/3075
f 3023/3820/3071 3024/3819/3069 3039/3826/3076 3038/3827/3077
f 3028/3821/3072 3027/3818/3070 3042/3825/3075 3043/3828/3078
f 3022/3822/3073 3023/3820/3071 3038/3827/3077 3037/3829/3079
f 3029/3823/3059 3028/3821/3072 3043/3828/3078 3044/3830/3080
f 3021/3808/3061 3022/3822/3073 3037/3829/3079 3036/3831/3081
f 3030/3807/3060 3029/3806/3059 3044/3832/3080 3045/3833/3082
f 3020/3809/3062 3021/3808/3061 3036/3831/3081 3035/3834/3083
f 3031/3810/3063 3030/3807/3060 3045/3833/3082 3046/3835/3084
f 3019/3811/3064 3020/3809/3062 3035/3834/3083 3034/3836/3085
f 3026/3812/3065 2876/3287/63 3041/3837/3086
f 2640/3284/66 3031/3810/3063 3046/3835/3084
f 3018/3813/3066 3019/3811/3064 3034/3836/3085 3033/3838/3087
f 3025/3814/3067 3026/3812/3065 3041/3837/3086 3040/3839/3088
f 3017/3815/3068 3018/3813/3066 3033/3838/3087 3032/3824/3074
f 3024/3817/3069 3025/3814/3067 3040/3839/3088 3039/3840/3076
f 3046/3835/3084 3045/3833/3082 3052/3252/2609 3053/3285/2637
f 3034/3841/3085 3035/3842/3083 2625/3272/2627 3048/3268/2623
f 3041/3837/3086 2876/3287/63 2632/3282/2635
f 2640/3284/66 3046/3835/3084 3053/3285/2637
f 3033/3843/3087 3034/3841/3085 3048/3268/2623 2623/3257/2614
f 3040/3839/3088 3041/3837/3086 2632/3282/2635 2630/3277/2631
f 3032/3844/3074 3033/3843/3087 2623/3257/2614 3047/3256/2613
f 3039/3840/3076 3040/3839/3088 2630/3277/2631 3050/3276/2620
f 3042/3845/3075 3032/3844/3074 3047/3256/2613 2616/3270/2625
f 3038/3846/3077 3039/3840/3076 3050/3276/2620 3049/3847/2619
f 3043/3848/3078 3042/3845/3075 2616/3270/2625 3051/3261/2617
f 3037/3849/3079 3038/3850/3077 3049/3264/2619 2629/3280/2633
f 3044/3832/3080 3043/3851/3078 3051/3852/2617 2600/3253/2610
f 3036/3853/3081 3037/3849/3079 2629/3280/2633 2626/3274/2629
f 3045/3833/3082 3044/3832/3080 2600/3253/2610 3052/3252/2609
f 3035/3842/3083 3036/3853/3081 2626/3274/2629 2625/3272/2627
f 3056/3854/3089 3530/3855/3090 3065/3856/3091 3066/3857/3092
f 3535/3858/3093 3534/3859/3094 3073/3860/3095 3074/3861/3096
f 3057/3862/3097 3056/3854/3089 3066/3857/3092 3067/3863/3098
f 3527/3864/3099 3135/3865/3100 3060/3866/3101
f 3361/3867/3102 3535/3858/3093 3074/3861/3096
f 3058/3868/3103 3057/3862/3097 3067/3863/3098 3068/3869/3104
f 3528/3870/3105 3527/3864/3099 3060/3866/3101 3061/3871/3106
f 3531/3872/3107 3058/3868/3103 3068/3869/3104 3069/3873/3108
f 3054/3874/3109 3528/3875/3105 3061/3876/3106 3062/3877/3110
f 3059/3878/3111 3531/3872/3107 3069/3873/3108 3070/3879/3112
f 3529/3880/3113 3054/3874/3109 3062/3877/3110 3063/3881/3114
f 3532/3882/3115 3059/3878/3111 3070/3879/3112 3071/3883/3116
f 3055/3884/3117 3529/3880/3113 3063/3881/3114 3064/3885/3118
f 3533/3886/3119 3532/3882/3115 3071/3883/3116 3072/3887/3120
f 3530/3855/3090 3055/3884/3117 3064/3885/3118 3065/3856/3091
f 3534/3888/3094 3533/3889/3119 3072/3890/3120 3073/3891/3095
f 3065/3856/3091 3064/3885/3118 3079/3892/3121 3080/3893/3122
f 3073/3894/3095 3072/3887/3120 3087/3895/3123 3088/3896/3124
f 3066/3857/3092 3065/3856/3091 3080/3893/3122 3081/3897/3125
f 3074/3861/3096 3073/3860/3095 3088/3898/3124 3089/3899/3126
f 3067/3863/3098 3066/3857/3092 3081/3897/3125 3082/3900/3127
f 3060/3866/3101 3135/3865/3100 3075/3901/3128
f 3361/3867/3102 3074/3861/3096 3089/3899/3126
f 3068/3869/3104 3067/3863/3098 3082/3900/3127 3083/3902/3129
f 3061/3876/3106 3060/3903/3101 3075/3904/3128 3076/3905/3130
f 3069/3873/3108 3068/3869/3104 3083/3902/3129 3084/3906/3131
f 3062/3877/3110 3061/3876/3106 3076/3905/3130 3077/3907/3132
f 3070/3879/3112 3069/3873/3108 3084/3906/3131 3085/3908/3133
f 3063/3881/3114 3062/3877/3110 3077/3907/3132 3078/3909/3134
f 3071/3883/3116 3070/3879/3112 3085/3908/3133 3086/3910/3135
f 3064/3885/3118 3063/3881/3114 3078/3909/3134 3079/3892/3121
f 3072/3887/3120 3071/3883/3116 3086/3910/3135 3087/3895/3123
f 3084/3906/3131 3083/3902/3129 3098/3911/3136 3099/3912/3137
f 3077/3907/3132 3076/3905/3130 3091/3913/3138 3092/3914/3139
f 3085/3908/3133 3084/3906/3131 3099/3912/3137 3100/3915/3140
f 3078/3909/3134 3077/3907/3132 3092/3914/3139 3093/3916/3141
f 3086/3910/3135 3085/3908/3133 3100/3915/3140 3101/3917/3142
f 3079/3892/3121 3078/3909/3134 3093/3916/3141 3094/3918/3143
f 3087/3895/3123 3086/3910/3135 3101/3917/3142 3102/3919/3144
f 3080/3893/3122 3079/3892/3121 3094/3918/3143 3095/3920/3145
f 3088/3898/3124 3087/3921/3123 3102/3922/3144 3103/3923/3146
f 3081/3897/3125 3080/3893/3122 3095/3920/3145 3096/3924/3147
f 3089/3899/3126 3088/3898/3124 3103/3923/3146 3104/3925/3148
f 3082/3900/3127 3081/3897/3125 3096/3924/3147 3097/3926/3149
f 3075/3901/3128 3135/3865/3100 3090/3927/3150
f 3361/3867/3102 3089/3899/3126 3104/3925/3148
f 3083/3902/3129 3082/3900/3127 3097/3926/3149 3098/3911/3136
f 3076/3928/3130 3075/3929/3128 3090/3930/3150 3091/3931/3138
f 3103/3923/3146 3102/3922/3144 3117/3932/3151 3118/3933/3152
f 3096/3924/3147 3095/3920/3145 3110/3934/3153 3111/3935/3154
f 3104/3925/3148 3103/3923/3146 3118/3933/3152 3119/3936/3155
f 3097/3926/3149 3096/3924/3147 3111/3935/3154 3112/3937/3156
f 3090/3930/3150 3135/3938/3100 3105/3939/3157
f 3361/3867/3102 3104/3925/3148 3119/3936/3155
f 3098/3911/3136 3097/3926/3149 3112/3937/3156 3113/3940/3158
f 3091/3931/3138 3090/3930/3150 3105/3939/3157 3106/3941/3159
f 3099/3912/3137 3098/3911/3136 3113/3940/3158 3114/3942/3160
f 3092/3914/3139 3091/3913/3138 3106/3943/3159 3107/3944/3161
f 3100/3915/3140 3099/3912/3137 3114/3942/3160 3115/3945/3162
f 3093/3916/3141 3092/3914/3139 3107/3944/3161 3108/3946/3163
f 3101/3917/3142 3100/3915/3140 3115/3945/3162 3116/3947/3164
f 3094/3918/3143 3093/3916/3141 3108/3946/3163 3109/3948/3165
f 3102/3919/3144 3101/3917/3142 3116/3947/3164 3117/3949/3151
f 3095/3920/3145 3094/3918/3143 3109/3948/3165 3110/3934/3153
f 3107/3950/3161 3106/3941/3159 3121/3951/3166 3122/3952/3167
f 3115/3945/3162 3114/3942/3160 3129/3953/3168 3130/3954/3169
f 3108/3946/3163 3107/3944/3161 3122/3955/3167 3123/3956/3170
f 3116/3947/3164 3115/3945/3162 3130/3954/3169 3131/3957/3171
f 3109/3948/3165 3108/3946/3163 3123/3956/3170 3124/3958/3172
f 3117/3932/3151 3116/3959/3164 3131/3960/3171 3132/3961/3173
f 3110/3934/3153 3109/3948/3165 3124/3958/3172 3125/3962/3174
f 3118/3933/3152 3117/3932/3151 3132/3961/3173 3133/3963/3175
f 3111/3935/3154 3110/3934/3153 3125/3962/3174 3126/3964/3176
f 3119/3936/3155 3118/3933/3152 3133/3963/3175 3134/3965/3177
f 3112/3937/3156 3111/3935/3154 3126/3964/3176 3127/3966/3178
f 3105/3939/3157 3135/3938/3100 3120/3967/3179
f 3361/3867/3102 3119/3936/3155 3134/3965/3177
f 3113/3940/3158 3112/3937/3156 3127/3966/3178 3128/3968/3180
f 3106/3941/3159 3105/3939/3157 3120/3967/3179 3121/3951/3166
f 3114/3942/3160 3113/3940/3158 3128/3968/3180 3129/3953/3168
f 3126/3964/3176 3125/3962/3174 3141/3969/3181 3142/3970/3182
f 3134/3965/3177 3133/3963/3175 3149/3971/3183 3150/3972/3184
f 3127/3966/3178 3126/3964/3176 3142/3970/3182 3143/3973/3185
f 3120/3967/3179 3135/3938/3100 3136/3974/3186
f 3361/3867/3102 3134/3965/3177 3150/3972/3184
f 3128/3968/3180 3127/3966/3178 3143/3973/3185 3144/3975/3187
f 3121/3951/3166 3120/3967/3179 3136/3974/3186 3137/3976/3188
f 3129/3953/3168 3128/3968/3180 3144/3975/3187 3145/3977/3189
f 3122/3952/3167 3121/3951/3166 3137/3976/3188 3138/3978/3190
f 3130/3954/3169 3129/3953/3168 3145/3977/3189 3146/3979/3191
f 3123/3980/3170 3122/3952/3167 3138/3978/3190 3139/3981/3192
f 3131/3960/3171 3130/3982/3169 3146/3983/3191 3147/3984/3193
f 3124/3985/3172 3123/3980/3170 3139/3981/3192 3140/3986/3194
f 3132/3961/3173 3131/3960/3171 3147/3984/3193 3148/3987/3195
f 3125/3962/3174 3124/3958/3172 3140/3988/3194 3141/3969/3181
f 3133/3963/3175 3132/3961/3173 3148/3987/3195 3149/3971/3183
f 3146/3983/3191 3145/3989/3189 3160/3990/3196 3161/3991/3197
f 3139/3981/3192 3138/3978/3190 3153/3992/3198 3154/3993/3199
f 3147/3984/3193 3146/3983/3191 3161/3991/3197 3162/3994/3200
f 3140/3986/3194 3139/3981/3192 3154/3993/3199 3155/3995/3201
f 3148/3987/3195 3147/3984/3193 3162/3994/3200 3163/3996/3202
f 3141/3997/3181 3140/3986/3194 3155/3995/3201 3156/3998/3203
f 3149/3971/3183 3148/3987/3195 3163/3996/3202 3164/3999/3204
f 3142/4000/3182 3141/3997/3181 3156/3998/3203 3157/4001/3205
f 3150/3972/3184 3149/3971/3183 3164/3999/3204 3165/4002/3206
f 3143/4003/3185 3142/4000/3182 3157/4001/3205 3158/4004/3207
f 3136/3974/3186 3135/3938/3100 3151/4005/3208
f 3361/3867/3102 3150/3972/3184 3165/4002/3206
f 3144/3975/3187 3143/3973/3185 3158/4006/3207 3159/4007/3209
f 3137/3976/3188 3136/3974/3186 3151/4005/3208 3152/4008/3210
f 3145/3989/3189 3144/4009/3187 3159/4010/3209 3160/3990/3196
f 3138/3978/3190 3137/3976/3188 3152/4008/3210 3153/3992/3198
f 3165/4002/3206 3164/3999/3204 3179/4011/3211 3180/4012/3212
f 3158/4004/3207 3157/4001/3205 3172/4013/3213 3173/4014/3214
f 3151/4005/3208 3135/3938/3100 3166/4015/3215
f 3361/3867/3102 3165/4002/3206 3180/4012/3212
f 3159/4016/3209 3158/4004/3207 3173/4014/3214 3174/4017/3216
f 3152/4008/3210 3151/4005/3208 3166/4015/3215 3167/4018/3217
f 3160/3990/3196 3159/4010/3209 3174/4019/3216 3175/4020/3218
f 3153/3992/3198 3152/4008/3210 3167/4018/3217 3168/4021/3219
f 3161/3991/3197 3160/3990/3196 3175/4020/3218 3176/4022/3220
f 3154/3993/3199 3153/3992/3198 3168/4021/3219 3169/4023/3221
f 3162/3994/3200 3161/3991/3197 3176/4022/3220 3177/4024/3222
f 3155/3995/3201 3154/3993/3199 3169/4023/3221 3170/4025/3223
f 3163/3996/3202 3162/3994/3200 3177/4024/3222 3178/4026/3224
f 3156/3998/3203 3155/3995/3201 3170/4025/3223 3171/4027/3225
f 3164/3999/3204 3163/3996/3202 3178/4026/3224 3179/4011/3211
f 3157/4001/3205 3156/3998/3203 3171/4027/3225 3172/4013/3213
f 3177/4024/3222 3176/4022/3220 3191/4028/3226 3192/4029/3227
f 3170/4025/3223 3169/4023/3221 3184/4030/3228 3185/4031/3229
f 3178/4026/3224 3177/4024/3222 3192/4029/3227 3193/4032/3230
f 3171/4027/3225 3170/4025/3223 3185/4031/3229 3186/4033/3231
f 3179/4011/3211 3178/4026/3224 3193/4032/3230 3194/4034/3232
f 3172/4013/3213 3171/4027/3225 3186/4033/3231 3187/4035/3233
f 3180/4012/3212 3179/4011/3211 3194/4034/3232 3195/4036/3234
f 3173/4014/3214 3172/4013/3213 3187/4035/3233 3188/4037/3235
f 3166/4015/3215 3135/3938/3100 3181/4038/3236
f 3361/3867/3102 3180/4012/3212 3195/4036/3234
f 3174/4017/3216 3173/4014/3214 3188/4037/3235 3189/4039/3237
f 3167/4018/3217 3166/4015/3215 3181/4038/3236 3182/4040/3238
f 3175/4020/3218 3174/4019/3216 3189/4041/3237 3190/4042/3239
f 3168/4021/3219 3167/4018/3217 3182/4040/3238 3183/4043/3240
f 3176/4022/3220 3175/4020/3218 3190/4042/3239 3191/4028/3226
f 3169/4023/3221 3168/4021/3219 3183/4043/3240 3184/4030/3228
f 3181/4038/3236 3135/3938/3100 3196/4044/3241
f 3361/3867/3102 3195/4036/3234 3210/4045/3242
f 3189/4039/3237 3188/4037/3235 3203/4046/3243 3204/4047/3244
f 3182/4040/3238 3181/4038/3236 3196/4044/3241 3197/4048/3245
f 3190/4042/3239 3189/4041/3237 3204/4049/3244 3205/4050/3246
f 3183/4043/3240 3182/4040/3238 3197/4048/3245 3198/4051/3247
f 3191/4028/3226 3190/4042/3239 3205/4050/3246 3206/4052/3248
f 3184/4030/3228 3183/4043/3240 3198/4051/3247 3199/4053/3249
f 3192/4029/3227 3191/4028/3226 3206/4052/3248 3207/4054/3250
f 3185/4031/3229 3184/4030/3228 3199/4053/3249 3200/4055/3251
f 3193/4032/3230 3192/4029/3227 3207/4054/3250 3208/4056/3252
f 3186/4033/3231 3185/4031/3229 3200/4055/3251 3201/4057/3253
f 3194/4034/3232 3193/4032/3230 3208/4056/3252 3209/4058/3254
f 3187/4035/3233 3186/4033/3231 3201/4057/3253 3202/4059/3255
f 3195/4036/3234 3194/4034/3232 3209/4058/3254 3210/4045/3242
f 3188/4037/3235 3187/4035/3233 3202/4059/3255 3203/4046/3243
f 3200/4055/3251 3199/4053/3249 3214/4060/3256 3215/4061/3257
f 3208/4056/3252 3207/4054/3250 3222/4062/3258 3223/4063/3259
f 3201/4057/3253 3200/4055/3251 3215/4061/3257 3216/4064/3260
f 3209/4058/3254 3208/4056/3252 3223/4063/3259 3224/4065/3261
f 3202/4059/3255 3201/4057/3253 3216/4064/3260 3217/4066/3262
f 3210/4045/3242 3209/4058/3254 3224/4065/3261 3225/4067/3263
f 3203/4046/3243 3202/4059/3255 3217/4066/3262 3218/4068/3264
f 3196/4044/3241 3135/3938/3100 3211/4069/3265
f 3361/3867/3102 3210/4045/3242 3225/4067/3263
f 3204/4047/3244 3203/4046/3243 3218/4068/3264 3219/4070/3266
f 3197/4048/3245 3196/4044/3241 3211/4069/3265 3212/4071/3267
f 3205/4072/3246 3204/4047/3244 3219/4070/3266 3220/4073/3268
f 3198/4051/3247 3197/4048/3245 3212/4071/3267 3213/4074/3269
f 3206/4052/3248 3205/4050/3246 3220/4075/3268 3221/4076/3270
f 3199/4053/3249 3198/4051/3247 3213/4074/3269 3214/4060/3256
f 3207/4054/3250 3206/4052/3248 3221/4076/3270 3222/4062/3258
f 3219/4070/3266 3218/4068/3264 3233/4077/3271 3234/4078/3272
f 3212/4071/3267 3211/4069/3265 3226/4079/3273 3227/4080/3274
f 3220/4073/3268 3219/4070/3266 3234/4078/3272 3235/4081/3275
f 3213/4074/3269 3212/4071/3267 3227/4080/3274 3228/4082/3276
f 3221/4076/3270 3220/4075/3268 3235/4083/3275 3236/4084/3277
f 3214/4060/3256 3213/4074/3269 3228/4082/3276 3229/4085/3278
f 3222/4062/3258 3221/4076/3270 3236/4084/3277 3237/4086/3279
f 3215/4061/3257 3214/4060/3256 3229/4085/3278 3230/4087/3280
f 3223/4063/3259 3222/4062/3258 3237/4086/3279 3238/4088/3281
f 3216/4064/3260 3215/4061/3257 3230/4087/3280 3231/4089/3282
f 3224/4065/3261 3223/4063/3259 3238/4088/3281 3239/4090/3283
f 3217/4066/3262 3216/4064/3260 3231/4089/3282 3232/4091/3284
f 3225/4067/3263 3224/4065/3261 3239/4090/3283 3240/4092/3285
f 3218/4068/3264 3217/4066/3262 3232/4091/3284 3233/4077/3271
f 3211/4069/3265 3135/3938/3100 3226/4079/3273
f 3361/3867/3102 3225/4067/3263 3240/4092/3285
f 3238/4088/3281 3237/4086/3279 3252/4093/3286 3253/4094/3287
f 3231/4089/3282 3230/4087/3280 3245/4095/3288 3246/4096/3289
f 3239/4090/3283 3238/4088/3281 3253/4094/3287 3254/4097/3290
f 3232/4091/3284 3231/4089/3282 3246/4096/3289 3247/4098/3291
f 3240/4092/3285 3239/4090/3283 3254/4097/3290 3255/4099/3292
f 3233/4077/3271 3232/4091/3284 3247/4098/3291 3248/4100/3293
f 3226/4079/3273 3135/3938/3100 3241/4101/3294
f 3361/3867/3102 3240/4092/3285 3255/4099/3292
f 3234/4078/3272 3233/4077/3271 3248/4100/3293 3249/4102/3295
f 3227/4080/3274 3226/4079/3273 3241/4101/3294 3242/4103/3296
f 3235/4081/3275 3234/4078/3272 3249/4102/3295 3250/4104/3297
f 3228/4082/3276 3227/4080/3274 3242/4103/3296 3243/4105/3298
f 3236/4084/3277 3235/4083/3275 3250/4106/3297 3251/4107/3299
f 3229/4085/3278 3228/4082/3276 3243/4105/3298 3244/4108/3300
f 3237/4086/3279 3236/4084/3277 3251/4107/3299 3252/4093/3286
f 3230/4087/3280 3229/4085/3278 3244/4108/3300 3245/4095/3288
f 3248/4100/3293 3247/4098/3291 3262/4109/3301 3263/4110/3302
f 3241/4101/3294 3135/3938/3100 3256/4111/3303
f 3361/3867/3102 3255/4099/3292 3270/4112/3304
f 3249/4102/3295 3248/4100/3293 3263/4110/3302 3264/4113/3305
f 3242/4103/3296 3241/4101/3294 3256/4111/3303 3257/4114/3306
f 3250/4104/3297 3249/4102/3295 3264/4113/3305 3265/4115/3307
f 3243/4105/3298 3242/4103/3296 3257/4114/3306 3258/4116/3308
f 3251/4107/3299 3250/4106/3297 3265/4117/3307 3266/4118/3309
f 3244/4108/3300 3243/4105/3298 3258/4116/3308 3259/4119/3310
f 3252/4093/3286 3251/4107/3299 3266/4118/3309 3267/4120/3311
f 3245/4095/3288 3244/4108/3300 3259/4119/3310 3260/4121/3312
f 3253/4094/3287 3252/4093/3286 3267/4120/3311 3268/4122/3313
f 3246/4096/3289 3245/4095/3288 3260/4121/3312 3261/4123/3314
f 3254/4097/3290 3253/4094/3287 3268/4122/3313 3269/4124/3315
f 3247/4098/3291 3246/4096/3289 3261/4123/3314 3262/4109/3301
f 3255/4099/3292 3254/4097/3290 3269/4124/3315 3270/4112/3304
f 3267/4120/3311 3266/4118/3309 3281/4125/3316 3282/4126/3317
f 3260/4121/3312 3259/4119/3310 3274/4127/3318 3275/4128/3319
f 3268/4122/3313 3267/4120/3311 3282/4126/3317 3283/4129/3320
f 3261/4123/3314 3260/4121/3312 3275/4128/3319 3276/4130/3321
f 3269/4124/3315 3268/4122/3313 3283/4129/3320 3284/4131/3322
f 3262/4109/3301 3261/4123/3314 3276/4130/3321 3277/4132/3323
f 3270/4112/3304 3269/4124/3315 3284/4131/3322 3285/4133/3324
f 3263/4110/3302 3262/4109/3301 3277/4132/3323 3278/4134/3325
f 3256/4111/3303 3135/3938/3100 3271/4135/3326
f 3361/3867/3102 3270/4112/3304 3285/4133/3324
f 3264/4113/3305 3263/4110/3302 3278/4134/3325 3279/4136/3327
f 3257/4114/3306 3256/4111/3303 3271/4135/3326 3272/4137/3328
f 3265/4115/3307 3264/4113/3305 3279/4136/3327 3280/4138/3329
f 3258/4116/3308 3257/4114/3306 3272/4137/3328 3273/4139/3330
f 3266/4118/3309 3265/4117/3307 3280/4140/3329 3281/4125/3316
f 3259/4119/3310 3258/4116/3308 3273/4139/3330 3274/4127/3318
f 3271/4141/3326 3135/3865/3100 3286/4142/3331
f 3361/3867/3102 3285/4133/3324 3300/4143/3332
f 3279/4144/3327 3278/4145/3325 3293/4146/3333 3294/4147/3334
f 3272/4137/3328 3271/4135/3326 3286/4148/3331 3287/4149/3335
f 3280/4150/3329 3279/4144/3327 3294/4147/3334 3295/4151/3336
f 3273/4139/3330 3272/4137/3328 3287/4149/3335 3288/4152/3337
f 3281/4153/3316 3280/4150/3329 3295/4151/3336 3296/4154/3338
f 3274/4127/3318 3273/4139/3330 3288/4152/3337 3289/4155/3339
f 3282/4126/3317 3281/4125/3316 3296/4156/3338 3297/4157/3340
f 3275/4128/3319 3274/4127/3318 3289/4155/3339 3290/4158/3341
f 3283/4129/3320 3282/4126/3317 3297/4157/3340 3298/4159/3342
f 3276/4130/3321 3275/4128/3319 3290/4158/3341 3291/4160/3343
f 3284/4131/3322 3283/4129/3320 3298/4159/3342 3299/4161/3344
f 3277/4132/3323 3276/4130/3321 3291/4160/3343 3292/4162/3345
f 3285/4133/3324 3284/4131/3322 3299/4161/3344 3300/4143/3332
f 3278/4134/3325 3277/4132/3323 3292/4162/3345 3293/4163/3333
f 3290/4164/3341 3289/4165/3339 3304/4166/3346 3305/4167/3347
f 3298/4168/3342 3297/4169/3340 3312/4170/3348 3313/4171/3349
f 3291/4172/3343 3290/4164/3341 3305/4167/3347 3306/4173/3350
f 3299/4174/3344 3298/4168/3342 3313/4171/3349 3314/4175/3351
f 3292/4176/3345 3291/4172/3343 3306/4173/3350 3307/4177/3352
f 3300/4143/3332 3299/4161/3344 3314/4178/3351 3315/4179/3353
f 3293/4146/3333 3292/4176/3345 3307/4177/3352 3308/4180/3354
f 3286/4142/3331 3135/3865/3100 3301/4181/3355
f 3361/3867/3102 3300/4143/3332 3315/4179/3353
f 3294/4147/3334 3293/4146/3333 3308/4180/3354 3309/4182/3356
f 3287/4149/3335 3286/4148/3331 3301/4183/3355 3302/4184/3357
f 3295/4151/3336 3294/4147/3334 3309/4182/3356 3310/4185/3358
f 3288/4152/3337 3287/4149/3335 3302/4184/3357 3303/4186/3359
f 3296/4154/3338 3295/4151/3336 3310/4185/3358 3311/4187/3360
f 3289/4165/3339 3288/4188/3337 3303/4189/3359 3304/4166/3346
f 3297/4169/3340 3296/4154/3338 3311/4187/3360 3312/4170/3348
f 3309/4182/3356 3308/4180/3354 3323/4190/3361 3324/4191/3362
f 3302/4192/3357 3301/4181/3355 3316/4193/3363 3317/4194/3364
f 3310/4185/3358 3309/4182/3356 3324/4191/3362 3325/4195/3365
f 3303/4196/3359 3302/4192/3357 3317/4194/3364 3318/4197/3366
f 3311/4187/3360 3310/4185/3358 3325/4195/3365 3326/4198/3367
f 3304/4166/3346 3303/4189/3359 3318/4199/3366 3319/4200/3368
f 3312/4170/3348 3311/4187/3360 3326/4198/3367 3327/4201/3369
f 3305/4167/3347 3304/4166/3346 3319/4200/3368 3320/4202/3370
f 3313/4171/3349 3312/4170/3348 3327/4201/3369 3328/4203/3371
f 3306/4173/3350 3305/4167/3347 3320/4202/3370 3321/4204/3372
f 3314/4175/3351 3313/4171/3349 3328/4203/3371 3329/4205/3373
f 3307/4177/3352 3306/4173/3350 3321/4204/3372 3322/4206/3374
f 3315/4207/3353 3314/4175/3351 3329/4205/3373 3330/4208/3375
f 3308/4180/3354 3307/4177/3352 3322/4206/3374 3323/4190/3361
f 3301/4181/3355 3135/3865/3100 3316/4193/3363
f 3361/3867/3102 3315/4179/3353 3330/4209/3375
f 3328/4203/3371 3327/4201/3369 3342/4210/3376 3343/4211/3377
f 3321/4204/3372 3320/4202/3370 3335/4212/3378 3336/4213/3379
f 3329/4205/3373 3328/4203/3371 3343/4211/3377 3344/4214/3380
f 3322/4206/3374 3321/4204/3372 3336/4213/3379 3337/4215/3381
f 3330/4208/3375 3329/4205/3373 3344/4214/3380 3345/4216/3382
f 3323/4190/3361 3322/4206/3374 3337/4215/3381 3338/4217/3383
f 3316/4193/3363 3135/3865/3100 3331/4218/3384
f 3361/3867/3102 3330/4209/3375 3345/4219/3382
f 3324/4191/3362 3323/4190/3361 3338/4217/3383 3339/4220/3385
f 3317/4194/3364 3316/4193/3363 3331/4218/3384 3332/4221/3386
f 3325/4195/3365 3324/4191/3362 3339/4220/3385 3340/4222/3387
f 3318/4197/3366 3317/4194/3364 3332/4221/3386 3333/4223/3388
f 3326/4198/3367 3325/4195/3365 3340/4222/3387 3341/4224/3389
f 3319/4200/3368 3318/4199/3366 3333/4225/3388 3334/4226/3390
f 3327/4201/3369 3326/4198/3367 3341/4224/3389 3342/4210/3376
f 3320/4202/3370 3319/4200/3368 3334/4226/3390 3335/4212/3378
f 3340/4222/3387 3339/4220/3385 3354/4227/3391 3355/4228/3392
f 3333/4223/3388 3332/4221/3386 3347/4229/3393 3348/4230/3394
f 3341/4224/3389 3340/4222/3387 3355/4228/3392 3356/4231/3395
f 3334/4226/3390 3333/4225/3388 3348/4232/3394 3349/4233/3396
f 3342/4210/3376 3341/4224/3389 3356/4231/3395 3357/4234/3397
f 3335/4212/3378 3334/4226/3390 3349/4233/3396 3350/4235/3398
f 3343/4211/3377 3342/4210/3376 3357/4234/3397 3358/4236/3399
f 3336/4213/3379 3335/4212/3378 3350/4235/3398 3351/4237/3400
f 3344/4214/3380 3343/4211/3377 3358/4236/3399 3359/4238/3401
f 3337/4215/3381 3336/4213/3379 3351/4237/3400 3352/4239/3402
f 3345/4216/3382 3344/4214/3380 3359/4238/3401 3360/4240/3403
f 3338/4217/3383 3337/4215/3381 3352/4239/3402 3353/4241/3404
f 3331/4218/3384 3135/3865/3100 3346/4242/3405
f 3361/3867/3102 3345/4219/3382 3360/4243/3403
f 3339/4220/3385 3338/4217/3383 3353/4241/3404 3354/4227/3391
f 3332/4221/3386 3331/4218/3384 3346/4242/3405 3347/4229/3393
f 3359/4238/3401 3358/4236/3399 3374/4244/3406 3375/4245/3407
f 3352/4239/3402 3351/4237/3400 3367/4246/3408 3368/4247/3409
f 3360/4240/3403 3359/4238/3401 3375/4245/3407 3376/4248/3410
f 3353/4241/3404 3352/4239/3402 3368/4247/3409 3369/4249/3411
f 3346/4242/3405 3135/3865/3100 3362/4250/3412
f 3361/4251/3102 3360/4252/3403 3376/4253/3410
f 3354/4227/3391 3353/4241/3404 3369/4249/3411 3370/4254/3413
f 3347/4229/3393 3346/4242/3405 3362/4250/3412 3363/4255/3414
f 3355/4228/3392 3354/4227/3391 3370/4254/3413 3371/4256/3415
f 3348/4230/3394 3347/4229/3393 3363/4255/3414 3364/4257/3416
f 3356/4231/3395 3355/4228/3392 3371/4256/3415 3372/4258/3417
f 3349/4233/3396 3348/4232/3394 3364/4259/3416 3365/4260/3418
f 3357/4234/3397 3356/4231/3395 3372/4258/3417 3373/4261/3419
f 3350/4235/3398 3349/4233/3396 3365/4260/3418 3366/4262/3420
f 3358/4236/3399 3357/4234/3397 3373/4261/3419 3374/4244/3406
f 3351/4237/3400 3350/4235/3398 3366/4262/3420 3367/4246/3408
f 3364/4257/3416 3363/4255/3414 3378/4263/3421 3379/4264/3422
f 3372/4258/3417 3371/4256/3415 3386/4265/3423 3387/4266/3424
f 3365/4267/3418 3364/4257/3416 3379/4264/3422 3380/4268/3425
f 3373/4261/3419 3372/4258/3417 3387/4266/3424 3388/4269/3426
f 3366/4262/3420 3365/4260/3418 3380/4270/3425 3381/4271/3427
f 3374/4244/3406 3373/4261/3419 3388/4269/3426 3389/4272/3428
f 3367/4246/3408 3366/4262/3420 3381/4271/3427 3382/4273/3429
f 3375/4245/3407 3374/4244/3406 3389/4272/3428 3390/4274/3430
f 3368/4247/3409 3367/4246/3408 3382/4273/3429 3383/4275/3431
f 3376/4253/3410 3375/4276/3407 3390/4277/3430 3391/4278/3432
f 3369/4249/3411 3368/4247/3409 3383/4275/3431 3384/4279/3433
f 3362/4250/3412 3135/3865/3100 3377/4280/3434
f 3361/4251/3102 3376/4253/3410 3391/4278/3432
f 3370/4254/3413 3369/4249/3411 3384/4279/3433 3385/4281/3435
f 3363/4255/3414 3362/4250/3412 3377/4280/3434 3378/4263/3421
f 3371/4256/3415 3370/4254/3413 3385/4281/3435 3386/4265/3423
f 3383/4275/3431 3382/4273/3429 3397/4282/3436 3398/4283/3437
f 3391/4278/3432 3390/4277/3430 3405/4284/3438 3406/4285/3439
f 3384/4279/3433 3383/4275/3431 3398/4283/3437 3399/4286/3440
f 3377/4280/3434 3135/3865/3100 3392/4287/3441
f 3361/4251/3102 3391/4278/3432 3406/4285/3439
f 3385/4281/3435 3384/4279/3433 3399/4286/3440 3400/4288/3442
f 3378/4263/3421 3377/4280/3434 3392/4287/3441 3393/4289/3443
f 3386/4265/3423 3385/4281/3435 3400/4288/3442 3401/4290/3444
f 3379/4264/3422 3378/4263/3421 3393/4289/3443 3394/4291/3445
f 3387/4266/3424 3386/4265/3423 3401/4290/3444 3402/4292/3446
f 3380/4268/3425 3379/4264/3422 3394/4291/3445 3395/4293/3447
f 3388/4269/3426 3387/4266/3424 3402/4292/3446 3403/4294/3448
f 3381/4295/3427 3380/4268/3425 3395/4293/3447 3396/4296/3449
f 3389/4272/3428 3388/4269/3426 3403/4294/3448 3404/4297/3450
f 3382/4273/3429 3381/4271/3427 3396/4298/3449 3397/4282/3436
f 3390/4277/3430 3389/4299/3428 3404/4300/3450 3405/4284/3438
f 3402/4301/3446 3401/4302/3444 3416/4303/3451 3417/4304/3452
f 3395/4293/3447 3394/4291/3445 3409/4305/3453 3410/4306/3454
f 3403/4307/3448 3402/4301/3446 3417/4304/3452 3418/4308/3455
f 3396/4296/3449 3395/4293/3447 3410/4306/3454 3411/4309/3456
f 3404/4300/3450 3403/4307/3448 3418/4308/3455 3419/4310/3457
f 3397/4311/3436 3396/4296/3449 3411/4309/3456 3412/4312/3458
f 3405/4284/3438 3404/4300/3450 3419/4310/3457 3420/4313/3459
f 3398/4283/3437 3397/4282/3436 3412/4314/3458 3413/4315/3460
f 3406/4285/3439 3405/4284/3438 3420/4313/3459 3421/4316/3461
f 3399/4286/3440 3398/4283/3437 3413/4315/3460 3414/4317/3462
f 3392/4287/3441 3135/3865/3100 3407/4318/3463
f 3361/4251/3102 3406/4285/3439 3421/4316/3461
f 3400/4288/3442 3399/4286/3440 3414/4317/3462 3415/4319/3464
f 3393/4289/3443 3392/4287/3441 3407/4318/3463 3408/4320/3465
f 3401/4302/3444 3400/4321/3442 3415/4322/3464 3416/4303/3451
f 3394/4291/3445 3393/4289/3443 3408/4320/3465 3409/4305/3453
f 3421/4316/3461 3420/4313/3459 3435/4323/3466 3436/4324/3467
f 3414/4325/3462 3413/4326/3460 3428/4327/3468 3429/4328/3469
f 3407/4318/3463 3135/3865/3100 3422/4329/3470
f 3361/4251/3102 3421/4316/3461 3436/4324/3467
f 3415/4322/3464 3414/4325/3462 3429/4328/3469 3430/4330/3471
f 3408/4320/3465 3407/4318/3463 3422/4329/3470 3423/4331/3472
f 3416/4303/3451 3415/4322/3464 3430/4330/3471 3431/4332/3473
f 3409/4305/3453 3408/4320/3465 3423/4331/3472 3424/4333/3474
f 3417/4304/3452 3416/4303/3451 3431/4332/3473 3432/4334/3475
f 3410/4306/3454 3409/4305/3453 3424/4333/3474 3425/4335/3476
f 3418/4308/3455 3417/4304/3452 3432/4334/3475 3433/4336/3477
f 3411/4309/3456 3410/4306/3454 3425/4335/3476 3426/4337/3478
f 3419/4310/3457 3418/4308/3455 3433/4336/3477 3434/4338/3479
f 3412/4312/3458 3411/4309/3456 3426/4337/3478 3427/4339/3480
f 3420/4313/3459 3419/4310/3457 3434/4338/3479 3435/4323/3466
f 3413/4326/3460 3412/4340/3458 3427/4341/3480 3428/4327/3468
f 3425/4335/3476 3424/4333/3474 3439/4342/3481 3440/4343/3482
f 3433/4336/3477 3432/4334/3475 3447/4344/3483 3448/4345/3484
f 3426/4337/3478 3425/4335/3476 3440/4343/3482 3441/4346/3485
f 3434/4338/3479 3433/4336/3477 3448/4345/3484 3449/4347/3486
f 3427/4339/3480 3426/4337/3478 3441/4346/3485 3442/4348/3487
f 3435/4323/3466 3434/4338/3479 3449/4347/3486 3450/4349/3488
f 3428/4327/3468 3427/4341/3480 3442/4350/3487 3443/4351/3489
f 3436/4324/3467 3435/4323/3466 3450/4349/3488 3451/4352/3490
f 3429/4328/3469 3428/4327/3468 3443/4351/3489 3444/4353/3491
f 3422/4329/3470 3135/3865/3100 3437/4354/3492
f 3361/4251/3102 3436/4324/3467 3451/4352/3490
f 3430/4330/3471 3429/4328/3469 3444/4353/3491 3445/4355/3493
f 3423/4331/3472 3422/4329/3470 3437/4354/3492 3438/4356/3494
f 3431/4332/3473 3430/4330/3471 3445/4355/3493 3446/4357/3495
f 3424/4333/3474 3423/4331/3472 3438/4356/3494 3439/4342/3481
f 3432/4334/3475 3431/4332/3473 3446/4357/3495 3447/4344/3483
f 3444/4353/3491 3443/4351/3489 3458/4358/3496 3459/4359/3497
f 3437/4354/3492 3135/3865/3100 3452/4360/3498
f 3361/4251/3102 3451/4352/3490 3466/4361/3499
f 3445/4355/3493 3444/4353/3491 3459/4359/3497 3460/4362/3500
f 3438/4356/3494 3437/4354/3492 3452/4360/3498 3453/4363/3501
f 3446/4357/3495 3445/4355/3493 3460/4362/3500 3461/4364/3502
f 3439/4342/3481 3438/4356/3494 3453/4363/3501 3454/4365/3503
f 3447/4344/3483 3446/4357/3495 3461/4364/3502 3462/4366/3504
f 3440/4343/3482 3439/4342/3481 3454/4365/3503 3455/4367/3505
f 3448/4345/3484 3447/4344/3483 3462/4366/3504 3463/4368/3506
f 3441/4346/3485 3440/4343/3482 3455/4367/3505 3456/4369/3507
f 3449/4347/3486 3448/4345/3484 3463/4368/3506 3464/4370/3508
f 3442/4348/3487 3441/4346/3485 3456/4369/3507 3457/4371/3509
f 3450/4349/3488 3449/4347/3486 3464/4370/3508 3465/4372/3510
f 3443/4351/3489 3442/4350/3487 3457/4373/3509 3458/4358/3496
f 3451/4352/3490 3450/4349/3488 3465/4372/3510 3466/4361/3499
f 3463/4368/3506 3462/4366/3504 3477/4374/3511 3478/4375/3512
f 3456/4369/3507 3455/4367/3505 3470/4376/3513 3471/4377/3514
f 3464/4370/3508 3463/4368/3506 3478/4375/3512 3479/4378/3515
f 3457/4371/3509 3456/4369/3507 3471/4377/3514 3472/4379/3516
f 3465/4372/3510 3464/4370/3508 3479/4378/3515 3480/4380/3517
f 3458/4358/3496 3457/4373/3509 3472/4381/3516 3473/4382/3518
f 3466/4361/3499 3465/4372/3510 3480/4380/3517 3481/4383/3519
f 3459/4359/3497 3458/4358/3496 3473/4382/3518 3474/4384/3520
f 3452/4360/3498 3135/3865/3100 3467/4385/3521
f 3361/4251/3102 3466/4361/3499 3481/4383/3519
f 3460/4362/3500 3459/4359/3497 3474/4384/3520 3475/4386/3522
f 3453/4363/3501 3452/4360/3498 3467/4385/3521 3468/4387/3523
f 3461/4364/3502 3460/4362/3500 3475/4386/3522 3476/4388/3524
f 3454/4365/3503 3453/4363/3501 3468/4387/3523 3469/4389/3525
f 3462/4366/3504 3461/4364/3502 3476/4388/3524 3477/4374/3511
f 3455/4367/3505 3454/4365/3503 3469/4389/3525 3470/4376/3513
f 3361/4251/3102 3481/4383/3519 3496/4390/3526
f 3475/4386/3522 3474/4384/3520 3489/4391/3527 3490/4392/3528
f 3468/4387/3523 3467/4385/3521 3482/4393/3529 3483/4394/3530
f 3476/4388/3524 3475/4386/3522 3490/4392/3528 3491/4395/3531
f 3469/4389/3525 3468/4387/3523 3483/4394/3530 3484/4396/3532
f 3477/4374/3511 3476/4388/3524 3491/4395/3531 3492/4397/3533
f 3470/4376/3513 3469/4389/3525 3484/4396/3532 3485/4398/3534
f 3478/4375/3512 3477/4374/3511 3492/4397/3533 3493/4399/3535
f 3471/4377/3514 3470/4376/3513 3485/4398/3534 3486/4400/3536
f 3479/4378/3515 3478/4375/3512 3493/4399/3535 3494/4401/3537
f 3472/4379/3516 3471/4377/3514 3486/4400/3536 3487/4402/3538
f 3480/4380/3517 3479/4378/3515 3494/4401/3537 3495/4403/3539
f 3473/4382/3518 3472/4381/3516 3487/4404/3538 3488/4405/3540
f 3481/4383/3519 3480/4380/3517 3495/4403/3539 3496/4390/3526
f 3474/4384/3520 3473/4382/3518 3488/4405/3540 3489/4391/3527
f 3467/4385/3521 3135/3865/3100 3482/4393/3529
f 3494/4401/3537 3493/4399/3535 3508/4406/3541 3509/4407/3542
f 3487/4402/3538 3486/4400/3536 3501/4408/3543 3502/4409/3544
f 3495/4403/3539 3494/4401/3537 3509/4407/3542 3510/4410/3545
f 3488/4405/3540 3487/4404/3538 3502/4411/3544 3503/4412/3546
f 3496/4390/3526 3495/4403/3539 3510/4410/3545 3511/4413/3547
f 3489/4391/3527 3488/4405/3540 3503/4412/3546 3504/4414/3548
f 3482/4393/3529 3135/3865/3100 3497/4415/3549
f 3361/4251/3102 3496/4390/3526 3511/4413/3547
f 3490/4392/3528 3489/4391/3527 3504/4414/3548 3505/4416/3550
f 3483/4394/3530 3482/4393/3529 3497/4415/3549 3498/4417/3551
f 3491/4395/3531 3490/4392/3528 3505/4416/3550 3506/4418/3552
f 3484/4396/3532 3483/4394/3530 3498/4417/3551 3499/4419/3553
f 3492/4397/3533 3491/4395/3531 3506/4418/3552 3507/4420/3554
f 3485/4398/3534 3484/4396/3532 3499/4419/3553 3500/4421/3555
f 3493/4399/3535 3492/4397/3533 3507/4420/3554 3508/4406/3541
f 3486/4400/3536 3485/4398/3534 3500/4421/3555 3501/4408/3543
f 3498/4417/3551 3497/4415/3549 3512/4422/3556 3513/4423/3557
f 3506/4418/3552 3505/4416/3550 3520/4424/3558 3521/4425/3559
f 3499/4419/3553 3498/4417/3551 3513/4423/3557 3514/4426/3560
f 3507/4420/3554 3506/4418/3552 3521/4425/3559 3522/4427/3561
f 3500/4421/3555 3499/4419/3553 3514/4426/3560 3515/4428/3562
f 3508/4406/3541 3507/4420/3554 3522/4427/3561 3523/4429/3563
f 3501/4408/3543 3500/4421/3555 3515/4428/3562 3516/4430/3564
f 3509/4407/3542 3508/4406/3541 3523/4429/3563 3524/4431/3565
f 3502/4409/3544 3501/4408/3543 3516/4430/3564 3517/4432/3566
f 3510/4410/3545 3509/4407/3542 3524/4431/3565 3525/4433/3567
f 3503/4412/3546 3502/4411/3544 3517/4434/3566 3518/4435/3568
f 3511/4413/3547 3510/4410/3545 3525/4433/3567 3526/4436/3569
f 3504/4414/3548 3503/4412/3546 3518/4435/3568 3519/4437/3570
f 3497/4415/3549 3135/3865/3100 3512/4422/3556
f 3361/4251/3102 3511/4413/3547 3526/4436/3569
f 3505/4416/3550 3504/4414/3548 3519/4437/3570 3520/4424/3558
f 3517/4438/3566 3516/4439/3564 3055/3884/3117 3530/3855/3090
f 3525/4433/3567 3524/4431/3565 3533/3889/3119 3534/3888/3094
f 3518/4440/3568 3517/4438/3566 3530/3855/3090 3056/3854/3089
f 3526/4436/3569 3525/4433/3567 3534/3888/3094 3535/4441/3093
f 3519/4442/3570 3518/4440/3568 3056/3854/3089 3057/3862/3097
f 3512/4422/3556 3135/3865/3100 3527/3864/3099
f 3361/3867/3102 3526/4443/3569 3535/3858/3093
f 3520/4444/3558 3519/4442/3570 3057/3862/3097 3058/3868/3103
f 3513/4423/3557 3512/4422/3556 3527/3864/3099 3528/3870/3105
f 3521/4425/3559 3520/4424/3558 3058/4445/3103 3531/4446/3107
f 3514/4426/3560 3513/4423/3557 3528/3870/3105 3054/4447/3109
f 3522/4427/3561 3521/4425/3559 3531/4446/3107 3059/4448/3111
f 3515/4428/3562 3514/4426/3560 3054/4447/3109 3529/4449/3113
f 3523/4429/3563 3522/4427/3561 3059/4448/3111 3532/4450/3115
f 3516/4439/3564 3515/4451/3562 3529/3880/3113 3055/3884/3117
f 3524/4431/3565 3523/4429/3563 3532/4450/3115 3533/3889/3119
f 3536/4452/3571 4010/4453/3572 3543/4454/3573 3544/4455/3574
f 3541/4456/3575 4013/4457/3576 3551/4458/3577 3552/4459/3578
f 4011/4460/3579 3536/4452/3571 3544/4455/3574 3545/4461/3580
f 4014/4462/3581 3541/4456/3575 3552/4459/3578 3553/4463/3582
f 3537/4464/3583 4011/4465/3579 3545/4466/3580 3546/4467/3584
f 4015/4468/3585 4014/4462/3581 3553/4463/3582 3554/4469/3586
f 4012/4470/3587 3537/4464/3583 3546/4467/3584 3547/4471/3588
f 4016/4472/3589 4015/4468/3585 3554/4469/3586 3555/4473/3590
f 3538/4474/3591 4012/4470/3587 3547/4471/3588 3548/4475/3592
f 4017/4476/3593 4016/4472/3589 3555/4473/3590 3556/4477/3594
f 3539/4478/3595 3538/4474/3591 3548/4475/3592 3549/4479/3596
f 4009/4480/3597 3617/4481/3598 3542/4482/3599
f 3843/4483/3600 4017/4484/3593 3556/4485/3594
f 3540/4486/3601 3539/4478/3595 3549/4479/3596 3550/4487/3602
f 4010/4453/3572 4009/4488/3597 3542/4489/3599 3543/4454/3573
f 4013/4457/3576 3540/4486/3601 3550/4487/3602 3551/4458/3577
f 3550/4490/3602 3549/4491/3596 3564/4492/3603 3565/4493/3604
f 3543/4454/3573 3542/4489/3599 3557/4494/3605 3558/4495/3606
f 3551/4458/3577 3550/4487/3602 3565/4496/3604 3566/4497/3607
f 3544/4455/3574 3543/4454/3573 3558/4495/3606 3559/4498/3608
f 3552/4459/3578 3551/4458/3577 3566/4497/3607 3567/4499/3609
f 3545/4461/3580 3544/4455/3574 3559/4498/3608 3560/4500/3610
f 3553/4463/3582 3552/4459/3578 3567/4499/3609 3568/4501/3611
f 3546/4502/3584 3545/4461/3580 3560/4500/3610 3561/4503/3612
f 3554/4469/3586 3553/4463/3582 3568/4501/3611 3569/4504/3613
f 3547/4505/3588 3546/4502/3584 3561/4503/3612 3562/4506/3614
f 3555/4473/3590 3554/4469/3586 3569/4504/3613 3570/4507/3615
f 3548/4508/3592 3547/4505/3588 3562/4506/3614 3563/4509/3616
f 3556/4485/3594 3555/4510/3590 3570/4511/3615 3571/4512/3617
f 3549/4491/3596 3548/4508/3592 3563/4509/3616 3564/4492/3603
f 3542/4482/3599 3617/4481/3598 3557/4513/3605
f 3843/4483/3600 3556/4485/3594 3571/4512/3617
f 3569/4514/3613 3568/4515/3611 3583/4516/3618 3584/4517/3619
f 3562/4506/3614 3561/4503/3612 3576/4518/3620 3577/4519/3621
f 3570/4511/3615 3569/4514/3613 3584/4517/3619 3585/4520/3622
f 3563/4509/3616 3562/4506/3614 3577/4519/3621 3578/4521/3623
f 3571/4512/3617 3570/4511/3615 3585/4520/3622 3586/4522/3624
f 3564/4492/3603 3563/4509/3616 3578/4521/3623 3579/4523/3625
f 3557/4494/3605 3617/4524/3598 3572/4525/3626
f 3843/4483/3600 3571/4512/3617 3586/4522/3624
f 3565/4493/3604 3564/4492/3603 3579/4523/3625 3580/4526/3627
f 3558/4495/3606 3557/4494/3605 3572/4525/3626 3573/4527/3628
f 3566/4528/3607 3565/4493/3604 3580/4526/3627 3581/4529/3629
f 3559/4498/3608 3558/4495/3606 3573/4527/3628 3574/4530/3630
f 3567/4531/3609 3566/4528/3607 3581/4529/3629 3582/4532/3631
f 3560/4500/3610 3559/4498/3608 3574/4530/3630 3575/4533/3632
f 3568/4534/3611 3567/4531/3609 3582/4532/3631 3583/4535/3618
f 3561/4503/3612 3560/4500/3610 3575/4533/3632 3576/4518/3620
f 3581/4529/3629 3580/4526/3627 3595/4536/3633 3596/4537/3634
f 3574/4530/3630 3573/4527/3628 3588/4538/3635 3589/4539/3636
f 3582/4532/3631 3581/4529/3629 3596/4537/3634 3597/4540/3637
f 3575/4533/3632 3574/4530/3630 3589/4539/3636 3590/4541/3638
f 3583/4535/3618 3582/4532/3631 3597/4540/3637 3598/4542/3639
f 3576/4518/3620 3575/4533/3632 3590/4541/3638 3591/4543/3640
f 3584/4517/3619 3583/4516/3618 3598/4544/3639 3599/4545/3641
f 3577/4519/3621 3576/4518/3620 3591/4543/3640 3592/4546/3642
f 3585/4520/3622 3584/4517/3619 3599/4545/3641 3600/4547/3643
f 3578/4521/3623 3577/4519/3621 3592/4546/3642 3593/4548/3644
f 3586/4522/3624 3585/4520/3622 3600/4547/3643 3601/4549/3645
f 3579/4523/3625 3578/4521/3623 3593/4548/3644 3594/4550/3646
f 3572/4525/3626 3617/4524/3598 3587/4551/3647
f 3843/4483/3600 3586/4522/3624 3601/4549/3645
f 3580/4526/3627 3579/4523/3625 3594/4550/3646 3595/4536/3633
f 3573/4527/3628 3572/4525/3626 3587/4551/3647 3588/4538/3635
f 3600/4547/3643 3599/4545/3641 3614/4552/3648 3615/4553/3649
f 3593/4548/3644 3592/4546/3642 3607/4554/3650 3608/4555/3651
f 3601/4549/3645 3600/4547/3643 3615/4553/3649 3616/4556/3652
f 3594/4550/3646 3593/4548/3644 3608/4555/3651 3609/4557/3653
f 3587/4551/3647 3617/4524/3598 3602/4558/3654
f 3843/4483/3600 3601/4549/3645 3616/4556/3652
f 3595/4536/3633 3594/4550/3646 3609/4557/3653 3610/4559/3655
f 3588/4538/3635 3587/4551/3647 3602/4558/3654 3603/4560/3656
f 3596/4537/3634 3595/4536/3633 3610/4559/3655 3611/4561/3657
f 3589/4539/3636 3588/4538/3635 3603/4560/3656 3604/4562/3658
f 3597/4540/3637 3596/4537/3634 3611/4561/3657 3612/4563/3659
f 3590/4541/3638 3589/4539/3636 3604/4562/3658 3605/4564/3660
f 3598/4542/3639 3597/4540/3637 3612/4563/3659 3613/4565/3661
f 3591/4543/3640 3590/4541/3638 3605/4564/3660 3606/4566/3662
f 3599/4545/3641 3598/4544/3639 3613/4567/3661 3614/4552/3648
f 3592/4546/3642 3591/4543/3640 3606/4566/3662 3607/4554/3650
f 3604/4562/3658 3603/4560/3656 3619/4568/3663 3620/4569/3664
f 3612/4563/3659 3611/4561/3657 3627/4570/3665 3628/4571/3666
f 3605/4564/3660 3604/4562/3658 3620/4569/3664 3621/4572/3667
f 3613/4565/3661 3612/4563/3659 3628/4571/3666 3629/4573/3668
f 3606/4566/3662 3605/4564/3660 3621/4572/3667 3622/4574/3669
f 3614/4552/3648 3613/4567/3661 3629/4575/3668 3630/4576/3670
f 3607/4554/3650 3606/4566/3662 3622/4574/3669 3623/4577/3671
f 3615/4553/3649 3614/4552/3648 3630/4576/3670 3631/4578/3672
f 3608/4555/3651 3607/4554/3650 3623/4577/3671 3624/4579/3673
f 3616/4556/3652 3615/4553/3649 3631/4578/3672 3632/4580/3674
f 3609/4557/3653 3608/4555/3651 3624/4579/3673 3625/4581/3675
f 3602/4558/3654 3617/4524/3598 3618/4582/3676
f 3843/4483/3600 3616/4556/3652 3632/4580/3677
f 3610/4559/3655 3609/4557/3653 3625/4581/3675 3626/4583/3678
f 3603/4560/3656 3602/4558/3654 3618/4582/3679 3619/4568/3663
f 3611/4561/3657 3610/4559/3655 3626/4583/3678 3627/4570/3665
f 3624/4579/3673 3623/4577/3671 3638/4584/3680 3639/4585/3681
f 3632/4580/3674 3631/4578/3672 3646/4586/3682 3647/4587/3683
f 3625/4581/3675 3624/4579/3673 3639/4585/3681 3640/4588/3684
f 3618/4582/3676 3617/4524/3598 3633/4589/3685
f 3843/4483/3600 3632/4580/3677 3647/4587/3686
f 3626/4583/3678 3625/4581/3675 3640/4588/3684 3641/4590/3687
f 3619/4568/3663 3618/4582/3679 3633/4589/3688 3634/4591/3689
f 3627/4570/3665 3626/4583/3678 3641/4590/3687 3642/4592/3690
f 3620/4569/3664 3619/4568/3663 3634/4591/3689 3635/4593/3691
f 3628/4571/3666 3627/4570/3665 3642/4592/3690 3643/4594/3692
f 3621/4572/3667 3620/4569/3664 3635/4593/3691 3636/4595/3693
f 3629/4573/3668 3628/4571/3666 3643/4594/3692 3644/4596/3694
f 3622/4574/3669 3621/4572/3667 3636/4595/3693 3637/4597/3695
f 3630/4576/3670 3629/4575/3668 3644/4598/3694 3645/4599/3696
f 3623/4577/3671 3622/4574/3669 3637/4597/3695 3638/4584/3680
f 3631/4578/3672 3630/4576/3670 3645/4599/3696 3646/4586/3682
f 3643/4594/3692 3642/4592/3690 3657/4600/3697 3658/4601/3698
f 3636/4595/3693 3635/4593/3691 3650/4602/3699 3651/4603/3700
f 3644/4596/3694 3643/4594/3692 3658/4601/3698 3659/4604/3701
f 3637/4597/3695 3636/4595/3693 3651/4603/3700 3652/4605/3702
f 3645/4599/3696 3644/4598/3694 3659/4606/3701 3660/4607/3703
f 3638/4584/3680 3637/4597/3695 3652/4605/3702 3653/4608/3704
f 3646/4586/3682 3645/4599/3696 3660/4607/3703 3661/4609/3705
f 3639/4585/3681 3638/4584/3680 3653/4608/3704 3654/4610/3706
f 3647/4587/3683 3646/4586/3682 3661/4609/3705 3662/4611/3707
f 3640/4588/3684 3639/4585/3681 3654/4610/3706 3655/4612/3708
f 3633/4589/3685 3617/4524/3598 3648/4613/3709
f 3843/4483/3600 3647/4587/3686 3662/4611/3710
f 3641/4590/3687 3640/4588/3684 3655/4612/3708 3656/4614/3711
f 3634/4591/3689 3633/4589/3688 3648/4613/3712 3649/4615/3713
f 3642/4592/3690 3641/4590/3687 3656/4614/3711 3657/4600/3697
f 3635/4593/3691 3634/4591/3689 3649/4615/3713 3650/4602/3699
f 3662/4611/3707 3661/4609/3705 3676/4616/3714 3677/4617/3715
f 3655/4612/3708 3654/4610/3706 3669/4618/3716 3670/4619/3717
f 3648/4613/3709 3617/4524/3598 3663/4620/3718
f 3843/4483/3600 3662/4611/3710 3677/4617/3719
f 3656/4614/3711 3655/4612/3708 3670/4619/3717 3671/4621/3720
f 3649/4615/3713 3648/4613/3712 3663/4620/3721 3664/4622/3722
f 3657/4600/3697 3656/4614/3711 3671/4621/3720 3672/4623/3723
f 3650/4602/3699 3649/4615/3713 3664/4622/3722 3665/4624/3724
f 3658/4601/3698 3657/4600/3697 3672/4623/3723 3673/4625/3725
f 3651/4603/3700 3650/4602/3699 3665/4624/3724 3666/4626/3726
f 3659/4606/3701 3658/4627/3698 3673/4628/3725 3674/4629/3727
f 3652/4605/3702 3651/4603/3700 3666/4626/3726 3667/4630/3728
f 3660/4607/3703 3659/4606/3701 3674/4629/3727 3675/4631/3729
f 3653/4608/3704 3652/4605/3702 3667/4630/3728 3668/4632/3730
f 3661/4609/3705 3660/4607/3703 3675/4631/3729 3676/4616/3714
f 3654/4610/3706 3653/4608/3704 3668/4632/3730 3669/4618/3716
f 3666/4626/3726 3665/4624/3724 3680/4633/3731 3681/4634/3732
f 3674/4629/3727 3673/4628/3725 3688/4635/3733 3689/4636/3734
f 3667/4630/3728 3666/4626/3726 3681/4634/3732 3682/4637/3735
f 3675/4631/3729 3674/4629/3727 3689/4636/3734 3690/4638/3736
f 3668/4632/3730 3667/4630/3728 3682/4637/3735 3683/4639/3737
f 3676/4616/3714 3675/4631/3729 3690/4638/3736 3691/4640/3738
f 3669/4618/3716 3668/4632/3730 3683/4639/3737 3684/4641/3739
f 3677/4617/3715 3676/4616/3714 3691/4640/3738 3692/4642/3740
f 3670/4619/3717 3669/4618/3716 3684/4641/3739 3685/4643/3741
f 3663/4620/3718 3617/4524/3598 3678/4644/3742
f 3843/4483/3600 3677/4617/3719 3692/4642/3743
f 3671/4621/3720 3670/4619/3717 3685/4643/3741 3686/4645/3744
f 3664/4622/3722 3663/4620/3721 3678/4644/3745 3679/4646/3746
f 3672/4623/3723 3671/4621/3720 3686/4645/3744 3687/4647/3747
f 3665/4624/3724 3664/4622/3722 3679/4646/3746 3680/4633/3731
f 3673/4625/3725 3672/4623/3723 3687/4647/3747 3688/4648/3733
f 3685/4643/3741 3684/4641/3739 3699/4649/3748 3700/4650/3749
f 3678/4644/3742 3617/4524/3598 3693/4651/3750
f 3843/4483/3600 3692/4642/3743 3707/4652/3751
f 3686/4645/3744 3685/4643/3741 3700/4650/3749 3701/4653/3752
f 3679/4646/3746 3678/4644/3745 3693/4651/3750 3694/4654/3753
f 3687/4647/3747 3686/4645/3744 3701/4653/3752 3702/4655/3754
f 3680/4633/3731 3679/4646/3746 3694/4654/3753 3695/4656/3755
f 3688/4635/3733 3687/4657/3747 3702/4658/3754 3703/4659/3756
f 3681/4634/3732 3680/4633/3731 3695/4656/3755 3696/4660/3757
f 3689/4636/3734 3688/4635/3733 3703/4659/3756 3704/4661/3758
f 3682/4637/3735 3681/4634/3732 3696/4660/3757 3697/4662/3759
f 3690/4638/3736 3689/4636/3734 3704/4661/3758 3705/4663/3760
f 3683/4639/3737 3682/4637/3735 3697/4662/3759 3698/4664/3761
f 3691/4640/3738 3690/4638/3736 3705/4663/3760 3706/4665/3762
f 3684/4641/3739 3683/4639/3737 3698/4664/3761 3699/4649/3748
f 3692/4642/3740 3691/4640/3738 3706/4665/3762 3707/4652/3751
f 3704/4661/3758 3703/4659/3756 3718/4666/3763 3719/4667/3764
f 3697/4662/3759 3696/4660/3757 3711/4668/3765 3712/4669/3766
f 3705/4663/3760 3704/4661/3758 3719/4667/3764 3720/4670/3767
f 3698/4664/3761 3697/4662/3759 3712/4669/3766 3713/4671/3768
f 3706/4665/3762 3705/4663/3760 3720/4670/3767 3721/4672/3769
f 3699/4649/3748 3698/4664/3761 3713/4671/3768 3714/4673/3770
f 3707/4652/3751 3706/4665/3762 3721/4672/3769 3722/4674/3771
f 3700/4650/3749 3699/4649/3748 3714/4673/3770 3715/4675/3772
f 3693/4651/3750 3617/4524/3598 3708/4676/3773
f 3843/4483/3600 3707/4652/3751 3722/4674/3771
f 3701/4653/3752 3700/4650/3749 3715/4675/3772 3716/4677/3774
f 3694/4654/3753 3693/4651/3750 3708/4676/3773 3709/4678/3775
f 3702/4658/3754 3701/4679/3752 3716/4680/3774 3717/4681/3776
f 3695/4656/3755 3694/4654/3753 3709/4678/3775 3710/4682/3777
f 3703/4659/3756 3702/4658/3754 3717/4681/3776 3718/4666/3763
f 3696/4660/3757 3695/4656/3755 3710/4682/3777 3711/4668/3765
f 3843/4483/3600 3722/4674/3771 3737/4683/3778
f 3716/4680/3774 3715/4684/3772 3730/4685/3779 3731/4686/3780
f 3709/4678/3775 3708/4676/3773 3723/4687/3781 3724/4688/3782
f 3717/4681/3776 3716/4680/3774 3731/4686/3780 3732/4689/3783
f 3710/4682/3777 3709/4678/3775 3724/4688/3782 3725/4690/3784
f 3718/4666/3763 3717/4681/3776 3732/4689/3783 3733/4691/3785
f 3711/4668/3765 3710/4682/3777 3725/4690/3784 3726/4692/3786
f 3719/4667/3764 3718/4666/3763 3733/4691/3785 3734/4693/3787
f 3712/4669/3766 3711/4668/3765 3726/4692/3786 3727/4694/3788
f 3720/4670/3767 3719/4667/3764 3734/4693/3787 3735/4695/3789
f 3713/4671/3768 3712/4669/3766 3727/4694/3788 3728/4696/3790
f 3721/4672/3769 3720/4670/3767 3735/4695/3789 3736/4697/3791
f 3714/4673/3770 3713/4671/3768 3728/4696/3790 3729/4698/3792
f 3722/4674/3771 3721/4672/3769 3736/4697/3791 3737/4683/3778
f 3715/4675/3772 3714/4673/3770 3729/4698/3792 3730/4699/3779
f 3708/4676/3773 3617/4524/3598 3723/4687/3781
f 3735/4695/3789 3734/4693/3787 3749/4700/3793 3750/4701/3794
f 3728/4702/3790 3727/4703/3788 3742/4704/3795 3743/4705/3796
f 3736/4697/3791 3735/4695/3789 3750/4701/3794 3751/4706/3797
f 3729/4707/3792 3728/4702/3790 3743/4705/3796 3744/4708/3798
f 3737/4683/3778 3736/4697/3791 3751/4706/3797 3752/4709/3799
f 3730/4710/3779 3729/4707/3792 3744/4708/3798 3745/4711/3800
f 3723/4687/3781 3617/4524/3598 3738/4712/3801
f 3843/4483/3600 3737/4683/3778 3752/4709/3799
f 3731/4713/3780 3730/4710/3779 3745/4711/3800 3746/4714/3802
f 3724/4688/3782 3723/4687/3781 3738/4712/3801 3739/4715/3803
f 3732/4716/3783 3731/4713/3780 3746/4714/3802 3747/4717/3804
f 3725/4718/3784 3724/4719/3782 3739/4720/3803 3740/4721/3805
f 3733/4691/3785 3732/4689/3783 3747/4722/3804 3748/4723/3806
f 3726/4724/3786 3725/4718/3784 3740/4721/3805 3741/4725/3807
f 3734/4693/3787 3733/4691/3785 3748/4723/3806 3749/4700/3793
f 3727/4703/3788 3726/4724/3786 3741/4725/3807 3742/4704/3795
f 3739/4720/3803 3738/4726/3801 3753/4727/3808 3754/4728/3809
f 3747/4717/3804 3746/4714/3802 3761/4729/3810 3762/4730/3811
f 3740/4721/3805 3739/4720/3803 3754/4728/3809 3755/4731/3812
f 3748/4732/3806 3747/4717/3804 3762/4730/3811 3763/4733/3813
f 3741/4725/3807 3740/4721/3805 3755/4731/3812 3756/4734/3814
f 3749/4700/3793 3748/4723/3806 3763/4735/3813 3764/4736/3815
f 3742/4704/3795 3741/4725/3807 3756/4734/3814 3757/4737/3816
f 3750/4701/3794 3749/4700/3793 3764/4736/3815 3765/4738/3817
f 3743/4705/3796 3742/4704/3795 3757/4737/3816 3758/4739/3818
f 3751/4706/3797 3750/4701/3794 3765/4738/3817 3766/4740/3819
f 3744/4708/3798 3743/4705/3796 3758/4739/3818 3759/4741/3820
f 3752/4709/3799 3751/4706/3797 3766/4740/3819 3767/4742/3821
f 3745/4711/3800 3744/4708/3798 3759/4741/3820 3760/4743/3822
f 3738/4744/3801 3617/4481/3598 3753/4745/3808
f 3843/4483/3600 3752/4709/3799 3767/4742/3821
f 3746/4714/3802 3745/4711/3800 3760/4743/3822 3761/4729/3810
f 3758/4739/3818 3757/4737/3816 3772/4746/3823 3773/4747/3824
f 3766/4740/3819 3765/4738/3817 3780/4748/3825 3781/4749/3826
f 3759/4741/3820 3758/4739/3818 3773/4747/3824 3774/4750/3827
f 3767/4742/3821 3766/4740/3819 3781/4749/3826 3782/4751/3828
f 3760/4743/3822 3759/4741/3820 3774/4750/3827 3775/4752/3829
f 3753/4745/3808 3617/4481/3598 3768/4753/3830
f 3843/4483/3600 3767/4742/3821 3782/4751/3828
f 3761/4729/3810 3760/4743/3822 3775/4752/3829 3776/4754/3831
f 3754/4728/3809 3753/4727/3808 3768/4755/3830 3769/4756/3832
f 3762/4730/3811 3761/4729/3810 3776/4754/3831 3777/4757/3833
f 3755/4731/3812 3754/4728/3809 3769/4756/3832 3770/4758/3834
f 3763/4733/3813 3762/4730/3811 3777/4757/3833 3778/4759/3835
f 3756/4734/3814 3755/4731/3812 3770/4758/3834 3771/4760/3836
f 3764/4761/3815 3763/4733/3813 3778/4759/3835 3779/4762/3837
f 3757/4737/3816 3756/4734/3814 3771/4760/3836 3772/4746/3823
f 3765/4738/3817 3764/4736/3815 3779/4763/3837 3780/4748/3825
f 3777/4757/3838 3776/4754/3839 3791/4764/3840 3792/4765/3841
f 3770/4758/3834 3769/4756/3832 3784/4766/3842 3785/4767/3843
f 3778/4759/3835 3777/4757/3838 3792/4765/3841 3793/4768/3844
f 3771/4760/3836 3770/4758/3834 3785/4767/3843 3786/4769/3845
f 3779/4770/3837 3778/4771/3835 3793/4772/3844 3794/4773/3846
f 3772/4746/3823 3771/4760/3836 3786/4769/3845 3787/4774/3847
f 3780/4775/3825 3779/4770/3837 3794/4773/3846 3795/4776/3848
f 3773/4747/3849 3772/4746/3823 3787/4774/3847 3788/4777/3850
f 3781/4778/3826 3780/4775/3825 3795/4776/3848 3796/4779/3851
f 3774/4750/3852 3773/4747/3849 3788/4777/3850 3789/4780/3853
f 3782/4781/3828 3781/4778/3826 3796/4779/3851 3797/4782/3854
f 3775/4752/3855 3774/4750/3852 3789/4780/3853 3790/4783/3856
f 3768/4753/3830 3617/4481/3598 3783/4784/3857
f 3843/4483/3600 3782/4751/3828 3797/4785/3854
f 3776/4754/3839 3775/4752/3855 3790/4783/3856 3791/4764/3840
f 3769/4756/3832 3768/4755/3830 3783/4786/3857 3784/4766/3842
f 3796/4779/3851 3795/4776/3848 3810/4787/3858 3811/4788/3859
f 3789/4789/3853 3788/4790/3850 3803/4791/3860 3804/4792/3861
f 3797/4782/3854 3796/4779/3851 3811/4788/3859 3812/4793/3862
f 3790/4794/3856 3789/4789/3853 3804/4792/3861 3805/4795/3863
f 3783/4784/3857 3617/4481/3598 3798/4796/3864
f 3843/4483/3600 3797/4785/3854 3812/4797/3862
f 3791/4798/3840 3790/4794/3856 3805/4795/3863 3806/4799/3865
f 3784/4800/3842 3783/4784/3857 3798/4796/3864 3799/4801/3866
f 3792/4802/3841 3791/4798/3840 3806/4799/3865 3807/4803/3867
f 3785/4804/3843 3784/4800/3842 3799/4801/3866 3800/4805/3868
f 3793/4772/3844 3792/4802/3841 3807/4803/3867 3808/4806/3869
f 3786/4769/3845 3785/4767/3843 3800/4807/3868 3801/4808/3870
f 3794/4773/3846 3793/4772/3844 3808/4806/3869 3809/4809/3871
f 3787/4774/3847 3786/4769/3845 3801/4808/3870 3802/4810/3872
f 3795/4776/3848 3794/4773/3846 3809/4809/3871 3810/4787/3858
f 3788/4790/3850 3787/4811/3847 3802/4812/3872 3803/4791/3860
f 3800/4805/3868 3799/4801/3866 3814/4813/3873 3815/4814/3874
f 3808/4806/3869 3807/4803/3867 3822/4815/3875 3823/4816/3876
f 3801/4817/3870 3800/4805/3868 3815/4814/3874 3816/4818/3877
f 3809/4809/3871 3808/4806/3869 3823/4816/3876 3824/4819/3878
f 3802/4812/3872 3801/4820/3870 3816/4821/3877 3817/4822/3879
f 3810/4787/3858 3809/4809/3871 3824/4819/3878 3825/4823/3880
f 3803/4791/3860 3802/4812/3872 3817/4822/3879 3818/4824/3881
f 3811/4788/3859 3810/4787/3858 3825/4823/3880 3826/4825/3882
f 3804/4792/3861 3803/4791/3860 3818/4824/3881 3819/4826/3883
f 3812/4793/3862 3811/4788/3859 3826/4825/3882 3827/4827/3884
f 3805/4795/3863 3804/4792/3861 3819/4826/3883 3820/4828/3885
f 3798/4796/3864 3617/4481/3598 3813/4829/3886
f 3843/4830/3600 3812/4793/3862 3827/4827/3884
f 3806/4799/3865 3805/4795/3863 3820/4828/3885 3821/4831/3887
f 3799/4801/3866 3798/4796/3864 3813/4829/3886 3814/4813/3873
f 3807/4803/3867 3806/4799/3865 3821/4831/3887 3822/4815/3875
f 3819/4826/3883 3818/4824/3881 3833/4832/3888 3834/4833/3889
f 3827/4827/3884 3826/4825/3882 3841/4834/3890 3842/4835/3891
f 3820/4828/3885 3819/4826/3883 3834/4833/3889 3835/4836/3892
f 3813/4829/3886 3617/4481/3598 3828/4837/3893
f 3843/4830/3600 3827/4827/3884 3842/4835/3891
f 3821/4831/3887 3820/4828/3885 3835/4836/3892 3836/4838/3894
f 3814/4813/3873 3813/4829/3886 3828/4837/3893 3829/4839/3895
f 3822/4815/3875 3821/4831/3887 3836/4838/3894 3837/4840/3896
f 3815/4814/3874 3814/4813/3873 3829/4839/3895 3830/4841/3897
f 3823/4816/3876 3822/4815/3875 3837/4840/3896 3838/4842/3898
f 3816/4821/3877 3815/4843/3874 3830/4844/3897 3831/4845/3899
f 3824/4819/3878 3823/4816/3876 3838/4842/3898 3839/4846/3900
f 3817/4822/3879 3816/4821/3877 3831/4845/3899 3832/4847/3901
f 3825/4823/3880 3824/4819/3878 3839/4846/3900 3840/4848/3902
f 3818/4824/3881 3817/4822/3879 3832/4847/3901 3833/4832/3888
f 3826/4825/3882 3825/4823/3880 3840/4848/3902 3841/4834/3890
f 3838/4842/3898 3837/4840/3896 3853/4849/3903 3854/4850/3904
f 3831/4845/3899 3830/4844/3897 3846/4851/3905 3847/4852/3906
f 3839/4846/3900 3838/4842/3898 3854/4850/3904 3855/4853/3907
f 3832/4847/3901 3831/4845/3899 3847/4852/3906 3848/4854/3908
f 3840/4848/3902 3839/4846/3900 3855/4853/3907 3856/4855/3909
f 3833/4832/3888 3832/4847/3901 3848/4854/3908 3849/4856/3910
f 3841/4834/3890 3840/4848/3902 3856/4855/3909 3857/4857/3911
f 3834/4833/3889 3833/4832/3888 3849/4856/3910 3850/4858/3912
f 3842/4835/3891 3841/4834/3890 3857/4857/3911 3858/4859/3913
f 3835/4836/3892 3834/4833/3889 3850/4858/3912 3851/4860/3914
f 3828/4837/3893 3617/4481/3598 3844/4861/3915
f 3843/4830/3600 3842/4835/3891 3858/4859/3913
f 3836/4838/3894 3835/4836/3892 3851/4860/3914 3852/4862/3916
f 3829/4839/3895 3828/4837/3893 3844/4861/3915 3845/4863/3917
f 3837/4840/3896 3836/4838/3894 3852/4862/3916 3853/4849/3903
f 3830/4841/3897 3829/4839/3895 3845/4863/3917 3846/4864/3905
f 3858/4859/3913 3857/4857/3911 3872/4865/3918 3873/4866/3919
f 3851/4860/3914 3850/4858/3912 3865/4867/3920 3866/4868/3921
f 3844/4861/3915 3617/4481/3598 3859/4869/3922
f 3843/4830/3600 3858/4859/3913 3873/4866/3923
f 3852/4862/3916 3851/4860/3914 3866/4868/3921 3867/4870/3924
f 3845/4863/3917 3844/4861/3915 3859/4869/3925 3860/4871/3926
f 3853/4849/3903 3852/4862/3916 3867/4870/3924 3868/4872/3927
f 3846/4864/3905 3845/4863/3917 3860/4871/3926 3861/4873/3928
f 3854/4850/3904 3853/4849/3903 3868/4872/3927 3869/4874/3929
f 3847/4852/3906 3846/4851/3905 3861/4875/3928 3862/4876/3930
f 3855/4853/3907 3854/4850/3904 3869/4874/3929 3870/4877/3931
f 3848/4854/3908 3847/4852/3906 3862/4876/3930 3863/4878/3932
f 3856/4855/3909 3855/4853/3907 3870/4877/3931 3871/4879/3933
f 3849/4856/3910 3848/4854/3908 3863/4878/3932 3864/4880/3934
f 3857/4857/3911 3856/4855/3909 3871/4879/3933 3872/4865/3918
f 3850/4858/3912 3849/4856/3910 3864/4880/3934 3865/4867/3920
f 3870/4877/3931 3869/4874/3929 3884/4881/3935 3885/4882/3936
f 3863/4878/3932 3862/4876/3930 3877/4883/3937 3878/4884/3938
f 3871/4879/3933 3870/4877/3931 3885/4882/3936 3886/4885/3939
f 3864/4880/3934 3863/4878/3932 3878/4884/3938 3879/4886/3940
f 3872/4865/3918 3871/4879/3933 3886/4885/3939 3887/4887/3941
f 3865/4867/3920 3864/4880/3934 3879/4886/3940 3880/4888/3942
f 3873/4866/3919 3872/4865/3918 3887/4887/3941 3888/4889/3943
f 3866/4868/3921 3865/4867/3920 3880/4888/3942 3881/4890/3944
f 3859/4869/3922 3617/4481/3598 3874/4891/3945
f 3843/4830/3600 3873/4866/3923 3888/4889/3946
f 3867/4870/3924 3866/4868/3921 3881/4890/3944 3882/4892/3947
f 3860/4871/3926 3859/4869/3925 3874/4891/3948 3875/4893/3949
f 3868/4872/3927 3867/4870/3924 3882/4892/3947 3883/4894/3950
f 3861/4873/3928 3860/4871/3926 3875/4893/3949 3876/4895/3951
f 3869/4874/3929 3868/4872/3927 3883/4894/3950 3884/4881/3935
f 3862/4876/3930 3861/4875/3928 3876/4896/3951 3877/4883/3937
f 3874/4891/3945 3617/4481/3598 3889/4897/3952
f 3843/4830/3600 3888/4889/3946 3903/4898/3953
f 3882/4892/3947 3881/4890/3944 3896/4899/3954 3897/4900/3955
f 3875/4893/3949 3874/4891/3948 3889/4897/3956 3890/4901/3957
f 3883/4894/3950 3882/4892/3947 3897/4900/3955 3898/4902/3958
f 3876/4895/3951 3875/4893/3949 3890/4901/3957 3891/4903/3959
f 3884/4881/3935 3883/4894/3950 3898/4902/3958 3899/4904/3960
f 3877/4905/3937 3876/4895/3951 3891/4903/3959 3892/4906/3961
f 3885/4882/3936 3884/4881/3935 3899/4904/3960 3900/4907/3962
f 3878/4884/3938 3877/4883/3937 3892/4908/3961 3893/4909/3963
f 3886/4885/3939 3885/4882/3936 3900/4907/3962 3901/4910/3964
f 3879/4886/3940 3878/4884/3938 3893/4909/3963 3894/4911/3965
f 3887/4887/3941 3886/4885/3939 3901/4910/3964 3902/4912/3966
f 3880/4888/3942 3879/4886/3940 3894/4911/3965 3895/4913/3967
f 3888/4889/3943 3887/4887/3941 3902/4912/3966 3903/4898/3968
f 3881/4890/3944 3880/4888/3942 3895/4913/3967 3896/4899/3954
f 3893/4909/3963 3892/4908/3961 3907/4914/3969 3908/4915/3970
f 3901/4910/3964 3900/4907/3962 3915/4916/3971 3916/4917/3972
f 3894/4911/3965 3893/4909/3963 3908/4915/3970 3909/4918/3973
f 3902/4912/3966 3901/4910/3964 3916/4917/3972 3917/4919/3974
f 3895/4913/3967 3894/4911/3965 3909/4918/3973 3910/4920/3975
f 3903/4898/3968 3902/4912/3966 3917/4919/3974 3918/4921/3976
f 3896/4899/3954 3895/4913/3967 3910/4920/3975 3911/4922/3977
f 3889/4897/3952 3617/4481/3598 3904/4923/3978
f 3843/4830/3600 3903/4898/3953 3918/4921/3979
f 3897/4900/3955 3896/4899/3954 3911/4922/3977 3912/4924/3980
f 3890/4901/3957 3889/4897/3956 3904/4923/3981 3905/4925/3982
f 3898/4902/3958 3897/4900/3955 3912/4924/3980 3913/4926/3983
f 3891/4903/3959 3890/4901/3957 3905/4925/3982 3906/4927/3984
f 3899/4904/3960 3898/4902/3958 3913/4926/3983 3914/4928/3985
f 3892/4906/3961 3891/4903/3959 3906/4927/3984 3907/4929/3969
f 3900/4907/3962 3899/4904/3960 3914/4928/3985 3915/4916/3971
f 3912/4924/3980 3911/4922/3977 3926/4930/3986 3927/4931/3987
f 3905/4925/3982 3904/4923/3981 3919/4932/3988 3920/4933/3989
f 3913/4926/3983 3912/4924/3980 3927/4931/3987 3928/4934/3990
f 3906/4927/3984 3905/4925/3982 3920/4933/3989 3921/4935/3991
f 3914/4928/3985 3913/4926/3983 3928/4934/3990 3929/4936/3992
f 3907/4929/3969 3906/4927/3984 3921/4935/3991 3922/4937/3993
f 3915/4916/3971 3914/4928/3985 3929/4936/3992 3930/4938/3994
f 3908/4939/3970 3907/4929/3969 3922/4937/3993 3923/4940/3995
f 3916/4917/3972 3915/4916/3971 3930/4938/3994 3931/4941/3996
f 3909/4918/3973 3908/4915/3970 3923/4942/3995 3924/4943/3997
f 3917/4919/3974 3916/4917/3972 3931/4941/3996 3932/4944/3998
f 3910/4920/3975 3909/4918/3973 3924/4943/3997 3925/4945/3999
f 3918/4921/3976 3917/4919/3974 3932/4944/3998 3933/4946/4000
f 3911/4922/3977 3910/4920/3975 3925/4945/3999 3926/4930/3986
f 3904/4923/3978 3617/4481/3598 3919/4932/4001
f 3843/4830/3600 3918/4921/3979 3933/4946/4002
f 3931/4941/3996 3930/4938/3994 3945/4947/4003 3946/4948/4004
f 3924/4943/3997 3923/4942/3995 3938/4949/4005 3939/4950/4006
f 3932/4944/3998 3931/4941/3996 3946/4948/4004 3947/4951/4007
f 3925/4945/3999 3924/4943/3997 3939/4950/4006 3940/4952/4008
f 3933/4946/4000 3932/4944/3998 3947/4951/4007 3948/4953/4009
f 3926/4930/3986 3925/4945/3999 3940/4952/4008 3941/4954/4010
f 3919/4932/4001 3617/4481/3598 3934/4955/4011
f 3843/4830/3600 3933/4946/4002 3948/4953/4009
f 3927/4931/3987 3926/4930/3986 3941/4954/4010 3942/4956/4012
f 3920/4933/3989 3919/4932/3988 3934/4955/4011 3935/4957/4013
f 3928/4934/3990 3927/4931/3987 3942/4956/4012 3943/4958/4014
f 3921/4935/3991 3920/4933/3989 3935/4957/4013 3936/4959/4015
f 3929/4936/3992 3928/4934/3990 3943/4958/4014 3944/4960/4016
f 3922/4937/3993 3921/4935/3991 3936/4959/4015 3937/4961/4017
f 3930/4938/3994 3929/4936/3992 3944/4960/4016 3945/4947/4003
f 3923/4940/3995 3922/4937/3993 3937/4961/4017 3938/4962/4005
f 3935/4957/4013 3934/4955/4011 3949/4963/4018 3950/4964/4019
f 3943/4958/4014 3942/4956/4012 3957/4965/4020 3958/4966/4021
f 3936/4959/4015 3935/4957/4013 3950/4964/4019 3951/4967/4022
f 3944/4960/4016 3943/4958/4014 3958/4966/4021 3959/4968/4023
f 3937/4961/4017 3936/4959/4015 3951/4967/4022 3952/4969/4024
f 3945/4947/4003 3944/4960/4016 3959/4968/4023 3960/4970/4025
f 3938/4962/4005 3937/4961/4017 3952/4969/4024 3953/4971/4026
f 3946/4948/4004 3945/4947/4003 3960/4970/4025 3961/4972/4027
f 3939/4973/4006 3938/4962/4005 3953/4971/4026 3954/4974/4028
f 3947/4951/4007 3946/4948/4004 3961/4972/4027 3962/4975/4029
f 3940/4952/4008 3939/4950/4006 3954/4976/4028 3955/4977/4030
f 3948/4953/4009 3947/4951/4007 3962/4975/4029 3963/4978/4031
f 3941/4954/4010 3940/4952/4008 3955/4977/4030 3956/4979/4032
f 3934/4955/4011 3617/4481/3598 3949/4963/4018
f 3843/4830/3600 3948/4953/4009 3963/4978/4031
f 3942/4956/4012 3941/4954/4010 3956/4979/4032 3957/4965/4020
f 3954/4974/4028 3953/4971/4026 3968/4980/4033 3969/4981/4034
f 3962/4975/4029 3961/4972/4027 3976/4982/4035 3977/4983/4036
f 3955/4984/4030 3954/4974/4028 3969/4981/4034 3970/4985/4037
f 3963/4978/4031 3962/4975/4029 3977/4983/4036 3978/4986/4038
f 3956/4987/4032 3955/4984/4030 3970/4985/4037 3971/4988/4039
f 3949/4963/4018 3617/4481/3598 3964/4989/4040
f 3843/4830/3600 3963/4978/4031 3978/4986/4038
f 3957/4965/4020 3956/4979/4032 3971/4990/4039 3972/4991/4041
f 3950/4964/4019 3949/4963/4018 3964/4989/4040 3965/4992/4042
f 3958/4966/4021 3957/4965/4020 3972/4991/4041 3973/4993/4043
f 3951/4967/4022 3950/4964/4019 3965/4992/4042 3966/4994/4044
f 3959/4968/4023 3958/4966/4021 3973/4993/4043 3974/4995/4045
f 3952/4969/4024 3951/4967/4022 3966/4994/4044 3967/4996/4046
f 3960/4970/4025 3959/4968/4023 3974/4995/4045 3975/4997/4047
f 3953/4971/4026 3952/4969/4024 3967/4996/4046 3968/4980/4033
f 3961/4972/4027 3960/4970/4025 3975/4997/4047 3976/4982/4035
f 3973/4998/4043 3972/4999/4041 3987/5000/4048 3988/5001/4049
f 3966/4994/4044 3965/4992/4042 3980/5002/4050 3981/5003/4051
f 3974/5004/4045 3973/4998/4043 3988/5001/4049 3989/5005/4052
f 3967/4996/4046 3966/4994/4044 3981/5003/4051 3982/5006/4053
f 3975/5007/4047 3974/5004/4045 3989/5005/4052 3990/5008/4054
f 3968/4980/4033 3967/4996/4046 3982/5006/4053 3983/5009/4055
f 3976/4982/4035 3975/4997/4047 3990/5010/4054 3991/5011/4056
f 3969/4981/4034 3968/4980/4033 3983/5009/4055 3984/5012/4057
f 3977/4983/4036 3976/4982/4035 3991/5011/4056 3992/5013/4058
f 3970/4985/4037 3969/4981/4034 3984/5012/4057 3985/5014/4059
f 3978/4986/4038 3977/4983/4036 3992/5013/4058 3993/5015/4060
f 3971/4988/4039 3970/4985/4037 3985/5014/4059 3986/5016/4061
f 3964/4989/4040 3617/4481/3598 3979/5017/4062
f 3843/4830/3600 3978/4986/4038 3993/5015/4060
f 3972/4999/4041 3971/5018/4039 3986/5019/4061 3987/5000/4048
f 3965/4992/4042 3964/4989/4040 3979/5017/4062 3980/5002/4050
f 3992/5020/4058 3991/5021/4056 4006/5022/4063 4007/5023/4064
f 3985/5024/4059 3984/5025/4057 3999/5026/4065 4000/5027/4066
f 3993/5028/4060 3992/5020/4058 4007/5023/4064 4008/5029/4067
f 3986/5019/4061 3985/5024/4059 4000/5027/4066 4001/5030/4068
f 3979/5017/4062 3617/4481/3598 3994/5031/4069
f 3843/4483/3600 3993/5032/4060 4008/5033/4067
f 3987/5000/4048 3986/5019/4061 4001/5030/4068 4002/5034/4070
f 3980/5002/4050 3979/5017/4062 3994/5031/4069 3995/5035/4071
f 3988/5001/4049 3987/5000/4048 4002/5034/4070 4003/5036/4072
f 3981/5003/4051 3980/5002/4050 3995/5035/4071 3996/5037/4073
f 3989/5005/4052 3988/5001/4049 4003/5036/4072 4004/5038/4074
f 3982/5006/4053 3981/5003/4051 3996/5037/4073 3997/5039/4075
f 3990/5008/4054 3989/5005/4052 4004/5038/4074 4005/5040/4076
f 3983/5009/4055 3982/5006/4053 3997/5039/4075 3998/5041/4077
f 3991/5021/4056 3990/5008/4054 4005/5040/4076 4006/5022/4063
f 3984/5025/4057 3983/5042/4055 3998/5043/4077 3999/5026/4065
f 4004/5038/4074 4003/5036/4072 4013/4457/4078 3541/4456/3575
f 3997/5044/4075 3996/5045/4073 3536/5046/3571 4011/4465/3579
f 4005/5040/4076 4004/5038/4074 3541/4456/3575 4014/4462/3581
f 3998/5043/4077 3997/5044/4075 4011/4465/3579 3537/4464/3583
f 4006/5022/4063 4005/5040/4076 4014/4462/3581 4015/4468/3585
f 3999/5026/4065 3998/5043/4077 3537/4464/3583 4012/4470/4079
f 4007/5023/4064 4006/5022/4063 4015/4468/3585 4016/4472/3589
f 4000/5027/4066 3999/5026/4065 4012/4470/4079 3538/4474/4080
f 4008/5029/4067 4007/5023/4064 4016/4472/3589 4017/4476/3593
f 4001/5030/4068 4000/5027/4066 3538/4474/4080 3539/4478/4081
f 3994/5031/4069 3617/4481/3598 4009/4480/3597
f 3843/4483/3600 4008/5033/4067 4017/4484/3593
f 4002/5034/4070 4001/5030/4068 3539/4478/4081 3540/4486/4082
f 3995/5035/4071 3994/5031/4069 4009/4480/3597 4010/5047/3572
f 4003/5036/4072 4002/5034/4070 3540/4486/4082 4013/4457/4078
f 3996/5037/4073 3995/5035/4071 4010/5047/3572 3536/5048/3571
f 4023/5049/4083 4495/5050/4084 4033/5051/4085 4034/5052/4086
f 4493/5053/4087 4018/5054/4088 4026/5055/4089 4027/5056/4090
f 4496/5057/4091 4023/5049/4083 4034/5052/4086 4035/5058/4092
f 4019/5059/4093 4493/5053/4087 4027/5056/4090 4028/5060/4094
f 4497/5061/4095 4496/5057/4091 4035/5058/4092 4036/5062/4096
f 4494/5063/4097 4019/5064/4093 4028/5065/4094 4029/5066/4098
f 4498/5067/4099 4497/5061/4095 4036/5062/4096 4037/5068/4100
f 4020/5069/4101 4494/5063/4097 4029/5066/4098 4030/5070/4102
f 4499/5071/4103 4498/5067/4099 4037/5068/4100 4038/5072/4104
f 4021/5073/68 4020/5069/4101 4030/5070/4102 4031/5074/4105
f 4491/5075/4106 4099/5076/63 4024/5077/4107
f 4325/5078/66 4499/5071/4103 4038/5072/4104
f 4022/5079/4108 4021/5073/68 4031/5074/4105 4032/5080/4109
f 4492/5081/4110 4491/5075/4106 4024/5077/4107 4025/5082/4111
f 4495/5083/4084 4022/5079/4108 4032/5080/4109 4033/5084/4085
f 4018/5054/4088 4492/5081/4110 4025/5082/4111 4026/5055/4089
f 4033/5084/4085 4032/5080/4109 4047/5085/4112 4048/5086/4113
f 4026/5055/4089 4025/5082/4111 4040/5087/4114 4041/5088/4115
f 4034/5052/4086 4033/5051/4085 4048/5089/4113 4049/5090/4116
f 4027/5056/4090 4026/5055/4089 4041/5088/4115 4042/5091/4117
f 4035/5058/4092 4034/5052/4086 4049/5090/4116 4050/5092/4118
f 4028/5060/4094 4027/5056/4090 4042/5091/4117 4043/5093/4119
f 4036/5062/4096 4035/5058/4092 4050/5092/4118 4051/5094/4120
f 4029/5066/4098 4028/5065/4094 4043/5095/4119 4044/5096/4121
f 4037/5068/4100 4036/5062/4096 4051/5094/4120 4052/5097/4122
f 4030/5070/4102 4029/5066/4098 4044/5096/4121 4045/5098/4123
f 4038/5072/4104 4037/5068/4100 4052/5097/4122 4053/5099/4124
f 4031/5074/4105 4030/5070/4102 4045/5098/4123 4046/5100/4125
f 4024/5077/4107 4099/5076/63 4039/5101/4126
f 4325/5078/66 4038/5072/4104 4053/5099/4124
f 4032/5080/4109 4031/5074/4105 4046/5100/4125 4047/5085/4112
f 4025/5082/4111 4024/5077/4107 4039/5101/4126 4040/5087/4114
f 4052/5097/4122 4051/5094/4120 4066/5102/4127 4067/5103/4128
f 4045/5098/4123 4044/5096/4121 4059/5104/4129 4060/5105/4130
f 4053/5099/4124 4052/5097/4122 4067/5103/4128 4068/5106/4131
f 4046/5100/4125 4045/5098/4123 4060/5105/4130 4061/5107/4132
f 4039/5101/4126 4099/5076/63 4054/5108/4133
f 4325/5078/66 4053/5099/4124 4068/5106/4131
f 4047/5085/4112 4046/5100/4125 4061/5107/4132 4062/5109/4134
f 4040/5087/4114 4039/5101/4126 4054/5108/4133 4055/5110/4135
f 4048/5086/4113 4047/5085/4112 4062/5109/4134 4063/5111/4136
f 4041/5088/4115 4040/5087/4114 4055/5110/4135 4056/5112/4137
f 4049/5090/4116 4048/5089/4113 4063/5113/4136 4064/5114/4138
f 4042/5091/4117 4041/5088/4115 4056/5112/4137 4057/5115/4139
f 4050/5092/4118 4049/5090/4116 4064/5114/4138 4065/5116/4140
f 4043/5093/4119 4042/5091/4117 4057/5115/4139 4058/5117/4141
f 4051/5094/4120 4050/5092/4118 4065/5116/4140 4066/5102/4127
f 4044/5096/4121 4043/5095/4119 4058/5118/4141 4059/5104/4129
f 4056/5112/4137 4055/5110/4135 4070/5119/4142 4071/5120/4143
f 4064/5121/4138 4063/5122/4136 4078/5123/4144 4079/5124/4145
f 4057/5115/4139 4056/5112/4137 4071/5120/4143 4072/5125/4146
f 4065/5116/4140 4064/5114/4138 4079/5126/4145 4080/5127/4147
f 4058/5117/4141 4057/5115/4139 4072/5125/4146 4073/5128/4148
f 4066/5102/4127 4065/5116/4140 4080/5127/4147 4081/5129/4149
f 4059/5130/4129 4058/5131/4141 4073/5132/4148 4074/5133/4150
f 4067/5103/4128 4066/5102/4127 4081/5129/4149 4082/5134/4151
f 4060/5135/4130 4059/5130/4129 4074/5133/4150 4075/5136/4152
f 4068/5106/4131 4067/5103/4128 4082/5134/4151 4083/5137/4153
f 4061/5138/4132 4060/5135/4130 4075/5136/4152 4076/5139/4154
f 4054/5108/4133 4099/5076/63 4069/5140/4155
f 4325/5078/66 4068/5106/4131 4083/5137/4153
f 4062/5141/4134 4061/5138/4132 4076/5139/4154 4077/5142/4156
f 4055/5110/4135 4054/5108/4133 4069/5140/4155 4070/5119/4142
f 4063/5122/4136 4062/5141/4134 4077/5142/4156 4078/5123/4144
f 4075/5136/4152 4074/5133/4150 4089/5143/4157 4090/5144/4158
f 4083/5137/4153 4082/5134/4151 4097/5145/4159 4098/5146/4160
f 4076/5139/4154 4075/5136/4152 4090/5144/4158 4091/5147/4161
f 4069/5140/4155 4099/5076/63 4084/5148/4162
f 4325/5078/66 4083/5137/4153 4098/5146/4160
f 4077/5142/4156 4076/5139/4154 4091/5147/4161 4092/5149/4163
f 4070/5119/4142 4069/5140/4155 4084/5148/4162 4085/5150/4164
f 4078/5123/4144 4077/5142/4156 4092/5149/4163 4093/5151/4165
f 4071/5120/4143 4070/5119/4142 4085/5150/4164 4086/5152/4166
f 4079/5124/4145 4078/5123/4144 4093/5151/4165 4094/5153/4167
f 4072/5125/4146 4071/5120/4143 4086/5152/4166 4087/5154/4168
f 4080/5127/4147 4079/5126/4145 4094/5155/4167 4095/5156/4169
f 4073/5128/4148 4072/5125/4146 4087/5154/4168 4088/5157/4170
f 4081/5129/4149 4080/5127/4147 4095/5156/4169 4096/5158/4171
f 4074/5133/4150 4073/5132/4148 4088/5159/4170 4089/5143/4157
f 4082/5134/4151 4081/5129/4149 4096/5158/4171 4097/5145/4159
f 4094/5153/4167 4093/5151/4165 4109/5160/4172 4110/5161/4173
f 4087/5154/4168 4086/5152/4166 4102/5162/4174 4103/5163/4175
f 4095/5164/4169 4094/5153/4167 4110/5161/4173 4111/5165/4176
f 4088/5157/4170 4087/5154/4168 4103/5163/4175 4104/5166/4177
f 4096/5158/4171 4095/5156/4169 4111/5167/4176 4112/5168/4178
f 4089/5143/4157 4088/5159/4170 4104/5169/4177 4105/5170/4179
f 4097/5145/4159 4096/5158/4171 4112/5168/4178 4113/5171/4180
f 4090/5144/4158 4089/5143/4157 4105/5170/4179 4106/5172/4181
f 4098/5146/4160 4097/5145/4159 4113/5171/4180 4114/5173/4182
f 4091/5147/4161 4090/5144/4158 4106/5172/4181 4107/5174/4183
f 4084/5148/4162 4099/5076/63 4100/5175/4184
f 4325/5078/66 4098/5146/4160 4114/5173/4182
f 4092/5149/4163 4091/5147/4161 4107/5174/4183 4108/5176/4185
f 4085/5150/4164 4084/5148/4162 4100/5175/4184 4101/5177/4186
f 4093/5151/4165 4092/5149/4163 4108/5176/4185 4109/5160/4172
f 4086/5152/4166 4085/5150/4164 4101/5177/4186 4102/5162/4174
f 4114/5173/4182 4113/5171/4180 4128/5178/4187 4129/5179/4188
f 4107/5174/4183 4106/5172/4181 4121/5180/4189 4122/5181/4190
f 4100/5175/4184 4099/5076/63 4115/5182/4191
f 4325/5078/66 4114/5173/4182 4129/5179/4188
f 4108/5176/4185 4107/5174/4183 4122/5181/4190 4123/5183/4192
f 4101/5177/4186 4100/5175/4184 4115/5182/4191 4116/5184/4193
f 4109/5160/4172 4108/5176/4185 4123/5183/4192 4124/5185/4194
f 4102/5162/4174 4101/5177/4186 4116/5184/4193 4117/5186/4195
f 4110/5161/4173 4109/5160/4172 4124/5185/4194 4125/5187/4196
f 4103/5163/4175 4102/5162/4174 4117/5186/4195 4118/5188/4197
f 4111/5165/4176 4110/5161/4173 4125/5187/4196 4126/5189/4198
f 4104/5169/4177 4103/5190/4175 4118/5191/4197 4119/5192/4199
f 4112/5168/4178 4111/5167/4176 4126/5193/4198 4127/5194/4200
f 4105/5170/4179 4104/5169/4177 4119/5192/4199 4120/5195/4201
f 4113/5171/4180 4112/5168/4178 4127/5194/4200 4128/5178/4187
f 4106/5172/4181 4105/5170/4179 4120/5195/4201 4121/5180/4189
f 4126/5189/4198 4125/5187/4196 4140/5196/4202 4141/5197/4203
f 4119/5192/4199 4118/5191/4197 4133/5198/4204 4134/5199/4205
f 4127/5194/4200 4126/5193/4198 4141/5200/4203 4142/5201/4206
f 4120/5195/4201 4119/5192/4199 4134/5199/4205 4135/5202/4207
f 4128/5178/4187 4127/5194/4200 4142/5201/4206 4143/5203/4208
f 4121/5180/4189 4120/5195/4201 4135/5202/4207 4136/5204/4209
f 4129/5179/4188 4128/5178/4187 4143/5203/4208 4144/5205/4210
f 4122/5181/4190 4121/5180/4189 4136/5204/4209 4137/5206/201
f 4115/5182/4191 4099/5076/63 4130/5207/4211
f 4325/5078/66 4129/5179/4188 4144/5205/4210
f 4123/5183/4192 4122/5181/4190 4137/5206/201 4138/5208/4212
f 4116/5184/4193 4115/5182/4191 4130/5207/4211 4131/5209/4213
f 4124/5185/4194 4123/5183/4192 4138/5208/4212 4139/5210/4214
f 4117/5186/4195 4116/5184/4193 4131/5209/4213 4132/5211/4215
f 4125/5187/4196 4124/5185/4194 4139/5210/4214 4140/5196/4202
f 4118/5188/4197 4117/5186/4195 4132/5211/4215 4133/5212/4204
f 4130/5207/4211 4099/5076/63 4145/5213/4216
f 4325/5078/66 4144/5205/4210 4159/5214/4217
f 4138/5208/4212 4137/5206/201 4152/5215/4218 4153/5216/4219
f 4131/5209/4213 4130/5207/4211 4145/5213/4216 4146/5217/4220
f 4139/5210/4214 4138/5208/4212 4153/5216/4219 4154/5218/4221
f 4132/5211/4215 4131/5209/4213 4146/5217/4220 4147/5219/4222
f 4140/5196/4202 4139/5210/4214 4154/5218/4221 4155/5220/4223
f 4133/5212/4204 4132/5211/4215 4147/5219/4222 4148/5221/4224
f 4141/5197/4203 4140/5196/4202 4155/5220/4223 4156/5222/4225
f 4134/5199/4205 4133/5198/4204 4148/5223/4224 4149/5224/4226
f 4142/5201/4206 4141/5200/4203 4156/5225/4225 4157/5226/4227
f 4135/5202/4207 4134/5199/4205 4149/5224/4226 4150/5227/4228
f 4143/5203/4208 4142/5201/4206 4157/5226/4227 4158/5228/4229
f 4136/5204/4209 4135/5202/4207 4150/5227/4228 4151/5229/4230
f 4144/5205/4210 4143/5203/4208 4158/5228/4229 4159/5214/4217
f 4137/5206/201 4136/5204/4209 4151/5229/4230 4152/5215/4218
f 4149/5224/4226 4148/5223/4224 4163/5230/4231 4164/5231/4232
f 4157/5226/4227 4156/5225/4225 4171/5232/4233 4172/5233/4234
f 4150/5227/4228 4149/5224/4226 4164/5231/4232 4165/5234/4235
f 4158/5228/4229 4157/5226/4227 4172/5233/4234 4173/5235/4236
f 4151/5229/4230 4150/5227/4228 4165/5234/4235 4166/5236/4237
f 4159/5214/4217 4158/5228/4229 4173/5235/4236 4174/5237/4238
f 4152/5215/4218 4151/5229/4230 4166/5236/4237 4167/5238/4239
f 4145/5213/4216 4099/5076/63 4160/5239/4240
f 4325/5078/66 4159/5214/4217 4174/5237/4238
f 4153/5216/4219 4152/5215/4218 4167/5238/4239 4168/5240/4241
f 4146/5217/4220 4145/5213/4216 4160/5239/4240 4161/5241/4242
f 4154/5218/4221 4153/5216/4219 4168/5240/4241 4169/5242/4243
f 4147/5219/4222 4146/5217/4220 4161/5241/4242 4162/5243/4244
f 4155/5220/4223 4154/5218/4221 4169/5242/4243 4170/5244/4245
f 4148/5221/4224 4147/5219/4222 4162/5243/4244 4163/5245/4231
f 4156/5222/4225 4155/5220/4223 4170/5244/4245 4171/5246/4233
f 4168/5240/4241 4167/5238/4239 4182/5247/4246 4183/5248/4247
f 4161/5241/4242 4160/5239/4240 4175/5249/4248 4176/5250/4249
f 4169/5242/4243 4168/5240/4241 4183/5248/4247 4184/5251/4250
f 4162/5243/4244 4161/5241/4242 4176/5250/4249 4177/5252/4251
f 4170/5244/4245 4169/5242/4243 4184/5251/4250 4185/5253/4252
f 4163/5245/4231 4162/5243/4244 4177/5252/4251 4178/5254/4253
f 4171/5246/4233 4170/5244/4245 4185/5253/4252 4186/5255/4254
f 4164/5231/4232 4163/5230/4231 4178/5256/4253 4179/5257/4255
f 4172/5233/4234 4171/5232/4233 4186/5258/4254 4187/5259/4256
f 4165/5234/4235 4164/5231/4232 4179/5257/4255 4180/5260/4257
f 4173/5235/4236 4172/5233/4234 4187/5259/4256 4188/5261/4258
f 4166/5236/4237 4165/5234/4235 4180/5260/4257 4181/5262/4259
f 4174/5237/4238 4173/5235/4236 4188/5261/4258 4189/5263/4260
f 4167/5238/4239 4166/5236/4237 4181/5262/4259 4182/5247/4246
f 4160/5239/4240 4099/5076/63 4175/5249/4248
f 4325/5078/66 4174/5237/4238 4189/5263/4260
f 4187/5259/4256 4186/5258/4254 4201/5264/4261 4202/5265/4262
f 4180/5260/4257 4179/5257/4255 4194/5266/4263 4195/5267/4264
f 4188/5261/4258 4187/5259/4256 4202/5265/4262 4203/5268/4265
f 4181/5262/4259 4180/5260/4257 4195/5267/4264 4196/5269/4266
f 4189/5263/4260 4188/5261/4258 4203/5268/4265 4204/5270/4267
f 4182/5247/4246 4181/5262/4259 4196/5269/4266 4197/5271/4268
f 4175/5249/4248 4099/5076/63 4190/5272/4269
f 4325/5078/66 4189/5263/4260 4204/5270/4267
f 4183/5248/4247 4182/5247/4246 4197/5271/4268 4198/5273/4270
f 4176/5250/4249 4175/5249/4248 4190/5272/4269 4191/5274/4271
f 4184/5251/4250 4183/5248/4247 4198/5273/4270 4199/5275/4272
f 4177/5252/4251 4176/5250/4249 4191/5274/4271 4192/5276/4273
f 4185/5253/4252 4184/5251/4250 4199/5275/4272 4200/5277/4274
f 4178/5254/4253 4177/5252/4251 4192/5276/4273 4193/5278/4275
f 4186/5258/4254 4185/5279/4252 4200/5280/4274 4201/5264/4261
f 4179/5281/4255 4178/5254/4253 4193/5278/4275 4194/5282/4263
f 4191/5274/4271 4190/5272/4269 4205/5283/4276 4206/5284/4277
f 4199/5275/4272 4198/5273/4270 4213/5285/4278 4214/5286/4279
f 4192/5276/4273 4191/5274/4271 4206/5284/4277 4207/5287/4280
f 4200/5277/4274 4199/5275/4272 4214/5286/4279 4215/5288/4281
f 4193/5278/4275 4192/5276/4273 4207/5287/4280 4208/5289/4282
f 4201/5264/4261 4200/5280/4274 4215/5290/4281 4216/5291/4283
f 4194/5282/4263 4193/5278/4275 4208/5289/4282 4209/5292/4284
f 4202/5265/4262 4201/5264/4261 4216/5291/4283 4217/5293/4285
f 4195/5267/4264 4194/5266/4263 4209/5294/4284 4210/5295/4286
f 4203/5268/4265 4202/5265/4262 4217/5293/4285 4218/5296/4287
f 4196/5269/4266 4195/5267/4264 4210/5295/4286 4211/5297/4288
f 4204/5270/4267 4203/5268/4265 4218/5296/4287 4219/5298/4289
f 4197/5271/4268 4196/5269/4266 4211/5297/4288 4212/5299/4290
f 4190/5272/4269 4099/5076/63 4205/5283/4276
f 4325/5078/66 4204/5270/4267 4219/5298/4289
f 4198/5273/4270 4197/5271/4268 4212/5299/4290 4213/5285/4278
f 4210/5300/4286 4209/5292/4284 4224/5301/4291 4225/5302/4292
f 4218/5296/4287 4217/5293/4285 4232/5303/4293 4233/5304/4294
f 4211/5297/4288 4210/5295/4286 4225/5305/4292 4226/5306/4295
f 4219/5298/4289 4218/5296/4287 4233/5304/4294 4234/5307/4296
f 4212/5299/4290 4211/5297/4288 4226/5306/4295 4227/5308/4297
f 4205/5283/4276 4099/5076/63 4220/5309/4298
f 4325/5078/66 4219/5298/4289 4234/5307/4296
f 4213/5285/4278 4212/5299/4290 4227/5308/4297 4228/5310/4299
f 4206/5284/4277 4205/5283/4276 4220/5309/4298 4221/5311/4300
f 4214/5286/4279 4213/5285/4278 4228/5310/4299 4229/5312/4301
f 4207/5287/4280 4206/5284/4277 4221/5311/4300 4222/5313/4302
f 4215/5290/4281 4214/5314/4279 4229/5315/4301 4230/5316/4303
f 4208/5289/4282 4207/5287/4280 4222/5313/4302 4223/5317/4304
f 4216/5291/4283 4215/5290/4281 4230/5316/4303 4231/5318/4305
f 4209/5292/4284 4208/5289/4282 4223/5317/4304 4224/5301/4291
f 4217/5293/4285 4216/5291/4283 4231/5318/4305 4232/5303/4293
f 4229/5319/4301 4228/5320/4299 4243/5321/4306 4244/5322/4307
f 4222/5313/4302 4221/5311/4300 4236/5323/4308 4237/5324/4309
f 4230/5316/4303 4229/5315/4301 4244/5325/4307 4245/5326/4310
f 4223/5317/4304 4222/5313/4302 4237/5324/4309 4238/5327/4311
f 4231/5318/4305 4230/5316/4303 4245/5326/4310 4246/5328/4312
f 4224/5301/4291 4223/5317/4304 4238/5327/4311 4239/5329/4313
f 4232/5303/4293 4231/5318/4305 4246/5328/4312 4247/5330/4314
f 4225/5302/4292 4224/5301/4291 4239/5329/4313 4240/5331/4315
f 4233/5304/4294 4232/5303/4293 4247/5330/4314 4248/5332/4316
f 4226/5333/4295 4225/5334/4292 4240/5335/4315 4241/5336/4317
f 4234/5307/4296 4233/5304/4294 4248/5332/4316 4249/5337/4318
f 4227/5338/4297 4226/5333/4295 4241/5336/4317 4242/5339/4319
f 4220/5309/4298 4099/5076/63 4235/5340/4320
f 4325/5078/66 4234/5307/4296 4249/5337/4318
f 4228/5320/4299 4227/5338/4297 4242/5339/4319 4243/5321/4306
f 4221/5311/4300 4220/5309/4298 4235/5340/4320 4236/5323/4308
f 4248/5332/4316 4247/5330/4314 4262/5341/4321 4263/5342/4322
f 4241/5336/4317 4240/5335/4315 4255/5343/4323 4256/5344/4324
f 4249/5337/4318 4248/5332/4316 4263/5342/4322 4264/5345/4325
f 4242/5339/4319 4241/5336/4317 4256/5344/4324 4257/5346/316
f 4235/5340/4320 4099/5076/63 4250/5347/4326
f 4325/5078/66 4249/5337/4318 4264/5345/4325
f 4243/5321/4306 4242/5339/4319 4257/5346/316 4258/5348/4327
f 4236/5323/4308 4235/5340/4320 4250/5347/4326 4251/5349/4328
f 4244/5322/4307 4243/5321/4306 4258/5348/4327 4259/5350/4329
f 4237/5324/4309 4236/5323/4308 4251/5349/4328 4252/5351/4330
f 4245/5326/4310 4244/5325/4307 4259/5352/4329 4260/5353/4331
f 4238/5327/4311 4237/5324/4309 4252/5351/4330 4253/5354/4332
f 4246/5328/4312 4245/5326/4310 4260/5353/4331 4261/5355/4333
f 4239/5329/4313 4238/5327/4311 4253/5354/4332 4254/5356/4334
f 4247/5330/4314 4246/5328/4312 4261/5355/4333 4262/5341/4321
f 4240/5331/4315 4239/5329/4313 4254/5356/4334 4255/5357/4323
f 4260/5353/4331 4259/5352/4329 4274/5358/4335 4275/5359/4336
f 4253/5354/4332 4252/5351/4330 4267/5360/4337 4268/5361/4338
f 4261/5355/4333 4260/5353/4331 4275/5359/4336 4276/5362/4339
f 4254/5356/4334 4253/5354/4332 4268/5361/4338 4269/5363/4340
f 4262/5341/4321 4261/5355/4333 4276/5362/4339 4277/5364/4341
f 4255/5343/4323 4254/5365/4334 4269/5366/4340 4270/5367/4342
f 4263/5342/4322 4262/5341/4321 4277/5364/4341 4278/5368/4343
f 4256/5344/4324 4255/5343/4323 4270/5367/4342 4271/5369/4344
f 4264/5345/4325 4263/5342/4322 4278/5368/4343 4279/5370/4345
f 4257/5346/316 4256/5344/4324 4271/5369/4344 4272/5371/4346
f 4250/5347/4326 4099/5076/63 4265/5372/4347
f 4325/5078/66 4264/5345/4325 4279/5370/4345
f 4258/5348/4327 4257/5346/316 4272/5371/4346 4273/5373/4348
f 4251/5349/4328 4250/5347/4326 4265/5372/4347 4266/5374/4349
f 4259/5350/4329 4258/5348/4327 4273/5373/4348 4274/5375/4335
f 4252/5351/4330 4251/5349/4328 4266/5374/4349 4267/5360/4337
f 4279/5370/4345 4278/5368/4343 4293/5376/4350 4294/5377/4351
f 4272/5371/4346 4271/5369/4344 4286/5378/4352 4287/5379/4353
f 4265/5372/4347 4099/5076/63 4280/5380/4354
f 4325/5078/66 4279/5370/4345 4294/5377/4351
f 4273/5373/4348 4272/5371/4346 4287/5379/4353 4288/5381/4355
f 4266/5374/4349 4265/5372/4347 4280/5380/4354 4281/5382/4356
f 4274/5375/4335 4273/5373/4348 4288/5381/4355 4289/5383/4357
f 4267/5360/4337 4266/5374/4349 4281/5382/4356 4282/5384/4358
f 4275/5359/4336 4274/5358/4335 4289/5385/4357 4290/5386/4359
f 4268/5361/4338 4267/5360/4337 4282/5384/4358 4283/5387/4360
f 4276/5362/4339 4275/5359/4336 4290/5386/4359 4291/5388/4361
f 4269/5363/4340 4268/5361/4338 4283/5387/4360 4284/5389/4362
f 4277/5364/4341 4276/5362/4339 4291/5388/4361 4292/5390/4363
f 4270/5367/4342 4269/5366/4340 4284/5391/4362 4285/5392/4364
f 4278/5368/4343 4277/5364/4341 4292/5390/4363 4293/5376/4350
f 4271/5369/4344 4270/5367/4342 4285/5392/4364 4286/5378/4352
f 4283/5387/4360 4282/5384/4358 4297/5393/4365 4298/5394/4366
f 4291/5388/4361 4290/5386/4359 4305/5395/4367 4306/5396/4368
f 4284/5389/4362 4283/5387/4360 4298/5394/4366 4299/5397/4369
f 4292/5390/4363 4291/5388/4361 4306/5396/4368 4307/5398/4370
f 4285/5399/4364 4284/5389/4362 4299/5397/4369 4300/5400/4371
f 4293/5376/4350 4292/5390/4363 4307/5398/4370 4308/5401/4372
f 4286/5378/4352 4285/5392/4364 4300/5402/4371 4301/5403/4373
f 4294/5377/4351 4293/5376/4350 4308/5401/4372 4309/5404/4374
f 4287/5379/4353 4286/5378/4352 4301/5403/4373 4302/5405/4375
f 4280/5380/4354 4099/5076/63 4295/5406/4376
f 4325/5078/66 4294/5377/4351 4309/5404/4374
f 4288/5381/4355 4287/5379/4353 4302/5405/4375 4303/5407/4377
f 4281/5382/4356 4280/5380/4354 4295/5406/4376 4296/5408/4378
f 4289/5383/4357 4288/5381/4355 4303/5407/4377 4304/5409/4379
f 4282/5384/4358 4281/5382/4356 4296/5408/4378 4297/5393/4365
f 4290/5386/4359 4289/5385/4357 4304/5410/4379 4305/5395/4367
f 4302/5411/4375 4301/5412/4373 4316/5413/4380 4317/5414/4381
f 4295/5406/4376 4099/5076/63 4310/5415/4382
f 4325/5078/66 4309/5404/4374 4324/5416/4383
f 4303/5417/4377 4302/5411/4375 4317/5414/4381 4318/5418/4384
f 4296/5408/4378 4295/5406/4376 4310/5415/4382 4311/5419/4385
f 4304/5420/4379 4303/5417/4377 4318/5418/4384 4319/5421/4386
f 4297/5393/4365 4296/5408/4378 4311/5419/4385 4312/5422/4387
f 4305/5395/4367 4304/5410/4379 4319/5423/4386 4320/5424/4388
f 4298/5394/4366 4297/5393/4365 4312/5422/4387 4313/5425/4389
f 4306/5396/4368 4305/5395/4367 4320/5424/4388 4321/5426/4390
f 4299/5397/4369 4298/5394/4366 4313/5425/4389 4314/5427/4391
f 4307/5398/4370 4306/5396/4368 4321/5426/4390 4322/5428/4392
f 4300/5400/4371 4299/5397/4369 4314/5427/4391 4315/5429/4393
f 4308/5401/4372 4307/5398/4370 4322/5428/4392 4323/5430/4394
f 4301/5412/4373 4300/5431/4371 4315/5432/4393 4316/5413/4380
f 4309/5404/4374 4308/5401/4372 4323/5430/4394 4324/5416/4383
f 4321/5426/4390 4320/5424/4388 4336/5433/4395 4337/5434/4396
f 4314/5427/4391 4313/5425/4389 4329/5435/4397 4330/5436/4398
f 4322/5428/4392 4321/5426/4390 4337/5434/4396 4338/5437/4399
f 4315/5432/4393 4314/5438/4391 4330/5439/4398 4331/5440/4400
f 4323/5430/4394 4322/5428/4392 4338/5437/4399 4339/5441/4401
f 4316/5413/4380 4315/5432/4393 4331/5440/4400 4332/5442/4402
f 4324/5416/4383 4323/5430/4394 4339/5441/4401 4340/5443/4403
f 4317/5414/4381 4316/5413/4380 4332/5442/4402 4333/5444/4404
f 4310/5415/4382 4099/5076/63 4326/5445/4405
f 4325/5078/66 4324/5416/4383 4340/5443/4403
f 4318/5418/4384 4317/5414/4381 4333/5444/4404 4334/5446/4406
f 4311/5419/4385 4310/5415/4382 4326/5445/4405 4327/5447/4407
f 4319/5421/4386 4318/5418/4384 4334/5446/4406 4335/5448/4408
f 4312/5422/4387 4311/5419/4385 4327/5447/4407 4328/5449/4409
f 4320/5450/4388 4319/5421/4386 4335/5448/4408 4336/5451/4395
f 4313/5425/4389 4312/5422/4387 4328/5449/4409 4329/5435/4397
f 4326/5445/4405 4099/5076/63 4341/5452/4410
f 4325/5078/66 4340/5443/4403 4355/5453/4411
f 4334/5446/4406 4333/5444/4404 4348/5454/4412 4349/5455/4413
f 4327/5447/4407 4326/5445/4405 4341/5452/4410 4342/5456/4414
f 4335/5448/4408 4334/5446/4406 4349/5455/4413 4350/5457/4415
f 4328/5449/4409 4327/5447/4407 4342/5456/4414 4343/5458/4416
f 4336/5451/4395 4335/5448/4408 4350/5457/4415 4351/5459/4417
f 4329/5435/4397 4328/5449/4409 4343/5458/4416 4344/5460/4418
f 4337/5434/4396 4336/5433/4395 4351/5461/4417 4352/5462/4419
f 4330/5436/4398 4329/5435/4397 4344/5460/4418 4345/5463/4420
f 4338/5437/4399 4337/5434/4396 4352/5462/4419 4353/5464/4421
f 4331/5440/4400 4330/5439/4398 4345/5465/4420 4346/5466/4422
f 4339/5441/4401 4338/5437/4399 4353/5464/4421 4354/5467/4423
f 4332/5442/4402 4331/5440/4400 4346/5466/4422 4347/5468/4424
f 4340/5443/4403 4339/5441/4401 4354/5467/4423 4355/5453/4411
f 4333/5444/4404 4332/5442/4402 4347/5468/4424 4348/5454/4412
f 4345/5465/4420 4344/5469/4418 4359/5470/4425 4360/5471/4426
f 4353/5464/4421 4352/5462/4419 4367/5472/4427 4368/5473/4428
f 4346/5466/4422 4345/5465/4420 4360/5471/4426 4361/5474/4429
f 4354/5467/4423 4353/5464/4421 4368/5473/4428 4369/5475/4430
f 4347/5468/4424 4346/5466/4422 4361/5474/4429 4362/5476/4431
f 4355/5453/4411 4354/5467/4423 4369/5475/4430 4370/5477/4432
f 4348/5454/4412 4347/5468/4424 4362/5476/4431 4363/5478/4433
f 4341/5452/4410 4099/5076/63 4356/5479/4434
f 4325/5078/66 4355/5453/4411 4370/5477/4432
f 4349/5455/4413 4348/5454/4412 4363/5478/4433 4364/5480/4435
f 4342/5456/4414 4341/5452/4410 4356/5479/4434 4357/5481/4436
f 4350/5457/4415 4349/5455/4413 4364/5480/4435 4365/5482/4437
f 4343/5458/4416 4342/5456/4414 4357/5481/4436 4358/5483/4438
f 4351/5459/4417 4350/5457/4415 4365/5482/4437 4366/5484/4439
f 4344/5460/4418 4343/5458/4416 4358/5483/4438 4359/5485/4425
f 4352/5486/4419 4351/5459/4417 4366/5484/4439 4367/5487/4427
f 4364/5480/4435 4363/5478/4433 4378/5488/431 4379/5489/4440
f 4357/5481/4436 4356/5479/4434 4371/5490/4441 4372/5491/4442
f 4365/5482/4437 4364/5480/4435 4379/5489/4440 4380/5492/4443
f 4358/5483/4438 4357/5481/4436 4372/5491/4442 4373/5493/4444
f 4366/5484/4439 4365/5482/4437 4380/5492/4443 4381/5494/4445
f 4359/5485/4425 4358/5483/4438 4373/5493/4444 4374/5495/4446
f 4367/5487/4427 4366/5484/4439 4381/5494/4445 4382/5496/4447
f 4360/5471/4426 4359/5470/4425 4374/5497/4446 4375/5498/4448
f 4368/5473/4428 4367/5472/4427 4382/5499/4447 4383/5500/4449
f 4361/5474/4429 4360/5471/4426 4375/5498/4448 4376/5501/4450
f 4369/5475/4430 4368/5473/4428 4383/5500/4449 4384/5502/4451
f 4362/5476/4431 4361/5474/4429 4376/5501/4450 4377/5503/4452
f 4370/5477/4432 4369/5475/4430 4384/5502/4451 4385/5504/4453
f 4363/5478/4433 4362/5476/4431 4377/5503/4452 4378/5488/431
f 4356/5479/4434 4099/5076/63 4371/5490/4441
f 4325/5078/66 4370/5477/4432 4385/5504/4453
f 4383/5500/4449 4382/5499/4447 4397/5505/4454 4398/5506/4455
f 4376/5501/4450 4375/5498/4448 4390/5507/4456 4391/5508/4457
f 4384/5502/4451 4383/5500/4449 4398/5506/4455 4399/5509/4458
f 4377/5503/4452 4376/5501/4450 4391/5508/4457 4392/5510/4459
f 4385/5504/4453 4384/5502/4451 4399/5509/4458 4400/5511/4460
f 4378/5488/431 4377/5503/4452 4392/5510/4459 4393/5512/4461
f 4371/5490/4441 4099/5076/63 4386/5513/4462
f 4325/5078/66 4385/5504/4453 4400/5511/4460
f 4379/5489/4440 4378/5488/431 4393/5512/4461 4394/5514/4463
f 4372/5491/4442 4371/5490/4441 4386/5513/4462 4387/5515/4464
f 4380/5492/4443 4379/5489/4440 4394/5514/4463 4395/5516/4465
f 4373/5493/4444 4372/5491/4442 4387/5515/4464 4388/5517/4466
f 4381/5494/4445 4380/5492/4443 4395/5516/4465 4396/5518/4467
f 4374/5495/4446 4373/5493/4444 4388/5517/4466 4389/5519/4468
f 4382/5496/4447 4381/5494/4445 4396/5518/4467 4397/5520/4454
f 4375/5498/4448 4374/5497/4446 4389/5521/4468 4390/5507/4456
f 4395/5516/4465 4394/5514/4463 4409/5522/4469 4410/5523/4470
f 4388/5517/4466 4387/5515/4464 4402/5524/4471 4403/5525/4472
f 4396/5518/4467 4395/5516/4465 4410/5523/4470 4411/5526/4473
f 4389/5519/4468 4388/5517/4466 4403/5525/4472 4404/5527/4474
f 4397/5520/4454 4396/5518/4467 4411/5526/4473 4412/5528/4475
f 4390/5507/4456 4389/5521/4468 4404/5529/4474 4405/5530/4476
f 4398/5506/4455 4397/5505/4454 4412/5531/4475 4413/5532/4477
f 4391/5508/4457 4390/5507/4456 4405/5530/4476 4406/5533/4478
f 4399/5509/4458 4398/5506/4455 4413/5532/4477 4414/5534/4479
f 4392/5510/4459 4391/5508/4457 4406/5533/4478 4407/5535/4480
f 4400/5511/4460 4399/5509/4458 4414/5534/4479 4415/5536/4481
f 4393/5512/4461 4392/5510/4459 4407/5535/4480 4408/5537/4482
f 4386/5513/4462 4099/5076/63 4401/5538/4483
f 4325/5078/66 4400/5511/4460 4415/5536/4481
f 4394/5514/4463 4393/5512/4461 4408/5537/4482 4409/5522/4469
f 4387/5515/4464 4386/5513/4462 4401/5538/4483 4402/5524/4471
f 4414/5534/4479 4413/5532/4477 4428/5539/4484 4429/5540/4485
f 4407/5535/4480 4406/5533/4478 4421/5541/4486 4422/5542/4487
f 4415/5536/4481 4414/5534/4479 4429/5540/4485 4430/5543/4488
f 4408/5537/4482 4407/5535/4480 4422/5542/4487 4423/5544/4489
f 4401/5538/4483 4099/5076/63 4416/5545/4490
f 4325/5078/66 4415/5536/4481 4430/5543/4488
f 4409/5522/4469 4408/5537/4482 4423/5544/4489 4424/5546/4491
f 4402/5524/4471 4401/5538/4483 4416/5545/4490 4417/5547/4492
f 4410/5523/4470 4409/5522/4469 4424/5546/4491 4425/5548/4493
f 4403/5525/4472 4402/5524/4471 4417/5547/4492 4418/5549/4494
f 4411/5526/4473 4410/5523/4470 4425/5548/4493 4426/5550/4495
f 4404/5527/4474 4403/5525/4472 4418/5549/4494 4419/5551/4496
f 4412/5528/4475 4411/5526/4473 4426/5550/4495 4427/5552/4497
f 4405/5530/4476 4404/5529/4474 4419/5553/4496 4420/5554/4498
f 4413/5532/4477 4412/5531/4475 4427/5555/4497 4428/5539/4484
f 4406/5533/4478 4405/5530/4476 4420/5554/4498 4421/5541/4486
f 4418/5549/4494 4417/5547/4492 4432/5556/4499 4433/5557/4500
f 4426/5550/4495 4425/5548/4493 4440/5558/4501 4441/5559/4502
f 4419/5551/4496 4418/5549/4494 4433/5557/4500 4434/5560/4503
f 4427/5555/4497 4426/5561/4495 4441/5562/4502 4442/5563/4504
f 4420/5564/4498 4419/5551/4496 4434/5560/4503 4435/5565/4505
f 4428/5539/4484 4427/5555/4497 4442/5563/4504 4443/5566/4506
f 4421/5541/4486 4420/5554/4498 4435/5567/4505 4436/5568/4507
f 4429/5540/4485 4428/5539/4484 4443/5566/4506 4444/5569/4508
f 4422/5542/4487 4421/5541/4486 4436/5568/4507 4437/5570/4509
f 4430/5543/4488 4429/5540/4485 4444/5569/4508 4445/5571/4510
f 4423/5544/4489 4422/5542/4487 4437/5570/4509 4438/5572/4511
f 4416/5545/4490 4099/5076/63 4431/5573/4512
f 4325/5078/66 4430/5543/4488 4445/5571/4510
f 4424/5546/4491 4423/5544/4489 4438/5572/4511 4439/5574/4513
f 4417/5547/4492 4416/5545/4490 4431/5573/4512 4432/5556/4499
f 4425/5548/4493 4424/5546/4491 4439/5574/4513 4440/5558/4501
f 4437/5570/4509 4436/5568/4507 4451/5575/4514 4452/5576/4515
f 4445/5571/4510 4444/5569/4508 4459/5577/4516 4460/5578/4517
f 4438/5572/4511 4437/5570/4509 4452/5576/4515 4453/5579/4518
f 4431/5573/4512 4099/5076/63 4446/5580/4519
f 4325/5078/66 4445/5571/4510 4460/5578/4517
f 4439/5574/4513 4438/5572/4511 4453/5579/4518 4454/5581/4520
f 4432/5556/4499 4431/5573/4512 4446/5580/4519 4447/5582/4521
f 4440/5558/4501 4439/5574/4513 4454/5581/4520 4455/5583/4522
f 4433/5557/4500 4432/5556/4499 4447/5582/4521 4448/5584/4523
f 4441/5559/4502 4440/5558/4501 4455/5583/4522 4456/5585/4524
f 4434/5560/4503 4433/5557/4500 4448/5584/4523 4449/5586/4525
f 4442/5563/4504 4441/5562/4502 4456/5587/4524 4457/5588/4526
f 4435/5565/4505 4434/5560/4503 4449/5586/4525 4450/5589/4527
f 4443/5566/4506 4442/5563/4504 4457/5588/4526 4458/5590/4528
f 4436/5568/4507 4435/5567/4505 4450/5591/4527 4451/5575/4514
f 4444/5569/4508 4443/5566/4506 4458/5590/4528 4459/5577/4516
f 4456/5585/4524 4455/5583/4522 4470/5592/4529 4471/5593/4530
f 4449/5586/4525 4448/5584/4523 4463/5594/4531 4464/5595/4532
f 4457/5588/4526 4456/5587/4524 4471/5596/4530 4472/5597/4533
f 4450/5589/4527 4449/5586/4525 4464/5595/4532 4465/5598/4534
f 4458/5590/4528 4457/5588/4526 4472/5597/4533 4473/5599/4535
f 4451/5575/4514 4450/5591/4527 4465/5600/4534 4466/5601/4536
f 4459/5577/4516 4458/5590/4528 4473/5599/4535 4474/5602/4537
f 4452/5576/4515 4451/5575/4514 4466/5601/4536 4467/5603/4538
f 4460/5578/4517 4459/5577/4516 4474/5602/4537 4475/5604/4539
f 4453/5579/4518 4452/5576/4515 4467/5603/4538 4468/5605/4540
f 4446/5580/4519 4099/5076/63 4461/5606/4541
f 4325/5078/66 4460/5578/4517 4475/5604/4539
f 4454/5581/4520 4453/5579/4518 4468/5605/4540 4469/5607/4542
f 4447/5582/4521 4446/5580/4519 4461/5606/4541 4462/5608/4543
f 4455/5583/4522 4454/5581/4520 4469/5607/4542 4470/5592/4529
f 4448/5584/4523 4447/5582/4521 4462/5608/4543 4463/5594/4531
f 4475/5604/4539 4474/5602/4537 4489/5609/4544 4490/5610/4545
f 4468/5611/4540 4467/5612/4538 4482/5613/4546 4483/5614/4547
f 4461/5606/4541 4099/5076/63 4476/5615/4548
f 4325/5078/66 4475/5604/4539 4490/5610/4545
f 4469/5616/4542 4468/5611/4540 4483/5614/4547 4484/5617/4549
f 4462/5608/4543 4461/5606/4541 4476/5615/4548 4477/5618/4550
f 4470/5619/4529 4469/5616/4542 4484/5617/4549 4485/5620/4551
f 4463/5594/4531 4462/5608/4543 4477/5618/4550 4478/5621/4552
f 4471/5596/4530 4470/5622/4529 4485/5623/4551 4486/5624/4553
f 4464/5595/4532 4463/5594/4531 4478/5621/4552 4479/5625/4554
f 4472/5597/4533 4471/5596/4530 4486/5624/4553 4487/5626/4555
f 4465/5598/4534 4464/5595/4532 4479/5625/4554 4480/5627/4556
f 4473/5599/4535 4472/5597/4533 4487/5626/4555 4488/5628/4557
f 4466/5629/4536 4465/5598/4534 4480/5627/4556 4481/5630/4558
f 4474/5602/4537 4473/5599/4535 4488/5628/4557 4489/5609/4544
f 4467/5612/4538 4466/5631/4536 4481/5632/4558 4482/5613/4546
f 4479/5625/4554 4478/5621/4552 4018/5054/4088 4493/5053/4087
f 4487/5626/4555 4486/5624/4553 4023/5049/4083 4496/5057/4091
f 4480/5627/4556 4479/5625/4554 4493/5053/4087 4019/5059/4093
f 4488/5628/4557 4487/5626/4555 4496/5057/4091 4497/5061/4095
f 4481/5632/4558 4480/5633/4556 4019/5064/4093 4494/5063/4097
f 4489/5609/4544 4488/5628/4557 4497/5061/4095 4498/5067/4099
f 4482/5613/4546 4481/5632/4558 4494/5063/4097 4020/5069/4101
f 4490/5610/4545 4489/5609/4544 4498/5067/4099 4499/5071/4103
f 4483/5614/4547 4482/5613/4546 4020/5069/4101 4021/5073/68
f 4476/5615/4548 4099/5076/63 4491/5075/4106
f 4325/5078/66 4490/5610/4545 4499/5071/4103
f 4484/5617/4549 4483/5614/4547 4021/5073/68 4022/5079/4108
f 4477/5618/4550 4476/5615/4548 4491/5075/4106 4492/5081/4110
f 4485/5620/4551 4484/5617/4549 4022/5079/4108 4495/5083/4084
f 4478/5621/4552 4477/5618/4550 4492/5081/4110 4018/5054/4088
f 4486/5624/4553 4485/5623/4551 4495/5050/4084 4023/5049/4083
f 4978/5634/1663 4505/5635/1659 4516/5636/1660 4517/5637/1664
f 4501/5638/1665 4975/5639/1661 4509/5640/1662 4510/5641/1666
f 4979/5642/1667 4978/5643/1663 4517/5644/1664 4518/5645/1668
f 4976/5646/1669 4501/5638/1665 4510/5641/1666 4511/5647/1670
f 4980/5648/1671 4979/5642/1667 4518/5645/1668 4519/5649/1672
f 4502/5650/1673 4976/5646/1669 4511/5647/1670 4512/5651/1674
f 4981/5652/1675 4980/5648/1671 4519/5649/1672 4520/5653/1676
f 4503/5654/68 4502/5650/1673 4512/5651/1674 4513/5655/1677
f 4973/5656/1678 4581/5657/63 4506/5658/1679
f 4807/5659/66 4981/5652/1675 4520/5653/1676
f 4504/5660/1652 4503/5654/68 4513/5655/1677 4514/5661/1653
f 4974/5662/1656 4973/5656/1678 4506/5658/1679 4507/5663/1657
f 4977/5664/1651 4504/5660/1652 4514/5661/1653 4515/5665/1654
f 4500/5666/1655 4974/5662/1656 4507/5663/1657 4508/5667/1658
f 4505/5635/1659 4977/5664/1651 4515/5665/1654 4516/5636/1660
f 4975/5668/1661 4500/5666/1655 4508/5667/1658 4509/5669/1662
f 4516/5636/1660 4515/5665/1654 4530/5670/1685 4531/5671/1687
f 4509/5669/1662 4508/5667/1658 4523/5672/1686 4524/5673/1688
f 4517/5637/1664 4516/5636/1660 4531/5671/1687 4532/5674/1689
f 4510/5641/1666 4509/5640/1662 4524/5675/1688 4525/5676/1690
f 4518/5645/1668 4517/5644/1664 4532/5677/1689 4533/5678/1691
f 4511/5647/1670 4510/5641/1666 4525/5676/1690 4526/5679/1692
f 4519/5649/1672 4518/5645/1668 4533/5678/1691 4534/5680/1693
f 4512/5651/1674 4511/5647/1670 4526/5679/1692 4527/5681/1694
f 4520/5653/1676 4519/5649/1672 4534/5680/1693 4535/5682/1680
f 4513/5655/1677 4512/5651/1674 4527/5681/1694 4528/5683/1681
f 4506/5658/1679 4581/5657/63 4521/5684/1683
f 4807/5659/66 4520/5653/1676 4535/5682/1680
f 4514/5661/1653 4513/5655/1677 4528/5683/1681 4529/5685/1682
f 4507/5663/1657 4506/5658/1679 4521/5684/1683 4522/5686/1684
f 4515/5665/1654 4514/5661/1653 4529/5685/1682 4530/5670/1685
f 4508/5667/1658 4507/5663/1657 4522/5686/1684 4523/5672/1686
f 4535/5682/1680 4534/5680/1693 4549/5687/1699 4550/5688/1701
f 4528/5683/1681 4527/5681/1694 4542/5689/1700 4543/5690/1702
f 4521/5684/1683 4581/5657/63 4536/5691/1703
f 4807/5659/66 4535/5682/1680 4550/5688/1701
f 4529/5685/1682 4528/5683/1681 4543/5690/1702 4544/5692/1704
f 4522/5686/1684 4521/5684/1683 4536/5691/1703 4537/5693/1705
f 4530/5670/1685 4529/5685/1682 4544/5692/1704 4545/5694/1706
f 4523/5672/1686 4522/5686/1684 4537/5693/1705 4538/5695/1707
f 4531/5671/1687 4530/5670/1685 4545/5694/1706 4546/5696/1708
f 4524/5673/1688 4523/5672/1686 4538/5695/1707 4539/5697/1709
f 4532/5674/1689 4531/5671/1687 4546/5696/1708 4547/5698/1695
f 4525/5676/1690 4524/5675/1688 4539/5699/1709 4540/5700/1697
f 4533/5678/1691 4532/5677/1689 4547/5701/1695 4548/5702/1696
f 4526/5679/1692 4525/5676/1690 4540/5700/1697 4541/5703/1698
f 4534/5680/1693 4533/5678/1691 4548/5702/1696 4549/5687/1699
f 4527/5681/1694 4526/5679/1692 4541/5703/1698 4542/5689/1700
f 4539/5697/1709 4538/5695/1707 4553/5704/1714 4554/5705/1716
f 4547/5698/1695 4546/5696/1708 4561/5706/1715 4562/5707/1717
f 4540/5700/1697 4539/5699/1709 4554/5708/1716 4555/5709/1718
f 4548/5702/1696 4547/5701/1695 4562/5710/1717 4563/5711/1719
f 4541/5703/1698 4540/5700/1697 4555/5709/1718 4556/5712/1720
f 4549/5687/1699 4548/5702/1696 4563/5711/1719 4564/5713/1721
f 4542/5689/1700 4541/5703/1698 4556/5712/1720 4557/5714/1722
f 4550/5688/1701 4549/5687/1699 4564/5713/1721 4565/5715/1723
f 4543/5690/1702 4542/5689/1700 4557/5714/1722 4558/5716/1724
f 4536/5691/1703 4581/5657/63 4551/5717/1710
f 4807/5659/66 4550/5688/1701 4565/5715/1723
f 4544/5692/1704 4543/5690/1702 4558/5716/1724 4559/5718/1712
f 4537/5693/1705 4536/5691/1703 4551/5717/1710 4552/5719/1711
f 4545/5694/1706 4544/5692/1704 4559/5718/1712 4560/5720/1713
f 4538/5695/1707 4537/5693/1705 4552/5719/1711 4553/5704/1714
f 4546/5696/1708 4545/5694/1706 4560/5720/1713 4561/5706/1715
f 4558/5721/1724 4557/5722/1722 4572/5723/1733 4573/5724/1735
f 4551/5717/1710 4581/5657/63 4566/5725/1736
f 4807/5659/66 4565/5715/1723 4580/5726/1734
f 4559/5727/1712 4558/5721/1724 4573/5724/1735 4574/5728/1737
f 4552/5719/1711 4551/5717/1710 4566/5725/1736 4567/5729/1738
f 4560/5730/1713 4559/5727/1712 4574/5728/1737 4575/5731/1739
f 4553/5704/1714 4552/5719/1711 4567/5729/1738 4568/5732/1725
f 4561/5733/1715 4560/5730/1713 4575/5731/1739 4576/5734/1727
f 4554/5705/1716 4553/5704/1714 4568/5732/1725 4569/5735/1726
f 4562/5710/1717 4561/5736/1715 4576/5737/1727 4577/5738/1728
f 4555/5739/1718 4554/5705/1716 4569/5735/1726 4570/5740/1729
f 4563/5711/1719 4562/5710/1717 4577/5738/1728 4578/5741/1730
f 4556/5712/1720 4555/5709/1718 4570/5742/1729 4571/5743/1731
f 4564/5713/1721 4563/5711/1719 4578/5741/1730 4579/5744/1732
f 4557/5722/1722 4556/5745/1720 4571/5746/1731 4572/5723/1733
f 4565/5715/1723 4564/5713/1721 4579/5744/1732 4580/5726/1734
f 4577/5747/1728 4576/5734/1727 4592/5748/1748 4593/5749/1750
f 4570/5750/1729 4569/5751/1726 4585/5752/1749 4586/5753/1751
f 4578/5741/1730 4577/5738/1728 4593/5754/1750 4594/5755/1752
f 4571/5746/1731 4570/5750/1729 4586/5753/1751 4587/5756/1753
f 4579/5744/1732 4578/5741/1730 4594/5755/1752 4595/5757/1754
f 4572/5723/1733 4571/5746/1731 4587/5756/1753 4588/5758/1740
f 4580/5726/1734 4579/5744/1732 4595/5757/1754 4596/5759/1743
f 4573/5724/1735 4572/5723/1733 4588/5758/1740 4589/5760/1741
f 4566/5725/1736 4581/5657/63 4582/5761/1742
f 4807/5659/66 4580/5726/1734 4596/5759/1743
f 4574/5728/1737 4573/5724/1735 4589/5760/1741 4590/5762/1744
f 4567/5729/1738 4566/5725/1736 4582/5761/1742 4583/5763/1745
f 4575/5731/1739 4574/5728/1737 4590/5762/1744 4591/5764/1746
f 4568/5732/1725 4567/5729/1738 4583/5763/1745 4584/5765/1747
f 4576/5734/1727 4575/5731/1739 4591/5764/1746 4592/5748/1748
f 4569/5735/1726 4568/5732/1725 4584/5765/1747 4585/5766/1749
f 4582/5761/1742 4581/5657/63 4597/5767/1765
f 4807/5659/66 4596/5759/1743 4611/5768/1763
f 4590/5762/1744 4589/5760/1741 4604/5769/1764 4605/5770/1766
f 4583/5763/1745 4582/5761/1742 4597/5767/1765 4598/5771/1767
f 4591/5764/1746 4590/5762/1744 4605/5770/1766 4606/5772/1768
f 4584/5765/1747 4583/5763/1745 4598/5771/1767 4599/5773/1769
f 4592/5748/1748 4591/5764/1746 4606/5772/1768 4607/5774/1755
f 4585/5766/1749 4584/5765/1747 4599/5773/1769 4600/5775/1757
f 4593/5749/1750 4592/5748/1748 4607/5774/1755 4608/5776/1756
f 4586/5753/1751 4585/5752/1749 4600/5777/1757 4601/5778/1758
f 4594/5755/1752 4593/5754/1750 4608/5779/1756 4609/5780/1759
f 4587/5756/1753 4586/5753/1751 4601/5778/1758 4602/5781/1760
f 4595/5757/1754 4594/5755/1752 4609/5780/1759 4610/5782/1761
f 4588/5758/1740 4587/5756/1753 4602/5781/1760 4603/5783/1762
f 4596/5759/1743 4595/5757/1754 4610/5782/1761 4611/5768/1763
f 4589/5760/1741 4588/5758/1740 4603/5783/1762 4604/5769/1764
f 4601/5778/1758 4600/5777/1757 4615/5784/1777 4616/5785/1779
f 4609/5780/1759 4608/5779/1756 4623/5786/1778 4624/5787/1780
f 4602/5781/1760 4601/5778/1758 4616/5785/1779 4617/5788/1781
f 4610/5782/1761 4609/5780/1759 4624/5787/1780 4625/5789/1782
f 4603/5783/1762 4602/5781/1760 4617/5788/1781 4618/5790/1783
f 4611/5768/1763 4610/5782/1761 4625/5789/1782 4626/5791/1771
f 4604/5769/1764 4603/5783/1762 4618/5790/1783 4619/5792/201
f 4597/5767/1765 4581/5657/63 4612/5793/1770
f 4807/5659/66 4611/5768/1763 4626/5791/1771
f 4605/5770/1766 4604/5769/1764 4619/5792/201 4620/5794/1772
f 4598/5771/1767 4597/5767/1765 4612/5793/1770 4613/5795/1773
f 4606/5772/1768 4605/5770/1766 4620/5794/1772 4621/5796/1774
f 4599/5773/1769 4598/5771/1767 4613/5795/1773 4614/5797/1775
f 4607/5774/1755 4606/5772/1768 4621/5796/1774 4622/5798/1776
f 4600/5775/1757 4599/5773/1769 4614/5797/1775 4615/5799/1777
f 4608/5776/1756 4607/5774/1755 4622/5798/1776 4623/5800/1778
f 4620/5794/1772 4619/5792/201 4634/5801/1792 4635/5802/1794
f 4613/5795/1773 4612/5793/1770 4627/5803/1793 4628/5804/1795
f 4621/5796/1774 4620/5794/1772 4635/5802/1794 4636/5805/1796
f 4614/5797/1775 4613/5795/1773 4628/5804/1795 4629/5806/1797
f 4622/5798/1776 4621/5796/1774 4636/5805/1796 4637/5807/1798
f 4615/5799/1777 4614/5797/1775 4629/5806/1797 4630/5808/1784
f 4623/5800/1778 4622/5798/1776 4637/5807/1798 4638/5809/1786
f 4616/5785/1779 4615/5784/1777 4630/5810/1784 4631/5811/1785
f 4624/5787/1780 4623/5786/1778 4638/5812/1786 4639/5813/1787
f 4617/5788/1781 4616/5785/1779 4631/5811/1785 4632/5814/1788
f 4625/5789/1782 4624/5787/1780 4639/5813/1787 4640/5815/1789
f 4618/5790/1783 4617/5788/1781 4632/5814/1788 4633/5816/1790
f 4626/5791/1771 4625/5789/1782 4640/5815/1789 4641/5817/1791
f 4619/5792/201 4618/5790/1783 4633/5816/1790 4634/5801/1792
f 4612/5793/1770 4581/5657/63 4627/5803/1793
f 4807/5659/66 4626/5791/1771 4641/5817/1791
f 4639/5813/1787 4638/5812/1786 4653/5818/1807 4654/5819/1809
f 4632/5814/1788 4631/5811/1785 4646/5820/1808 4647/5821/1810
f 4640/5815/1789 4639/5813/1787 4654/5819/1809 4655/5822/1811
f 4633/5816/1790 4632/5814/1788 4647/5821/1810 4648/5823/1812
f 4641/5817/1791 4640/5815/1789 4655/5822/1811 4656/5824/1813
f 4634/5801/1792 4633/5816/1790 4648/5823/1812 4649/5825/1799
f 4627/5803/1793 4581/5657/63 4642/5826/1801
f 4807/5659/66 4641/5817/1791 4656/5824/1813
f 4635/5802/1794 4634/5801/1792 4649/5825/1799 4650/5827/1800
f 4628/5804/1795 4627/5803/1793 4642/5826/1801 4643/5828/1802
f 4636/5805/1796 4635/5802/1794 4650/5827/1800 4651/5829/1803
f 4629/5806/1797 4628/5804/1795 4643/5828/1802 4644/5830/1804
f 4637/5807/1798 4636/5805/1796 4651/5829/1803 4652/5831/1805
f 4630/5808/1784 4629/5806/1797 4644/5830/1804 4645/5832/1806
f 4638/5809/1786 4637/5807/1798 4652/5831/1805 4653/5833/1807
f 4631/5811/1785 4630/5810/1784 4645/5834/1806 4646/5820/1808
f 4651/5829/1803 4650/5827/1800 4665/5835/1823 4666/5836/1825
f 4644/5830/1804 4643/5828/1802 4658/5837/1824 4659/5838/1826
f 4652/5831/1805 4651/5829/1803 4666/5836/1825 4667/5839/1827
f 4645/5832/1806 4644/5830/1804 4659/5838/1826 4660/5840/1828
f 4653/5833/1807 4652/5831/1805 4667/5839/1827 4668/5841/1814
f 4646/5820/1808 4645/5834/1806 4660/5842/1828 4661/5843/1816
f 4654/5819/1809 4653/5818/1807 4668/5844/1814 4669/5845/1815
f 4647/5821/1810 4646/5820/1808 4661/5843/1816 4662/5846/1817
f 4655/5822/1811 4654/5819/1809 4669/5845/1815 4670/5847/1818
f 4648/5823/1812 4647/5821/1810 4662/5846/1817 4663/5848/1819
f 4656/5824/1813 4655/5822/1811 4670/5847/1818 4671/5849/1820
f 4649/5825/1799 4648/5823/1812 4663/5848/1819 4664/5850/1821
f 4642/5826/1801 4581/5657/63 4657/5851/1822
f 4807/5659/66 4656/5824/1813 4671/5849/1820
f 4650/5827/1800 4649/5825/1799 4664/5850/1821 4665/5835/1823
f 4643/5828/1802 4642/5826/1801 4657/5851/1822 4658/5837/1824
f 4670/5847/1818 4669/5845/1815 4684/5852/1837 4685/5853/1839
f 4663/5848/1819 4662/5846/1817 4677/5854/1838 4678/5855/1840
f 4671/5849/1820 4670/5847/1818 4685/5853/1839 4686/5856/1841
f 4664/5850/1821 4663/5848/1819 4678/5855/1840 4679/5857/1842
f 4657/5851/1822 4581/5657/63 4672/5858/1843
f 4807/5659/66 4671/5849/1820 4686/5856/1841
f 4665/5835/1823 4664/5850/1821 4679/5857/1842 4680/5859/1829
f 4658/5837/1824 4657/5851/1822 4672/5858/1843 4673/5860/1831
f 4666/5836/1825 4665/5835/1823 4680/5859/1829 4681/5861/1830
f 4659/5838/1826 4658/5837/1824 4673/5860/1831 4674/5862/1832
f 4667/5839/1827 4666/5836/1825 4681/5861/1830 4682/5863/1833
f 4660/5840/1828 4659/5838/1826 4674/5862/1832 4675/5864/1834
f 4668/5844/1814 4667/5865/1827 4682/5866/1833 4683/5867/1835
f 4661/5868/1816 4660/5840/1828 4675/5864/1834 4676/5869/1836
f 4669/5845/1815 4668/5844/1814 4683/5867/1835 4684/5852/1837
f 4662/5846/1817 4661/5843/1816 4676/5870/1836 4677/5854/1838
f 4674/5862/1832 4673/5860/1831 4688/5871/1852 4689/5872/1854
f 4682/5873/1833 4681/5874/1830 4696/5875/1853 4697/5876/1855
f 4675/5864/1834 4674/5862/1832 4689/5872/1854 4690/5877/1856
f 4683/5867/1835 4682/5866/1833 4697/5878/1855 4698/5879/1857
f 4676/5869/1836 4675/5864/1834 4690/5877/1856 4691/5880/1858
f 4684/5852/1837 4683/5867/1835 4698/5879/1857 4699/5881/1844
f 4677/5882/1838 4676/5883/1836 4691/5884/1858 4692/5885/1846
f 4685/5853/1839 4684/5852/1837 4699/5881/1844 4700/5886/1845
f 4678/5887/1840 4677/5882/1838 4692/5885/1846 4693/5888/1847
f 4686/5856/1841 4685/5853/1839 4700/5886/1845 4701/5889/1848
f 4679/5890/1842 4678/5887/1840 4693/5888/1847 4694/5891/1849
f 4672/5858/1843 4581/5657/63 4687/5892/1850
f 4807/5659/66 4686/5856/1841 4701/5889/1848
f 4680/5893/1829 4679/5890/1842 4694/5891/1849 4695/5894/1851
f 4673/5860/1831 4672/5858/1843 4687/5892/1850 4688/5871/1852
f 4681/5874/1830 4680/5893/1829 4695/5894/1851 4696/5875/1853
f 4693/5888/1847 4692/5885/1846 4707/5895/1867 4708/5896/1869
f 4701/5889/1848 4700/5886/1845 4715/5897/1868 4716/5898/1870
f 4694/5891/1849 4693/5888/1847 4708/5896/1869 4709/5899/1871
f 4687/5892/1850 4581/5657/63 4702/5900/1872
f 4807/5659/66 4701/5889/1848 4716/5898/1870
f 4695/5894/1851 4694/5891/1849 4709/5899/1871 4710/5901/1873
f 4688/5871/1852 4687/5892/1850 4702/5900/1872 4703/5902/1859
f 4696/5875/1853 4695/5894/1851 4710/5901/1873 4711/5903/1861
f 4689/5872/1854 4688/5871/1852 4703/5902/1859 4704/5904/1860
f 4697/5876/1855 4696/5875/1853 4711/5903/1861 4712/5905/1862
f 4690/5877/1856 4689/5872/1854 4704/5904/1860 4705/5906/1863
f 4698/5879/1857 4697/5878/1855 4712/5907/1862 4713/5908/1864
f 4691/5884/1858 4690/5909/1856 4705/5910/1863 4706/5911/1865
f 4699/5881/1844 4698/5879/1857 4713/5908/1864 4714/5912/1866
f 4692/5885/1846 4691/5884/1858 4706/5911/1865 4707/5895/1867
f 4700/5886/1845 4699/5881/1844 4714/5912/1866 4715/5897/1868
f 4712/5905/1862 4711/5903/1861 4726/5913/1882 4727/5914/1884
f 4705/5906/1863 4704/5904/1860 4719/5915/1883 4720/5916/1885
f 4713/5917/1864 4712/5905/1862 4727/5914/1884 4728/5918/1886
f 4706/5911/1865 4705/5910/1863 4720/5919/1885 4721/5920/1887
f 4714/5912/1866 4713/5908/1864 4728/5921/1886 4729/5922/1888
f 4707/5895/1867 4706/5911/1865 4721/5920/1887 4722/5923/1874
f 4715/5897/1868 4714/5912/1866 4729/5922/1888 4730/5924/1876
f 4708/5896/1869 4707/5895/1867 4722/5923/1874 4723/5925/1875
f 4716/5898/1870 4715/5897/1868 4730/5924/1876 4731/5926/1877
f 4709/5899/1871 4708/5896/1869 4723/5925/1875 4724/5927/1878
f 4702/5900/1872 4581/5657/63 4717/5928/1879
f 4807/5659/66 4716/5898/1870 4731/5926/1877
f 4710/5901/1873 4709/5899/1871 4724/5927/1878 4725/5929/1880
f 4703/5902/1859 4702/5900/1872 4717/5928/1879 4718/5930/1881
f 4711/5903/1861 4710/5901/1873 4725/5929/1880 4726/5913/1882
f 4704/5904/1860 4703/5902/1859 4718/5930/1881 4719/5915/1883
f 4731/5926/1877 4730/5924/1876 4745/5931/1897 4746/5932/1899
f 4724/5927/1878 4723/5925/1875 4738/5933/1898 4739/5934/316
f 4717/5928/1879 4581/5657/63 4732/5935/1900
f 4807/5659/66 4731/5926/1877 4746/5932/1899
f 4725/5929/1880 4724/5927/1878 4739/5934/316 4740/5936/1901
f 4718/5930/1881 4717/5928/1879 4732/5935/1900 4733/5937/1902
f 4726/5913/1882 4725/5929/1880 4740/5936/1901 4741/5938/1889
f 4719/5915/1883 4718/5930/1881 4733/5937/1902 4734/5939/1891
f 4727/5914/1884 4726/5913/1882 4741/5938/1889 4742/5940/1890
f 4720/5916/1885 4719/5915/1883 4734/5939/1891 4735/5941/1892
f 4728/5918/1886 4727/5914/1884 4742/5940/1890 4743/5942/1893
f 4721/5920/1887 4720/5919/1885 4735/5943/1892 4736/5944/1894
f 4729/5922/1888 4728/5921/1886 4743/5945/1893 4744/5946/1895
f 4722/5923/1874 4721/5920/1887 4736/5944/1894 4737/5947/1896
f 4730/5924/1876 4729/5922/1888 4744/5946/1895 4745/5931/1897
f 4723/5925/1875 4722/5923/1874 4737/5947/1896 4738/5933/1898
f 4735/5941/1892 4734/5939/1891 4749/5948/1911 4750/5949/1913
f 4743/5942/1893 4742/5940/1890 4757/5950/1912 4758/5951/1914
f 4736/5944/1894 4735/5943/1892 4750/5952/1913 4751/5953/1915
f 4744/5946/1895 4743/5945/1893 4758/5954/1914 4759/5955/1916
f 4737/5947/1896 4736/5944/1894 4751/5953/1915 4752/5956/1917
f 4745/5931/1897 4744/5946/1895 4759/5955/1916 4760/5957/1903
f 4738/5933/1898 4737/5947/1896 4752/5956/1917 4753/5958/1905
f 4746/5932/1899 4745/5931/1897 4760/5957/1903 4761/5959/1904
f 4739/5934/316 4738/5933/1898 4753/5958/1905 4754/5960/1906
f 4732/5935/1900 4581/5657/63 4747/5961/1907
f 4807/5659/66 4746/5932/1899 4761/5959/1904
f 4740/5936/1901 4739/5934/316 4754/5960/1906 4755/5962/1908
f 4733/5937/1902 4732/5935/1900 4747/5961/1907 4748/5963/1909
f 4741/5938/1889 4740/5936/1901 4755/5962/1908 4756/5964/1910
f 4734/5939/1891 4733/5937/1902 4748/5963/1909 4749/5948/1911
f 4742/5940/1890 4741/5938/1889 4756/5964/1910 4757/5950/1912
f 4754/5960/1906 4753/5958/1905 4768/5965/1926 4769/5966/1928
f 4747/5961/1907 4581/5657/63 4762/5967/1929
f 4807/5659/66 4761/5959/1904 4776/5968/1927
f 4755/5962/1908 4754/5960/1906 4769/5966/1928 4770/5969/1930
f 4748/5963/1909 4747/5961/1907 4762/5967/1929 4763/5970/1931
f 4756/5964/1910 4755/5962/1908 4770/5969/1930 4771/5971/1932
f 4749/5948/1911 4748/5963/1909 4763/5970/1931 4764/5972/1918
f 4757/5950/1912 4756/5964/1910 4771/5971/1932 4772/5973/1920
f 4750/5949/1913 4749/5948/1911 4764/5972/1918 4765/5974/1919
f 4758/5951/1914 4757/5950/1912 4772/5973/1920 4773/5975/1921
f 4751/5953/1915 4750/5952/1913 4765/5976/1919 4766/5977/1922
f 4759/5955/1916 4758/5954/1914 4773/5978/1921 4774/5979/1923
f 4752/5956/1917 4751/5953/1915 4766/5977/1922 4767/5980/1924
f 4760/5957/1903 4759/5955/1916 4774/5979/1923 4775/5981/1925
f 4753/5958/1905 4752/5956/1917 4767/5980/1924 4768/5965/1926
f 4761/5959/1904 4760/5957/1903 4775/5981/1925 4776/5968/1927
f 4773/5975/1921 4772/5973/1920 4787/5982/1941 4788/5983/1943
f 4766/5977/1922 4765/5976/1919 4780/5984/1942 4781/5985/1944
f 4774/5979/1923 4773/5978/1921 4788/5986/1943 4789/5987/1945
f 4767/5980/1924 4766/5977/1922 4781/5985/1944 4782/5988/1946
f 4775/5981/1925 4774/5979/1923 4789/5987/1945 4790/5989/1947
f 4768/5965/1926 4767/5980/1924 4782/5988/1946 4783/5990/1933
f 4776/5968/1927 4775/5981/1925 4790/5989/1947 4791/5991/1936
f 4769/5966/1928 4768/5965/1926 4783/5990/1933 4784/5992/1934
f 4762/5967/1929 4581/5657/63 4777/5993/1935
f 4807/5659/66 4776/5968/1927 4791/5991/1936
f 4770/5969/1930 4769/5966/1928 4784/5992/1934 4785/5994/1937
f 4763/5970/1931 4762/5967/1929 4777/5993/1935 4778/5995/1938
f 4771/5971/1932 4770/5969/1930 4785/5994/1937 4786/5996/1939
f 4764/5972/1918 4763/5970/1931 4778/5995/1938 4779/5997/1940
f 4772/5973/1920 4771/5971/1932 4786/5996/1939 4787/5982/1941
f 4765/5974/1919 4764/5972/1918 4779/5997/1940 4780/5998/1942
f 4807/5659/66 4791/5991/1936 4806/5999/1956
f 4785/5994/1937 4784/5992/1934 4799/6000/1957 4800/6001/1959
f 4778/5995/1938 4777/5993/1935 4792/6002/1958 4793/6003/1960
f 4786/5996/1939 4785/5994/1937 4800/6001/1959 4801/6004/1961
f 4779/5997/1940 4778/5995/1938 4793/6003/1960 4794/6005/1962
f 4787/5982/1941 4786/5996/1939 4801/6004/1961 4802/6006/1948
f 4780/5998/1942 4779/5997/1940 4794/6005/1962 4795/6007/1950
f 4788/5986/1943 4787/6008/1941 4802/6009/1948 4803/6010/1949
f 4781/5985/1944 4780/5984/1942 4795/6011/1950 4796/6012/1951
f 4789/5987/1945 4788/5986/1943 4803/6010/1949 4804/6013/1952
f 4782/5988/1946 4781/5985/1944 4796/6012/1951 4797/6014/1953
f 4790/5989/1947 4789/5987/1945 4804/6013/1952 4805/6015/1954
f 4783/5990/1933 4782/5988/1946 4797/6014/1953 4798/6016/1955
f 4791/5991/1936 4790/5989/1947 4805/6015/1954 4806/5999/1956
f 4784/5992/1934 4783/5990/1933 4798/6016/1955 4799/6000/1957
f 4777/5993/1935 4581/5657/63 4792/6002/1958
f 4804/6013/1952 4803/6010/1949 4819/6017/1972 4820/6018/1974
f 4797/6014/1953 4796/6012/1951 4812/6019/1973 4813/6020/1975
f 4805/6015/1954 4804/6013/1952 4820/6018/1974 4821/6021/1976
f 4798/6016/1955 4797/6014/1953 4813/6020/1975 4814/6022/1977
f 4806/5999/1956 4805/6015/1954 4821/6021/1976 4822/6023/1963
f 4799/6000/1957 4798/6016/1955 4814/6022/1977 4815/6024/1964
f 4792/6002/1958 4581/5657/63 4808/6025/1966
f 4807/5659/66 4806/5999/1956 4822/6023/1963
f 4800/6001/1959 4799/6000/1957 4815/6024/1964 4816/6026/1965
f 4793/6003/1960 4792/6002/1958 4808/6025/1966 4809/6027/1967
f 4801/6004/1961 4800/6001/1959 4816/6026/1965 4817/6028/1968
f 4794/6005/1962 4793/6003/1960 4809/6027/1967 4810/6029/1969
f 4802/6006/1948 4801/6004/1961 4817/6028/1968 4818/6030/1970
f 4795/6007/1950 4794/6005/1962 4810/6029/1969 4811/6031/1971
f 4803/6010/1949 4802/6009/1948 4818/6032/1970 4819/6017/1972
f 4796/6033/1951 4795/6007/1950 4811/6031/1971 4812/6034/1973
f 4809/6027/1967 4808/6025/1966 4823/6035/1986 4824/6036/1988
f 4817/6037/1968 4816/6038/1965 4831/6039/1987 4832/6040/1989
f 4810/6029/1969 4809/6027/1967 4824/6036/1988 4825/6041/1990
f 4818/6042/1970 4817/6037/1968 4832/6040/1989 4833/6043/1991
f 4811/6031/1971 4810/6029/1969 4825/6041/1990 4826/6044/1992
f 4819/6017/1972 4818/6032/1970 4833/6045/1991 4834/6046/1978
f 4812/6034/1973 4811/6031/1971 4826/6044/1992 4827/6047/1980
f 4820/6018/1974 4819/6017/1972 4834/6046/1978 4835/6048/1979
f 4813/6049/1975 4812/6050/1973 4827/6051/1980 4828/6052/1981
f 4821/6021/1976 4820/6018/1974 4835/6048/1979 4836/6053/1982
f 4814/6054/1977 4813/6049/1975 4828/6052/1981 4829/6055/1983
f 4822/6023/1963 4821/6021/1976 4836/6053/1982 4837/6056/1984
f 4815/6057/1964 4814/6054/1977 4829/6055/1983 4830/6058/1985
f 4808/6025/1966 4581/5657/63 4823/6035/1986
f 4807/5659/66 4822/6023/1963 4837/6056/1984
f 4816/6038/1965 4815/6057/1964 4830/6058/1985 4831/6039/1987
f 4828/6052/1981 4827/6051/1980 4842/6059/2001 4843/6060/2003
f 4836/6053/1982 4835/6048/1979 4850/6061/2002 4851/6062/2004
f 4829/6055/1983 4828/6052/1981 4843/6060/2003 4844/6063/2005
f 4837/6056/1984 4836/6053/1982 4851/6062/2004 4852/6064/2006
f 4830/6058/1985 4829/6055/1983 4844/6063/2005 4845/6065/2007
f 4823/6035/1986 4581/5657/63 4838/6066/1993
f 4807/5659/66 4837/6056/1984 4852/6064/2006
f 4831/6039/1987 4830/6058/1985 4845/6065/2007 4846/6067/1995
f 4824/6036/1988 4823/6035/1986 4838/6066/1993 4839/6068/1994
f 4832/6040/1989 4831/6039/1987 4846/6067/1995 4847/6069/1996
f 4825/6041/1990 4824/6036/1988 4839/6068/1994 4840/6070/1997
f 4833/6043/1991 4832/6040/1989 4847/6069/1996 4848/6071/1998
f 4826/6044/1992 4825/6041/1990 4840/6070/1997 4841/6072/1999
f 4834/6073/1978 4833/6043/1991 4848/6071/1998 4849/6074/2000
f 4827/6051/1980 4826/6075/1992 4841/6076/1999 4842/6059/2001
f 4835/6048/1979 4834/6046/1978 4849/6077/2000 4850/6061/2002
f 4847/6069/1996 4846/6067/1995 4861/6078/2015 4862/6079/2017
f 4840/6070/1997 4839/6068/1994 4854/6080/2016 4855/6081/2018
f 4848/6071/1998 4847/6069/1996 4862/6079/2017 4863/6082/2019
f 4841/6072/1999 4840/6070/1997 4855/6081/2018 4856/6083/2020
f 4849/6074/2000 4848/6071/1998 4863/6082/2019 4864/6084/2021
f 4842/6059/2001 4841/6076/1999 4856/6085/2020 4857/6086/2008
f 4850/6061/2002 4849/6077/2000 4864/6087/2021 4865/6088/2010
f 4843/6060/2003 4842/6059/2001 4857/6086/2008 4858/6089/2009
f 4851/6062/2004 4850/6061/2002 4865/6088/2010 4866/6090/2011
f 4844/6063/2005 4843/6060/2003 4858/6089/2009 4859/6091/2012
f 4852/6064/2006 4851/6062/2004 4866/6090/2011 4867/6092/2013
f 4845/6065/2007 4844/6063/2005 4859/6091/2012 4860/6093/431
f 4838/6066/1993 4581/5657/63 4853/6094/2014
f 4807/5659/66 4852/6064/2006 4867/6092/2013
f 4846/6067/1995 4845/6065/2007 4860/6093/431 4861/6078/2015
f 4839/6068/1994 4838/6066/1993 4853/6094/2014 4854/6080/2016
f 4866/6090/2011 4865/6088/2010 4880/6095/2030 4881/6096/2032
f 4859/6091/2012 4858/6089/2009 4873/6097/2031 4874/6098/2033
f 4867/6092/2013 4866/6090/2011 4881/6096/2032 4882/6099/2034
f 4860/6093/431 4859/6091/2012 4874/6098/2033 4875/6100/2035
f 4853/6094/2014 4581/5657/63 4868/6101/2036
f 4807/5659/66 4867/6092/2013 4882/6099/2034
f 4861/6078/2015 4860/6093/431 4875/6100/2035 4876/6102/2022
f 4854/6080/2016 4853/6094/2014 4868/6101/2036 4869/6103/2024
f 4862/6079/2017 4861/6078/2015 4876/6102/2022 4877/6104/2023
f 4855/6081/2018 4854/6080/2016 4869/6103/2024 4870/6105/2025
f 4863/6082/2019 4862/6079/2017 4877/6104/2023 4878/6106/2026
f 4856/6083/2020 4855/6081/2018 4870/6105/2025 4871/6107/2027
f 4864/6084/2021 4863/6082/2019 4878/6106/2026 4879/6108/2028
f 4857/6086/2008 4856/6085/2020 4871/6109/2027 4872/6110/2029
f 4865/6088/2010 4864/6087/2021 4879/6111/2028 4880/6095/2030
f 4858/6089/2009 4857/6086/2008 4872/6110/2029 4873/6097/2031
f 4870/6105/2025 4869/6103/2024 4884/6112/2045 4885/6113/2047
f 4878/6106/2026 4877/6104/2023 4892/6114/2046 4893/6115/2048
f 4871/6107/2027 4870/6105/2025 4885/6113/2047 4886/6116/2049
f 4879/6108/2028 4878/6106/2026 4893/6115/2048 4894/6117/2050
f 4872/6110/2029 4871/6109/2027 4886/6118/2049 4887/6119/2051
f 4880/6095/2030 4879/6111/2028 4894/6120/2050 4895/6121/2037
f 4873/6097/2031 4872/6110/2029 4887/6119/2051 4888/6122/2039
f 4881/6096/2032 4880/6095/2030 4895/6121/2037 4896/6123/2038
f 4874/6098/2033 4873/6097/2031 4888/6122/2039 4889/6124/2040
f 4882/6099/2034 4881/6096/2032 4896/6123/2038 4897/6125/2041
f 4875/6100/2035 4874/6098/2033 4889/6124/2040 4890/6126/2042
f 4868/6101/2036 4581/5657/63 4883/6127/2043
f 4807/5659/66 4882/6099/2034 4897/6125/2041
f 4876/6102/2022 4875/6100/2035 4890/6126/2042 4891/6128/2044
f 4869/6103/2024 4868/6101/2036 4883/6127/2043 4884/6112/2045
f 4877/6104/2023 4876/6102/2022 4891/6128/2044 4892/6114/2046
f 4889/6124/2040 4888/6122/2039 4903/6129/2060 4904/6130/2062
f 4897/6125/2041 4896/6123/2038 4911/6131/2061 4912/6132/2063
f 4890/6126/2042 4889/6124/2040 4904/6130/2062 4905/6133/2064
f 4883/6127/2043 4581/5657/63 4898/6134/2065
f 4807/5659/66 4897/6125/2041 4912/6132/2063
f 4891/6128/2044 4890/6126/2042 4905/6133/2064 4906/6135/2066
f 4884/6112/2045 4883/6127/2043 4898/6134/2065 4899/6136/2052
f 4892/6114/2046 4891/6128/2044 4906/6135/2066 4907/6137/2054
f 4885/6113/2047 4884/6112/2045 4899/6136/2052 4900/6138/2053
f 4893/6115/2048 4892/6114/2046 4907/6137/2054 4908/6139/2055
f 4886/6116/2049 4885/6113/2047 4900/6138/2053 4901/6140/2056
f 4894/6117/2050 4893/6115/2048 4908/6139/2055 4909/6141/2057
f 4887/6119/2051 4886/6118/2049 4901/6142/2056 4902/6143/2058
f 4895/6121/2037 4894/6120/2050 4909/6144/2057 4910/6145/2059
f 4888/6122/2039 4887/6119/2051 4902/6143/2058 4903/6129/2060
f 4896/6123/2038 4895/6121/2037 4910/6145/2059 4911/6131/2061
f 4908/6139/2055 4907/6137/2054 4922/6146/2075 4923/6147/2077
f 4901/6140/2056 4900/6138/2053 4915/6148/2076 4916/6149/2078
f 4909/6141/2057 4908/6139/2055 4923/6147/2077 4924/6150/2079
f 4902/6143/2058 4901/6142/2056 4916/6151/2078 4917/6152/2080
f 4910/6145/2059 4909/6144/2057 4924/6153/2079 4925/6154/2081
f 4903/6129/2060 4902/6143/2058 4917/6152/2080 4918/6155/2067
f 4911/6131/2061 4910/6145/2059 4925/6154/2081 4926/6156/2069
f 4904/6130/2062 4903/6129/2060 4918/6155/2067 4919/6157/2068
f 4912/6132/2063 4911/6131/2061 4926/6156/2069 4927/6158/2070
f 4905/6133/2064 4904/6130/2062 4919/6157/2068 4920/6159/2071
f 4898/6134/2065 4581/5657/63 4913/6160/2072
f 4807/5659/66 4912/6132/2063 4927/6158/2070
f 4906/6135/2066 4905/6133/2064 4920/6159/2071 4921/6161/2073
f 4899/6136/2052 4898/6134/2065 4913/6160/2072 4914/6162/2074
f 4907/6137/2054 4906/6135/2066 4921/6161/2073 4922/6146/2075
f 4900/6138/2053 4899/6136/2052 4914/6162/2074 4915/6148/2076
f 4927/6158/2070 4926/6156/2069 4941/6163/2090 4942/6164/2092
f 4920/6159/2071 4919/6157/2068 4934/6165/2091 4935/6166/2093
f 4913/6160/2072 4581/5657/63 4928/6167/2094
f 4807/5659/66 4927/6158/2070 4942/6164/2092
f 4921/6161/2073 4920/6159/2071 4935/6166/2093 4936/6168/2095
f 4914/6162/2074 4913/6160/2072 4928/6167/2094 4929/6169/2096
f 4922/6146/2075 4921/6161/2073 4936/6168/2095 4937/6170/2082
f 4915/6148/2076 4914/6162/2074 4929/6169/2096 4930/6171/2084
f 4923/6147/2077 4922/6146/2075 4937/6170/2082 4938/6172/2083
f 4916/6149/2078 4915/6148/2076 4930/6171/2084 4931/6173/2085
f 4924/6153/2079 4923/6174/2077 4938/6175/2083 4939/6176/2086
f 4917/6152/2080 4916/6151/2078 4931/6177/2085 4932/6178/2087
f 4925/6154/2081 4924/6153/2079 4939/6176/2086 4940/6179/2088
f 4918/6155/2067 4917/6152/2080 4932/6178/2087 4933/6180/2089
f 4926/6156/2069 4925/6154/2081 4940/6179/2088 4941/6163/2090
f 4919/6157/2068 4918/6155/2067 4933/6180/2089 4934/6165/2091
f 4939/6176/2086 4938/6175/2083 4953/6181/2106 4954/6182/2108
f 4932/6183/2087 4931/6184/2085 4946/6185/2107 4947/6186/2109
f 4940/6179/2088 4939/6176/2086 4954/6182/2108 4955/6187/2110
f 4933/6188/2089 4932/6183/2087 4947/6186/2109 4948/6189/2111
f 4941/6163/2090 4940/6179/2088 4955/6187/2110 4956/6190/2097
f 4934/6191/2091 4933/6188/2089 4948/6189/2111 4949/6192/2099
f 4942/6164/2092 4941/6163/2090 4956/6190/2097 4957/6193/2098
f 4935/6194/2093 4934/6191/2091 4949/6192/2099 4950/6195/2100
f 4928/6167/2094 4581/5657/63 4943/6196/2101
f 4807/5659/66 4942/6164/2092 4957/6193/2098
f 4936/6197/2095 4935/6194/2093 4950/6195/2100 4951/6198/2102
f 4929/6169/2096 4928/6167/2094 4943/6196/2101 4944/6199/2103
f 4937/6200/2082 4936/6197/2095 4951/6198/2102 4952/6201/2104
f 4930/6171/2084 4929/6169/2096 4944/6199/2103 4945/6202/2105
f 4938/6203/2083 4937/6200/2082 4952/6201/2104 4953/6204/2106
f 4931/6173/2085 4930/6171/2084 4945/6202/2105 4946/6205/2107
f 4943/6196/2101 4581/5657/63 4958/6206/2122
f 4807/5659/66 4957/6193/2098 4972/6207/2120
f 4951/6198/2102 4950/6195/2100 4965/6208/2121 4966/6209/2123
f 4944/6199/2103 4943/6196/2101 4958/6206/2122 4959/6210/2124
f 4952/6201/2104 4951/6198/2102 4966/6209/2123 4967/6211/2125
f 4945/6202/2105 4944/6199/2103 4959/6210/2124 4960/6212/2126
f 4953/6204/2106 4952/6201/2104 4967/6211/2125 4968/6213/2112
f 4946/6205/2107 4945/6202/2105 4960/6212/2126 4961/6214/2114
f 4954/6215/2108 4953/6204/2106 4968/6213/2112 4969/6216/2113
f 4947/6186/2109 4946/6185/2107 4961/6217/2114 4962/6218/2115
f 4955/6187/2110 4954/6182/2108 4969/6219/2113 4970/6220/2116
f 4948/6189/2111 4947/6186/2109 4962/6218/2115 4963/6221/2117
f 4956/6190/2097 4955/6187/2110 4970/6220/2116 4971/6222/2118
f 4949/6192/2099 4948/6189/2111 4963/6221/2117 4964/6223/2119
f 4957/6193/2098 4956/6190/2097 4971/6222/2118 4972/6207/2120
f 4950/6195/2100 4949/6192/2099 4964/6223/2119 4965/6208/2121
f 4962/6218/2115 4961/6217/2114 4975/5639/1661 4501/5638/1665
f 4970/6220/2116 4969/6219/2113 4978/5643/1663 4979/5642/1667
f 4963/6221/2117 4962/6218/2115 4501/5638/1665 4976/5646/1669
f 4971/6222/2118 4970/6220/2116 4979/5642/1667 4980/5648/1671
f 4964/6223/2119 4963/6221/2117 4976/5646/1669 4502/5650/1673
f 4972/6207/2120 4971/6222/2118 4980/5648/1671 4981/5652/1675
f 4965/6208/2121 4964/6223/2119 4502/5650/1673 4503/5654/68
f 4958/6206/2122 4581/5657/63 4973/5656/1678
f 4807/5659/66 4972/6207/2120 4981/5652/1675
f 4966/6209/2123 4965/6208/2121 4503/5654/68 4504/5660/1652
f 4959/6210/2124 4958/6206/2122 4973/5656/1678 4974/5662/1656
f 4967/6211/2125 4966/6209/2123 4504/5660/1652 4977/5664/1651
f 4960/6212/2126 4959/6210/2124 4974/5662/1656 4500/5666/1655
f 4968/6213/2112 4967/6211/2125 4977/5664/1651 4505/5635/1659
f 4961/6214/2114 4960/6212/2126 4500/5666/1655 4975/5668/1661
f 4969/6216/2113 4968/6213/2112 4505/5635/1659 4978/5634/1663
