# Blender 4.2.3 LTS
# www.blender.org
mtllib lab.mtl
o Layer_001
v 2.116667 0.000000 2.116667
v 2.116667 0.500000 2.116667
v 2.116667 0.000000 1.928519
v 2.116667 0.500000 1.928519
v 2.116667 0.000000 1.740371
v 2.116667 0.500000 1.740371
v 2.116667 0.000000 1.552222
v 2.116667 0.500000 1.552222
v 2.116667 0.000000 1.364074
v 2.116667 0.500000 1.364074
v 2.116667 0.000000 1.175926
v 2.116667 0.500000 1.175926
v 2.116667 0.000000 0.987778
v 2.116667 0.500000 0.987778
v 2.116667 0.000000 0.799630
v 2.116667 0.500000 0.799630
v 2.116667 0.000000 0.611482
v 2.116667 0.500000 0.611482
v 2.116667 0.000000 0.423333
v 2.116667 0.500000 0.423333
v 2.116667 0.000000 0.000000
v 2.116667 0.500000 -0.000000
v 2.116667 -0.000000 -0.235185
v 2.116667 0.500000 -0.235185
v 2.116667 -0.000000 -0.470370
v 2.116667 0.500000 -0.470370
v 2.116667 -0.000000 -0.705555
v 2.116667 0.500000 -0.705555
v 2.116667 -0.000000 -0.940741
v 2.116667 0.500000 -0.940741
v 2.116667 -0.000000 -1.175926
v 2.116667 0.500000 -1.175926
v 2.116667 -0.000000 -1.411111
v 2.116667 0.500000 -1.411111
v 2.116667 -0.000000 -1.646296
v 2.116667 0.500000 -1.646296
v 2.116667 -0.000000 -1.881482
v 2.116667 0.500000 -1.881482
v 2.116667 -0.000000 -2.116667
v 2.116667 0.500000 -2.116667
v 1.693334 0.000000 0.846667
v 1.693334 0.500000 0.846667
v 1.693334 0.000000 0.799630
v 1.693334 0.500000 0.799630
v 1.693334 0.000000 0.752593
v 1.693334 0.500000 0.752593
v 1.693334 0.000000 0.705556
v 1.693334 0.500000 0.705556
v 1.693334 0.000000 0.658518
v 1.693334 0.500000 0.658518
v 1.693334 0.000000 0.611482
v 1.693334 0.500000 0.611482
v 1.693334 0.000000 0.564445
v 1.693334 0.500000 0.564445
v 1.693334 0.000000 0.517408
v 1.693334 0.500000 0.517408
v 1.693334 0.000000 0.470370
v 1.693334 0.500000 0.470370
v 1.693334 0.000000 0.423333
v 1.693334 0.500000 0.423333
v 1.693334 -0.000000 -0.423333
v 1.693334 0.500000 -0.423333
v 1.693334 -0.000000 -0.564445
v 1.693334 0.500000 -0.564445
v 1.693334 -0.000000 -0.705556
v 1.693334 0.500000 -0.705556
v 1.693334 -0.000000 -0.846666
v 1.693334 0.500000 -0.846666
v 1.693334 -0.000000 -0.987778
v 1.693334 0.500000 -0.987778
v 1.693334 -0.000000 -1.128889
v 1.693334 0.500000 -1.128889
v 1.693334 -0.000000 -1.270000
v 1.693334 0.500000 -1.270000
v 1.693333 -0.000000 -1.411111
v 1.693333 0.500000 -1.411111
v 1.693333 -0.000000 -1.552222
v 1.693333 0.500000 -1.552222
v 1.693333 -0.000000 -1.693333
v 1.693333 0.500000 -1.693333
v 1.270000 0.000000 2.116667
v 1.270000 0.500000 2.116667
v 1.270000 0.000000 2.069630
v 1.270000 0.500000 2.069630
v 1.270000 0.000000 2.022593
v 1.270000 0.500000 2.022593
v 1.270000 0.000000 1.975556
v 1.270000 0.500000 1.975556
v 1.270000 0.000000 1.928519
v 1.270000 0.500000 1.928519
v 1.270000 0.000000 1.881482
v 1.270000 0.500000 1.881482
v 1.270000 0.000000 1.834445
v 1.270000 0.500000 1.834445
v 1.270000 0.000000 1.787408
v 1.270000 0.500000 1.787408
v 1.270000 0.000000 1.740371
v 1.270000 0.500000 1.740371
v 1.270000 0.000000 1.693334
v 1.270000 0.500000 1.693334
v 1.270000 0.000000 1.270000
v 1.270000 0.500000 1.270000
v 1.270000 0.000000 1.222963
v 1.270000 0.500000 1.222963
v 1.270000 0.000000 1.175926
v 1.270000 0.500000 1.175926
v 1.270000 0.000000 1.128889
v 1.270000 0.500000 1.128889
v 1.270000 0.000000 1.081852
v 1.270000 0.500000 1.081852
v 1.270000 0.000000 1.034815
v 1.270000 0.500000 1.034815
v 1.270000 0.000000 0.987778
v 1.270000 0.500000 0.987778
v 1.270000 0.000000 0.940741
v 1.270000 0.500000 0.940741
v 1.270000 0.000000 0.893704
v 1.270000 0.500000 0.893704
v 1.270000 0.000000 0.846667
v 1.270000 0.500000 0.846667
v 1.270000 0.000000 0.000000
v 1.270000 0.500000 -0.000000
v 1.270000 -0.000000 -0.094074
v 1.270000 0.500000 -0.094074
v 1.270000 -0.000000 -0.188148
v 1.270000 0.500000 -0.188148
v 1.270000 -0.000000 -0.282222
v 1.270000 0.500000 -0.282222
v 1.270000 -0.000000 -0.376296
v 1.270000 0.500000 -0.376296
v 1.270000 -0.000000 -0.470370
v 1.270000 0.500000 -0.470370
v 1.270000 -0.000000 -0.564445
v 1.270000 0.500000 -0.564445
v 1.270000 -0.000000 -0.658518
v 1.270000 0.500000 -0.658518
v 1.270000 -0.000000 -0.752593
v 1.270000 0.500000 -0.752593
v 1.270000 -0.000000 -0.846667
v 1.270000 0.500000 -0.846667
v 1.270000 -0.000000 -1.693333
v 1.270000 0.500000 -1.693333
v 1.270000 -0.000000 -1.740371
v 1.270000 0.500000 -1.740371
v 1.270000 -0.000000 -1.787408
v 1.270000 0.500000 -1.787408
v 1.270000 -0.000000 -1.834444
v 1.270000 0.500000 -1.834444
v 1.270000 -0.000000 -1.881482
v 1.270000 0.500000 -1.881482
v 1.270000 -0.000000 -1.928519
v 1.270000 0.500000 -1.928519
v 1.270000 -0.000000 -1.975555
v 1.270000 0.500000 -1.975555
v 1.270000 -0.000000 -2.022593
v 1.270000 0.500000 -2.022593
v 1.270000 -0.000000 -2.069630
v 1.270000 0.500000 -2.069630
v 1.270000 -0.000000 -2.116667
v 1.270000 0.500000 -2.116667
v 0.846667 0.000000 0.846667
v 0.846667 0.500000 0.846667
v 0.846667 0.000000 0.658519
v 0.846667 0.500000 0.658519
v 0.846667 0.000000 0.470370
v 0.846667 0.500000 0.470370
v 0.846667 0.000000 0.282223
v 0.846667 0.500000 0.282223
v 0.846667 0.000000 0.094074
v 0.846667 0.500000 0.094074
v 0.846667 -0.000000 -0.094074
v 0.846667 0.500000 -0.094074
v 0.846667 -0.000000 -0.282222
v 0.846667 0.500000 -0.282222
v 0.846667 -0.000000 -0.470370
v 0.846667 0.500000 -0.470370
v 0.846667 -0.000000 -0.658518
v 0.846667 0.500000 -0.658518
v 0.846667 -0.000000 -0.846667
v 0.846667 0.500000 -0.846667
v 0.423334 0.000000 1.693334
v 0.423334 0.500000 1.693334
v 0.423334 0.000000 1.646297
v 0.423334 0.500000 1.646297
v 0.423334 0.000000 1.599259
v 0.423334 0.500000 1.599259
v 0.423334 0.000000 1.552222
v 0.423334 0.500000 1.552222
v 0.423334 0.000000 1.505185
v 0.423334 0.500000 1.505185
v 0.423334 0.000000 1.458148
v 0.423334 0.500000 1.458148
v 0.423334 0.000000 1.411111
v 0.423334 0.500000 1.411111
v 0.423334 0.000000 1.364074
v 0.423334 0.500000 1.364074
v 0.423334 0.000000 1.317037
v 0.423334 0.500000 1.317037
v 0.423334 0.000000 1.270000
v 0.423334 0.500000 1.270000
v 0.423333 0.000000 0.000000
v 0.423334 0.500000 -0.000000
v 0.423333 -0.000000 -0.047037
v 0.423334 0.500000 -0.047037
v 0.423333 -0.000000 -0.094074
v 0.423334 0.500000 -0.094074
v 0.423334 -0.000000 -0.141110
v 0.423334 0.500000 -0.141110
v 0.423333 -0.000000 -0.188148
v 0.423334 0.500000 -0.188148
v 0.423333 -0.000000 -0.235185
v 0.423334 0.500000 -0.235185
v 0.423333 -0.000000 -0.282222
v 0.423334 0.500000 -0.282222
v 0.423333 -0.000000 -0.329259
v 0.423334 0.500000 -0.329259
v 0.423333 -0.000000 -0.376296
v 0.423333 0.500000 -0.376296
v 0.423333 -0.000000 -0.423333
v 0.423333 0.500000 -0.423333
v 0.423333 -0.000000 -0.846667
v 0.423333 0.500000 -0.846667
v 0.423333 -0.000000 -0.987778
v 0.423333 0.500000 -0.987778
v 0.423333 -0.000000 -1.128889
v 0.423333 0.500000 -1.128889
v 0.423334 -0.000000 -1.269999
v 0.423334 0.500000 -1.269999
v 0.423333 -0.000000 -1.411111
v 0.423333 0.500000 -1.411111
v 0.423333 -0.000000 -1.552222
v 0.423333 0.500000 -1.552222
v 0.423333 -0.000000 -1.693333
v 0.423333 0.500000 -1.693333
v 0.423333 -0.000000 -1.834445
v 0.423333 0.500000 -1.834445
v 0.423333 -0.000000 -1.975555
v 0.423333 0.500000 -1.975555
v 0.423333 -0.000000 -2.116667
v 0.423333 0.500000 -2.116667
v 0.000001 0.000000 2.116667
v 0.000001 0.500000 2.116667
v 0.000001 0.000000 1.975556
v 0.000001 0.500000 1.975556
v 0.000001 0.000000 1.834445
v 0.000001 0.500000 1.834445
v 0.000000 0.000000 1.693334
v 0.000001 0.500000 1.693334
v 0.000000 0.000000 1.552222
v 0.000001 0.500000 1.552222
v 0.000000 0.000000 1.411111
v 0.000001 0.500000 1.411111
v 0.000000 0.000000 1.270000
v 0.000001 0.500000 1.270000
v 0.000000 0.000000 1.128889
v 0.000001 0.500000 1.128889
v 0.000000 0.000000 0.987778
v 0.000001 0.500000 0.987778
v 0.000000 0.000000 0.846667
v 0.000001 0.500000 0.846667
v 0.000000 0.000000 0.000000
v 0.000000 0.500000 -0.000000
v 0.000000 -0.000000 -0.094074
v 0.000000 0.500000 -0.094074
v 0.000000 -0.000000 -0.188148
v 0.000000 0.500000 -0.188148
v 0.000000 -0.000000 -0.282222
v 0.000000 0.500000 -0.282222
v 0.000000 -0.000000 -0.376296
v 0.000000 0.500000 -0.376296
v 0.000000 -0.000000 -0.470370
v 0.000000 0.500000 -0.470370
v 0.000000 -0.000000 -0.564445
v 0.000000 0.500000 -0.564445
v 0.000000 -0.000000 -0.658518
v 0.000000 0.500000 -0.658518
v 0.000000 -0.000000 -0.752593
v 0.000000 0.500000 -0.752593
v 0.000000 -0.000000 -0.846667
v 0.000000 0.500000 -0.846667
v 0.000000 -0.000000 -1.270000
v 0.000000 0.500000 -1.270000
v 0.000000 -0.000000 -1.317037
v 0.000000 0.500000 -1.317037
v 0.000000 -0.000000 -1.364074
v 0.000000 0.500000 -1.364074
v 0.000000 -0.000000 -1.411110
v 0.000000 0.500000 -1.411110
v 0.000000 -0.000000 -1.458148
v 0.000000 0.500000 -1.458148
v 0.000000 -0.000000 -1.505185
v 0.000000 0.500000 -1.505185
v 0.000000 -0.000000 -1.552222
v 0.000000 0.500000 -1.552222
v 0.000000 -0.000000 -1.599259
v 0.000000 0.500000 -1.599259
v 0.000000 -0.000000 -1.646297
v 0.000000 0.500000 -1.646297
v 0.000000 -0.000000 -1.693333
v 0.000000 0.500000 -1.693333
v -0.423333 0.000000 2.116667
v -0.423333 0.500000 2.116667
v -0.423333 0.000000 2.069630
v -0.423333 0.500000 2.069630
v -0.423333 0.000000 2.022593
v -0.423333 0.500000 2.022593
v -0.423333 0.000000 1.975556
v -0.423333 0.500000 1.975556
v -0.423333 0.000000 1.928519
v -0.423333 0.500000 1.928519
v -0.423333 0.000000 1.881482
v -0.423333 0.500000 1.881482
v -0.423333 0.000000 1.834445
v -0.423333 0.500000 1.834445
v -0.423333 0.000000 1.787408
v -0.423333 0.500000 1.787408
v -0.423333 0.000000 1.740371
v -0.423333 0.500000 1.740371
v -0.423333 0.000000 1.693334
v -0.423333 0.500000 1.693334
v -0.423333 0.000000 0.846667
v -0.423333 0.500000 0.846667
v -0.423333 0.000000 0.564445
v -0.423333 0.500000 0.564445
v -0.423333 0.000000 0.282223
v -0.423333 0.500000 0.282223
v -0.423333 0.000000 0.000000
v -0.423333 0.500000 -0.000000
v -0.423333 -0.000000 -0.282222
v -0.423333 0.500000 -0.282222
v -0.423333 -0.000000 -0.564445
v -0.423333 0.500000 -0.564445
v -0.423333 -0.000000 -0.846667
v -0.423333 0.500000 -0.846667
v -0.423333 -0.000000 -1.128889
v -0.423333 0.500000 -1.128889
v -0.423333 -0.000000 -1.411110
v -0.423333 0.500000 -1.411110
v -0.423333 -0.000000 -1.693333
v -0.423333 0.500000 -1.693333
v -0.846667 -0.000000 -0.846667
v -0.846667 0.500000 -0.846667
v -0.846667 -0.000000 -0.940741
v -0.846667 0.500000 -0.940741
v -0.846667 -0.000000 -1.034815
v -0.846667 0.500000 -1.034815
v -0.846667 -0.000000 -1.128888
v -0.846667 0.500000 -1.128888
v -0.846667 -0.000000 -1.222963
v -0.846667 0.500000 -1.222963
v -0.846667 -0.000000 -1.317037
v -0.846667 0.500000 -1.317037
v -0.846667 -0.000000 -1.411111
v -0.846667 0.500000 -1.411111
v -0.846667 -0.000000 -1.505185
v -0.846667 0.500000 -1.505185
v -0.846667 -0.000000 -1.599259
v -0.846667 0.500000 -1.599259
v -0.846667 -0.000000 -1.693333
v -0.846667 0.500000 -1.693333
v -1.270000 0.000000 1.693334
v -1.270000 0.500000 1.693334
v -1.270000 0.000000 1.505185
v -1.270000 0.500000 1.505185
v -1.270000 0.000000 1.317037
v -1.270000 0.500000 1.317037
v -1.270000 0.000000 1.128889
v -1.270000 0.500000 1.128889
v -1.270000 0.000000 0.940741
v -1.270000 0.500000 0.940741
v -1.270000 0.000000 0.752593
v -1.270000 0.500000 0.752593
v -1.270000 0.000000 0.564445
v -1.270000 0.500000 0.564445
v -1.270000 0.000000 0.376297
v -1.270000 0.500000 0.376297
v -1.270000 0.000000 0.188149
v -1.270000 0.500000 0.188149
v -1.270000 0.000000 0.000001
v -1.270000 0.500000 0.000001
v -1.270000 -0.000000 -1.270000
v -1.270000 0.500000 -1.270000
v -1.270000 -0.000000 -1.317037
v -1.270000 0.500000 -1.317037
v -1.270000 -0.000000 -1.364074
v -1.270000 0.500000 -1.364074
v -1.270000 -0.000000 -1.411110
v -1.270000 0.500000 -1.411110
v -1.270000 -0.000000 -1.458148
v -1.270000 0.500000 -1.458148
v -1.270000 -0.000000 -1.505185
v -1.270000 0.500000 -1.505185
v -1.270000 -0.000000 -1.552222
v -1.270000 0.500000 -1.552222
v -1.270000 -0.000000 -1.599259
v -1.270000 0.500000 -1.599259
v -1.270000 -0.000000 -1.646297
v -1.270000 0.500000 -1.646297
v -1.270000 -0.000000 -1.693333
v -1.270000 0.500000 -1.693333
v -1.693333 0.000000 1.693334
v -1.693333 0.500000 1.693334
v -1.693333 0.000000 1.646297
v -1.693333 0.500000 1.646297
v -1.693333 0.000000 1.599260
v -1.693333 0.500000 1.599260
v -1.693333 0.000000 1.552223
v -1.693333 0.500000 1.552223
v -1.693333 0.000000 1.505185
v -1.693333 0.500000 1.505185
v -1.693333 0.000000 1.458148
v -1.693333 0.500000 1.458148
v -1.693333 0.000000 1.411111
v -1.693333 0.500000 1.411111
v -1.693333 0.000000 1.364074
v -1.693333 0.500000 1.364074
v -1.693333 0.000000 1.317037
v -1.693333 0.500000 1.317037
v -1.693333 0.000000 1.270000
v -1.693333 0.500000 1.270000
v -1.693333 0.000000 0.846667
v -1.693333 0.500000 0.846667
v -1.693333 0.000000 0.705556
v -1.693333 0.500000 0.705556
v -1.693333 0.000000 0.564445
v -1.693333 0.500000 0.564445
v -1.693333 0.000000 0.423334
v -1.693333 0.500000 0.423334
v -1.693333 0.000000 0.282223
v -1.693333 0.500000 0.282223
v -1.693333 0.000000 0.141112
v -1.693333 0.500000 0.141112
v -1.693333 0.000000 0.000001
v -1.693333 0.500000 0.000001
v -1.693333 -0.000000 -0.141111
v -1.693333 0.500000 -0.141111
v -1.693333 -0.000000 -0.282222
v -1.693333 0.500000 -0.282222
v -1.693333 -0.000000 -0.423333
v -1.693333 0.500000 -0.423333
v -2.116667 0.000000 2.116667
v -2.116667 0.500000 2.116667
v -2.116667 0.000000 1.881482
v -2.116667 0.500000 1.881482
v -2.116667 0.000000 1.646297
v -2.116667 0.500000 1.646297
v -2.116666 0.000000 1.411111
v -2.116666 0.500000 1.411111
v -2.116667 0.000000 1.175926
v -2.116667 0.500000 1.175926
v -2.116667 0.000000 0.940741
v -2.116667 0.500000 0.940741
v -2.116667 0.000000 0.705556
v -2.116667 0.500000 0.705556
v -2.116667 0.000000 0.470371
v -2.116667 0.500000 0.470371
v -2.116667 0.000000 0.235186
v -2.116667 0.500000 0.235186
v -2.116667 0.000000 0.000001
v -2.116667 0.500000 0.000001
v -2.116667 -0.000000 -0.423333
v -2.116667 0.500000 -0.423333
v -2.116667 -0.000000 -0.611481
v -2.116667 0.500000 -0.611481
v -2.116667 -0.000000 -0.799629
v -2.116667 0.500000 -0.799629
v -2.116666 -0.000000 -0.987777
v -2.116666 0.500000 -0.987777
v -2.116667 -0.000000 -1.175926
v -2.116667 0.500000 -1.175926
v -2.116667 -0.000000 -1.364074
v -2.116667 0.500000 -1.364074
v -2.116667 -0.000000 -1.552222
v -2.116667 0.500000 -1.552222
v -2.116667 -0.000000 -1.740370
v -2.116667 0.500000 -1.740370
v -2.116667 -0.000000 -1.928518
v -2.116667 0.500000 -1.928518
v -2.116667 -0.000000 -2.116667
v -2.116667 0.500000 -2.116667
v 2.116667 0.000000 2.116667
v 2.116667 0.500000 2.116667
v 1.646297 0.000000 2.116667
v 1.646297 0.500000 2.116667
v 1.175926 0.000000 2.116667
v 1.175926 0.500000 2.116667
v 0.705556 0.000000 2.116667
v 0.705556 0.500000 2.116667
v 0.235185 0.000000 2.116667
v 0.235185 0.500000 2.116667
v -0.235185 0.000000 2.116667
v -0.235185 0.500000 2.116667
v -0.705555 0.000000 2.116667
v -0.705555 0.500000 2.116667
v -1.175926 0.000000 2.116667
v -1.175926 0.500000 2.116667
v -1.646296 0.000000 2.116667
v -1.646296 0.500000 2.116667
v -2.116667 0.000000 2.116667
v -2.116667 0.500000 2.116667
v 2.116667 0.000000 1.693333
v 2.116667 0.500000 1.693333
v 2.069630 0.000000 1.693333
v 2.069630 0.500000 1.693333
v 2.022593 0.000000 1.693333
v 2.022593 0.500000 1.693333
v 1.975556 0.000000 1.693333
v 1.975556 0.500000 1.693333
v 1.928519 0.000000 1.693333
v 1.928519 0.500000 1.693333
v 1.881482 0.000000 1.693333
v 1.881482 0.500000 1.693333
v 1.834445 0.000000 1.693333
v 1.834445 0.500000 1.693333
v 1.787408 0.000000 1.693333
v 1.787408 0.500000 1.693333
v 1.740371 0.000000 1.693333
v 1.740371 0.500000 1.693333
v 1.693334 0.000000 1.693333
v 1.693334 0.500000 1.693333
v 0.846667 0.000000 1.693334
v 0.846667 0.500000 1.693334
v 0.799630 0.000000 1.693334
v 0.799630 0.500000 1.693334
v 0.752593 0.000000 1.693334
v 0.752593 0.500000 1.693334
v 0.705556 0.000000 1.693334
v 0.705556 0.500000 1.693334
v 0.658519 0.000000 1.693334
v 0.658519 0.500000 1.693334
v 0.611482 0.000000 1.693334
v 0.611482 0.500000 1.693334
v 0.564445 0.000000 1.693334
v 0.564445 0.500000 1.693334
v 0.517408 0.000000 1.693334
v 0.517408 0.500000 1.693334
v 0.470371 0.000000 1.693334
v 0.470371 0.500000 1.693334
v 0.423334 0.000000 1.693334
v 0.423334 0.500000 1.693334
v -0.846667 0.000000 1.693334
v -0.846667 0.500000 1.693334
v -0.940741 0.000000 1.693334
v -0.940741 0.500000 1.693334
v -1.034814 0.000000 1.693334
v -1.034814 0.500000 1.693334
v -1.128888 0.000000 1.693334
v -1.128888 0.500000 1.693334
v -1.222962 0.000000 1.693334
v -1.222962 0.500000 1.693334
v -1.317037 0.000000 1.693334
v -1.317037 0.500000 1.693334
v -1.411111 0.000000 1.693334
v -1.411111 0.500000 1.693334
v -1.505185 0.000000 1.693334
v -1.505185 0.500000 1.693334
v -1.599259 0.000000 1.693334
v -1.599259 0.500000 1.693334
v -1.693333 0.000000 1.693334
v -1.693333 0.500000 1.693334
v 1.693334 0.000000 1.270000
v 1.693334 0.500000 1.270000
v 1.552222 0.000000 1.270000
v 1.552222 0.500000 1.270000
v 1.411111 0.000000 1.270000
v 1.411111 0.500000 1.270000
v 1.270000 0.000000 1.270000
v 1.270000 0.500000 1.270000
v 1.128889 0.000000 1.270000
v 1.128889 0.500000 1.270000
v 0.987778 0.000000 1.270000
v 0.987778 0.500000 1.270000
v 0.846667 0.000000 1.270000
v 0.846667 0.500000 1.270000
v 0.705556 0.000000 1.270000
v 0.705556 0.500000 1.270000
v 0.564445 0.000000 1.270000
v 0.564445 0.500000 1.270000
v 0.423334 0.000000 1.270000
v 0.423334 0.500000 1.270000
v 0.000001 0.000000 1.270000
v 0.000001 0.500000 1.270000
v -0.094074 0.000000 1.270000
v -0.094074 0.500000 1.270000
v -0.188148 0.000000 1.270000
v -0.188148 0.500000 1.270000
v -0.282222 0.000000 1.270000
v -0.282222 0.500000 1.270000
v -0.376296 0.000000 1.270000
v -0.376296 0.500000 1.270000
v -0.470370 0.000000 1.270000
v -0.470370 0.500000 1.270000
v -0.564444 0.000000 1.270000
v -0.564444 0.500000 1.270000
v -0.658518 0.000000 1.270000
v -0.658518 0.500000 1.270000
v -0.752593 0.000000 1.270000
v -0.752593 0.500000 1.270000
v -0.846667 0.000000 1.270000
v -0.846667 0.500000 1.270000
v 2.116667 0.000000 0.846667
v 2.116667 0.500000 0.846667
v 2.022593 0.000000 0.846667
v 2.022593 0.500000 0.846667
v 1.928519 0.000000 0.846667
v 1.928519 0.500000 0.846667
v 1.834445 0.000000 0.846667
v 1.834445 0.500000 0.846667
v 1.740371 0.000000 0.846667
v 1.740371 0.500000 0.846667
v 1.646297 0.000000 0.846667
v 1.646297 0.500000 0.846667
v 1.552222 0.000000 0.846667
v 1.552222 0.500000 0.846667
v 1.458148 0.000000 0.846667
v 1.458148 0.500000 0.846667
v 1.364074 0.000000 0.846667
v 1.364074 0.500000 0.846667
v 1.270000 0.000000 0.846667
v 1.270000 0.500000 0.846667
v 0.846667 0.000000 0.846667
v 0.846667 0.500000 0.846667
v 0.752593 0.000000 0.846667
v 0.752593 0.500000 0.846667
v 0.658519 0.000000 0.846667
v 0.658519 0.500000 0.846667
v 0.564445 0.000000 0.846667
v 0.564445 0.500000 0.846667
v 0.470371 0.000000 0.846667
v 0.470371 0.500000 0.846667
v 0.376297 0.000000 0.846667
v 0.376297 0.500000 0.846667
v 0.282223 0.000000 0.846667
v 0.282223 0.500000 0.846667
v 0.188148 0.000000 0.846667
v 0.188148 0.500000 0.846667
v 0.094074 0.000000 0.846667
v 0.094074 0.500000 0.846667
v 0.000000 0.000000 0.846667
v 0.000000 0.500000 0.846667
v -0.423333 0.000000 0.846667
v -0.423333 0.500000 0.846667
v -0.517407 0.000000 0.846667
v -0.517407 0.500000 0.846667
v -0.611481 0.000000 0.846667
v -0.611481 0.500000 0.846667
v -0.705555 0.000000 0.846667
v -0.705555 0.500000 0.846667
v -0.799630 0.000000 0.846667
v -0.799630 0.500000 0.846667
v -0.893704 0.000000 0.846667
v -0.893704 0.500000 0.846667
v -0.987778 0.000000 0.846667
v -0.987778 0.500000 0.846667
v -1.081852 0.000000 0.846667
v -1.081852 0.500000 0.846667
v -1.175926 0.000000 0.846667
v -1.175926 0.500000 0.846667
v -1.270000 0.000000 0.846667
v -1.270000 0.500000 0.846667
v 1.270000 0.000000 0.423333
v 1.270000 0.500000 0.423333
v 1.222963 0.000000 0.423333
v 1.222963 0.500000 0.423333
v 1.175926 0.000000 0.423333
v 1.175926 0.500000 0.423333
v 1.128889 0.000000 0.423334
v 1.128889 0.500000 0.423334
v 1.081852 0.000000 0.423333
v 1.081852 0.500000 0.423333
v 1.034815 0.000000 0.423333
v 1.034815 0.500000 0.423333
v 0.987778 0.000000 0.423333
v 0.987778 0.500000 0.423333
v 0.940741 0.000000 0.423333
v 0.940741 0.500000 0.423333
v 0.893704 0.000000 0.423333
v 0.893704 0.500000 0.423333
v 0.846667 0.000000 0.423333
v 0.846667 0.500000 0.423333
v 0.423334 0.000000 0.423333
v 0.423334 0.500000 0.423333
v 0.282223 0.000000 0.423333
v 0.282223 0.500000 0.423334
v 0.141111 0.000000 0.423333
v 0.141111 0.500000 0.423334
v 0.000001 0.000000 0.423334
v 0.000001 0.500000 0.423334
v -0.141111 0.000000 0.423333
v -0.141111 0.500000 0.423334
v -0.282222 0.000000 0.423333
v -0.282222 0.500000 0.423334
v -0.423333 0.000000 0.423333
v -0.423333 0.500000 0.423334
v -0.564445 0.000000 0.423333
v -0.564445 0.500000 0.423334
v -0.705555 0.000000 0.423333
v -0.705555 0.500000 0.423334
v -0.846667 0.000000 0.423333
v -0.846667 0.500000 0.423334
v 2.116667 0.000000 0.000000
v 2.116667 0.500000 -0.000000
v 2.069630 0.000000 0.000000
v 2.069630 0.500000 -0.000000
v 2.022593 0.000000 0.000000
v 2.022593 0.500000 -0.000000
v 1.975556 0.000000 0.000000
v 1.975556 0.500000 -0.000000
v 1.928519 0.000000 0.000000
v 1.928519 0.500000 -0.000000
v 1.881482 0.000000 0.000000
v 1.881482 0.500000 -0.000000
v 1.834445 0.000000 0.000000
v 1.834445 0.500000 -0.000000
v 1.787408 0.000000 0.000000
v 1.787408 0.500000 -0.000000
v 1.740371 0.000000 0.000000
v 1.740371 0.500000 -0.000000
v 1.693334 0.000000 0.000000
v 1.693334 0.500000 -0.000000
v 0.423333 0.000000 0.000000
v 0.423333 0.500000 -0.000000
v 0.376297 0.000000 0.000000
v 0.376297 0.500000 -0.000000
v 0.329259 0.000000 0.000000
v 0.329259 0.500000 -0.000000
v 0.282223 0.000000 0.000000
v 0.282223 0.500000 -0.000000
v 0.235185 0.000000 0.000000
v 0.235185 0.500000 -0.000000
v 0.188148 0.000000 0.000000
v 0.188148 0.500000 -0.000000
v 0.141111 0.000000 0.000000
v 0.141111 0.500000 -0.000000
v 0.094074 0.000000 0.000000
v 0.094074 0.500000 -0.000000
v 0.047037 0.000000 0.000000
v 0.047037 0.500000 -0.000000
v 0.000000 0.000000 0.000000
v 0.000000 0.500000 -0.000000
v -0.846667 0.000000 0.000000
v -0.846667 0.500000 -0.000000
v -0.893704 0.000000 0.000000
v -0.893704 0.500000 -0.000000
v -0.940741 0.000000 0.000000
v -0.940741 0.500000 -0.000000
v -0.987777 0.000000 0.000000
v -0.987777 0.500000 -0.000000
v -1.034815 0.000000 0.000000
v -1.034815 0.500000 -0.000000
v -1.081852 0.000000 0.000000
v -1.081852 0.500000 -0.000000
v -1.128889 0.000000 0.000000
v -1.128889 0.500000 -0.000000
v -1.175926 0.000000 0.000000
v -1.175926 0.500000 -0.000000
v -1.222963 0.000000 0.000001
v -1.222963 0.500000 0.000001
v -1.270000 0.000000 0.000001
v -1.270000 0.500000 0.000001
v -1.693333 0.000000 0.000001
v -1.693333 0.500000 0.000001
v -1.740371 0.000000 0.000001
v -1.740371 0.500000 0.000001
v -1.787408 0.000000 0.000001
v -1.787408 0.500000 0.000001
v -1.834444 0.000000 0.000001
v -1.834444 0.500000 0.000001
v -1.881482 0.000000 0.000001
v -1.881482 0.500000 0.000001
v -1.928519 0.000000 0.000001
v -1.928519 0.500000 0.000001
v -1.975555 0.000000 0.000001
v -1.975555 0.500000 0.000001
v -2.022593 0.000000 0.000001
v -2.022593 0.500000 0.000001
v -2.069630 0.000000 0.000001
v -2.069630 0.500000 0.000001
v -2.116667 0.000000 0.000001
v -2.116667 0.500000 0.000001
v -0.423333 -0.000000 -0.423333
v -0.423333 0.500000 -0.423333
v -0.564445 -0.000000 -0.423333
v -0.564445 0.500000 -0.423333
v -0.705556 -0.000000 -0.423333
v -0.705556 0.500000 -0.423333
v -0.846666 -0.000000 -0.423333
v -0.846666 0.500000 -0.423333
v -0.987778 -0.000000 -0.423333
v -0.987778 0.500000 -0.423333
v -1.128889 -0.000000 -0.423333
v -1.128889 0.500000 -0.423333
v -1.270000 -0.000000 -0.423333
v -1.270000 0.500000 -0.423333
v -1.411111 -0.000000 -0.423333
v -1.411111 0.500000 -0.423333
v -1.552222 -0.000000 -0.423333
v -1.552222 0.500000 -0.423333
v -1.693333 -0.000000 -0.423333
v -1.693333 0.500000 -0.423333
v 1.270000 -0.000000 -0.846667
v 1.270000 0.500000 -0.846667
v 1.222963 -0.000000 -0.846667
v 1.222963 0.500000 -0.846667
v 1.175926 -0.000000 -0.846667
v 1.175926 0.500000 -0.846667
v 1.128889 -0.000000 -0.846667
v 1.128889 0.500000 -0.846667
v 1.081852 -0.000000 -0.846667
v 1.081852 0.500000 -0.846667
v 1.034815 -0.000000 -0.846667
v 1.034815 0.500000 -0.846667
v 0.987778 -0.000000 -0.846667
v 0.987778 0.500000 -0.846667
v 0.940741 -0.000000 -0.846667
v 0.940741 0.500000 -0.846667
v 0.893704 -0.000000 -0.846667
v 0.893704 0.500000 -0.846667
v 0.846667 -0.000000 -0.846667
v 0.846667 0.500000 -0.846667
v 0.423333 -0.000000 -0.846667
v 0.423333 0.500000 -0.846667
v 0.376297 -0.000000 -0.846667
v 0.376297 0.500000 -0.846667
v 0.329259 -0.000000 -0.846667
v 0.329259 0.500000 -0.846667
v 0.282223 -0.000000 -0.846667
v 0.282223 0.500000 -0.846667
v 0.235185 -0.000000 -0.846667
v 0.235185 0.500000 -0.846667
v 0.188148 -0.000000 -0.846667
v 0.188148 0.500000 -0.846667
v 0.141111 -0.000000 -0.846667
v 0.141111 0.500000 -0.846667
v 0.094074 -0.000000 -0.846667
v 0.094074 0.500000 -0.846667
v 0.047037 -0.000000 -0.846667
v 0.047037 0.500000 -0.846667
v 0.000000 -0.000000 -0.846667
v 0.000000 0.500000 -0.846667
v -0.846667 -0.000000 -0.846667
v -0.846667 0.500000 -0.846667
v -0.987778 -0.000000 -0.846667
v -0.987778 0.500000 -0.846667
v -1.128889 -0.000000 -0.846667
v -1.128889 0.500000 -0.846667
v -1.269999 -0.000000 -0.846667
v -1.269999 0.500000 -0.846667
v -1.411111 -0.000000 -0.846667
v -1.411111 0.500000 -0.846667
v -1.552222 -0.000000 -0.846667
v -1.552222 0.500000 -0.846667
v -1.693333 -0.000000 -0.846667
v -1.693333 0.500000 -0.846667
v -1.834445 -0.000000 -0.846667
v -1.834445 0.500000 -0.846667
v -1.975555 -0.000000 -0.846667
v -1.975555 0.500000 -0.846667
v -2.116667 -0.000000 -0.846666
v -2.116667 0.500000 -0.846666
v 1.693334 -0.000000 -1.270000
v 1.693334 0.500000 -1.270000
v 1.552222 -0.000000 -1.270000
v 1.552222 0.500000 -1.270000
v 1.411111 -0.000000 -1.270000
v 1.411111 0.500000 -1.270000
v 1.270000 -0.000000 -1.270000
v 1.270000 0.500000 -1.270000
v 1.128889 -0.000000 -1.270000
v 1.128889 0.500000 -1.270000
v 0.987778 -0.000000 -1.270000
v 0.987778 0.500000 -1.270000
v 0.846667 -0.000000 -1.270000
v 0.846667 0.500000 -1.270000
v 0.705556 -0.000000 -1.270000
v 0.705556 0.500000 -1.270000
v 0.564444 -0.000000 -1.270000
v 0.564444 0.500000 -1.270000
v 0.423333 -0.000000 -1.270000
v 0.423333 0.500000 -1.270000
v -1.270000 -0.000000 -1.270000
v -1.270000 0.500000 -1.270000
v -1.317037 -0.000000 -1.270000
v -1.317037 0.500000 -1.270000
v -1.364074 -0.000000 -1.270000
v -1.364074 0.500000 -1.270000
v -1.411110 -0.000000 -1.270000
v -1.411110 0.500000 -1.270000
v -1.458148 -0.000000 -1.270000
v -1.458148 0.500000 -1.270000
v -1.505185 -0.000000 -1.270000
v -1.505185 0.500000 -1.270000
v -1.552222 -0.000000 -1.270000
v -1.552222 0.500000 -1.270000
v -1.599259 -0.000000 -1.270000
v -1.599259 0.500000 -1.270000
v -1.646297 -0.000000 -1.270000
v -1.646297 0.500000 -1.270000
v -1.693333 -0.000000 -1.270000
v -1.693333 0.500000 -1.270000
v 1.270000 -0.000000 -1.693333
v 1.270000 0.500000 -1.693333
v 1.222963 -0.000000 -1.693333
v 1.222963 0.500000 -1.693333
v 1.175926 -0.000000 -1.693333
v 1.175926 0.500000 -1.693333
v 1.128889 -0.000000 -1.693333
v 1.128889 0.500000 -1.693333
v 1.081852 -0.000000 -1.693333
v 1.081852 0.500000 -1.693333
v 1.034815 -0.000000 -1.693333
v 1.034815 0.500000 -1.693333
v 0.987778 -0.000000 -1.693333
v 0.987778 0.500000 -1.693333
v 0.940741 -0.000000 -1.693333
v 0.940741 0.500000 -1.693333
v 0.893704 -0.000000 -1.693333
v 0.893704 0.500000 -1.693333
v 0.846667 -0.000000 -1.693333
v 0.846667 0.500000 -1.693333
v 0.000000 -0.000000 -1.693333
v 0.000000 0.500000 -1.693333
v -0.047037 -0.000000 -1.693333
v -0.047037 0.500000 -1.693333
v -0.094074 -0.000000 -1.693333
v -0.094074 0.500000 -1.693333
v -0.141110 -0.000000 -1.693333
v -0.141110 0.500000 -1.693333
v -0.188148 -0.000000 -1.693333
v -0.188148 0.500000 -1.693333
v -0.235185 -0.000000 -1.693333
v -0.235185 0.500000 -1.693333
v -0.282222 -0.000000 -1.693333
v -0.282222 0.500000 -1.693333
v -0.329259 -0.000000 -1.693333
v -0.329259 0.500000 -1.693333
v -0.376296 -0.000000 -1.693333
v -0.376296 0.500000 -1.693333
v -0.423333 -0.000000 -1.693333
v -0.423333 0.500000 -1.693333
v -0.846667 -0.000000 -1.693333
v -0.846667 0.500000 -1.693333
v -0.893704 -0.000000 -1.693333
v -0.893704 0.500000 -1.693333
v -0.940741 -0.000000 -1.693333
v -0.940741 0.500000 -1.693333
v -0.987777 -0.000000 -1.693333
v -0.987777 0.500000 -1.693333
v -1.034815 -0.000000 -1.693333
v -1.034815 0.500000 -1.693333
v -1.081852 -0.000000 -1.693333
v -1.081852 0.500000 -1.693333
v -1.128889 -0.000000 -1.693333
v -1.128889 0.500000 -1.693333
v -1.175926 -0.000000 -1.693333
v -1.175926 0.500000 -1.693333
v -1.222963 -0.000000 -1.693333
v -1.222963 0.500000 -1.693333
v -1.270000 -0.000000 -1.693333
v -1.270000 0.500000 -1.693333
v -1.693333 -0.000000 -1.693333
v -1.693333 0.500000 -1.693333
v -1.740371 -0.000000 -1.693333
v -1.740371 0.500000 -1.693333
v -1.787408 -0.000000 -1.693333
v -1.787408 0.500000 -1.693333
v -1.834444 -0.000000 -1.693333
v -1.834444 0.500000 -1.693333
v -1.881482 -0.000000 -1.693333
v -1.881482 0.500000 -1.693333
v -1.928519 -0.000000 -1.693333
v -1.928519 0.500000 -1.693333
v -1.975555 -0.000000 -1.693333
v -1.975555 0.500000 -1.693333
v -2.022593 -0.000000 -1.693333
v -2.022593 0.500000 -1.693333
v -2.069630 -0.000000 -1.693333
v -2.069630 0.500000 -1.693333
v -2.116667 -0.000000 -1.693333
v -2.116667 0.500000 -1.693333
v 2.116667 -0.000000 -2.116667
v 2.116667 0.500000 -2.116667
v 1.646296 -0.000000 -2.116667
v 1.646296 0.500000 -2.116667
v 1.175926 -0.000000 -2.116667
v 1.175926 0.500000 -2.116667
v 0.705556 -0.000000 -2.116666
v 0.705556 0.500000 -2.116666
v 0.235185 -0.000000 -2.116667
v 0.235185 0.500000 -2.116667
v -0.235185 -0.000000 -2.116667
v -0.235185 0.500000 -2.116667
v -0.705556 -0.000000 -2.116667
v -0.705556 0.500000 -2.116667
v -1.175926 -0.000000 -2.116667
v -1.175926 0.500000 -2.116667
v -1.646296 -0.000000 -2.116667
v -1.646296 0.500000 -2.116667
v -2.116667 -0.000000 -2.116667
v -2.116667 0.500000 -2.116667
v 2.216667 0.000000 2.116667
v 2.216667 0.500000 2.116667
v 2.216667 0.000000 1.928519
v 2.216667 0.500000 1.928519
v 2.216667 0.000000 1.740371
v 2.216667 0.500000 1.740371
v 2.216667 0.000000 1.552222
v 2.216667 0.500000 1.552222
v 2.216667 0.000000 1.364074
v 2.216667 0.500000 1.364074
v 2.216667 0.000000 1.175926
v 2.216667 0.500000 1.175926
v 2.216667 0.000000 0.987778
v 2.216667 0.500000 0.987778
v 2.216667 0.000000 0.799630
v 2.216667 0.500000 0.799630
v 2.216667 0.000000 0.611482
v 2.216667 0.500000 0.611482
v 2.216667 0.000000 0.423333
v 2.216667 0.500000 0.423333
v 2.216667 0.000000 0.000000
v 2.216667 0.500000 -0.000000
v 2.216667 -0.000000 -0.235185
v 2.216667 0.500000 -0.235185
v 2.216667 -0.000000 -0.470370
v 2.216667 0.500000 -0.470370
v 2.216667 -0.000000 -0.705555
v 2.216667 0.500000 -0.705555
v 2.216667 -0.000000 -0.940741
v 2.216667 0.500000 -0.940741
v 2.216667 -0.000000 -1.175926
v 2.216667 0.500000 -1.175926
v 2.216667 -0.000000 -1.411111
v 2.216667 0.500000 -1.411111
v 2.216667 -0.000000 -1.646296
v 2.216667 0.500000 -1.646296
v 2.216667 -0.000000 -1.881482
v 2.216667 0.500000 -1.881482
v 2.216667 -0.000000 -2.116667
v 2.216667 0.500000 -2.116667
v 1.740371 0.000000 0.846667
v 1.740371 0.500000 0.846667
v 1.740371 0.000000 0.799630
v 1.740371 0.500000 0.799630
v 1.740371 0.000000 0.752593
v 1.740371 0.500000 0.752593
v 1.740371 0.000000 0.705556
v 1.740371 0.500000 0.705556
v 1.740370 0.000000 0.658518
v 1.740370 0.500000 0.658518
v 1.740370 0.000000 0.611482
v 1.740370 0.500000 0.611482
v 1.740371 0.000000 0.564445
v 1.740371 0.500000 0.564445
v 1.740371 0.000000 0.517408
v 1.740371 0.500000 0.517408
v 1.740371 0.000000 0.470370
v 1.740371 0.500000 0.470370
v 1.740371 0.000000 0.423333
v 1.740371 0.500000 0.423333
v 1.793334 -0.000000 -0.423333
v 1.793334 0.500000 -0.423333
v 1.793334 -0.000000 -0.564445
v 1.793334 0.500000 -0.564445
v 1.793334 -0.000000 -0.705556
v 1.793334 0.500000 -0.705556
v 1.793334 -0.000000 -0.846666
v 1.793334 0.500000 -0.846666
v 1.793334 -0.000000 -0.987778
v 1.793334 0.500000 -0.987778
v 1.793334 -0.000000 -1.128889
v 1.793334 0.500000 -1.128889
v 1.793334 -0.000000 -1.270000
v 1.793334 0.500000 -1.270000
v 1.793333 -0.000000 -1.411111
v 1.793333 0.500000 -1.411111
v 1.793333 -0.000000 -1.552222
v 1.793333 0.500000 -1.552222
v 1.793333 -0.000000 -1.693333
v 1.793333 0.500000 -1.693333
v 1.317037 0.000000 2.116667
v 1.317037 0.500000 2.116667
v 1.317037 0.000000 2.069630
v 1.317037 0.500000 2.069630
v 1.317037 0.000000 2.022593
v 1.317037 0.500000 2.022593
v 1.317037 0.000000 1.975556
v 1.317037 0.500000 1.975556
v 1.317037 0.000000 1.928519
v 1.317037 0.500000 1.928519
v 1.317037 0.000000 1.881482
v 1.317037 0.500000 1.881482
v 1.317037 0.000000 1.834445
v 1.317037 0.500000 1.834445
v 1.317037 0.000000 1.787408
v 1.317037 0.500000 1.787408
v 1.317037 0.000000 1.740371
v 1.317037 0.500000 1.740371
v 1.317037 0.000000 1.693334
v 1.317037 0.500000 1.693334
v 1.317037 0.000000 1.270000
v 1.317037 0.500000 1.270000
v 1.317037 0.000000 1.222963
v 1.317037 0.500000 1.222963
v 1.317037 0.000000 1.175926
v 1.317037 0.500000 1.175926
v 1.317037 0.000000 1.128889
v 1.317037 0.500000 1.128889
v 1.317037 0.000000 1.081852
v 1.317037 0.500000 1.081852
v 1.317037 0.000000 1.034815
v 1.317037 0.500000 1.034815
v 1.317037 0.000000 0.987778
v 1.317037 0.500000 0.987778
v 1.317037 0.000000 0.940741
v 1.317037 0.500000 0.940741
v 1.317037 0.000000 0.893704
v 1.317037 0.500000 0.893704
v 1.317037 0.000000 0.846667
v 1.317037 0.500000 0.846667
v 1.364074 0.000000 0.000000
v 1.364074 0.500000 -0.000000
v 1.364074 -0.000000 -0.094074
v 1.364074 0.500000 -0.094074
v 1.364074 -0.000000 -0.188148
v 1.364074 0.500000 -0.188148
v 1.364074 -0.000000 -0.282222
v 1.364074 0.500000 -0.282222
v 1.364074 -0.000000 -0.376296
v 1.364074 0.500000 -0.376296
v 1.364074 -0.000000 -0.470370
v 1.364074 0.500000 -0.470370
v 1.364073 -0.000000 -0.564445
v 1.364073 0.500000 -0.564445
v 1.364073 -0.000000 -0.658518
v 1.364073 0.500000 -0.658518
v 1.364074 -0.000000 -0.752593
v 1.364074 0.500000 -0.752593
v 1.364074 -0.000000 -0.846667
v 1.364074 0.500000 -0.846667
v 1.317038 -0.000000 -1.693333
v 1.317038 0.500000 -1.693333
v 1.317037 -0.000000 -1.740371
v 1.317037 0.500000 -1.740371
v 1.317036 -0.000000 -1.787408
v 1.317036 0.500000 -1.787408
v 1.317036 -0.000000 -1.834444
v 1.317036 0.500000 -1.834444
v 1.317037 -0.000000 -1.881482
v 1.317037 0.500000 -1.881482
v 1.317036 -0.000000 -1.928519
v 1.317036 0.500000 -1.928519
v 1.317036 -0.000000 -1.975555
v 1.317036 0.500000 -1.975555
v 1.317037 -0.000000 -2.022593
v 1.317037 0.500000 -2.022593
v 1.317037 -0.000000 -2.069630
v 1.317037 0.500000 -2.069630
v 1.317037 -0.000000 -2.116667
v 1.317037 0.500000 -2.116667
v 0.946667 0.000000 0.846667
v 0.946667 0.500000 0.846667
v 0.946667 0.000000 0.658519
v 0.946667 0.500000 0.658519
v 0.946667 0.000000 0.470370
v 0.946667 0.500000 0.470370
v 0.946667 0.000000 0.282223
v 0.946667 0.500000 0.282223
v 0.946667 0.000000 0.094074
v 0.946667 0.500000 0.094074
v 0.946667 -0.000000 -0.094074
v 0.946667 0.500000 -0.094074
v 0.946667 -0.000000 -0.282222
v 0.946667 0.500000 -0.282222
v 0.946667 -0.000000 -0.470370
v 0.946667 0.500000 -0.470370
v 0.946667 -0.000000 -0.658518
v 0.946667 0.500000 -0.658518
v 0.946667 -0.000000 -0.846667
v 0.946667 0.500000 -0.846667
v 0.470371 0.000000 1.693334
v 0.470371 0.500000 1.693334
v 0.470371 0.000000 1.646297
v 0.470371 0.500000 1.646297
v 0.470371 0.000000 1.599259
v 0.470371 0.500000 1.599259
v 0.470371 0.000000 1.552222
v 0.470371 0.500000 1.552222
v 0.470371 0.000000 1.505185
v 0.470371 0.500000 1.505185
v 0.470371 0.000000 1.458148
v 0.470371 0.500000 1.458148
v 0.470371 0.000000 1.411111
v 0.470371 0.500000 1.411111
v 0.470371 0.000000 1.364074
v 0.470371 0.500000 1.364074
v 0.470371 0.000000 1.317037
v 0.470371 0.500000 1.317037
v 0.470371 0.000000 1.270000
v 0.470371 0.500000 1.270000
v 0.470370 -0.000000 0.000000
v 0.470371 0.500000 -0.000000
v 0.470370 -0.000000 -0.047037
v 0.470371 0.500000 -0.047037
v 0.470369 -0.000000 -0.094074
v 0.470370 0.500000 -0.094074
v 0.470370 -0.000000 -0.141110
v 0.470370 0.500000 -0.141110
v 0.470370 -0.000000 -0.188148
v 0.470371 0.500000 -0.188148
v 0.470370 -0.000000 -0.235185
v 0.470371 0.500000 -0.235185
v 0.470370 -0.000000 -0.282222
v 0.470371 0.500000 -0.282222
v 0.470370 -0.000000 -0.329259
v 0.470371 0.500000 -0.329259
v 0.470370 -0.000000 -0.376296
v 0.470370 0.500000 -0.376296
v 0.470370 -0.000000 -0.423333
v 0.470370 0.500000 -0.423333
v 0.523333 -0.000000 -0.846667
v 0.523333 0.500000 -0.846667
v 0.523333 -0.000000 -0.987778
v 0.523333 0.500000 -0.987778
v 0.523333 -0.000000 -1.128889
v 0.523333 0.500000 -1.128889
v 0.523334 -0.000000 -1.269999
v 0.523334 0.500000 -1.269999
v 0.523333 -0.000000 -1.411111
v 0.523333 0.500000 -1.411111
v 0.523333 -0.000000 -1.552222
v 0.523333 0.500000 -1.552222
v 0.523333 -0.000000 -1.693333
v 0.523333 0.500000 -1.693333
v 0.523333 -0.000000 -1.834445
v 0.523333 0.500000 -1.834445
v 0.523333 -0.000000 -1.975555
v 0.523333 0.500000 -1.975555
v 0.523333 -0.000000 -2.116667
v 0.523333 0.500000 -2.116667
v 0.100001 0.000000 2.116667
v 0.100001 0.500000 2.116667
v 0.100001 0.000000 1.975556
v 0.100001 0.500000 1.975556
v 0.100001 0.000000 1.834445
v 0.100001 0.500000 1.834445
v 0.100000 -0.000000 1.693334
v 0.100001 0.500000 1.693334
v 0.100000 -0.000000 1.552222
v 0.100001 0.500000 1.552222
v 0.100000 -0.000000 1.411111
v 0.100001 0.500000 1.411111
v 0.100000 -0.000000 1.270000
v 0.100001 0.500000 1.270000
v 0.100000 -0.000000 1.128889
v 0.100001 0.500000 1.128889
v 0.100000 -0.000000 0.987778
v 0.100001 0.500000 0.987778
v 0.100000 -0.000000 0.846667
v 0.100001 0.500000 0.846667
v 0.094074 0.000000 0.000000
v 0.094074 0.500000 -0.000000
v 0.094074 -0.000000 -0.094074
v 0.094074 0.500000 -0.094074
v 0.094074 -0.000000 -0.188148
v 0.094074 0.500000 -0.188148
v 0.094074 -0.000000 -0.282222
v 0.094074 0.500000 -0.282222
v 0.094074 -0.000000 -0.376296
v 0.094074 0.500000 -0.376296
v 0.094074 -0.000000 -0.470370
v 0.094074 0.500000 -0.470370
v 0.094073 -0.000000 -0.564445
v 0.094073 0.500000 -0.564445
v 0.094073 -0.000000 -0.658518
v 0.094073 0.500000 -0.658518
v 0.094074 -0.000000 -0.752593
v 0.094074 0.500000 -0.752593
v 0.094074 -0.000000 -0.846667
v 0.094074 0.500000 -0.846667
v 0.047037 -0.000000 -1.270000
v 0.047037 0.500000 -1.270000
v 0.047037 -0.000000 -1.317037
v 0.047037 0.500000 -1.317037
v 0.047036 -0.000000 -1.364074
v 0.047036 0.500000 -1.364074
v 0.047036 -0.000000 -1.411110
v 0.047036 0.500000 -1.411110
v 0.047037 -0.000000 -1.458148
v 0.047037 0.500000 -1.458148
v 0.047037 -0.000000 -1.505185
v 0.047037 0.500000 -1.505185
v 0.047037 -0.000000 -1.552222
v 0.047037 0.500000 -1.552222
v 0.047037 -0.000000 -1.599259
v 0.047037 0.500000 -1.599259
v 0.047036 -0.000000 -1.646297
v 0.047036 0.500000 -1.646297
v 0.047036 -0.000000 -1.693333
v 0.047036 0.500000 -1.693333
v -0.376296 0.000000 2.116667
v -0.376296 0.500000 2.116667
v -0.376296 0.000000 2.069630
v -0.376296 0.500000 2.069630
v -0.376296 0.000000 2.022593
v -0.376296 0.500000 2.022593
v -0.376296 0.000000 1.975556
v -0.376296 0.500000 1.975556
v -0.376296 0.000000 1.928519
v -0.376296 0.500000 1.928519
v -0.376296 0.000000 1.881482
v -0.376296 0.500000 1.881482
v -0.376296 0.000000 1.834445
v -0.376296 0.500000 1.834445
v -0.376296 0.000000 1.787408
v -0.376296 0.500000 1.787408
v -0.376296 0.000000 1.740371
v -0.376296 0.500000 1.740371
v -0.376296 0.000000 1.693334
v -0.376296 0.500000 1.693334
v -0.323333 0.000000 0.846667
v -0.323333 0.500000 0.846667
v -0.323333 0.000000 0.564445
v -0.323333 0.500000 0.564445
v -0.323333 0.000000 0.282223
v -0.323333 0.500000 0.282223
v -0.323333 0.000000 0.000000
v -0.323333 0.500000 -0.000000
v -0.323333 -0.000000 -0.282222
v -0.323333 0.500000 -0.282222
v -0.323333 -0.000000 -0.564445
v -0.323333 0.500000 -0.564445
v -0.323333 -0.000000 -0.846667
v -0.323333 0.500000 -0.846667
v -0.323333 -0.000000 -1.128889
v -0.323333 0.500000 -1.128889
v -0.323333 -0.000000 -1.411110
v -0.323333 0.500000 -1.411110
v -0.323333 -0.000000 -1.693333
v -0.323333 0.500000 -1.693333
v -0.752593 -0.000000 -0.846667
v -0.752593 0.500000 -0.846667
v -0.752593 -0.000000 -0.940741
v -0.752593 0.500000 -0.940741
v -0.752594 -0.000000 -1.034815
v -0.752594 0.500000 -1.034815
v -0.752594 -0.000000 -1.128888
v -0.752594 0.500000 -1.128888
v -0.752593 -0.000000 -1.222963
v -0.752593 0.500000 -1.222963
v -0.752593 -0.000000 -1.317037
v -0.752593 0.500000 -1.317037
v -0.752593 -0.000000 -1.411111
v -0.752593 0.500000 -1.411111
v -0.752593 -0.000000 -1.505185
v -0.752593 0.500000 -1.505185
v -0.752593 -0.000000 -1.599259
v -0.752593 0.500000 -1.599259
v -0.752593 -0.000000 -1.693333
v -0.752593 0.500000 -1.693333
v -1.170000 0.000000 1.693334
v -1.170000 0.500000 1.693334
v -1.170000 0.000000 1.505185
v -1.170000 0.500000 1.505185
v -1.170000 0.000000 1.317037
v -1.170000 0.500000 1.317037
v -1.170000 0.000000 1.128889
v -1.170000 0.500000 1.128889
v -1.170000 0.000000 0.940741
v -1.170000 0.500000 0.940741
v -1.170000 0.000000 0.752593
v -1.170000 0.500000 0.752593
v -1.170000 0.000000 0.564445
v -1.170000 0.500000 0.564445
v -1.170000 0.000000 0.376297
v -1.170000 0.500000 0.376297
v -1.170000 0.000000 0.188149
v -1.170000 0.500000 0.188149
v -1.170000 0.000000 0.000001
v -1.170000 0.500000 0.000001
v -1.222963 -0.000000 -1.270000
v -1.222963 0.500000 -1.270000
v -1.222963 -0.000000 -1.317037
v -1.222963 0.500000 -1.317037
v -1.222964 -0.000000 -1.364074
v -1.222964 0.500000 -1.364074
v -1.222964 -0.000000 -1.411110
v -1.222964 0.500000 -1.411110
v -1.222963 -0.000000 -1.458148
v -1.222963 0.500000 -1.458148
v -1.222963 -0.000000 -1.505185
v -1.222963 0.500000 -1.505185
v -1.222963 -0.000000 -1.552222
v -1.222963 0.500000 -1.552222
v -1.222963 -0.000000 -1.599259
v -1.222963 0.500000 -1.599259
v -1.222964 -0.000000 -1.646297
v -1.222964 0.500000 -1.646297
v -1.222964 -0.000000 -1.693333
v -1.222964 0.500000 -1.693333
v -1.646296 0.000000 1.693334
v -1.646296 0.500000 1.693334
v -1.646296 0.000000 1.646297
v -1.646296 0.500000 1.646297
v -1.646296 0.000000 1.599260
v -1.646296 0.500000 1.599260
v -1.646296 0.000000 1.552223
v -1.646296 0.500000 1.552223
v -1.646296 0.000000 1.505185
v -1.646296 0.500000 1.505185
v -1.646296 0.000000 1.458148
v -1.646296 0.500000 1.458148
v -1.646296 0.000000 1.411111
v -1.646296 0.500000 1.411111
v -1.646296 0.000000 1.364074
v -1.646296 0.500000 1.364074
v -1.646296 0.000000 1.317037
v -1.646296 0.500000 1.317037
v -1.646296 0.000000 1.270000
v -1.646296 0.500000 1.270000
v -1.593333 0.000000 0.846667
v -1.593333 0.500000 0.846667
v -1.593333 0.000000 0.705556
v -1.593333 0.500000 0.705556
v -1.593333 0.000000 0.564445
v -1.593333 0.500000 0.564445
v -1.593333 0.000000 0.423334
v -1.593333 0.500000 0.423334
v -1.593333 0.000000 0.282223
v -1.593333 0.500000 0.282223
v -1.593333 0.000000 0.141112
v -1.593333 0.500000 0.141112
v -1.593333 0.000000 0.000001
v -1.593333 0.500000 0.000001
v -1.593333 -0.000000 -0.141111
v -1.593333 0.500000 -0.141111
v -1.593333 -0.000000 -0.282222
v -1.593333 0.500000 -0.282222
v -1.593333 -0.000000 -0.423333
v -1.593333 0.500000 -0.423333
v -2.016667 0.000000 2.116667
v -2.016667 0.500000 2.116667
v -2.016667 0.000000 1.881482
v -2.016667 0.500000 1.881482
v -2.016667 0.000000 1.646297
v -2.016667 0.500000 1.646297
v -2.016666 0.000000 1.411111
v -2.016666 0.500000 1.411111
v -2.016667 0.000000 1.175926
v -2.016667 0.500000 1.175926
v -2.016667 0.000000 0.940741
v -2.016667 0.500000 0.940741
v -2.016667 0.000000 0.705556
v -2.016667 0.500000 0.705556
v -2.016667 0.000000 0.470371
v -2.016667 0.500000 0.470371
v -2.016667 0.000000 0.235186
v -2.016667 0.500000 0.235186
v -2.016667 0.000000 0.000001
v -2.016667 0.500000 0.000001
v -2.016667 -0.000000 -0.423333
v -2.016667 0.500000 -0.423333
v -2.016667 -0.000000 -0.611481
v -2.016667 0.500000 -0.611481
v -2.016667 -0.000000 -0.799629
v -2.016667 0.500000 -0.799629
v -2.016666 -0.000000 -0.987777
v -2.016666 0.500000 -0.987777
v -2.016667 -0.000000 -1.175926
v -2.016667 0.500000 -1.175926
v -2.016667 -0.000000 -1.364074
v -2.016667 0.500000 -1.364074
v -2.016667 -0.000000 -1.552222
v -2.016667 0.500000 -1.552222
v -2.016667 -0.000000 -1.740370
v -2.016667 0.500000 -1.740370
v -2.016667 -0.000000 -1.928518
v -2.016667 0.500000 -1.928518
v -2.016667 -0.000000 -2.116667
v -2.016667 0.500000 -2.116667
v 2.116667 0.000000 2.016667
v 2.116667 0.500000 2.016667
v 1.646297 0.000000 2.016667
v 1.646297 0.500000 2.016667
v 1.175926 0.000000 2.016667
v 1.175926 0.500000 2.016667
v 0.705556 0.000000 2.016667
v 0.705556 0.500000 2.016667
v 0.235185 0.000000 2.016667
v 0.235185 0.500000 2.016667
v -0.235185 0.000000 2.016667
v -0.235185 0.500000 2.016667
v -0.705555 0.000000 2.016667
v -0.705555 0.500000 2.016667
v -1.175926 0.000000 2.016667
v -1.175926 0.500000 2.016667
v -1.646296 0.000000 2.016667
v -1.646296 0.500000 2.016667
v -2.116667 0.000000 2.016667
v -2.116667 0.500000 2.016667
v 2.116667 0.000000 1.646296
v 2.116667 0.500000 1.646296
v 2.069630 0.000000 1.646296
v 2.069630 0.500000 1.646296
v 2.022593 0.000000 1.646296
v 2.022593 0.500000 1.646296
v 1.975556 0.000000 1.646296
v 1.975556 0.500000 1.646296
v 1.928519 0.000000 1.646296
v 1.928519 0.500000 1.646296
v 1.881482 0.000000 1.646296
v 1.881482 0.500000 1.646296
v 1.834445 0.000000 1.646296
v 1.834445 0.500000 1.646296
v 1.787408 0.000000 1.646296
v 1.787408 0.500000 1.646296
v 1.740371 0.000000 1.646296
v 1.740371 0.500000 1.646296
v 1.693334 0.000000 1.646296
v 1.693334 0.500000 1.646296
v 0.846667 0.000000 1.646297
v 0.846667 0.500000 1.646297
v 0.799630 0.000000 1.646297
v 0.799630 0.500000 1.646297
v 0.752593 0.000000 1.646297
v 0.752593 0.500000 1.646297
v 0.705556 0.000000 1.646297
v 0.705556 0.500000 1.646297
v 0.658519 0.000000 1.646297
v 0.658519 0.500000 1.646297
v 0.611482 0.000000 1.646297
v 0.611482 0.500000 1.646297
v 0.564445 0.000000 1.646297
v 0.564445 0.500000 1.646297
v 0.517408 0.000000 1.646297
v 0.517408 0.500000 1.646297
v 0.470371 0.000000 1.646297
v 0.470371 0.500000 1.646297
v 0.423334 0.000000 1.646297
v 0.423334 0.500000 1.646297
v -0.846667 0.000000 1.599260
v -0.846667 0.500000 1.599260
v -0.940741 0.000000 1.599261
v -0.940741 0.500000 1.599261
v -1.034814 0.000000 1.599261
v -1.034814 0.500000 1.599261
v -1.128888 0.000000 1.599260
v -1.128888 0.500000 1.599260
v -1.222962 0.000000 1.599260
v -1.222962 0.500000 1.599260
v -1.317037 0.000000 1.599260
v -1.317037 0.500000 1.599260
v -1.411111 0.000000 1.599260
v -1.411111 0.500000 1.599260
v -1.505185 0.000000 1.599260
v -1.505185 0.500000 1.599260
v -1.599259 0.000000 1.599260
v -1.599259 0.500000 1.599260
v -1.693333 0.000000 1.599260
v -1.693333 0.500000 1.599260
v 1.693334 0.000000 1.170000
v 1.693334 0.500000 1.170000
v 1.552222 0.000000 1.170000
v 1.552222 0.500000 1.170000
v 1.411111 0.000000 1.170000
v 1.411111 0.500000 1.170000
v 1.270000 0.000000 1.170000
v 1.270000 0.500000 1.170000
v 1.128889 0.000000 1.170000
v 1.128889 0.500000 1.170000
v 0.987778 0.000000 1.170000
v 0.987778 0.500000 1.170000
v 0.846667 0.000000 1.170000
v 0.846667 0.500000 1.170000
v 0.705556 0.000000 1.170000
v 0.705556 0.500000 1.170000
v 0.564445 0.000000 1.170000
v 0.564445 0.500000 1.170000
v 0.423334 0.000000 1.170000
v 0.423334 0.500000 1.170000
v 0.000001 0.000000 1.175925
v 0.000001 0.500000 1.175925
v -0.094074 0.000000 1.175926
v -0.094074 0.500000 1.175926
v -0.188148 0.000000 1.175926
v -0.188148 0.500000 1.175926
v -0.282222 0.000000 1.175926
v -0.282222 0.500000 1.175926
v -0.376296 0.000000 1.175926
v -0.376296 0.500000 1.175926
v -0.470370 0.000000 1.175926
v -0.470370 0.500000 1.175926
v -0.564444 0.000000 1.175926
v -0.564444 0.500000 1.175926
v -0.658518 0.000000 1.175926
v -0.658518 0.500000 1.175926
v -0.752593 0.000000 1.175926
v -0.752593 0.500000 1.175926
v -0.846667 0.000000 1.175926
v -0.846667 0.500000 1.175926
v 2.116667 0.000000 0.752593
v 2.116667 0.500000 0.752593
v 2.022593 0.000000 0.752593
v 2.022593 0.500000 0.752593
v 1.928519 0.000000 0.752593
v 1.928519 0.500000 0.752593
v 1.834445 0.000000 0.752593
v 1.834445 0.500000 0.752593
v 1.740371 0.000000 0.752593
v 1.740371 0.500000 0.752593
v 1.646297 0.000000 0.752593
v 1.646297 0.500000 0.752593
v 1.552222 0.000000 0.752593
v 1.552222 0.500000 0.752593
v 1.458148 0.000000 0.752593
v 1.458148 0.500000 0.752593
v 1.364074 0.000000 0.752593
v 1.364074 0.500000 0.752593
v 1.270000 0.000000 0.752593
v 1.270000 0.500000 0.752593
v 0.846667 0.000000 0.752593
v 0.846667 0.500000 0.752593
v 0.752593 0.000000 0.752593
v 0.752593 0.500000 0.752593
v 0.658519 0.000000 0.752593
v 0.658519 0.500000 0.752593
v 0.564445 0.000000 0.752593
v 0.564445 0.500000 0.752593
v 0.470371 0.000000 0.752593
v 0.470371 0.500000 0.752593
v 0.376297 0.000000 0.752593
v 0.376297 0.500000 0.752593
v 0.282223 0.000000 0.752593
v 0.282223 0.500000 0.752593
v 0.188148 0.000000 0.752593
v 0.188148 0.500000 0.752593
v 0.094074 0.000000 0.752593
v 0.094074 0.500000 0.752593
v 0.000000 0.000000 0.752593
v 0.000000 0.500000 0.752593
v -0.423333 0.000000 0.752593
v -0.423333 0.500000 0.752593
v -0.517407 0.000000 0.752593
v -0.517407 0.500000 0.752593
v -0.611481 0.000000 0.752593
v -0.611481 0.500000 0.752593
v -0.705555 0.000000 0.752593
v -0.705555 0.500000 0.752593
v -0.799630 0.000000 0.752593
v -0.799630 0.500000 0.752593
v -0.893704 0.000000 0.752593
v -0.893704 0.500000 0.752593
v -0.987778 0.000000 0.752593
v -0.987778 0.500000 0.752593
v -1.081852 0.000000 0.752593
v -1.081852 0.500000 0.752593
v -1.175926 0.000000 0.752593
v -1.175926 0.500000 0.752593
v -1.270000 0.000000 0.752593
v -1.270000 0.500000 0.752593
v 1.270000 0.000000 0.376296
v 1.270000 0.500000 0.376296
v 1.222963 0.000000 0.376296
v 1.222963 0.500000 0.376296
v 1.175925 0.000000 0.376296
v 1.175925 0.500000 0.376296
v 1.128889 0.000000 0.376297
v 1.128889 0.500000 0.376297
v 1.081852 0.000000 0.376296
v 1.081852 0.500000 0.376296
v 1.034815 0.000000 0.376296
v 1.034815 0.500000 0.376296
v 0.987778 0.000000 0.376296
v 0.987778 0.500000 0.376296
v 0.940741 0.000000 0.376296
v 0.940741 0.500000 0.376296
v 0.893704 0.000000 0.376296
v 0.893704 0.500000 0.376296
v 0.846667 0.000000 0.376296
v 0.846667 0.500000 0.376296
v 0.423334 0.000000 0.323333
v 0.423334 0.500000 0.323333
v 0.282223 0.000000 0.323333
v 0.282223 0.500000 0.323334
v 0.141111 0.000000 0.323333
v 0.141111 0.500000 0.323334
v 0.000001 0.000000 0.323334
v 0.000001 0.500000 0.323334
v -0.141111 0.000000 0.323333
v -0.141111 0.500000 0.323334
v -0.282222 0.000000 0.323333
v -0.282222 0.500000 0.323334
v -0.423333 0.000000 0.323333
v -0.423333 0.500000 0.323334
v -0.564445 0.000000 0.323333
v -0.564445 0.500000 0.323334
v -0.705555 0.000000 0.323333
v -0.705555 0.500000 0.323334
v -0.846667 0.000000 0.323333
v -0.846667 0.500000 0.323334
v 2.116667 -0.000000 -0.047037
v 2.116667 0.500000 -0.047037
v 2.069630 -0.000000 -0.047037
v 2.069630 0.500000 -0.047037
v 2.022593 -0.000000 -0.047037
v 2.022593 0.500000 -0.047037
v 1.975556 -0.000000 -0.047037
v 1.975556 0.500000 -0.047037
v 1.928519 -0.000000 -0.047037
v 1.928519 0.500000 -0.047037
v 1.881482 -0.000000 -0.047037
v 1.881482 0.500000 -0.047037
v 1.834445 -0.000000 -0.047037
v 1.834445 0.500000 -0.047037
v 1.787408 -0.000000 -0.047037
v 1.787408 0.500000 -0.047037
v 1.740371 -0.000000 -0.047037
v 1.740371 0.500000 -0.047037
v 1.693334 -0.000000 -0.047037
v 1.693334 0.500000 -0.047037
v 0.423333 -0.000000 -0.047036
v 0.423333 0.500000 -0.047036
v 0.376297 -0.000000 -0.047036
v 0.376297 0.500000 -0.047036
v 0.329259 -0.000000 -0.047036
v 0.329259 0.500000 -0.047036
v 0.282223 -0.000000 -0.047036
v 0.282223 0.500000 -0.047036
v 0.235185 -0.000000 -0.047037
v 0.235185 0.500000 -0.047037
v 0.188148 -0.000000 -0.047037
v 0.188148 0.500000 -0.047037
v 0.141111 -0.000000 -0.047037
v 0.141111 0.500000 -0.047037
v 0.094074 -0.000000 -0.047037
v 0.094074 0.500000 -0.047037
v 0.047037 -0.000000 -0.047037
v 0.047037 0.500000 -0.047037
v 0.000000 -0.000000 -0.047037
v 0.000000 0.500000 -0.047037
v -0.846667 -0.000000 -0.047037
v -0.846667 0.500000 -0.047037
v -0.893704 -0.000000 -0.047037
v -0.893704 0.500000 -0.047037
v -0.940741 -0.000000 -0.047036
v -0.940741 0.500000 -0.047036
v -0.987777 -0.000000 -0.047036
v -0.987777 0.500000 -0.047036
v -1.034815 -0.000000 -0.047037
v -1.034815 0.500000 -0.047037
v -1.081852 -0.000000 -0.047037
v -1.081852 0.500000 -0.047037
v -1.128889 -0.000000 -0.047037
v -1.128889 0.500000 -0.047037
v -1.175926 -0.000000 -0.047037
v -1.175926 0.500000 -0.047037
v -1.222963 -0.000000 -0.047036
v -1.222963 0.500000 -0.047036
v -1.270000 -0.000000 -0.047036
v -1.270000 0.500000 -0.047036
v -1.693333 -0.000000 -0.047037
v -1.693333 0.500000 -0.047037
v -1.740371 -0.000000 -0.047036
v -1.740371 0.500000 -0.047036
v -1.787408 -0.000000 -0.047035
v -1.787408 0.500000 -0.047035
v -1.834444 -0.000000 -0.047035
v -1.834444 0.500000 -0.047035
v -1.881482 -0.000000 -0.047036
v -1.881482 0.500000 -0.047036
v -1.928519 -0.000000 -0.047035
v -1.928519 0.500000 -0.047035
v -1.975555 -0.000000 -0.047035
v -1.975555 0.500000 -0.047035
v -2.022593 -0.000000 -0.047036
v -2.022593 0.500000 -0.047036
v -2.069630 -0.000000 -0.047036
v -2.069630 0.500000 -0.047036
v -2.116667 -0.000000 -0.047036
v -2.116667 0.500000 -0.047036
v -0.423333 -0.000000 -0.523333
v -0.423333 0.500000 -0.523333
v -0.564445 -0.000000 -0.523333
v -0.564445 0.500000 -0.523333
v -0.705556 -0.000000 -0.523333
v -0.705556 0.500000 -0.523333
v -0.846666 -0.000000 -0.523333
v -0.846666 0.500000 -0.523333
v -0.987778 -0.000000 -0.523333
v -0.987778 0.500000 -0.523333
v -1.128889 -0.000000 -0.523333
v -1.128889 0.500000 -0.523333
v -1.270000 -0.000000 -0.523333
v -1.270000 0.500000 -0.523333
v -1.411111 -0.000000 -0.523333
v -1.411111 0.500000 -0.523333
v -1.552222 -0.000000 -0.523333
v -1.552222 0.500000 -0.523333
v -1.693333 -0.000000 -0.523333
v -1.693333 0.500000 -0.523333
v 1.270000 -0.000000 -0.893704
v 1.270000 0.500000 -0.893704
v 1.222963 -0.000000 -0.893704
v 1.222963 0.500000 -0.893704
v 1.175926 -0.000000 -0.893704
v 1.175926 0.500000 -0.893704
v 1.128889 -0.000000 -0.893704
v 1.128889 0.500000 -0.893704
v 1.081852 -0.000000 -0.893704
v 1.081852 0.500000 -0.893704
v 1.034815 -0.000000 -0.893704
v 1.034815 0.500000 -0.893704
v 0.987778 -0.000000 -0.893704
v 0.987778 0.500000 -0.893704
v 0.940741 -0.000000 -0.893704
v 0.940741 0.500000 -0.893704
v 0.893704 -0.000000 -0.893704
v 0.893704 0.500000 -0.893704
v 0.846667 -0.000000 -0.893704
v 0.846667 0.500000 -0.893704
v 0.423333 -0.000000 -0.893703
v 0.423333 0.500000 -0.893703
v 0.376297 -0.000000 -0.893703
v 0.376297 0.500000 -0.893703
v 0.329259 -0.000000 -0.893703
v 0.329259 0.500000 -0.893703
v 0.282223 -0.000000 -0.893703
v 0.282223 0.500000 -0.893703
v 0.235185 -0.000000 -0.893704
v 0.235185 0.500000 -0.893704
v 0.188148 -0.000000 -0.893704
v 0.188148 0.500000 -0.893704
v 0.141111 -0.000000 -0.893704
v 0.141111 0.500000 -0.893704
v 0.094074 -0.000000 -0.893704
v 0.094074 0.500000 -0.893704
v 0.047037 -0.000000 -0.893704
v 0.047037 0.500000 -0.893704
v 0.000000 -0.000000 -0.893704
v 0.000000 0.500000 -0.893704
v -0.846667 -0.000000 -0.946667
v -0.846667 0.500000 -0.946667
v -0.987778 -0.000000 -0.946667
v -0.987778 0.500000 -0.946667
v -1.128889 -0.000000 -0.946667
v -1.128889 0.500000 -0.946667
v -1.269999 -0.000000 -0.946667
v -1.269999 0.500000 -0.946667
v -1.411111 -0.000000 -0.946667
v -1.411111 0.500000 -0.946667
v -1.552222 -0.000000 -0.946667
v -1.552222 0.500000 -0.946667
v -1.693333 -0.000000 -0.946667
v -1.693333 0.500000 -0.946667
v -1.834445 -0.000000 -0.946667
v -1.834445 0.500000 -0.946667
v -1.975555 -0.000000 -0.946667
v -1.975555 0.500000 -0.946667
v -2.116668 -0.000000 -0.946666
v -2.116668 0.500000 -0.946666
v 1.693334 -0.000000 -1.370000
v 1.693334 0.500000 -1.370000
v 1.552222 -0.000000 -1.370000
v 1.552222 0.500000 -1.370000
v 1.411111 -0.000000 -1.370000
v 1.411111 0.500000 -1.370000
v 1.270000 -0.000000 -1.370000
v 1.270000 0.500000 -1.370000
v 1.128889 -0.000000 -1.370000
v 1.128889 0.500000 -1.370000
v 0.987778 -0.000000 -1.370000
v 0.987778 0.500000 -1.370000
v 0.846667 -0.000000 -1.370000
v 0.846667 0.500000 -1.370000
v 0.705556 -0.000000 -1.370000
v 0.705556 0.500000 -1.370000
v 0.564444 -0.000000 -1.370000
v 0.564444 0.500000 -1.370000
v 0.423333 -0.000000 -1.370000
v 0.423333 0.500000 -1.370000
v -1.270000 -0.000000 -1.317037
v -1.270000 0.500000 -1.317037
v -1.317037 -0.000000 -1.317037
v -1.317037 0.500000 -1.317037
v -1.364074 -0.000000 -1.317036
v -1.364074 0.500000 -1.317036
v -1.411110 -0.000000 -1.317036
v -1.411110 0.500000 -1.317036
v -1.458148 -0.000000 -1.317037
v -1.458148 0.500000 -1.317037
v -1.505185 -0.000000 -1.317037
v -1.505185 0.500000 -1.317037
v -1.552222 -0.000000 -1.317037
v -1.552222 0.500000 -1.317037
v -1.599259 -0.000000 -1.317037
v -1.599259 0.500000 -1.317037
v -1.646297 -0.000000 -1.317036
v -1.646297 0.500000 -1.317036
v -1.693333 -0.000000 -1.317036
v -1.693333 0.500000 -1.317036
v 1.270000 -0.000000 -1.740370
v 1.270000 0.500000 -1.740370
v 1.222963 -0.000000 -1.740370
v 1.222963 0.500000 -1.740370
v 1.175926 -0.000000 -1.740370
v 1.175926 0.500000 -1.740370
v 1.128889 -0.000000 -1.740370
v 1.128889 0.500000 -1.740370
v 1.081852 -0.000000 -1.740370
v 1.081852 0.500000 -1.740370
v 1.034815 -0.000000 -1.740370
v 1.034815 0.500000 -1.740370
v 0.987778 -0.000000 -1.740370
v 0.987778 0.500000 -1.740370
v 0.940741 -0.000000 -1.740370
v 0.940741 0.500000 -1.740370
v 0.893704 -0.000000 -1.740370
v 0.893704 0.500000 -1.740370
v 0.846667 -0.000000 -1.740370
v 0.846667 0.500000 -1.740370
v 0.000000 -0.000000 -1.740370
v 0.000000 0.500000 -1.740370
v -0.047037 -0.000000 -1.740370
v -0.047037 0.500000 -1.740370
v -0.094074 -0.000000 -1.740369
v -0.094074 0.500000 -1.740369
v -0.141110 -0.000000 -1.740369
v -0.141110 0.500000 -1.740369
v -0.188148 -0.000000 -1.740370
v -0.188148 0.500000 -1.740370
v -0.235185 -0.000000 -1.740370
v -0.235185 0.500000 -1.740370
v -0.282222 -0.000000 -1.740370
v -0.282222 0.500000 -1.740370
v -0.329259 -0.000000 -1.740370
v -0.329259 0.500000 -1.740370
v -0.376296 -0.000000 -1.740370
v -0.376296 0.500000 -1.740370
v -0.423333 -0.000000 -1.740370
v -0.423333 0.500000 -1.740370
v -0.846667 -0.000000 -1.740370
v -0.846667 0.500000 -1.740370
v -0.893704 -0.000000 -1.740370
v -0.893704 0.500000 -1.740370
v -0.940741 -0.000000 -1.740369
v -0.940741 0.500000 -1.740369
v -0.987777 -0.000000 -1.740369
v -0.987777 0.500000 -1.740369
v -1.034815 -0.000000 -1.740370
v -1.034815 0.500000 -1.740370
v -1.081852 -0.000000 -1.740370
v -1.081852 0.500000 -1.740370
v -1.128889 -0.000000 -1.740370
v -1.128889 0.500000 -1.740370
v -1.175926 -0.000000 -1.740370
v -1.175926 0.500000 -1.740370
v -1.222963 -0.000000 -1.740370
v -1.222963 0.500000 -1.740370
v -1.270000 -0.000000 -1.740370
v -1.270000 0.500000 -1.740370
v -1.693333 -0.000000 -1.740371
v -1.693333 0.500000 -1.740371
v -1.740371 -0.000000 -1.740370
v -1.740371 0.500000 -1.740370
v -1.787408 -0.000000 -1.740369
v -1.787408 0.500000 -1.740369
v -1.834444 -0.000000 -1.740369
v -1.834444 0.500000 -1.740369
v -1.881482 -0.000000 -1.740370
v -1.881482 0.500000 -1.740370
v -1.928519 -0.000000 -1.740369
v -1.928519 0.500000 -1.740369
v -1.975555 -0.000000 -1.740369
v -1.975555 0.500000 -1.740369
v -2.022593 -0.000000 -1.740370
v -2.022593 0.500000 -1.740370
v -2.069630 -0.000000 -1.740370
v -2.069630 0.500000 -1.740370
v -2.116667 -0.000000 -1.740370
v -2.116667 0.500000 -1.740370
v 2.116667 -0.000000 -2.216667
v 2.116667 0.500000 -2.216667
v 1.646296 -0.000000 -2.216667
v 1.646296 0.500000 -2.216667
v 1.175926 -0.000000 -2.216667
v 1.175926 0.500000 -2.216667
v 0.705556 -0.000000 -2.216666
v 0.705556 0.500000 -2.216666
v 0.235185 -0.000000 -2.216667
v 0.235185 0.500000 -2.216667
v -0.235185 -0.000000 -2.216667
v -0.235185 0.500000 -2.216667
v -0.705556 -0.000000 -2.216667
v -0.705556 0.500000 -2.216667
v -1.175926 -0.000000 -2.216667
v -1.175926 0.500000 -2.216667
v -1.646296 -0.000000 -2.216667
v -1.646296 0.500000 -2.216667
v -2.116667 -0.000000 -2.216667
v -2.116667 0.500000 -2.216667
vn -1.0000 -0.0000 -0.0000
vn -0.0000 -0.0000 1.0000
vn 1.0000 -0.0000 -0.0000
vn -0.0000 -0.0000 -1.0000
vn -0.0000 1.0000 -0.0000
vn -0.0000 -1.0000 -0.0000
vt 0.000000 1.000000
vt 0.111111 1.000000
vt 0.111111 0.000000
vt 0.000000 0.000000
vt 0.222222 1.000000
vt 0.222222 0.000000
vt 0.333333 1.000000
vt 0.333333 0.000000
vt 0.444444 1.000000
vt 0.444444 0.000000
vt 0.555556 1.000000
vt 0.555556 0.000000
vt 0.666667 1.000000
vt 0.666667 0.000000
vt 0.777778 1.000000
vt 0.777778 0.000000
vt 0.888889 1.000000
vt 0.888889 0.000000
vt 1.000000 1.000000
vt 1.000000 0.000000
s 0
f 2/1/1 4/2/1 3/3/1 1/4/1
f 4/2/1 6/5/1 5/6/1 3/3/1
f 6/5/1 8/7/1 7/8/1 5/6/1
f 8/7/1 10/9/1 9/10/1 7/8/1
f 10/9/1 12/11/1 11/12/1 9/10/1
f 12/11/1 14/13/1 13/14/1 11/12/1
f 14/13/1 16/15/1 15/16/1 13/14/1
f 16/15/1 18/17/1 17/18/1 15/16/1
f 18/17/1 20/19/1 19/20/1 17/18/1
f 22/1/1 24/2/1 23/3/1 21/4/1
f 24/2/1 26/5/1 25/6/1 23/3/1
f 26/5/1 28/7/1 27/8/1 25/6/1
f 28/7/1 30/9/1 29/10/1 27/8/1
f 30/9/1 32/11/1 31/12/1 29/10/1
f 32/11/1 34/13/1 33/14/1 31/12/1
f 34/13/1 36/15/1 35/16/1 33/14/1
f 36/15/1 38/17/1 37/18/1 35/16/1
f 38/17/1 40/19/1 39/20/1 37/18/1
f 42/1/1 44/2/1 43/3/1 41/4/1
f 44/2/1 46/5/1 45/6/1 43/3/1
f 46/5/1 48/7/1 47/8/1 45/6/1
f 48/7/1 50/9/1 49/10/1 47/8/1
f 50/9/1 52/11/1 51/12/1 49/10/1
f 52/11/1 54/13/1 53/14/1 51/12/1
f 54/13/1 56/15/1 55/16/1 53/14/1
f 56/15/1 58/17/1 57/18/1 55/16/1
f 58/17/1 60/19/1 59/20/1 57/18/1
f 62/1/1 64/2/1 63/3/1 61/4/1
f 64/2/1 66/5/1 65/6/1 63/3/1
f 66/5/1 68/7/1 67/8/1 65/6/1
f 68/7/1 70/9/1 69/10/1 67/8/1
f 70/9/1 72/11/1 71/12/1 69/10/1
f 72/11/1 74/13/1 73/14/1 71/12/1
f 74/13/1 76/15/1 75/16/1 73/14/1
f 76/15/1 78/17/1 77/18/1 75/16/1
f 78/17/1 80/19/1 79/20/1 77/18/1
f 82/1/1 84/2/1 83/3/1 81/4/1
f 84/2/1 86/5/1 85/6/1 83/3/1
f 86/5/1 88/7/1 87/8/1 85/6/1
f 88/7/1 90/9/1 89/10/1 87/8/1
f 90/9/1 92/11/1 91/12/1 89/10/1
f 92/11/1 94/13/1 93/14/1 91/12/1
f 94/13/1 96/15/1 95/16/1 93/14/1
f 96/15/1 98/17/1 97/18/1 95/16/1
f 98/17/1 100/19/1 99/20/1 97/18/1
f 102/1/1 104/2/1 103/3/1 101/4/1
f 104/2/1 106/5/1 105/6/1 103/3/1
f 106/5/1 108/7/1 107/8/1 105/6/1
f 108/7/1 110/9/1 109/10/1 107/8/1
f 110/9/1 112/11/1 111/12/1 109/10/1
f 112/11/1 114/13/1 113/14/1 111/12/1
f 114/13/1 116/15/1 115/16/1 113/14/1
f 116/15/1 118/17/1 117/18/1 115/16/1
f 118/17/1 120/19/1 119/20/1 117/18/1
f 122/1/1 124/2/1 123/3/1 121/4/1
f 124/2/1 126/5/1 125/6/1 123/3/1
f 126/5/1 128/7/1 127/8/1 125/6/1
f 128/7/1 130/9/1 129/10/1 127/8/1
f 130/9/1 132/11/1 131/12/1 129/10/1
f 132/11/1 134/13/1 133/14/1 131/12/1
f 134/13/1 136/15/1 135/16/1 133/14/1
f 136/15/1 138/17/1 137/18/1 135/16/1
f 138/17/1 140/19/1 139/20/1 137/18/1
f 142/1/1 144/2/1 143/3/1 141/4/1
f 144/2/1 146/5/1 145/6/1 143/3/1
f 146/5/1 148/7/1 147/8/1 145/6/1
f 148/7/1 150/9/1 149/10/1 147/8/1
f 150/9/1 152/11/1 151/12/1 149/10/1
f 152/11/1 154/13/1 153/14/1 151/12/1
f 154/13/1 156/15/1 155/16/1 153/14/1
f 156/15/1 158/17/1 157/18/1 155/16/1
f 158/17/1 160/19/1 159/20/1 157/18/1
f 162/1/1 164/2/1 163/3/1 161/4/1
f 164/2/1 166/5/1 165/6/1 163/3/1
f 166/5/1 168/7/1 167/8/1 165/6/1
f 168/7/1 170/9/1 169/10/1 167/8/1
f 170/9/1 172/11/1 171/12/1 169/10/1
f 172/11/1 174/13/1 173/14/1 171/12/1
f 174/13/1 176/15/1 175/16/1 173/14/1
f 176/15/1 178/17/1 177/18/1 175/16/1
f 178/17/1 180/19/1 179/20/1 177/18/1
f 182/1/1 184/2/1 183/3/1 181/4/1
f 184/2/1 186/5/1 185/6/1 183/3/1
f 186/5/1 188/7/1 187/8/1 185/6/1
f 188/7/1 190/9/1 189/10/1 187/8/1
f 190/9/1 192/11/1 191/12/1 189/10/1
f 192/11/1 194/13/1 193/14/1 191/12/1
f 194/13/1 196/15/1 195/16/1 193/14/1
f 196/15/1 198/17/1 197/18/1 195/16/1
f 198/17/1 200/19/1 199/20/1 197/18/1
f 202/1/1 204/2/1 203/3/1 201/4/1
f 204/2/1 206/5/1 205/6/1 203/3/1
f 206/5/1 208/7/1 207/8/1 205/6/1
f 208/7/1 210/9/1 209/10/1 207/8/1
f 210/9/1 212/11/1 211/12/1 209/10/1
f 212/11/1 214/13/1 213/14/1 211/12/1
f 214/13/1 216/15/1 215/16/1 213/14/1
f 216/15/1 218/17/1 217/18/1 215/16/1
f 218/17/1 220/19/1 219/20/1 217/18/1
f 222/1/1 224/2/1 223/3/1 221/4/1
f 224/2/1 226/5/1 225/6/1 223/3/1
f 226/5/1 228/7/1 227/8/1 225/6/1
f 228/7/1 230/9/1 229/10/1 227/8/1
f 230/9/1 232/11/1 231/12/1 229/10/1
f 232/11/1 234/13/1 233/14/1 231/12/1
f 234/13/1 236/15/1 235/16/1 233/14/1
f 236/15/1 238/17/1 237/18/1 235/16/1
f 238/17/1 240/19/1 239/20/1 237/18/1
f 242/1/1 244/2/1 243/3/1 241/4/1
f 244/2/1 246/5/1 245/6/1 243/3/1
f 246/5/1 248/7/1 247/8/1 245/6/1
f 248/7/1 250/9/1 249/10/1 247/8/1
f 250/9/1 252/11/1 251/12/1 249/10/1
f 252/11/1 254/13/1 253/14/1 251/12/1
f 254/13/1 256/15/1 255/16/1 253/14/1
f 256/15/1 258/17/1 257/18/1 255/16/1
f 258/17/1 260/19/1 259/20/1 257/18/1
f 262/1/1 264/2/1 263/3/1 261/4/1
f 264/2/1 266/5/1 265/6/1 263/3/1
f 266/5/1 268/7/1 267/8/1 265/6/1
f 268/7/1 270/9/1 269/10/1 267/8/1
f 270/9/1 272/11/1 271/12/1 269/10/1
f 272/11/1 274/13/1 273/14/1 271/12/1
f 274/13/1 276/15/1 275/16/1 273/14/1
f 276/15/1 278/17/1 277/18/1 275/16/1
f 278/17/1 280/19/1 279/20/1 277/18/1
f 282/1/1 284/2/1 283/3/1 281/4/1
f 284/2/1 286/5/1 285/6/1 283/3/1
f 286/5/1 288/7/1 287/8/1 285/6/1
f 288/7/1 290/9/1 289/10/1 287/8/1
f 290/9/1 292/11/1 291/12/1 289/10/1
f 292/11/1 294/13/1 293/14/1 291/12/1
f 294/13/1 296/15/1 295/16/1 293/14/1
f 296/15/1 298/17/1 297/18/1 295/16/1
f 298/17/1 300/19/1 299/20/1 297/18/1
f 302/1/1 304/2/1 303/3/1 301/4/1
f 304/2/1 306/5/1 305/6/1 303/3/1
f 306/5/1 308/7/1 307/8/1 305/6/1
f 308/7/1 310/9/1 309/10/1 307/8/1
f 310/9/1 312/11/1 311/12/1 309/10/1
f 312/11/1 314/13/1 313/14/1 311/12/1
f 314/13/1 316/15/1 315/16/1 313/14/1
f 316/15/1 318/17/1 317/18/1 315/16/1
f 318/17/1 320/19/1 319/20/1 317/18/1
f 322/1/1 324/2/1 323/3/1 321/4/1
f 324/2/1 326/5/1 325/6/1 323/3/1
f 326/5/1 328/7/1 327/8/1 325/6/1
f 328/7/1 330/9/1 329/10/1 327/8/1
f 330/9/1 332/11/1 331/12/1 329/10/1
f 332/11/1 334/13/1 333/14/1 331/12/1
f 334/13/1 336/15/1 335/16/1 333/14/1
f 336/15/1 338/17/1 337/18/1 335/16/1
f 338/17/1 340/19/1 339/20/1 337/18/1
f 342/1/1 344/2/1 343/3/1 341/4/1
f 344/2/1 346/5/1 345/6/1 343/3/1
f 346/5/1 348/7/1 347/8/1 345/6/1
f 348/7/1 350/9/1 349/10/1 347/8/1
f 350/9/1 352/11/1 351/12/1 349/10/1
f 352/11/1 354/13/1 353/14/1 351/12/1
f 354/13/1 356/15/1 355/16/1 353/14/1
f 356/15/1 358/17/1 357/18/1 355/16/1
f 358/17/1 360/19/1 359/20/1 357/18/1
f 362/1/1 364/2/1 363/3/1 361/4/1
f 364/2/1 366/5/1 365/6/1 363/3/1
f 366/5/1 368/7/1 367/8/1 365/6/1
f 368/7/1 370/9/1 369/10/1 367/8/1
f 370/9/1 372/11/1 371/12/1 369/10/1
f 372/11/1 374/13/1 373/14/1 371/12/1
f 374/13/1 376/15/1 375/16/1 373/14/1
f 376/15/1 378/17/1 377/18/1 375/16/1
f 378/17/1 380/19/1 379/20/1 377/18/1
f 382/1/1 384/2/1 383/3/1 381/4/1
f 384/2/1 386/5/1 385/6/1 383/3/1
f 386/5/1 388/7/1 387/8/1 385/6/1
f 388/7/1 390/9/1 389/10/1 387/8/1
f 390/9/1 392/11/1 391/12/1 389/10/1
f 392/11/1 394/13/1 393/14/1 391/12/1
f 394/13/1 396/15/1 395/16/1 393/14/1
f 396/15/1 398/17/1 397/18/1 395/16/1
f 398/17/1 400/19/1 399/20/1 397/18/1
f 402/1/1 404/2/1 403/3/1 401/4/1
f 404/2/1 406/5/1 405/6/1 403/3/1
f 406/5/1 408/7/1 407/8/1 405/6/1
f 408/7/1 410/9/1 409/10/1 407/8/1
f 410/9/1 412/11/1 411/12/1 409/10/1
f 412/11/1 414/13/1 413/14/1 411/12/1
f 414/13/1 416/15/1 415/16/1 413/14/1
f 416/15/1 418/17/1 417/18/1 415/16/1
f 418/17/1 420/19/1 419/20/1 417/18/1
f 422/1/1 424/2/1 423/3/1 421/4/1
f 424/2/1 426/5/1 425/6/1 423/3/1
f 426/5/1 428/7/1 427/8/1 425/6/1
f 428/7/1 430/9/1 429/10/1 427/8/1
f 430/9/1 432/11/1 431/12/1 429/10/1
f 432/11/1 434/13/1 433/14/1 431/12/1
f 434/13/1 436/15/1 435/16/1 433/14/1
f 436/15/1 438/17/1 437/18/1 435/16/1
f 438/17/1 440/19/1 439/20/1 437/18/1
f 442/1/1 444/2/1 443/3/1 441/4/1
f 444/2/1 446/5/1 445/6/1 443/3/1
f 446/5/1 448/7/1 447/8/1 445/6/1
f 448/7/1 450/9/1 449/10/1 447/8/1
f 450/9/1 452/11/1 451/12/1 449/10/1
f 452/11/1 454/13/1 453/14/1 451/12/1
f 454/13/1 456/15/1 455/16/1 453/14/1
f 456/15/1 458/17/1 457/18/1 455/16/1
f 458/17/1 460/19/1 459/20/1 457/18/1
f 462/1/1 464/2/1 463/3/1 461/4/1
f 464/2/1 466/5/1 465/6/1 463/3/1
f 466/5/1 468/7/1 467/8/1 465/6/1
f 468/7/1 470/9/1 469/10/1 467/8/1
f 470/9/1 472/11/1 471/12/1 469/10/1
f 472/11/1 474/13/1 473/14/1 471/12/1
f 474/13/1 476/15/1 475/16/1 473/14/1
f 476/15/1 478/17/1 477/18/1 475/16/1
f 478/17/1 480/19/1 479/20/1 477/18/1
f 482/1/2 484/2/2 483/3/2 481/4/2
f 484/2/2 486/5/2 485/6/2 483/3/2
f 486/5/2 488/7/2 487/8/2 485/6/2
f 488/7/2 490/9/2 489/10/2 487/8/2
f 490/9/2 492/11/2 491/12/2 489/10/2
f 492/11/2 494/13/2 493/14/2 491/12/2
f 494/13/2 496/15/2 495/16/2 493/14/2
f 496/15/2 498/17/2 497/18/2 495/16/2
f 498/17/2 500/19/2 499/20/2 497/18/2
f 502/1/2 504/2/2 503/3/2 501/4/2
f 504/2/2 506/5/2 505/6/2 503/3/2
f 506/5/2 508/7/2 507/8/2 505/6/2
f 508/7/2 510/9/2 509/10/2 507/8/2
f 510/9/2 512/11/2 511/12/2 509/10/2
f 512/11/2 514/13/2 513/14/2 511/12/2
f 514/13/2 516/15/2 515/16/2 513/14/2
f 516/15/2 518/17/2 517/18/2 515/16/2
f 518/17/2 520/19/2 519/20/2 517/18/2
f 522/1/2 524/2/2 523/3/2 521/4/2
f 524/2/2 526/5/2 525/6/2 523/3/2
f 526/5/2 528/7/2 527/8/2 525/6/2
f 528/7/2 530/9/2 529/10/2 527/8/2
f 530/9/2 532/11/2 531/12/2 529/10/2
f 532/11/2 534/13/2 533/14/2 531/12/2
f 534/13/2 536/15/2 535/16/2 533/14/2
f 536/15/2 538/17/2 537/18/2 535/16/2
f 538/17/2 540/19/2 539/20/2 537/18/2
f 542/1/2 544/2/2 543/3/2 541/4/2
f 544/2/2 546/5/2 545/6/2 543/3/2
f 546/5/2 548/7/2 547/8/2 545/6/2
f 548/7/2 550/9/2 549/10/2 547/8/2
f 550/9/2 552/11/2 551/12/2 549/10/2
f 552/11/2 554/13/2 553/14/2 551/12/2
f 554/13/2 556/15/2 555/16/2 553/14/2
f 556/15/2 558/17/2 557/18/2 555/16/2
f 558/17/2 560/19/2 559/20/2 557/18/2
f 562/1/2 564/2/2 563/3/2 561/4/2
f 564/2/2 566/5/2 565/6/2 563/3/2
f 566/5/2 568/7/2 567/8/2 565/6/2
f 568/7/2 570/9/2 569/10/2 567/8/2
f 570/9/2 572/11/2 571/12/2 569/10/2
f 572/11/2 574/13/2 573/14/2 571/12/2
f 574/13/2 576/15/2 575/16/2 573/14/2
f 576/15/2 578/17/2 577/18/2 575/16/2
f 578/17/2 580/19/2 579/20/2 577/18/2
f 582/1/2 584/2/2 583/3/2 581/4/2
f 584/2/2 586/5/2 585/6/2 583/3/2
f 586/5/2 588/7/2 587/8/2 585/6/2
f 588/7/2 590/9/2 589/10/2 587/8/2
f 590/9/2 592/11/2 591/12/2 589/10/2
f 592/11/2 594/13/2 593/14/2 591/12/2
f 594/13/2 596/15/2 595/16/2 593/14/2
f 596/15/2 598/17/2 597/18/2 595/16/2
f 598/17/2 600/19/2 599/20/2 597/18/2
f 602/1/2 604/2/2 603/3/2 601/4/2
f 604/2/2 606/5/2 605/6/2 603/3/2
f 606/5/2 608/7/2 607/8/2 605/6/2
f 608/7/2 610/9/2 609/10/2 607/8/2
f 610/9/2 612/11/2 611/12/2 609/10/2
f 612/11/2 614/13/2 613/14/2 611/12/2
f 614/13/2 616/15/2 615/16/2 613/14/2
f 616/15/2 618/17/2 617/18/2 615/16/2
f 618/17/2 620/19/2 619/20/2 617/18/2
f 622/1/2 624/2/2 623/3/2 621/4/2
f 624/2/2 626/5/2 625/6/2 623/3/2
f 626/5/2 628/7/2 627/8/2 625/6/2
f 628/7/2 630/9/2 629/10/2 627/8/2
f 630/9/2 632/11/2 631/12/2 629/10/2
f 632/11/2 634/13/2 633/14/2 631/12/2
f 634/13/2 636/15/2 635/16/2 633/14/2
f 636/15/2 638/17/2 637/18/2 635/16/2
f 638/17/2 640/19/2 639/20/2 637/18/2
f 642/1/2 644/2/2 643/3/2 641/4/2
f 644/2/2 646/5/2 645/6/2 643/3/2
f 646/5/2 648/7/2 647/8/2 645/6/2
f 648/7/2 650/9/2 649/10/2 647/8/2
f 650/9/2 652/11/2 651/12/2 649/10/2
f 652/11/2 654/13/2 653/14/2 651/12/2
f 654/13/2 656/15/2 655/16/2 653/14/2
f 656/15/2 658/17/2 657/18/2 655/16/2
f 658/17/2 660/19/2 659/20/2 657/18/2
f 662/1/2 664/2/2 663/3/2 661/4/2
f 664/2/2 666/5/2 665/6/2 663/3/2
f 666/5/2 668/7/2 667/8/2 665/6/2
f 668/7/2 670/9/2 669/10/2 667/8/2
f 670/9/2 672/11/2 671/12/2 669/10/2
f 672/11/2 674/13/2 673/14/2 671/12/2
f 674/13/2 676/15/2 675/16/2 673/14/2
f 676/15/2 678/17/2 677/18/2 675/16/2
f 678/17/2 680/19/2 679/20/2 677/18/2
f 682/1/2 684/2/2 683/3/2 681/4/2
f 684/2/2 686/5/2 685/6/2 683/3/2
f 686/5/2 688/7/2 687/8/2 685/6/2
f 688/7/2 690/9/2 689/10/2 687/8/2
f 690/9/2 692/11/2 691/12/2 689/10/2
f 692/11/2 694/13/2 693/14/2 691/12/2
f 694/13/2 696/15/2 695/16/2 693/14/2
f 696/15/2 698/17/2 697/18/2 695/16/2
f 698/17/2 700/19/2 699/20/2 697/18/2
f 702/1/2 704/2/2 703/3/2 701/4/2
f 704/2/2 706/5/2 705/6/2 703/3/2
f 706/5/2 708/7/2 707/8/2 705/6/2
f 708/7/2 710/9/2 709/10/2 707/8/2
f 710/9/2 712/11/2 711/12/2 709/10/2
f 712/11/2 714/13/2 713/14/2 711/12/2
f 714/13/2 716/15/2 715/16/2 713/14/2
f 716/15/2 718/17/2 717/18/2 715/16/2
f 718/17/2 720/19/2 719/20/2 717/18/2
f 722/1/2 724/2/2 723/3/2 721/4/2
f 724/2/2 726/5/2 725/6/2 723/3/2
f 726/5/2 728/7/2 727/8/2 725/6/2
f 728/7/2 730/9/2 729/10/2 727/8/2
f 730/9/2 732/11/2 731/12/2 729/10/2
f 732/11/2 734/13/2 733/14/2 731/12/2
f 734/13/2 736/15/2 735/16/2 733/14/2
f 736/15/2 738/17/2 737/18/2 735/16/2
f 738/17/2 740/19/2 739/20/2 737/18/2
f 742/1/2 744/2/2 743/3/2 741/4/2
f 744/2/2 746/5/2 745/6/2 743/3/2
f 746/5/2 748/7/2 747/8/2 745/6/2
f 748/7/2 750/9/2 749/10/2 747/8/2
f 750/9/2 752/11/2 751/12/2 749/10/2
f 752/11/2 754/13/2 753/14/2 751/12/2
f 754/13/2 756/15/2 755/16/2 753/14/2
f 756/15/2 758/17/2 757/18/2 755/16/2
f 758/17/2 760/19/2 759/20/2 757/18/2
f 762/1/2 764/2/2 763/3/2 761/4/2
f 764/2/2 766/5/2 765/6/2 763/3/2
f 766/5/2 768/7/2 767/8/2 765/6/2
f 768/7/2 770/9/2 769/10/2 767/8/2
f 770/9/2 772/11/2 771/12/2 769/10/2
f 772/11/2 774/13/2 773/14/2 771/12/2
f 774/13/2 776/15/2 775/16/2 773/14/2
f 776/15/2 778/17/2 777/18/2 775/16/2
f 778/17/2 780/19/2 779/20/2 777/18/2
f 782/1/2 784/2/2 783/3/2 781/4/2
f 784/2/2 786/5/2 785/6/2 783/3/2
f 786/5/2 788/7/2 787/8/2 785/6/2
f 788/7/2 790/9/2 789/10/2 787/8/2
f 790/9/2 792/11/2 791/12/2 789/10/2
f 792/11/2 794/13/2 793/14/2 791/12/2
f 794/13/2 796/15/2 795/16/2 793/14/2
f 796/15/2 798/17/2 797/18/2 795/16/2
f 798/17/2 800/19/2 799/20/2 797/18/2
f 802/1/2 804/2/2 803/3/2 801/4/2
f 804/2/2 806/5/2 805/6/2 803/3/2
f 806/5/2 808/7/2 807/8/2 805/6/2
f 808/7/2 810/9/2 809/10/2 807/8/2
f 810/9/2 812/11/2 811/12/2 809/10/2
f 812/11/2 814/13/2 813/14/2 811/12/2
f 814/13/2 816/15/2 815/16/2 813/14/2
f 816/15/2 818/17/2 817/18/2 815/16/2
f 818/17/2 820/19/2 819/20/2 817/18/2
f 822/1/2 824/2/2 823/3/2 821/4/2
f 824/2/2 826/5/2 825/6/2 823/3/2
f 826/5/2 828/7/2 827/8/2 825/6/2
f 828/7/2 830/9/2 829/10/2 827/8/2
f 830/9/2 832/11/2 831/12/2 829/10/2
f 832/11/2 834/13/2 833/14/2 831/12/2
f 834/13/2 836/15/2 835/16/2 833/14/2
f 836/15/2 838/17/2 837/18/2 835/16/2
f 838/17/2 840/19/2 839/20/2 837/18/2
f 842/1/2 844/2/2 843/3/2 841/4/2
f 844/2/2 846/5/2 845/6/2 843/3/2
f 846/5/2 848/7/2 847/8/2 845/6/2
f 848/7/2 850/9/2 849/10/2 847/8/2
f 850/9/2 852/11/2 851/12/2 849/10/2
f 852/11/2 854/13/2 853/14/2 851/12/2
f 854/13/2 856/15/2 855/16/2 853/14/2
f 856/15/2 858/17/2 857/18/2 855/16/2
f 858/17/2 860/19/2 859/20/2 857/18/2
f 862/1/2 864/2/2 863/3/2 861/4/2
f 864/2/2 866/5/2 865/6/2 863/3/2
f 866/5/2 868/7/2 867/8/2 865/6/2
f 868/7/2 870/9/2 869/10/2 867/8/2
f 870/9/2 872/11/2 871/12/2 869/10/2
f 872/11/2 874/13/2 873/14/2 871/12/2
f 874/13/2 876/15/2 875/16/2 873/14/2
f 876/15/2 878/17/2 877/18/2 875/16/2
f 878/17/2 880/19/2 879/20/2 877/18/2
f 882/1/2 884/2/2 883/3/2 881/4/2
f 884/2/2 886/5/2 885/6/2 883/3/2
f 886/5/2 888/7/2 887/8/2 885/6/2
f 888/7/2 890/9/2 889/10/2 887/8/2
f 890/9/2 892/11/2 891/12/2 889/10/2
f 892/11/2 894/13/2 893/14/2 891/12/2
f 894/13/2 896/15/2 895/16/2 893/14/2
f 896/15/2 898/17/2 897/18/2 895/16/2
f 898/17/2 900/19/2 899/20/2 897/18/2
f 902/1/2 904/2/2 903/3/2 901/4/2
f 904/2/2 906/5/2 905/6/2 903/3/2
f 906/5/2 908/7/2 907/8/2 905/6/2
f 908/7/2 910/9/2 909/10/2 907/8/2
f 910/9/2 912/11/2 911/12/2 909/10/2
f 912/11/2 914/13/2 913/14/2 911/12/2
f 914/13/2 916/15/2 915/16/2 913/14/2
f 916/15/2 918/17/2 917/18/2 915/16/2
f 918/17/2 920/19/2 919/20/2 917/18/2
f 922/1/2 924/2/2 923/3/2 921/4/2
f 924/2/2 926/5/2 925/6/2 923/3/2
f 926/5/2 928/7/2 927/8/2 925/6/2
f 928/7/2 930/9/2 929/10/2 927/8/2
f 930/9/2 932/11/2 931/12/2 929/10/2
f 932/11/2 934/13/2 933/14/2 931/12/2
f 934/13/2 936/15/2 935/16/2 933/14/2
f 936/15/2 938/17/2 937/18/2 935/16/2
f 938/17/2 940/19/2 939/20/2 937/18/2
f 942/1/2 944/2/2 943/3/2 941/4/2
f 944/2/2 946/5/2 945/6/2 943/3/2
f 946/5/2 948/7/2 947/8/2 945/6/2
f 948/7/2 950/9/2 949/10/2 947/8/2
f 950/9/2 952/11/2 951/12/2 949/10/2
f 952/11/2 954/13/2 953/14/2 951/12/2
f 954/13/2 956/15/2 955/16/2 953/14/2
f 956/15/2 958/17/2 957/18/2 955/16/2
f 958/17/2 960/19/2 959/20/2 957/18/2
f 962/1/2 964/2/2 963/3/2 961/4/2
f 964/2/2 966/5/2 965/6/2 963/3/2
f 966/5/2 968/7/2 967/8/2 965/6/2
f 968/7/2 970/9/2 969/10/2 967/8/2
f 970/9/2 972/11/2 971/12/2 969/10/2
f 972/11/2 974/13/2 973/14/2 971/12/2
f 974/13/2 976/15/2 975/16/2 973/14/2
f 976/15/2 978/17/2 977/18/2 975/16/2
f 978/17/2 980/19/2 979/20/2 977/18/2
f 982/1/2 984/2/2 983/3/2 981/4/2
f 984/2/2 986/5/2 985/6/2 983/3/2
f 986/5/2 988/7/2 987/8/2 985/6/2
f 988/7/2 990/9/2 989/10/2 987/8/2
f 990/9/2 992/11/2 991/12/2 989/10/2
f 992/11/2 994/13/2 993/14/2 991/12/2
f 994/13/2 996/15/2 995/16/2 993/14/2
f 996/15/2 998/17/2 997/18/2 995/16/2
f 998/17/2 1000/19/2 999/20/2 997/18/2
f 1002/1/3 1001/4/3 1003/3/3 1004/2/3
f 1004/2/3 1003/3/3 1005/6/3 1006/5/3
f 1006/5/3 1005/6/3 1007/8/3 1008/7/3
f 1008/7/3 1007/8/3 1009/10/3 1010/9/3
f 1010/9/3 1009/10/3 1011/12/3 1012/11/3
f 1012/11/3 1011/12/3 1013/14/3 1014/13/3
f 1014/13/3 1013/14/3 1015/16/3 1016/15/3
f 1016/15/3 1015/16/3 1017/18/3 1018/17/3
f 1018/17/3 1017/18/3 1019/20/3 1020/19/3
f 1022/1/3 1021/4/3 1023/3/3 1024/2/3
f 1024/2/3 1023/3/3 1025/6/3 1026/5/3
f 1026/5/3 1025/6/3 1027/8/3 1028/7/3
f 1028/7/3 1027/8/3 1029/10/3 1030/9/3
f 1030/9/3 1029/10/3 1031/12/3 1032/11/3
f 1032/11/3 1031/12/3 1033/14/3 1034/13/3
f 1034/13/3 1033/14/3 1035/16/3 1036/15/3
f 1036/15/3 1035/16/3 1037/18/3 1038/17/3
f 1038/17/3 1037/18/3 1039/20/3 1040/19/3
f 1042/1/3 1041/4/3 1043/3/3 1044/2/3
f 1044/2/3 1043/3/3 1045/6/3 1046/5/3
f 1046/5/3 1045/6/3 1047/8/3 1048/7/3
f 1048/7/3 1047/8/3 1049/10/3 1050/9/3
f 1050/9/3 1049/10/3 1051/12/3 1052/11/3
f 1052/11/3 1051/12/3 1053/14/3 1054/13/3
f 1054/13/3 1053/14/3 1055/16/3 1056/15/3
f 1056/15/3 1055/16/3 1057/18/3 1058/17/3
f 1058/17/3 1057/18/3 1059/20/3 1060/19/3
f 1062/1/3 1061/4/3 1063/3/3 1064/2/3
f 1064/2/3 1063/3/3 1065/6/3 1066/5/3
f 1066/5/3 1065/6/3 1067/8/3 1068/7/3
f 1068/7/3 1067/8/3 1069/10/3 1070/9/3
f 1070/9/3 1069/10/3 1071/12/3 1072/11/3
f 1072/11/3 1071/12/3 1073/14/3 1074/13/3
f 1074/13/3 1073/14/3 1075/16/3 1076/15/3
f 1076/15/3 1075/16/3 1077/18/3 1078/17/3
f 1078/17/3 1077/18/3 1079/20/3 1080/19/3
f 1082/1/3 1081/4/3 1083/3/3 1084/2/3
f 1084/2/3 1083/3/3 1085/6/3 1086/5/3
f 1086/5/3 1085/6/3 1087/8/3 1088/7/3
f 1088/7/3 1087/8/3 1089/10/3 1090/9/3
f 1090/9/3 1089/10/3 1091/12/3 1092/11/3
f 1092/11/3 1091/12/3 1093/14/3 1094/13/3
f 1094/13/3 1093/14/3 1095/16/3 1096/15/3
f 1096/15/3 1095/16/3 1097/18/3 1098/17/3
f 1098/17/3 1097/18/3 1099/20/3 1100/19/3
f 1102/1/3 1101/4/3 1103/3/3 1104/2/3
f 1104/2/3 1103/3/3 1105/6/3 1106/5/3
f 1106/5/3 1105/6/3 1107/8/3 1108/7/3
f 1108/7/3 1107/8/3 1109/10/3 1110/9/3
f 1110/9/3 1109/10/3 1111/12/3 1112/11/3
f 1112/11/3 1111/12/3 1113/14/3 1114/13/3
f 1114/13/3 1113/14/3 1115/16/3 1116/15/3
f 1116/15/3 1115/16/3 1117/18/3 1118/17/3
f 1118/17/3 1117/18/3 1119/20/3 1120/19/3
f 1122/1/3 1121/4/3 1123/3/3 1124/2/3
f 1124/2/3 1123/3/3 1125/6/3 1126/5/3
f 1126/5/3 1125/6/3 1127/8/3 1128/7/3
f 1128/7/3 1127/8/3 1129/10/3 1130/9/3
f 1130/9/3 1129/10/3 1131/12/3 1132/11/3
f 1132/11/3 1131/12/3 1133/14/3 1134/13/3
f 1134/13/3 1133/14/3 1135/16/3 1136/15/3
f 1136/15/3 1135/16/3 1137/18/3 1138/17/3
f 1138/17/3 1137/18/3 1139/20/3 1140/19/3
f 1142/1/3 1141/4/3 1143/3/3 1144/2/3
f 1144/2/3 1143/3/3 1145/6/3 1146/5/3
f 1146/5/3 1145/6/3 1147/8/3 1148/7/3
f 1148/7/3 1147/8/3 1149/10/3 1150/9/3
f 1150/9/3 1149/10/3 1151/12/3 1152/11/3
f 1152/11/3 1151/12/3 1153/14/3 1154/13/3
f 1154/13/3 1153/14/3 1155/16/3 1156/15/3
f 1156/15/3 1155/16/3 1157/18/3 1158/17/3
f 1158/17/3 1157/18/3 1159/20/3 1160/19/3
f 1162/1/3 1161/4/3 1163/3/3 1164/2/3
f 1164/2/3 1163/3/3 1165/6/3 1166/5/3
f 1166/5/3 1165/6/3 1167/8/3 1168/7/3
f 1168/7/3 1167/8/3 1169/10/3 1170/9/3
f 1170/9/3 1169/10/3 1171/12/3 1172/11/3
f 1172/11/3 1171/12/3 1173/14/3 1174/13/3
f 1174/13/3 1173/14/3 1175/16/3 1176/15/3
f 1176/15/3 1175/16/3 1177/18/3 1178/17/3
f 1178/17/3 1177/18/3 1179/20/3 1180/19/3
f 1182/1/3 1181/4/3 1183/3/3 1184/2/3
f 1184/2/3 1183/3/3 1185/6/3 1186/5/3
f 1186/5/3 1185/6/3 1187/8/3 1188/7/3
f 1188/7/3 1187/8/3 1189/10/3 1190/9/3
f 1190/9/3 1189/10/3 1191/12/3 1192/11/3
f 1192/11/3 1191/12/3 1193/14/3 1194/13/3
f 1194/13/3 1193/14/3 1195/16/3 1196/15/3
f 1196/15/3 1195/16/3 1197/18/3 1198/17/3
f 1198/17/3 1197/18/3 1199/20/3 1200/19/3
f 1202/1/3 1201/4/3 1203/3/3 1204/2/3
f 1204/2/3 1203/3/3 1205/6/3 1206/5/3
f 1206/5/3 1205/6/3 1207/8/3 1208/7/3
f 1208/7/3 1207/8/3 1209/10/3 1210/9/3
f 1210/9/3 1209/10/3 1211/12/3 1212/11/3
f 1212/11/3 1211/12/3 1213/14/3 1214/13/3
f 1214/13/3 1213/14/3 1215/16/3 1216/15/3
f 1216/15/3 1215/16/3 1217/18/3 1218/17/3
f 1218/17/3 1217/18/3 1219/20/3 1220/19/3
f 1222/1/3 1221/4/3 1223/3/3 1224/2/3
f 1224/2/3 1223/3/3 1225/6/3 1226/5/3
f 1226/5/3 1225/6/3 1227/8/3 1228/7/3
f 1228/7/3 1227/8/3 1229/10/3 1230/9/3
f 1230/9/3 1229/10/3 1231/12/3 1232/11/3
f 1232/11/3 1231/12/3 1233/14/3 1234/13/3
f 1234/13/3 1233/14/3 1235/16/3 1236/15/3
f 1236/15/3 1235/16/3 1237/18/3 1238/17/3
f 1238/17/3 1237/18/3 1239/20/3 1240/19/3
f 1242/1/3 1241/4/3 1243/3/3 1244/2/3
f 1244/2/3 1243/3/3 1245/6/3 1246/5/3
f 1246/5/3 1245/6/3 1247/8/3 1248/7/3
f 1248/7/3 1247/8/3 1249/10/3 1250/9/3
f 1250/9/3 1249/10/3 1251/12/3 1252/11/3
f 1252/11/3 1251/12/3 1253/14/3 1254/13/3
f 1254/13/3 1253/14/3 1255/16/3 1256/15/3
f 1256/15/3 1255/16/3 1257/18/3 1258/17/3
f 1258/17/3 1257/18/3 1259/20/3 1260/19/3
f 1262/1/3 1261/4/3 1263/3/3 1264/2/3
f 1264/2/3 1263/3/3 1265/6/3 1266/5/3
f 1266/5/3 1265/6/3 1267/8/3 1268/7/3
f 1268/7/3 1267/8/3 1269/10/3 1270/9/3
f 1270/9/3 1269/10/3 1271/12/3 1272/11/3
f 1272/11/3 1271/12/3 1273/14/3 1274/13/3
f 1274/13/3 1273/14/3 1275/16/3 1276/15/3
f 1276/15/3 1275/16/3 1277/18/3 1278/17/3
f 1278/17/3 1277/18/3 1279/20/3 1280/19/3
f 1282/1/3 1281/4/3 1283/3/3 1284/2/3
f 1284/2/3 1283/3/3 1285/6/3 1286/5/3
f 1286/5/3 1285/6/3 1287/8/3 1288/7/3
f 1288/7/3 1287/8/3 1289/10/3 1290/9/3
f 1290/9/3 1289/10/3 1291/12/3 1292/11/3
f 1292/11/3 1291/12/3 1293/14/3 1294/13/3
f 1294/13/3 1293/14/3 1295/16/3 1296/15/3
f 1296/15/3 1295/16/3 1297/18/3 1298/17/3
f 1298/17/3 1297/18/3 1299/20/3 1300/19/3
f 1302/1/3 1301/4/3 1303/3/3 1304/2/3
f 1304/2/3 1303/3/3 1305/6/3 1306/5/3
f 1306/5/3 1305/6/3 1307/8/3 1308/7/3
f 1308/7/3 1307/8/3 1309/10/3 1310/9/3
f 1310/9/3 1309/10/3 1311/12/3 1312/11/3
f 1312/11/3 1311/12/3 1313/14/3 1314/13/3
f 1314/13/3 1313/14/3 1315/16/3 1316/15/3
f 1316/15/3 1315/16/3 1317/18/3 1318/17/3
f 1318/17/3 1317/18/3 1319/20/3 1320/19/3
f 1322/1/3 1321/4/3 1323/3/3 1324/2/3
f 1324/2/3 1323/3/3 1325/6/3 1326/5/3
f 1326/5/3 1325/6/3 1327/8/3 1328/7/3
f 1328/7/3 1327/8/3 1329/10/3 1330/9/3
f 1330/9/3 1329/10/3 1331/12/3 1332/11/3
f 1332/11/3 1331/12/3 1333/14/3 1334/13/3
f 1334/13/3 1333/14/3 1335/16/3 1336/15/3
f 1336/15/3 1335/16/3 1337/18/3 1338/17/3
f 1338/17/3 1337/18/3 1339/20/3 1340/19/3
f 1342/1/3 1341/4/3 1343/3/3 1344/2/3
f 1344/2/3 1343/3/3 1345/6/3 1346/5/3
f 1346/5/3 1345/6/3 1347/8/3 1348/7/3
f 1348/7/3 1347/8/3 1349/10/3 1350/9/3
f 1350/9/3 1349/10/3 1351/12/3 1352/11/3
f 1352/11/3 1351/12/3 1353/14/3 1354/13/3
f 1354/13/3 1353/14/3 1355/16/3 1356/15/3
f 1356/15/3 1355/16/3 1357/18/3 1358/17/3
f 1358/17/3 1357/18/3 1359/20/3 1360/19/3
f 1362/1/3 1361/4/3 1363/3/3 1364/2/3
f 1364/2/3 1363/3/3 1365/6/3 1366/5/3
f 1366/5/3 1365/6/3 1367/8/3 1368/7/3
f 1368/7/3 1367/8/3 1369/10/3 1370/9/3
f 1370/9/3 1369/10/3 1371/12/3 1372/11/3
f 1372/11/3 1371/12/3 1373/14/3 1374/13/3
f 1374/13/3 1373/14/3 1375/16/3 1376/15/3
f 1376/15/3 1375/16/3 1377/18/3 1378/17/3
f 1378/17/3 1377/18/3 1379/20/3 1380/19/3
f 1382/1/3 1381/4/3 1383/3/3 1384/2/3
f 1384/2/3 1383/3/3 1385/6/3 1386/5/3
f 1386/5/3 1385/6/3 1387/8/3 1388/7/3
f 1388/7/3 1387/8/3 1389/10/3 1390/9/3
f 1390/9/3 1389/10/3 1391/12/3 1392/11/3
f 1392/11/3 1391/12/3 1393/14/3 1394/13/3
f 1394/13/3 1393/14/3 1395/16/3 1396/15/3
f 1396/15/3 1395/16/3 1397/18/3 1398/17/3
f 1398/17/3 1397/18/3 1399/20/3 1400/19/3
f 1402/1/3 1401/4/3 1403/3/3 1404/2/3
f 1404/2/3 1403/3/3 1405/6/3 1406/5/3
f 1406/5/3 1405/6/3 1407/8/3 1408/7/3
f 1408/7/3 1407/8/3 1409/10/3 1410/9/3
f 1410/9/3 1409/10/3 1411/12/3 1412/11/3
f 1412/11/3 1411/12/3 1413/14/3 1414/13/3
f 1414/13/3 1413/14/3 1415/16/3 1416/15/3
f 1416/15/3 1415/16/3 1417/18/3 1418/17/3
f 1418/17/3 1417/18/3 1419/20/3 1420/19/3
f 1422/1/3 1421/4/3 1423/3/3 1424/2/3
f 1424/2/3 1423/3/3 1425/6/3 1426/5/3
f 1426/5/3 1425/6/3 1427/8/3 1428/7/3
f 1428/7/3 1427/8/3 1429/10/3 1430/9/3
f 1430/9/3 1429/10/3 1431/12/3 1432/11/3
f 1432/11/3 1431/12/3 1433/14/3 1434/13/3
f 1434/13/3 1433/14/3 1435/16/3 1436/15/3
f 1436/15/3 1435/16/3 1437/18/3 1438/17/3
f 1438/17/3 1437/18/3 1439/20/3 1440/19/3
f 1442/1/3 1441/4/3 1443/3/3 1444/2/3
f 1444/2/3 1443/3/3 1445/6/3 1446/5/3
f 1446/5/3 1445/6/3 1447/8/3 1448/7/3
f 1448/7/3 1447/8/3 1449/10/3 1450/9/3
f 1450/9/3 1449/10/3 1451/12/3 1452/11/3
f 1452/11/3 1451/12/3 1453/14/3 1454/13/3
f 1454/13/3 1453/14/3 1455/16/3 1456/15/3
f 1456/15/3 1455/16/3 1457/18/3 1458/17/3
f 1458/17/3 1457/18/3 1459/20/3 1460/19/3
f 1462/1/3 1461/4/3 1463/3/3 1464/2/3
f 1464/2/3 1463/3/3 1465/6/3 1466/5/3
f 1466/5/3 1465/6/3 1467/8/3 1468/7/3
f 1468/7/3 1467/8/3 1469/10/3 1470/9/3
f 1470/9/3 1469/10/3 1471/12/3 1472/11/3
f 1472/11/3 1471/12/3 1473/14/3 1474/13/3
f 1474/13/3 1473/14/3 1475/16/3 1476/15/3
f 1476/15/3 1475/16/3 1477/18/3 1478/17/3
f 1478/17/3 1477/18/3 1479/20/3 1480/19/3
f 1482/1/4 1481/4/4 1483/3/4 1484/2/4
f 1484/2/4 1483/3/4 1485/6/4 1486/5/4
f 1486/5/4 1485/6/4 1487/8/4 1488/7/4
f 1488/7/4 1487/8/4 1489/10/4 1490/9/4
f 1490/9/4 1489/10/4 1491/12/4 1492/11/4
f 1492/11/4 1491/12/4 1493/14/4 1494/13/4
f 1494/13/4 1493/14/4 1495/16/4 1496/15/4
f 1496/15/4 1495/16/4 1497/18/4 1498/17/4
f 1498/17/4 1497/18/4 1499/20/4 1500/19/4
f 1502/1/4 1501/4/4 1503/3/4 1504/2/4
f 1504/2/4 1503/3/4 1505/6/4 1506/5/4
f 1506/5/4 1505/6/4 1507/8/4 1508/7/4
f 1508/7/4 1507/8/4 1509/10/4 1510/9/4
f 1510/9/4 1509/10/4 1511/12/4 1512/11/4
f 1512/11/4 1511/12/4 1513/14/4 1514/13/4
f 1514/13/4 1513/14/4 1515/16/4 1516/15/4
f 1516/15/4 1515/16/4 1517/18/4 1518/17/4
f 1518/17/4 1517/18/4 1519/20/4 1520/19/4
f 1522/1/4 1521/4/4 1523/3/4 1524/2/4
f 1524/2/4 1523/3/4 1525/6/4 1526/5/4
f 1526/5/4 1525/6/4 1527/8/4 1528/7/4
f 1528/7/4 1527/8/4 1529/10/4 1530/9/4
f 1530/9/4 1529/10/4 1531/12/4 1532/11/4
f 1532/11/4 1531/12/4 1533/14/4 1534/13/4
f 1534/13/4 1533/14/4 1535/16/4 1536/15/4
f 1536/15/4 1535/16/4 1537/18/4 1538/17/4
f 1538/17/4 1537/18/4 1539/20/4 1540/19/4
f 1542/1/4 1541/4/4 1543/3/4 1544/2/4
f 1544/2/4 1543/3/4 1545/6/4 1546/5/4
f 1546/5/4 1545/6/4 1547/8/4 1548/7/4
f 1548/7/4 1547/8/4 1549/10/4 1550/9/4
f 1550/9/4 1549/10/4 1551/12/4 1552/11/4
f 1552/11/4 1551/12/4 1553/14/4 1554/13/4
f 1554/13/4 1553/14/4 1555/16/4 1556/15/4
f 1556/15/4 1555/16/4 1557/18/4 1558/17/4
f 1558/17/4 1557/18/4 1559/20/4 1560/19/4
f 1562/1/4 1561/4/4 1563/3/4 1564/2/4
f 1564/2/4 1563/3/4 1565/6/4 1566/5/4
f 1566/5/4 1565/6/4 1567/8/4 1568/7/4
f 1568/7/4 1567/8/4 1569/10/4 1570/9/4
f 1570/9/4 1569/10/4 1571/12/4 1572/11/4
f 1572/11/4 1571/12/4 1573/14/4 1574/13/4
f 1574/13/4 1573/14/4 1575/16/4 1576/15/4
f 1576/15/4 1575/16/4 1577/18/4 1578/17/4
f 1578/17/4 1577/18/4 1579/20/4 1580/19/4
f 1582/1/4 1581/4/4 1583/3/4 1584/2/4
f 1584/2/4 1583/3/4 1585/6/4 1586/5/4
f 1586/5/4 1585/6/4 1587/8/4 1588/7/4
f 1588/7/4 1587/8/4 1589/10/4 1590/9/4
f 1590/9/4 1589/10/4 1591/12/4 1592/11/4
f 1592/11/4 1591/12/4 1593/14/4 1594/13/4
f 1594/13/4 1593/14/4 1595/16/4 1596/15/4
f 1596/15/4 1595/16/4 1597/18/4 1598/17/4
f 1598/17/4 1597/18/4 1599/20/4 1600/19/4
f 1602/1/4 1601/4/4 1603/3/4 1604/2/4
f 1604/2/4 1603/3/4 1605/6/4 1606/5/4
f 1606/5/4 1605/6/4 1607/8/4 1608/7/4
f 1608/7/4 1607/8/4 1609/10/4 1610/9/4
f 1610/9/4 1609/10/4 1611/12/4 1612/11/4
f 1612/11/4 1611/12/4 1613/14/4 1614/13/4
f 1614/13/4 1613/14/4 1615/16/4 1616/15/4
f 1616/15/4 1615/16/4 1617/18/4 1618/17/4
f 1618/17/4 1617/18/4 1619/20/4 1620/19/4
f 1622/1/4 1621/4/4 1623/3/4 1624/2/4
f 1624/2/4 1623/3/4 1625/6/4 1626/5/4
f 1626/5/4 1625/6/4 1627/8/4 1628/7/4
f 1628/7/4 1627/8/4 1629/10/4 1630/9/4
f 1630/9/4 1629/10/4 1631/12/4 1632/11/4
f 1632/11/4 1631/12/4 1633/14/4 1634/13/4
f 1634/13/4 1633/14/4 1635/16/4 1636/15/4
f 1636/15/4 1635/16/4 1637/18/4 1638/17/4
f 1638/17/4 1637/18/4 1639/20/4 1640/19/4
f 1642/1/4 1641/4/4 1643/3/4 1644/2/4
f 1644/2/4 1643/3/4 1645/6/4 1646/5/4
f 1646/5/4 1645/6/4 1647/8/4 1648/7/4
f 1648/7/4 1647/8/4 1649/10/4 1650/9/4
f 1650/9/4 1649/10/4 1651/12/4 1652/11/4
f 1652/11/4 1651/12/4 1653/14/4 1654/13/4
f 1654/13/4 1653/14/4 1655/16/4 1656/15/4
f 1656/15/4 1655/16/4 1657/18/4 1658/17/4
f 1658/17/4 1657/18/4 1659/20/4 1660/19/4
f 1662/1/4 1661/4/4 1663/3/4 1664/2/4
f 1664/2/4 1663/3/4 1665/6/4 1666/5/4
f 1666/5/4 1665/6/4 1667/8/4 1668/7/4
f 1668/7/4 1667/8/4 1669/10/4 1670/9/4
f 1670/9/4 1669/10/4 1671/12/4 1672/11/4
f 1672/11/4 1671/12/4 1673/14/4 1674/13/4
f 1674/13/4 1673/14/4 1675/16/4 1676/15/4
f 1676/15/4 1675/16/4 1677/18/4 1678/17/4
f 1678/17/4 1677/18/4 1679/20/4 1680/19/4
f 1682/1/4 1681/4/4 1683/3/4 1684/2/4
f 1684/2/4 1683/3/4 1685/6/4 1686/5/4
f 1686/5/4 1685/6/4 1687/8/4 1688/7/4
f 1688/7/4 1687/8/4 1689/10/4 1690/9/4
f 1690/9/4 1689/10/4 1691/12/4 1692/11/4
f 1692/11/4 1691/12/4 1693/14/4 1694/13/4
f 1694/13/4 1693/14/4 1695/16/4 1696/15/4
f 1696/15/4 1695/16/4 1697/18/4 1698/17/4
f 1698/17/4 1697/18/4 1699/20/4 1700/19/4
f 1702/1/4 1701/4/4 1703/3/4 1704/2/4
f 1704/2/4 1703/3/4 1705/6/4 1706/5/4
f 1706/5/4 1705/6/4 1707/8/4 1708/7/4
f 1708/7/4 1707/8/4 1709/10/4 1710/9/4
f 1710/9/4 1709/10/4 1711/12/4 1712/11/4
f 1712/11/4 1711/12/4 1713/14/4 1714/13/4
f 1714/13/4 1713/14/4 1715/16/4 1716/15/4
f 1716/15/4 1715/16/4 1717/18/4 1718/17/4
f 1718/17/4 1717/18/4 1719/20/4 1720/19/4
f 1722/1/4 1721/4/4 1723/3/4 1724/2/4
f 1724/2/4 1723/3/4 1725/6/4 1726/5/4
f 1726/5/4 1725/6/4 1727/8/4 1728/7/4
f 1728/7/4 1727/8/4 1729/10/4 1730/9/4
f 1730/9/4 1729/10/4 1731/12/4 1732/11/4
f 1732/11/4 1731/12/4 1733/14/4 1734/13/4
f 1734/13/4 1733/14/4 1735/16/4 1736/15/4
f 1736/15/4 1735/16/4 1737/18/4 1738/17/4
f 1738/17/4 1737/18/4 1739/20/4 1740/19/4
f 1742/1/4 1741/4/4 1743/3/4 1744/2/4
f 1744/2/4 1743/3/4 1745/6/4 1746/5/4
f 1746/5/4 1745/6/4 1747/8/4 1748/7/4
f 1748/7/4 1747/8/4 1749/10/4 1750/9/4
f 1750/9/4 1749/10/4 1751/12/4 1752/11/4
f 1752/11/4 1751/12/4 1753/14/4 1754/13/4
f 1754/13/4 1753/14/4 1755/16/4 1756/15/4
f 1756/15/4 1755/16/4 1757/18/4 1758/17/4
f 1758/17/4 1757/18/4 1759/20/4 1760/19/4
f 1762/1/4 1761/4/4 1763/3/4 1764/2/4
f 1764/2/4 1763/3/4 1765/6/4 1766/5/4
f 1766/5/4 1765/6/4 1767/8/4 1768/7/4
f 1768/7/4 1767/8/4 1769/10/4 1770/9/4
f 1770/9/4 1769/10/4 1771/12/4 1772/11/4
f 1772/11/4 1771/12/4 1773/14/4 1774/13/4
f 1774/13/4 1773/14/4 1775/16/4 1776/15/4
f 1776/15/4 1775/16/4 1777/18/4 1778/17/4
f 1778/17/4 1777/18/4 1779/20/4 1780/19/4
f 1782/1/4 1781/4/4 1783/3/4 1784/2/4
f 1784/2/4 1783/3/4 1785/6/4 1786/5/4
f 1786/5/4 1785/6/4 1787/8/4 1788/7/4
f 1788/7/4 1787/8/4 1789/10/4 1790/9/4
f 1790/9/4 1789/10/4 1791/12/4 1792/11/4
f 1792/11/4 1791/12/4 1793/14/4 1794/13/4
f 1794/13/4 1793/14/4 1795/16/4 1796/15/4
f 1796/15/4 1795/16/4 1797/18/4 1798/17/4
f 1798/17/4 1797/18/4 1799/20/4 1800/19/4
f 1802/1/4 1801/4/4 1803/3/4 1804/2/4
f 1804/2/4 1803/3/4 1805/6/4 1806/5/4
f 1806/5/4 1805/6/4 1807/8/4 1808/7/4
f 1808/7/4 1807/8/4 1809/10/4 1810/9/4
f 1810/9/4 1809/10/4 1811/12/4 1812/11/4
f 1812/11/4 1811/12/4 1813/14/4 1814/13/4
f 1814/13/4 1813/14/4 1815/16/4 1816/15/4
f 1816/15/4 1815/16/4 1817/18/4 1818/17/4
f 1818/17/4 1817/18/4 1819/20/4 1820/19/4
f 1822/1/4 1821/4/4 1823/3/4 1824/2/4
f 1824/2/4 1823/3/4 1825/6/4 1826/5/4
f 1826/5/4 1825/6/4 1827/8/4 1828/7/4
f 1828/7/4 1827/8/4 1829/10/4 1830/9/4
f 1830/9/4 1829/10/4 1831/12/4 1832/11/4
f 1832/11/4 1831/12/4 1833/14/4 1834/13/4
f 1834/13/4 1833/14/4 1835/16/4 1836/15/4
f 1836/15/4 1835/16/4 1837/18/4 1838/17/4
f 1838/17/4 1837/18/4 1839/20/4 1840/19/4
f 1842/1/4 1841/4/4 1843/3/4 1844/2/4
f 1844/2/4 1843/3/4 1845/6/4 1846/5/4
f 1846/5/4 1845/6/4 1847/8/4 1848/7/4
f 1848/7/4 1847/8/4 1849/10/4 1850/9/4
f 1850/9/4 1849/10/4 1851/12/4 1852/11/4
f 1852/11/4 1851/12/4 1853/14/4 1854/13/4
f 1854/13/4 1853/14/4 1855/16/4 1856/15/4
f 1856/15/4 1855/16/4 1857/18/4 1858/17/4
f 1858/17/4 1857/18/4 1859/20/4 1860/19/4
f 1862/1/4 1861/4/4 1863/3/4 1864/2/4
f 1864/2/4 1863/3/4 1865/6/4 1866/5/4
f 1866/5/4 1865/6/4 1867/8/4 1868/7/4
f 1868/7/4 1867/8/4 1869/10/4 1870/9/4
f 1870/9/4 1869/10/4 1871/12/4 1872/11/4
f 1872/11/4 1871/12/4 1873/14/4 1874/13/4
f 1874/13/4 1873/14/4 1875/16/4 1876/15/4
f 1876/15/4 1875/16/4 1877/18/4 1878/17/4
f 1878/17/4 1877/18/4 1879/20/4 1880/19/4
f 1882/1/4 1881/4/4 1883/3/4 1884/2/4
f 1884/2/4 1883/3/4 1885/6/4 1886/5/4
f 1886/5/4 1885/6/4 1887/8/4 1888/7/4
f 1888/7/4 1887/8/4 1889/10/4 1890/9/4
f 1890/9/4 1889/10/4 1891/12/4 1892/11/4
f 1892/11/4 1891/12/4 1893/14/4 1894/13/4
f 1894/13/4 1893/14/4 1895/16/4 1896/15/4
f 1896/15/4 1895/16/4 1897/18/4 1898/17/4
f 1898/17/4 1897/18/4 1899/20/4 1900/19/4
f 1902/1/4 1901/4/4 1903/3/4 1904/2/4
f 1904/2/4 1903/3/4 1905/6/4 1906/5/4
f 1906/5/4 1905/6/4 1907/8/4 1908/7/4
f 1908/7/4 1907/8/4 1909/10/4 1910/9/4
f 1910/9/4 1909/10/4 1911/12/4 1912/11/4
f 1912/11/4 1911/12/4 1913/14/4 1914/13/4
f 1914/13/4 1913/14/4 1915/16/4 1916/15/4
f 1916/15/4 1915/16/4 1917/18/4 1918/17/4
f 1918/17/4 1917/18/4 1919/20/4 1920/19/4
f 1922/1/4 1921/4/4 1923/3/4 1924/2/4
f 1924/2/4 1923/3/4 1925/6/4 1926/5/4
f 1926/5/4 1925/6/4 1927/8/4 1928/7/4
f 1928/7/4 1927/8/4 1929/10/4 1930/9/4
f 1930/9/4 1929/10/4 1931/12/4 1932/11/4
f 1932/11/4 1931/12/4 1933/14/4 1934/13/4
f 1934/13/4 1933/14/4 1935/16/4 1936/15/4
f 1936/15/4 1935/16/4 1937/18/4 1938/17/4
f 1938/17/4 1937/18/4 1939/20/4 1940/19/4
f 1942/1/4 1941/4/4 1943/3/4 1944/2/4
f 1944/2/4 1943/3/4 1945/6/4 1946/5/4
f 1946/5/4 1945/6/4 1947/8/4 1948/7/4
f 1948/7/4 1947/8/4 1949/10/4 1950/9/4
f 1950/9/4 1949/10/4 1951/12/4 1952/11/4
f 1952/11/4 1951/12/4 1953/14/4 1954/13/4
f 1954/13/4 1953/14/4 1955/16/4 1956/15/4
f 1956/15/4 1955/16/4 1957/18/4 1958/17/4
f 1958/17/4 1957/18/4 1959/20/4 1960/19/4
f 1962/1/4 1961/4/4 1963/3/4 1964/2/4
f 1964/2/4 1963/3/4 1965/6/4 1966/5/4
f 1966/5/4 1965/6/4 1967/8/4 1968/7/4
f 1968/7/4 1967/8/4 1969/10/4 1970/9/4
f 1970/9/4 1969/10/4 1971/12/4 1972/11/4
f 1972/11/4 1971/12/4 1973/14/4 1974/13/4
f 1974/13/4 1973/14/4 1975/16/4 1976/15/4
f 1976/15/4 1975/16/4 1977/18/4 1978/17/4
f 1978/17/4 1977/18/4 1979/20/4 1980/19/4
f 1982/1/4 1981/4/4 1983/3/4 1984/2/4
f 1984/2/4 1983/3/4 1985/6/4 1986/5/4
f 1986/5/4 1985/6/4 1987/8/4 1988/7/4
f 1988/7/4 1987/8/4 1989/10/4 1990/9/4
f 1990/9/4 1989/10/4 1991/12/4 1992/11/4
f 1992/11/4 1991/12/4 1993/14/4 1994/13/4
f 1994/13/4 1993/14/4 1995/16/4 1996/15/4
f 1996/15/4 1995/16/4 1997/18/4 1998/17/4
f 1998/17/4 1997/18/4 1999/20/4 2000/19/4
f 2/1/2 1/4/2 1001/4/2 1002/1/2
f 4/2/5 2/1/5 1002/1/5 1004/2/5
f 1/4/6 3/3/6 1003/3/6 1001/4/6
f 6/5/5 4/2/5 1004/2/5 1006/5/5
f 3/3/6 5/6/6 1005/6/6 1003/3/6
f 8/7/5 6/5/5 1006/5/5 1008/7/5
f 5/6/6 7/8/6 1007/8/6 1005/6/6
f 10/9/5 8/7/5 1008/7/5 1010/9/5
f 7/8/6 9/10/6 1009/10/6 1007/8/6
f 12/11/5 10/9/5 1010/9/5 1012/11/5
f 9/10/6 11/12/6 1011/12/6 1009/10/6
f 14/13/5 12/11/5 1012/11/5 1014/13/5
f 11/12/6 13/14/6 1013/14/6 1011/12/6
f 16/15/5 14/13/5 1014/13/5 1016/15/5
f 13/14/6 15/16/6 1015/16/6 1013/14/6
f 18/17/5 16/15/5 1016/15/5 1018/17/5
f 15/16/6 17/18/6 1017/18/6 1015/16/6
f 20/19/5 18/17/5 1018/17/5 1020/19/5
f 19/20/4 20/19/4 1020/19/4 1019/20/4
f 17/18/6 19/20/6 1019/20/6 1017/18/6
f 22/1/2 21/4/2 1021/4/2 1022/1/2
f 24/2/5 22/1/5 1022/1/5 1024/2/5
f 21/4/6 23/3/6 1023/3/6 1021/4/6
f 26/5/5 24/2/5 1024/2/5 1026/5/5
f 23/3/6 25/6/6 1025/6/6 1023/3/6
f 28/7/5 26/5/5 1026/5/5 1028/7/5
f 25/6/6 27/8/6 1027/8/6 1025/6/6
f 30/9/5 28/7/5 1028/7/5 1030/9/5
f 27/8/6 29/10/6 1029/10/6 1027/8/6
f 32/11/5 30/9/5 1030/9/5 1032/11/5
f 29/10/6 31/12/6 1031/12/6 1029/10/6
f 34/13/5 32/11/5 1032/11/5 1034/13/5
f 31/12/6 33/14/6 1033/14/6 1031/12/6
f 36/15/5 34/13/5 1034/13/5 1036/15/5
f 33/14/6 35/16/6 1035/16/6 1033/14/6
f 38/17/5 36/15/5 1036/15/5 1038/17/5
f 35/16/6 37/18/6 1037/18/6 1035/16/6
f 40/19/5 38/17/5 1038/17/5 1040/19/5
f 39/20/4 40/19/4 1040/19/4 1039/20/4
f 37/18/6 39/20/6 1039/20/6 1037/18/6
f 42/1/2 41/4/2 1041/4/2 1042/1/2
f 44/2/5 42/1/5 1042/1/5 1044/2/5
f 41/4/6 43/3/6 1043/3/6 1041/4/6
f 46/5/5 44/2/5 1044/2/5 1046/5/5
f 43/3/6 45/6/6 1045/6/6 1043/3/6
f 48/7/5 46/5/5 1046/5/5 1048/7/5
f 45/6/6 47/8/6 1047/8/6 1045/6/6
f 50/9/5 48/7/5 1048/7/5 1050/9/5
f 47/8/6 49/10/6 1049/10/6 1047/8/6
f 52/11/5 50/9/5 1050/9/5 1052/11/5
f 49/10/6 51/12/6 1051/12/6 1049/10/6
f 54/13/5 52/11/5 1052/11/5 1054/13/5
f 51/12/6 53/14/6 1053/14/6 1051/12/6
f 56/15/5 54/13/5 1054/13/5 1056/15/5
f 53/14/6 55/16/6 1055/16/6 1053/14/6
f 58/17/5 56/15/5 1056/15/5 1058/17/5
f 55/16/6 57/18/6 1057/18/6 1055/16/6
f 60/19/5 58/17/5 1058/17/5 1060/19/5
f 59/20/4 60/19/4 1060/19/4 1059/20/4
f 57/18/6 59/20/6 1059/20/6 1057/18/6
f 62/1/2 61/4/2 1061/4/2 1062/1/2
f 64/2/5 62/1/5 1062/1/5 1064/2/5
f 61/4/6 63/3/6 1063/3/6 1061/4/6
f 66/5/5 64/2/5 1064/2/5 1066/5/5
f 63/3/6 65/6/6 1065/6/6 1063/3/6
f 68/7/5 66/5/5 1066/5/5 1068/7/5
f 65/6/6 67/8/6 1067/8/6 1065/6/6
f 70/9/5 68/7/5 1068/7/5 1070/9/5
f 67/8/6 69/10/6 1069/10/6 1067/8/6
f 72/11/5 70/9/5 1070/9/5 1072/11/5
f 69/10/6 71/12/6 1071/12/6 1069/10/6
f 74/13/5 72/11/5 1072/11/5 1074/13/5
f 71/12/6 73/14/6 1073/14/6 1071/12/6
f 76/15/5 74/13/5 1074/13/5 1076/15/5
f 73/14/6 75/16/6 1075/16/6 1073/14/6
f 78/17/5 76/15/5 1076/15/5 1078/17/5
f 75/16/6 77/18/6 1077/18/6 1075/16/6
f 80/19/5 78/17/5 1078/17/5 1080/19/5
f 79/20/4 80/19/4 1080/19/4 1079/20/4
f 77/18/6 79/20/6 1079/20/6 1077/18/6
f 82/1/2 81/4/2 1081/4/2 1082/1/2
f 84/2/5 82/1/5 1082/1/5 1084/2/5
f 81/4/6 83/3/6 1083/3/6 1081/4/6
f 86/5/5 84/2/5 1084/2/5 1086/5/5
f 83/3/6 85/6/6 1085/6/6 1083/3/6
f 88/7/5 86/5/5 1086/5/5 1088/7/5
f 85/6/6 87/8/6 1087/8/6 1085/6/6
f 90/9/5 88/7/5 1088/7/5 1090/9/5
f 87/8/6 89/10/6 1089/10/6 1087/8/6
f 92/11/5 90/9/5 1090/9/5 1092/11/5
f 89/10/6 91/12/6 1091/12/6 1089/10/6
f 94/13/5 92/11/5 1092/11/5 1094/13/5
f 91/12/6 93/14/6 1093/14/6 1091/12/6
f 96/15/5 94/13/5 1094/13/5 1096/15/5
f 93/14/6 95/16/6 1095/16/6 1093/14/6
f 98/17/5 96/15/5 1096/15/5 1098/17/5
f 95/16/6 97/18/6 1097/18/6 1095/16/6
f 100/19/5 98/17/5 1098/17/5 1100/19/5
f 99/20/4 100/19/4 1100/19/4 1099/20/4
f 97/18/6 99/20/6 1099/20/6 1097/18/6
f 102/1/2 101/4/2 1101/4/2 1102/1/2
f 104/2/5 102/1/5 1102/1/5 1104/2/5
f 101/4/6 103/3/6 1103/3/6 1101/4/6
f 106/5/5 104/2/5 1104/2/5 1106/5/5
f 103/3/6 105/6/6 1105/6/6 1103/3/6
f 108/7/5 106/5/5 1106/5/5 1108/7/5
f 105/6/6 107/8/6 1107/8/6 1105/6/6
f 110/9/5 108/7/5 1108/7/5 1110/9/5
f 107/8/6 109/10/6 1109/10/6 1107/8/6
f 112/11/5 110/9/5 1110/9/5 1112/11/5
f 109/10/6 111/12/6 1111/12/6 1109/10/6
f 114/13/5 112/11/5 1112/11/5 1114/13/5
f 111/12/6 113/14/6 1113/14/6 1111/12/6
f 116/15/5 114/13/5 1114/13/5 1116/15/5
f 113/14/6 115/16/6 1115/16/6 1113/14/6
f 118/17/5 116/15/5 1116/15/5 1118/17/5
f 115/16/6 117/18/6 1117/18/6 1115/16/6
f 120/19/5 118/17/5 1118/17/5 1120/19/5
f 119/20/4 120/19/4 1120/19/4 1119/20/4
f 117/18/6 119/20/6 1119/20/6 1117/18/6
f 122/1/2 121/4/2 1121/4/2 1122/1/2
f 124/2/5 122/1/5 1122/1/5 1124/2/5
f 121/4/6 123/3/6 1123/3/6 1121/4/6
f 126/5/5 124/2/5 1124/2/5 1126/5/5
f 123/3/6 125/6/6 1125/6/6 1123/3/6
f 128/7/5 126/5/5 1126/5/5 1128/7/5
f 125/6/6 127/8/6 1127/8/6 1125/6/6
f 130/9/5 128/7/5 1128/7/5 1130/9/5
f 127/8/6 129/10/6 1129/10/6 1127/8/6
f 132/11/5 130/9/5 1130/9/5 1132/11/5
f 129/10/6 131/12/6 1131/12/6 1129/10/6
f 134/13/5 132/11/5 1132/11/5 1134/13/5
f 131/12/6 133/14/6 1133/14/6 1131/12/6
f 136/15/5 134/13/5 1134/13/5 1136/15/5
f 133/14/6 135/16/6 1135/16/6 1133/14/6
f 138/17/5 136/15/5 1136/15/5 1138/17/5
f 135/16/6 137/18/6 1137/18/6 1135/16/6
f 140/19/5 138/17/5 1138/17/5 1140/19/5
f 139/20/4 140/19/4 1140/19/4 1139/20/4
f 137/18/6 139/20/6 1139/20/6 1137/18/6
f 142/1/2 141/4/2 1141/4/2 1142/1/2
f 144/2/5 142/1/5 1142/1/5 1144/2/5
f 141/4/6 143/3/6 1143/3/6 1141/4/6
f 146/5/5 144/2/5 1144/2/5 1146/5/5
f 143/3/6 145/6/6 1145/6/6 1143/3/6
f 148/7/5 146/5/5 1146/5/5 1148/7/5
f 145/6/6 147/8/6 1147/8/6 1145/6/6
f 150/9/5 148/7/5 1148/7/5 1150/9/5
f 147/8/6 149/10/6 1149/10/6 1147/8/6
f 152/11/5 150/9/5 1150/9/5 1152/11/5
f 149/10/6 151/12/6 1151/12/6 1149/10/6
f 154/13/5 152/11/5 1152/11/5 1154/13/5
f 151/12/6 153/14/6 1153/14/6 1151/12/6
f 156/15/5 154/13/5 1154/13/5 1156/15/5
f 153/14/6 155/16/6 1155/16/6 1153/14/6
f 158/17/5 156/15/5 1156/15/5 1158/17/5
f 155/16/6 157/18/6 1157/18/6 1155/16/6
f 160/19/5 158/17/5 1158/17/5 1160/19/5
f 159/20/4 160/19/4 1160/19/4 1159/20/4
f 157/18/6 159/20/6 1159/20/6 1157/18/6
f 162/1/2 161/4/2 1161/4/2 1162/1/2
f 164/2/5 162/1/5 1162/1/5 1164/2/5
f 161/4/6 163/3/6 1163/3/6 1161/4/6
f 166/5/5 164/2/5 1164/2/5 1166/5/5
f 163/3/6 165/6/6 1165/6/6 1163/3/6
f 168/7/5 166/5/5 1166/5/5 1168/7/5
f 165/6/6 167/8/6 1167/8/6 1165/6/6
f 170/9/5 168/7/5 1168/7/5 1170/9/5
f 167/8/6 169/10/6 1169/10/6 1167/8/6
f 172/11/5 170/9/5 1170/9/5 1172/11/5
f 169/10/6 171/12/6 1171/12/6 1169/10/6
f 174/13/5 172/11/5 1172/11/5 1174/13/5
f 171/12/6 173/14/6 1173/14/6 1171/12/6
f 176/15/5 174/13/5 1174/13/5 1176/15/5
f 173/14/6 175/16/6 1175/16/6 1173/14/6
f 178/17/5 176/15/5 1176/15/5 1178/17/5
f 175/16/6 177/18/6 1177/18/6 1175/16/6
f 180/19/5 178/17/5 1178/17/5 1180/19/5
f 179/20/4 180/19/4 1180/19/4 1179/20/4
f 177/18/6 179/20/6 1179/20/6 1177/18/6
f 182/1/2 181/4/2 1181/4/2 1182/1/2
f 184/2/5 182/1/5 1182/1/5 1184/2/5
f 181/4/6 183/3/6 1183/3/6 1181/4/6
f 186/5/5 184/2/5 1184/2/5 1186/5/5
f 183/3/6 185/6/6 1185/6/6 1183/3/6
f 188/7/5 186/5/5 1186/5/5 1188/7/5
f 185/6/6 187/8/6 1187/8/6 1185/6/6
f 190/9/5 188/7/5 1188/7/5 1190/9/5
f 187/8/6 189/10/6 1189/10/6 1187/8/6
f 192/11/5 190/9/5 1190/9/5 1192/11/5
f 189/10/6 191/12/6 1191/12/6 1189/10/6
f 194/13/5 192/11/5 1192/11/5 1194/13/5
f 191/12/6 193/14/6 1193/14/6 1191/12/6
f 196/15/5 194/13/5 1194/13/5 1196/15/5
f 193/14/6 195/16/6 1195/16/6 1193/14/6
f 198/17/5 196/15/5 1196/15/5 1198/17/5
f 195/16/6 197/18/6 1197/18/6 1195/16/6
f 200/19/5 198/17/5 1198/17/5 1200/19/5
f 199/20/4 200/19/4 1200/19/4 1199/20/4
f 197/18/6 199/20/6 1199/20/6 1197/18/6
f 202/1/2 201/4/2 1201/4/2 1202/1/2
f 204/2/5 202/1/5 1202/1/5 1204/2/5
f 201/4/6 203/3/6 1203/3/6 1201/4/6
f 206/5/5 204/2/5 1204/2/5 1206/5/5
f 203/3/6 205/6/6 1205/6/6 1203/3/6
f 208/7/5 206/5/5 1206/5/5 1208/7/5
f 205/6/6 207/8/6 1207/8/6 1205/6/6
f 210/9/5 208/7/5 1208/7/5 1210/9/5
f 207/8/6 209/10/6 1209/10/6 1207/8/6
f 212/11/5 210/9/5 1210/9/5 1212/11/5
f 209/10/6 211/12/6 1211/12/6 1209/10/6
f 214/13/5 212/11/5 1212/11/5 1214/13/5
f 211/12/6 213/14/6 1213/14/6 1211/12/6
f 216/15/5 214/13/5 1214/13/5 1216/15/5
f 213/14/6 215/16/6 1215/16/6 1213/14/6
f 218/17/5 216/15/5 1216/15/5 1218/17/5
f 215/16/6 217/18/6 1217/18/6 1215/16/6
f 220/19/5 218/17/5 1218/17/5 1220/19/5
f 219/20/4 220/19/4 1220/19/4 1219/20/4
f 217/18/6 219/20/6 1219/20/6 1217/18/6
f 222/1/2 221/4/2 1221/4/2 1222/1/2
f 224/2/5 222/1/5 1222/1/5 1224/2/5
f 221/4/6 223/3/6 1223/3/6 1221/4/6
f 226/5/5 224/2/5 1224/2/5 1226/5/5
f 223/3/6 225/6/6 1225/6/6 1223/3/6
f 228/7/5 226/5/5 1226/5/5 1228/7/5
f 225/6/6 227/8/6 1227/8/6 1225/6/6
f 230/9/5 228/7/5 1228/7/5 1230/9/5
f 227/8/6 229/10/6 1229/10/6 1227/8/6
f 232/11/5 230/9/5 1230/9/5 1232/11/5
f 229/10/6 231/12/6 1231/12/6 1229/10/6
f 234/13/5 232/11/5 1232/11/5 1234/13/5
f 231/12/6 233/14/6 1233/14/6 1231/12/6
f 236/15/5 234/13/5 1234/13/5 1236/15/5
f 233/14/6 235/16/6 1235/16/6 1233/14/6
f 238/17/5 236/15/5 1236/15/5 1238/17/5
f 235/16/6 237/18/6 1237/18/6 1235/16/6
f 240/19/5 238/17/5 1238/17/5 1240/19/5
f 239/20/4 240/19/4 1240/19/4 1239/20/4
f 237/18/6 239/20/6 1239/20/6 1237/18/6
f 242/1/2 241/4/2 1241/4/2 1242/1/2
f 244/2/5 242/1/5 1242/1/5 1244/2/5
f 241/4/6 243/3/6 1243/3/6 1241/4/6
f 246/5/5 244/2/5 1244/2/5 1246/5/5
f 243/3/6 245/6/6 1245/6/6 1243/3/6
f 248/7/5 246/5/5 1246/5/5 1248/7/5
f 245/6/6 247/8/6 1247/8/6 1245/6/6
f 250/9/5 248/7/5 1248/7/5 1250/9/5
f 247/8/6 249/10/6 1249/10/6 1247/8/6
f 252/11/5 250/9/5 1250/9/5 1252/11/5
f 249/10/6 251/12/6 1251/12/6 1249/10/6
f 254/13/5 252/11/5 1252/11/5 1254/13/5
f 251/12/6 253/14/6 1253/14/6 1251/12/6
f 256/15/5 254/13/5 1254/13/5 1256/15/5
f 253/14/6 255/16/6 1255/16/6 1253/14/6
f 258/17/5 256/15/5 1256/15/5 1258/17/5
f 255/16/6 257/18/6 1257/18/6 1255/16/6
f 260/19/5 258/17/5 1258/17/5 1260/19/5
f 259/20/4 260/19/4 1260/19/4 1259/20/4
f 257/18/6 259/20/6 1259/20/6 1257/18/6
f 262/1/2 261/4/2 1261/4/2 1262/1/2
f 264/2/5 262/1/5 1262/1/5 1264/2/5
f 261/4/6 263/3/6 1263/3/6 1261/4/6
f 266/5/5 264/2/5 1264/2/5 1266/5/5
f 263/3/6 265/6/6 1265/6/6 1263/3/6
f 268/7/5 266/5/5 1266/5/5 1268/7/5
f 265/6/6 267/8/6 1267/8/6 1265/6/6
f 270/9/5 268/7/5 1268/7/5 1270/9/5
f 267/8/6 269/10/6 1269/10/6 1267/8/6
f 272/11/5 270/9/5 1270/9/5 1272/11/5
f 269/10/6 271/12/6 1271/12/6 1269/10/6
f 274/13/5 272/11/5 1272/11/5 1274/13/5
f 271/12/6 273/14/6 1273/14/6 1271/12/6
f 276/15/5 274/13/5 1274/13/5 1276/15/5
f 273/14/6 275/16/6 1275/16/6 1273/14/6
f 278/17/5 276/15/5 1276/15/5 1278/17/5
f 275/16/6 277/18/6 1277/18/6 1275/16/6
f 280/19/5 278/17/5 1278/17/5 1280/19/5
f 279/20/4 280/19/4 1280/19/4 1279/20/4
f 277/18/6 279/20/6 1279/20/6 1277/18/6
f 282/1/2 281/4/2 1281/4/2 1282/1/2
f 284/2/5 282/1/5 1282/1/5 1284/2/5
f 281/4/6 283/3/6 1283/3/6 1281/4/6
f 286/5/5 284/2/5 1284/2/5 1286/5/5
f 283/3/6 285/6/6 1285/6/6 1283/3/6
f 288/7/5 286/5/5 1286/5/5 1288/7/5
f 285/6/6 287/8/6 1287/8/6 1285/6/6
f 290/9/5 288/7/5 1288/7/5 1290/9/5
f 287/8/6 289/10/6 1289/10/6 1287/8/6
f 292/11/5 290/9/5 1290/9/5 1292/11/5
f 289/10/6 291/12/6 1291/12/6 1289/10/6
f 294/13/5 292/11/5 1292/11/5 1294/13/5
f 291/12/6 293/14/6 1293/14/6 1291/12/6
f 296/15/5 294/13/5 1294/13/5 1296/15/5
f 293/14/6 295/16/6 1295/16/6 1293/14/6
f 298/17/5 296/15/5 1296/15/5 1298/17/5
f 295/16/6 297/18/6 1297/18/6 1295/16/6
f 300/19/5 298/17/5 1298/17/5 1300/19/5
f 299/20/4 300/19/4 1300/19/4 1299/20/4
f 297/18/6 299/20/6 1299/20/6 1297/18/6
f 302/1/2 301/4/2 1301/4/2 1302/1/2
f 304/2/5 302/1/5 1302/1/5 1304/2/5
f 301/4/6 303/3/6 1303/3/6 1301/4/6
f 306/5/5 304/2/5 1304/2/5 1306/5/5
f 303/3/6 305/6/6 1305/6/6 1303/3/6
f 308/7/5 306/5/5 1306/5/5 1308/7/5
f 305/6/6 307/8/6 1307/8/6 1305/6/6
f 310/9/5 308/7/5 1308/7/5 1310/9/5
f 307/8/6 309/10/6 1309/10/6 1307/8/6
f 312/11/5 310/9/5 1310/9/5 1312/11/5
f 309/10/6 311/12/6 1311/12/6 1309/10/6
f 314/13/5 312/11/5 1312/11/5 1314/13/5
f 311/12/6 313/14/6 1313/14/6 1311/12/6
f 316/15/5 314/13/5 1314/13/5 1316/15/5
f 313/14/6 315/16/6 1315/16/6 1313/14/6
f 318/17/5 316/15/5 1316/15/5 1318/17/5
f 315/16/6 317/18/6 1317/18/6 1315/16/6
f 320/19/5 318/17/5 1318/17/5 1320/19/5
f 319/20/4 320/19/4 1320/19/4 1319/20/4
f 317/18/6 319/20/6 1319/20/6 1317/18/6
f 322/1/2 321/4/2 1321/4/2 1322/1/2
f 324/2/5 322/1/5 1322/1/5 1324/2/5
f 321/4/6 323/3/6 1323/3/6 1321/4/6
f 326/5/5 324/2/5 1324/2/5 1326/5/5
f 323/3/6 325/6/6 1325/6/6 1323/3/6
f 328/7/5 326/5/5 1326/5/5 1328/7/5
f 325/6/6 327/8/6 1327/8/6 1325/6/6
f 330/9/5 328/7/5 1328/7/5 1330/9/5
f 327/8/6 329/10/6 1329/10/6 1327/8/6
f 332/11/5 330/9/5 1330/9/5 1332/11/5
f 329/10/6 331/12/6 1331/12/6 1329/10/6
f 334/13/5 332/11/5 1332/11/5 1334/13/5
f 331/12/6 333/14/6 1333/14/6 1331/12/6
f 336/15/5 334/13/5 1334/13/5 1336/15/5
f 333/14/6 335/16/6 1335/16/6 1333/14/6
f 338/17/5 336/15/5 1336/15/5 1338/17/5
f 335/16/6 337/18/6 1337/18/6 1335/16/6
f 340/19/5 338/17/5 1338/17/5 1340/19/5
f 339/20/4 340/19/4 1340/19/4 1339/20/4
f 337/18/6 339/20/6 1339/20/6 1337/18/6
f 342/1/2 341/4/2 1341/4/2 1342/1/2
f 344/2/5 342/1/5 1342/1/5 1344/2/5
f 341/4/6 343/3/6 1343/3/6 1341/4/6
f 346/5/5 344/2/5 1344/2/5 1346/5/5
f 343/3/6 345/6/6 1345/6/6 1343/3/6
f 348/7/5 346/5/5 1346/5/5 1348/7/5
f 345/6/6 347/8/6 1347/8/6 1345/6/6
f 350/9/5 348/7/5 1348/7/5 1350/9/5
f 347/8/6 349/10/6 1349/10/6 1347/8/6
f 352/11/5 350/9/5 1350/9/5 1352/11/5
f 349/10/6 351/12/6 1351/12/6 1349/10/6
f 354/13/5 352/11/5 1352/11/5 1354/13/5
f 351/12/6 353/14/6 1353/14/6 1351/12/6
f 356/15/5 354/13/5 1354/13/5 1356/15/5
f 353/14/6 355/16/6 1355/16/6 1353/14/6
f 358/17/5 356/15/5 1356/15/5 1358/17/5
f 355/16/6 357/18/6 1357/18/6 1355/16/6
f 360/19/5 358/17/5 1358/17/5 1360/19/5
f 359/20/4 360/19/4 1360/19/4 1359/20/4
f 357/18/6 359/20/6 1359/20/6 1357/18/6
f 362/1/2 361/4/2 1361/4/2 1362/1/2
f 364/2/5 362/1/5 1362/1/5 1364/2/5
f 361/4/6 363/3/6 1363/3/6 1361/4/6
f 366/5/5 364/2/5 1364/2/5 1366/5/5
f 363/3/6 365/6/6 1365/6/6 1363/3/6
f 368/7/5 366/5/5 1366/5/5 1368/7/5
f 365/6/6 367/8/6 1367/8/6 1365/6/6
f 370/9/5 368/7/5 1368/7/5 1370/9/5
f 367/8/6 369/10/6 1369/10/6 1367/8/6
f 372/11/5 370/9/5 1370/9/5 1372/11/5
f 369/10/6 371/12/6 1371/12/6 1369/10/6
f 374/13/5 372/11/5 1372/11/5 1374/13/5
f 371/12/6 373/14/6 1373/14/6 1371/12/6
f 376/15/5 374/13/5 1374/13/5 1376/15/5
f 373/14/6 375/16/6 1375/16/6 1373/14/6
f 378/17/5 376/15/5 1376/15/5 1378/17/5
f 375/16/6 377/18/6 1377/18/6 1375/16/6
f 380/19/5 378/17/5 1378/17/5 1380/19/5
f 379/20/4 380/19/4 1380/19/4 1379/20/4
f 377/18/6 379/20/6 1379/20/6 1377/18/6
f 382/1/2 381/4/2 1381/4/2 1382/1/2
f 384/2/5 382/1/5 1382/1/5 1384/2/5
f 381/4/6 383/3/6 1383/3/6 1381/4/6
f 386/5/5 384/2/5 1384/2/5 1386/5/5
f 383/3/6 385/6/6 1385/6/6 1383/3/6
f 388/7/5 386/5/5 1386/5/5 1388/7/5
f 385/6/6 387/8/6 1387/8/6 1385/6/6
f 390/9/5 388/7/5 1388/7/5 1390/9/5
f 387/8/6 389/10/6 1389/10/6 1387/8/6
f 392/11/5 390/9/5 1390/9/5 1392/11/5
f 389/10/6 391/12/6 1391/12/6 1389/10/6
f 394/13/5 392/11/5 1392/11/5 1394/13/5
f 391/12/6 393/14/6 1393/14/6 1391/12/6
f 396/15/5 394/13/5 1394/13/5 1396/15/5
f 393/14/6 395/16/6 1395/16/6 1393/14/6
f 398/17/5 396/15/5 1396/15/5 1398/17/5
f 395/16/6 397/18/6 1397/18/6 1395/16/6
f 400/19/5 398/17/5 1398/17/5 1400/19/5
f 399/20/4 400/19/4 1400/19/4 1399/20/4
f 397/18/6 399/20/6 1399/20/6 1397/18/6
f 402/1/2 401/4/2 1401/4/2 1402/1/2
f 404/2/5 402/1/5 1402/1/5 1404/2/5
f 401/4/6 403/3/6 1403/3/6 1401/4/6
f 406/5/5 404/2/5 1404/2/5 1406/5/5
f 403/3/6 405/6/6 1405/6/6 1403/3/6
f 408/7/5 406/5/5 1406/5/5 1408/7/5
f 405/6/6 407/8/6 1407/8/6 1405/6/6
f 410/9/5 408/7/5 1408/7/5 1410/9/5
f 407/8/6 409/10/6 1409/10/6 1407/8/6
f 412/11/5 410/9/5 1410/9/5 1412/11/5
f 409/10/6 411/12/6 1411/12/6 1409/10/6
f 414/13/5 412/11/5 1412/11/5 1414/13/5
f 411/12/6 413/14/6 1413/14/6 1411/12/6
f 416/15/5 414/13/5 1414/13/5 1416/15/5
f 413/14/6 415/16/6 1415/16/6 1413/14/6
f 418/17/5 416/15/5 1416/15/5 1418/17/5
f 415/16/6 417/18/6 1417/18/6 1415/16/6
f 420/19/5 418/17/5 1418/17/5 1420/19/5
f 419/20/4 420/19/4 1420/19/4 1419/20/4
f 417/18/6 419/20/6 1419/20/6 1417/18/6
f 422/1/2 421/4/2 1421/4/2 1422/1/2
f 424/2/5 422/1/5 1422/1/5 1424/2/5
f 421/4/6 423/3/6 1423/3/6 1421/4/6
f 426/5/5 424/2/5 1424/2/5 1426/5/5
f 423/3/6 425/6/6 1425/6/6 1423/3/6
f 428/7/5 426/5/5 1426/5/5 1428/7/5
f 425/6/6 427/8/6 1427/8/6 1425/6/6
f 430/9/5 428/7/5 1428/7/5 1430/9/5
f 427/8/6 429/10/6 1429/10/6 1427/8/6
f 432/11/5 430/9/5 1430/9/5 1432/11/5
f 429/10/6 431/12/6 1431/12/6 1429/10/6
f 434/13/5 432/11/5 1432/11/5 1434/13/5
f 431/12/6 433/14/6 1433/14/6 1431/12/6
f 436/15/5 434/13/5 1434/13/5 1436/15/5
f 433/14/6 435/16/6 1435/16/6 1433/14/6
f 438/17/5 436/15/5 1436/15/5 1438/17/5
f 435/16/6 437/18/6 1437/18/6 1435/16/6
f 440/19/5 438/17/5 1438/17/5 1440/19/5
f 439/20/4 440/19/4 1440/19/4 1439/20/4
f 437/18/6 439/20/6 1439/20/6 1437/18/6
f 442/1/2 441/4/2 1441/4/2 1442/1/2
f 444/2/5 442/1/5 1442/1/5 1444/2/5
f 441/4/6 443/3/6 1443/3/6 1441/4/6
f 446/5/5 444/2/5 1444/2/5 1446/5/5
f 443/3/6 445/6/6 1445/6/6 1443/3/6
f 448/7/5 446/5/5 1446/5/5 1448/7/5
f 445/6/6 447/8/6 1447/8/6 1445/6/6
f 450/9/5 448/7/5 1448/7/5 1450/9/5
f 447/8/6 449/10/6 1449/10/6 1447/8/6
f 452/11/5 450/9/5 1450/9/5 1452/11/5
f 449/10/6 451/12/6 1451/12/6 1449/10/6
f 454/13/5 452/11/5 1452/11/5 1454/13/5
f 451/12/6 453/14/6 1453/14/6 1451/12/6
f 456/15/5 454/13/5 1454/13/5 1456/15/5
f 453/14/6 455/16/6 1455/16/6 1453/14/6
f 458/17/5 456/15/5 1456/15/5 1458/17/5
f 455/16/6 457/18/6 1457/18/6 1455/16/6
f 460/19/5 458/17/5 1458/17/5 1460/19/5
f 459/20/4 460/19/4 1460/19/4 1459/20/4
f 457/18/6 459/20/6 1459/20/6 1457/18/6
f 462/1/2 461/4/2 1461/4/2 1462/1/2
f 464/2/5 462/1/5 1462/1/5 1464/2/5
f 461/4/6 463/3/6 1463/3/6 1461/4/6
f 466/5/5 464/2/5 1464/2/5 1466/5/5
f 463/3/6 465/6/6 1465/6/6 1463/3/6
f 468/7/5 466/5/5 1466/5/5 1468/7/5
f 465/6/6 467/8/6 1467/8/6 1465/6/6
f 470/9/5 468/7/5 1468/7/5 1470/9/5
f 467/8/6 469/10/6 1469/10/6 1467/8/6
f 472/11/5 470/9/5 1470/9/5 1472/11/5
f 469/10/6 471/12/6 1471/12/6 1469/10/6
f 474/13/5 472/11/5 1472/11/5 1474/13/5
f 471/12/6 473/14/6 1473/14/6 1471/12/6
f 476/15/5 474/13/5 1474/13/5 1476/15/5
f 473/14/6 475/16/6 1475/16/6 1473/14/6
f 478/17/5 476/15/5 1476/15/5 1478/17/5
f 475/16/6 477/18/6 1477/18/6 1475/16/6
f 480/19/5 478/17/5 1478/17/5 1480/19/5
f 479/20/4 480/19/4 1480/19/4 1479/20/4
f 477/18/6 479/20/6 1479/20/6 1477/18/6
f 482/1/3 481/4/3 1481/4/3 1482/1/3
f 484/2/5 482/1/5 1482/1/5 1484/2/5
f 481/4/6 483/3/6 1483/3/6 1481/4/6
f 486/5/5 484/2/5 1484/2/5 1486/5/5
f 483/3/6 485/6/6 1485/6/6 1483/3/6
f 488/7/5 486/5/5 1486/5/5 1488/7/5
f 485/6/6 487/8/6 1487/8/6 1485/6/6
f 490/9/5 488/7/5 1488/7/5 1490/9/5
f 487/8/6 489/10/6 1489/10/6 1487/8/6
f 492/11/5 490/9/5 1490/9/5 1492/11/5
f 489/10/6 491/12/6 1491/12/6 1489/10/6
f 494/13/5 492/11/5 1492/11/5 1494/13/5
f 491/12/6 493/14/6 1493/14/6 1491/12/6
f 496/15/5 494/13/5 1494/13/5 1496/15/5
f 493/14/6 495/16/6 1495/16/6 1493/14/6
f 498/17/5 496/15/5 1496/15/5 1498/17/5
f 495/16/6 497/18/6 1497/18/6 1495/16/6
f 500/19/5 498/17/5 1498/17/5 1500/19/5
f 499/20/1 500/19/1 1500/19/1 1499/20/1
f 497/18/6 499/20/6 1499/20/6 1497/18/6
f 502/1/3 501/4/3 1501/4/3 1502/1/3
f 504/2/5 502/1/5 1502/1/5 1504/2/5
f 501/4/6 503/3/6 1503/3/6 1501/4/6
f 506/5/5 504/2/5 1504/2/5 1506/5/5
f 503/3/6 505/6/6 1505/6/6 1503/3/6
f 508/7/5 506/5/5 1506/5/5 1508/7/5
f 505/6/6 507/8/6 1507/8/6 1505/6/6
f 510/9/5 508/7/5 1508/7/5 1510/9/5
f 507/8/6 509/10/6 1509/10/6 1507/8/6
f 512/11/5 510/9/5 1510/9/5 1512/11/5
f 509/10/6 511/12/6 1511/12/6 1509/10/6
f 514/13/5 512/11/5 1512/11/5 1514/13/5
f 511/12/6 513/14/6 1513/14/6 1511/12/6
f 516/15/5 514/13/5 1514/13/5 1516/15/5
f 513/14/6 515/16/6 1515/16/6 1513/14/6
f 518/17/5 516/15/5 1516/15/5 1518/17/5
f 515/16/6 517/18/6 1517/18/6 1515/16/6
f 520/19/5 518/17/5 1518/17/5 1520/19/5
f 519/20/1 520/19/1 1520/19/1 1519/20/1
f 517/18/6 519/20/6 1519/20/6 1517/18/6
f 522/1/3 521/4/3 1521/4/3 1522/1/3
f 524/2/5 522/1/5 1522/1/5 1524/2/5
f 521/4/6 523/3/6 1523/3/6 1521/4/6
f 526/5/5 524/2/5 1524/2/5 1526/5/5
f 523/3/6 525/6/6 1525/6/6 1523/3/6
f 528/7/5 526/5/5 1526/5/5 1528/7/5
f 525/6/6 527/8/6 1527/8/6 1525/6/6
f 530/9/5 528/7/5 1528/7/5 1530/9/5
f 527/8/6 529/10/6 1529/10/6 1527/8/6
f 532/11/5 530/9/5 1530/9/5 1532/11/5
f 529/10/6 531/12/6 1531/12/6 1529/10/6
f 534/13/5 532/11/5 1532/11/5 1534/13/5
f 531/12/6 533/14/6 1533/14/6 1531/12/6
f 536/15/5 534/13/5 1534/13/5 1536/15/5
f 533/14/6 535/16/6 1535/16/6 1533/14/6
f 538/17/5 536/15/5 1536/15/5 1538/17/5
f 535/16/6 537/18/6 1537/18/6 1535/16/6
f 540/19/5 538/17/5 1538/17/5 1540/19/5
f 539/20/1 540/19/1 1540/19/1 1539/20/1
f 537/18/6 539/20/6 1539/20/6 1537/18/6
f 542/1/3 541/4/3 1541/4/3 1542/1/3
f 544/2/5 542/1/5 1542/1/5 1544/2/5
f 541/4/6 543/3/6 1543/3/6 1541/4/6
f 546/5/5 544/2/5 1544/2/5 1546/5/5
f 543/3/6 545/6/6 1545/6/6 1543/3/6
f 548/7/5 546/5/5 1546/5/5 1548/7/5
f 545/6/6 547/8/6 1547/8/6 1545/6/6
f 550/9/5 548/7/5 1548/7/5 1550/9/5
f 547/8/6 549/10/6 1549/10/6 1547/8/6
f 552/11/5 550/9/5 1550/9/5 1552/11/5
f 549/10/6 551/12/6 1551/12/6 1549/10/6
f 554/13/5 552/11/5 1552/11/5 1554/13/5
f 551/12/6 553/14/6 1553/14/6 1551/12/6
f 556/15/5 554/13/5 1554/13/5 1556/15/5
f 553/14/6 555/16/6 1555/16/6 1553/14/6
f 558/17/5 556/15/5 1556/15/5 1558/17/5
f 555/16/6 557/18/6 1557/18/6 1555/16/6
f 560/19/5 558/17/5 1558/17/5 1560/19/5
f 559/20/1 560/19/1 1560/19/1 1559/20/1
f 557/18/6 559/20/6 1559/20/6 1557/18/6
f 562/1/3 561/4/3 1561/4/3 1562/1/3
f 564/2/5 562/1/5 1562/1/5 1564/2/5
f 561/4/6 563/3/6 1563/3/6 1561/4/6
f 566/5/5 564/2/5 1564/2/5 1566/5/5
f 563/3/6 565/6/6 1565/6/6 1563/3/6
f 568/7/5 566/5/5 1566/5/5 1568/7/5
f 565/6/6 567/8/6 1567/8/6 1565/6/6
f 570/9/5 568/7/5 1568/7/5 1570/9/5
f 567/8/6 569/10/6 1569/10/6 1567/8/6
f 572/11/5 570/9/5 1570/9/5 1572/11/5
f 569/10/6 571/12/6 1571/12/6 1569/10/6
f 574/13/5 572/11/5 1572/11/5 1574/13/5
f 571/12/6 573/14/6 1573/14/6 1571/12/6
f 576/15/5 574/13/5 1574/13/5 1576/15/5
f 573/14/6 575/16/6 1575/16/6 1573/14/6
f 578/17/5 576/15/5 1576/15/5 1578/17/5
f 575/16/6 577/18/6 1577/18/6 1575/16/6
f 580/19/5 578/17/5 1578/17/5 1580/19/5
f 579/20/1 580/19/1 1580/19/1 1579/20/1
f 577/18/6 579/20/6 1579/20/6 1577/18/6
f 582/1/3 581/4/3 1581/4/3 1582/1/3
f 584/2/5 582/1/5 1582/1/5 1584/2/5
f 581/4/6 583/3/6 1583/3/6 1581/4/6
f 586/5/5 584/2/5 1584/2/5 1586/5/5
f 583/3/6 585/6/6 1585/6/6 1583/3/6
f 588/7/5 586/5/5 1586/5/5 1588/7/5
f 585/6/6 587/8/6 1587/8/6 1585/6/6
f 590/9/5 588/7/5 1588/7/5 1590/9/5
f 587/8/6 589/10/6 1589/10/6 1587/8/6
f 592/11/5 590/9/5 1590/9/5 1592/11/5
f 589/10/6 591/12/6 1591/12/6 1589/10/6
f 594/13/5 592/11/5 1592/11/5 1594/13/5
f 591/12/6 593/14/6 1593/14/6 1591/12/6
f 596/15/5 594/13/5 1594/13/5 1596/15/5
f 593/14/6 595/16/6 1595/16/6 1593/14/6
f 598/17/5 596/15/5 1596/15/5 1598/17/5
f 595/16/6 597/18/6 1597/18/6 1595/16/6
f 600/19/5 598/17/5 1598/17/5 1600/19/5
f 599/20/1 600/19/1 1600/19/1 1599/20/1
f 597/18/6 599/20/6 1599/20/6 1597/18/6
f 602/1/3 601/4/3 1601/4/3 1602/1/3
f 604/2/5 602/1/5 1602/1/5 1604/2/5
f 601/4/6 603/3/6 1603/3/6 1601/4/6
f 606/5/5 604/2/5 1604/2/5 1606/5/5
f 603/3/6 605/6/6 1605/6/6 1603/3/6
f 608/7/5 606/5/5 1606/5/5 1608/7/5
f 605/6/6 607/8/6 1607/8/6 1605/6/6
f 610/9/5 608/7/5 1608/7/5 1610/9/5
f 607/8/6 609/10/6 1609/10/6 1607/8/6
f 612/11/5 610/9/5 1610/9/5 1612/11/5
f 609/10/6 611/12/6 1611/12/6 1609/10/6
f 614/13/5 612/11/5 1612/11/5 1614/13/5
f 611/12/6 613/14/6 1613/14/6 1611/12/6
f 616/15/5 614/13/5 1614/13/5 1616/15/5
f 613/14/6 615/16/6 1615/16/6 1613/14/6
f 618/17/5 616/15/5 1616/15/5 1618/17/5
f 615/16/6 617/18/6 1617/18/6 1615/16/6
f 620/19/5 618/17/5 1618/17/5 1620/19/5
f 619/20/1 620/19/1 1620/19/1 1619/20/1
f 617/18/6 619/20/6 1619/20/6 1617/18/6
f 622/1/3 621/4/3 1621/4/3 1622/1/3
f 624/2/5 622/1/5 1622/1/5 1624/2/5
f 621/4/6 623/3/6 1623/3/6 1621/4/6
f 626/5/5 624/2/5 1624/2/5 1626/5/5
f 623/3/6 625/6/6 1625/6/6 1623/3/6
f 628/7/5 626/5/5 1626/5/5 1628/7/5
f 625/6/6 627/8/6 1627/8/6 1625/6/6
f 630/9/5 628/7/5 1628/7/5 1630/9/5
f 627/8/6 629/10/6 1629/10/6 1627/8/6
f 632/11/5 630/9/5 1630/9/5 1632/11/5
f 629/10/6 631/12/6 1631/12/6 1629/10/6
f 634/13/5 632/11/5 1632/11/5 1634/13/5
f 631/12/6 633/14/6 1633/14/6 1631/12/6
f 636/15/5 634/13/5 1634/13/5 1636/15/5
f 633/14/6 635/16/6 1635/16/6 1633/14/6
f 638/17/5 636/15/5 1636/15/5 1638/17/5
f 635/16/6 637/18/6 1637/18/6 1635/16/6
f 640/19/5 638/17/5 1638/17/5 1640/19/5
f 639/20/1 640/19/1 1640/19/1 1639/20/1
f 637/18/6 639/20/6 1639/20/6 1637/18/6
f 642/1/3 641/4/3 1641/4/3 1642/1/3
f 644/2/5 642/1/5 1642/1/5 1644/2/5
f 641/4/6 643/3/6 1643/3/6 1641/4/6
f 646/5/5 644/2/5 1644/2/5 1646/5/5
f 643/3/6 645/6/6 1645/6/6 1643/3/6
f 648/7/5 646/5/5 1646/5/5 1648/7/5
f 645/6/6 647/8/6 1647/8/6 1645/6/6
f 650/9/5 648/7/5 1648/7/5 1650/9/5
f 647/8/6 649/10/6 1649/10/6 1647/8/6
f 652/11/5 650/9/5 1650/9/5 1652/11/5
f 649/10/6 651/12/6 1651/12/6 1649/10/6
f 654/13/5 652/11/5 1652/11/5 1654/13/5
f 651/12/6 653/14/6 1653/14/6 1651/12/6
f 656/15/5 654/13/5 1654/13/5 1656/15/5
f 653/14/6 655/16/6 1655/16/6 1653/14/6
f 658/17/5 656/15/5 1656/15/5 1658/17/5
f 655/16/6 657/18/6 1657/18/6 1655/16/6
f 660/19/5 658/17/5 1658/17/5 1660/19/5
f 659/20/1 660/19/1 1660/19/1 1659/20/1
f 657/18/6 659/20/6 1659/20/6 1657/18/6
f 662/1/3 661/4/3 1661/4/3 1662/1/3
f 664/2/5 662/1/5 1662/1/5 1664/2/5
f 661/4/6 663/3/6 1663/3/6 1661/4/6
f 666/5/5 664/2/5 1664/2/5 1666/5/5
f 663/3/6 665/6/6 1665/6/6 1663/3/6
f 668/7/5 666/5/5 1666/5/5 1668/7/5
f 665/6/6 667/8/6 1667/8/6 1665/6/6
f 670/9/5 668/7/5 1668/7/5 1670/9/5
f 667/8/6 669/10/6 1669/10/6 1667/8/6
f 672/11/5 670/9/5 1670/9/5 1672/11/5
f 669/10/6 671/12/6 1671/12/6 1669/10/6
f 674/13/5 672/11/5 1672/11/5 1674/13/5
f 671/12/6 673/14/6 1673/14/6 1671/12/6
f 676/15/5 674/13/5 1674/13/5 1676/15/5
f 673/14/6 675/16/6 1675/16/6 1673/14/6
f 678/17/5 676/15/5 1676/15/5 1678/17/5
f 675/16/6 677/18/6 1677/18/6 1675/16/6
f 680/19/5 678/17/5 1678/17/5 1680/19/5
f 679/20/1 680/19/1 1680/19/1 1679/20/1
f 677/18/6 679/20/6 1679/20/6 1677/18/6
f 682/1/3 681/4/3 1681/4/3 1682/1/3
f 684/2/5 682/1/5 1682/1/5 1684/2/5
f 681/4/6 683/3/6 1683/3/6 1681/4/6
f 686/5/5 684/2/5 1684/2/5 1686/5/5
f 683/3/6 685/6/6 1685/6/6 1683/3/6
f 688/7/5 686/5/5 1686/5/5 1688/7/5
f 685/6/6 687/8/6 1687/8/6 1685/6/6
f 690/9/5 688/7/5 1688/7/5 1690/9/5
f 687/8/6 689/10/6 1689/10/6 1687/8/6
f 692/11/5 690/9/5 1690/9/5 1692/11/5
f 689/10/6 691/12/6 1691/12/6 1689/10/6
f 694/13/5 692/11/5 1692/11/5 1694/13/5
f 691/12/6 693/14/6 1693/14/6 1691/12/6
f 696/15/5 694/13/5 1694/13/5 1696/15/5
f 693/14/6 695/16/6 1695/16/6 1693/14/6
f 698/17/5 696/15/5 1696/15/5 1698/17/5
f 695/16/6 697/18/6 1697/18/6 1695/16/6
f 700/19/5 698/17/5 1698/17/5 1700/19/5
f 699/20/1 700/19/1 1700/19/1 1699/20/1
f 697/18/6 699/20/6 1699/20/6 1697/18/6
f 702/1/3 701/4/3 1701/4/3 1702/1/3
f 704/2/5 702/1/5 1702/1/5 1704/2/5
f 701/4/6 703/3/6 1703/3/6 1701/4/6
f 706/5/5 704/2/5 1704/2/5 1706/5/5
f 703/3/6 705/6/6 1705/6/6 1703/3/6
f 708/7/5 706/5/5 1706/5/5 1708/7/5
f 705/6/6 707/8/6 1707/8/6 1705/6/6
f 710/9/5 708/7/5 1708/7/5 1710/9/5
f 707/8/6 709/10/6 1709/10/6 1707/8/6
f 712/11/5 710/9/5 1710/9/5 1712/11/5
f 709/10/6 711/12/6 1711/12/6 1709/10/6
f 714/13/5 712/11/5 1712/11/5 1714/13/5
f 711/12/6 713/14/6 1713/14/6 1711/12/6
f 716/15/5 714/13/5 1714/13/5 1716/15/5
f 713/14/6 715/16/6 1715/16/6 1713/14/6
f 718/17/5 716/15/5 1716/15/5 1718/17/5
f 715/16/6 717/18/6 1717/18/6 1715/16/6
f 720/19/5 718/17/5 1718/17/5 1720/19/5
f 719/20/1 720/19/1 1720/19/1 1719/20/1
f 717/18/6 719/20/6 1719/20/6 1717/18/6
f 722/1/3 721/4/3 1721/4/3 1722/1/3
f 724/2/5 722/1/5 1722/1/5 1724/2/5
f 721/4/6 723/3/6 1723/3/6 1721/4/6
f 726/5/5 724/2/5 1724/2/5 1726/5/5
f 723/3/6 725/6/6 1725/6/6 1723/3/6
f 728/7/5 726/5/5 1726/5/5 1728/7/5
f 725/6/6 727/8/6 1727/8/6 1725/6/6
f 730/9/5 728/7/5 1728/7/5 1730/9/5
f 727/8/6 729/10/6 1729/10/6 1727/8/6
f 732/11/5 730/9/5 1730/9/5 1732/11/5
f 729/10/6 731/12/6 1731/12/6 1729/10/6
f 734/13/5 732/11/5 1732/11/5 1734/13/5
f 731/12/6 733/14/6 1733/14/6 1731/12/6
f 736/15/5 734/13/5 1734/13/5 1736/15/5
f 733/14/6 735/16/6 1735/16/6 1733/14/6
f 738/17/5 736/15/5 1736/15/5 1738/17/5
f 735/16/6 737/18/6 1737/18/6 1735/16/6
f 740/19/5 738/17/5 1738/17/5 1740/19/5
f 739/20/1 740/19/1 1740/19/1 1739/20/1
f 737/18/6 739/20/6 1739/20/6 1737/18/6
f 742/1/3 741/4/3 1741/4/3 1742/1/3
f 744/2/5 742/1/5 1742/1/5 1744/2/5
f 741/4/6 743/3/6 1743/3/6 1741/4/6
f 746/5/5 744/2/5 1744/2/5 1746/5/5
f 743/3/6 745/6/6 1745/6/6 1743/3/6
f 748/7/5 746/5/5 1746/5/5 1748/7/5
f 745/6/6 747/8/6 1747/8/6 1745/6/6
f 750/9/5 748/7/5 1748/7/5 1750/9/5
f 747/8/6 749/10/6 1749/10/6 1747/8/6
f 752/11/5 750/9/5 1750/9/5 1752/11/5
f 749/10/6 751/12/6 1751/12/6 1749/10/6
f 754/13/5 752/11/5 1752/11/5 1754/13/5
f 751/12/6 753/14/6 1753/14/6 1751/12/6
f 756/15/5 754/13/5 1754/13/5 1756/15/5
f 753/14/6 755/16/6 1755/16/6 1753/14/6
f 758/17/5 756/15/5 1756/15/5 1758/17/5
f 755/16/6 757/18/6 1757/18/6 1755/16/6
f 760/19/5 758/17/5 1758/17/5 1760/19/5
f 759/20/1 760/19/1 1760/19/1 1759/20/1
f 757/18/6 759/20/6 1759/20/6 1757/18/6
f 762/1/3 761/4/3 1761/4/3 1762/1/3
f 764/2/5 762/1/5 1762/1/5 1764/2/5
f 761/4/6 763/3/6 1763/3/6 1761/4/6
f 766/5/5 764/2/5 1764/2/5 1766/5/5
f 763/3/6 765/6/6 1765/6/6 1763/3/6
f 768/7/5 766/5/5 1766/5/5 1768/7/5
f 765/6/6 767/8/6 1767/8/6 1765/6/6
f 770/9/5 768/7/5 1768/7/5 1770/9/5
f 767/8/6 769/10/6 1769/10/6 1767/8/6
f 772/11/5 770/9/5 1770/9/5 1772/11/5
f 769/10/6 771/12/6 1771/12/6 1769/10/6
f 774/13/5 772/11/5 1772/11/5 1774/13/5
f 771/12/6 773/14/6 1773/14/6 1771/12/6
f 776/15/5 774/13/5 1774/13/5 1776/15/5
f 773/14/6 775/16/6 1775/16/6 1773/14/6
f 778/17/5 776/15/5 1776/15/5 1778/17/5
f 775/16/6 777/18/6 1777/18/6 1775/16/6
f 780/19/5 778/17/5 1778/17/5 1780/19/5
f 779/20/1 780/19/1 1780/19/1 1779/20/1
f 777/18/6 779/20/6 1779/20/6 1777/18/6
f 782/1/3 781/4/3 1781/4/3 1782/1/3
f 784/2/5 782/1/5 1782/1/5 1784/2/5
f 781/4/6 783/3/6 1783/3/6 1781/4/6
f 786/5/5 784/2/5 1784/2/5 1786/5/5
f 783/3/6 785/6/6 1785/6/6 1783/3/6
f 788/7/5 786/5/5 1786/5/5 1788/7/5
f 785/6/6 787/8/6 1787/8/6 1785/6/6
f 790/9/5 788/7/5 1788/7/5 1790/9/5
f 787/8/6 789/10/6 1789/10/6 1787/8/6
f 792/11/5 790/9/5 1790/9/5 1792/11/5
f 789/10/6 791/12/6 1791/12/6 1789/10/6
f 794/13/5 792/11/5 1792/11/5 1794/13/5
f 791/12/6 793/14/6 1793/14/6 1791/12/6
f 796/15/5 794/13/5 1794/13/5 1796/15/5
f 793/14/6 795/16/6 1795/16/6 1793/14/6
f 798/17/5 796/15/5 1796/15/5 1798/17/5
f 795/16/6 797/18/6 1797/18/6 1795/16/6
f 800/19/5 798/17/5 1798/17/5 1800/19/5
f 799/20/1 800/19/1 1800/19/1 1799/20/1
f 797/18/6 799/20/6 1799/20/6 1797/18/6
f 802/1/3 801/4/3 1801/4/3 1802/1/3
f 804/2/5 802/1/5 1802/1/5 1804/2/5
f 801/4/6 803/3/6 1803/3/6 1801/4/6
f 806/5/5 804/2/5 1804/2/5 1806/5/5
f 803/3/6 805/6/6 1805/6/6 1803/3/6
f 808/7/5 806/5/5 1806/5/5 1808/7/5
f 805/6/6 807/8/6 1807/8/6 1805/6/6
f 810/9/5 808/7/5 1808/7/5 1810/9/5
f 807/8/6 809/10/6 1809/10/6 1807/8/6
f 812/11/5 810/9/5 1810/9/5 1812/11/5
f 809/10/6 811/12/6 1811/12/6 1809/10/6
f 814/13/5 812/11/5 1812/11/5 1814/13/5
f 811/12/6 813/14/6 1813/14/6 1811/12/6
f 816/15/5 814/13/5 1814/13/5 1816/15/5
f 813/14/6 815/16/6 1815/16/6 1813/14/6
f 818/17/5 816/15/5 1816/15/5 1818/17/5
f 815/16/6 817/18/6 1817/18/6 1815/16/6
f 820/19/5 818/17/5 1818/17/5 1820/19/5
f 819/20/1 820/19/1 1820/19/1 1819/20/1
f 817/18/6 819/20/6 1819/20/6 1817/18/6
f 822/1/3 821/4/3 1821/4/3 1822/1/3
f 824/2/5 822/1/5 1822/1/5 1824/2/5
f 821/4/6 823/3/6 1823/3/6 1821/4/6
f 826/5/5 824/2/5 1824/2/5 1826/5/5
f 823/3/6 825/6/6 1825/6/6 1823/3/6
f 828/7/5 826/5/5 1826/5/5 1828/7/5
f 825/6/6 827/8/6 1827/8/6 1825/6/6
f 830/9/5 828/7/5 1828/7/5 1830/9/5
f 827/8/6 829/10/6 1829/10/6 1827/8/6
f 832/11/5 830/9/5 1830/9/5 1832/11/5
f 829/10/6 831/12/6 1831/12/6 1829/10/6
f 834/13/5 832/11/5 1832/11/5 1834/13/5
f 831/12/6 833/14/6 1833/14/6 1831/12/6
f 836/15/5 834/13/5 1834/13/5 1836/15/5
f 833/14/6 835/16/6 1835/16/6 1833/14/6
f 838/17/5 836/15/5 1836/15/5 1838/17/5
f 835/16/6 837/18/6 1837/18/6 1835/16/6
f 840/19/5 838/17/5 1838/17/5 1840/19/5
f 839/20/1 840/19/1 1840/19/1 1839/20/1
f 837/18/6 839/20/6 1839/20/6 1837/18/6
f 842/1/3 841/4/3 1841/4/3 1842/1/3
f 844/2/5 842/1/5 1842/1/5 1844/2/5
f 841/4/6 843/3/6 1843/3/6 1841/4/6
f 846/5/5 844/2/5 1844/2/5 1846/5/5
f 843/3/6 845/6/6 1845/6/6 1843/3/6
f 848/7/5 846/5/5 1846/5/5 1848/7/5
f 845/6/6 847/8/6 1847/8/6 1845/6/6
f 850/9/5 848/7/5 1848/7/5 1850/9/5
f 847/8/6 849/10/6 1849/10/6 1847/8/6
f 852/11/5 850/9/5 1850/9/5 1852/11/5
f 849/10/6 851/12/6 1851/12/6 1849/10/6
f 854/13/5 852/11/5 1852/11/5 1854/13/5
f 851/12/6 853/14/6 1853/14/6 1851/12/6
f 856/15/5 854/13/5 1854/13/5 1856/15/5
f 853/14/6 855/16/6 1855/16/6 1853/14/6
f 858/17/5 856/15/5 1856/15/5 1858/17/5
f 855/16/6 857/18/6 1857/18/6 1855/16/6
f 860/19/5 858/17/5 1858/17/5 1860/19/5
f 859/20/1 860/19/1 1860/19/1 1859/20/1
f 857/18/6 859/20/6 1859/20/6 1857/18/6
f 862/1/3 861/4/3 1861/4/3 1862/1/3
f 864/2/5 862/1/5 1862/1/5 1864/2/5
f 861/4/6 863/3/6 1863/3/6 1861/4/6
f 866/5/5 864/2/5 1864/2/5 1866/5/5
f 863/3/6 865/6/6 1865/6/6 1863/3/6
f 868/7/5 866/5/5 1866/5/5 1868/7/5
f 865/6/6 867/8/6 1867/8/6 1865/6/6
f 870/9/5 868/7/5 1868/7/5 1870/9/5
f 867/8/6 869/10/6 1869/10/6 1867/8/6
f 872/11/5 870/9/5 1870/9/5 1872/11/5
f 869/10/6 871/12/6 1871/12/6 1869/10/6
f 874/13/5 872/11/5 1872/11/5 1874/13/5
f 871/12/6 873/14/6 1873/14/6 1871/12/6
f 876/15/5 874/13/5 1874/13/5 1876/15/5
f 873/14/6 875/16/6 1875/16/6 1873/14/6
f 878/17/5 876/15/5 1876/15/5 1878/17/5
f 875/16/6 877/18/6 1877/18/6 1875/16/6
f 880/19/5 878/17/5 1878/17/5 1880/19/5
f 879/20/1 880/19/1 1880/19/1 1879/20/1
f 877/18/6 879/20/6 1879/20/6 1877/18/6
f 882/1/3 881/4/3 1881/4/3 1882/1/3
f 884/2/5 882/1/5 1882/1/5 1884/2/5
f 881/4/6 883/3/6 1883/3/6 1881/4/6
f 886/5/5 884/2/5 1884/2/5 1886/5/5
f 883/3/6 885/6/6 1885/6/6 1883/3/6
f 888/7/5 886/5/5 1886/5/5 1888/7/5
f 885/6/6 887/8/6 1887/8/6 1885/6/6
f 890/9/5 888/7/5 1888/7/5 1890/9/5
f 887/8/6 889/10/6 1889/10/6 1887/8/6
f 892/11/5 890/9/5 1890/9/5 1892/11/5
f 889/10/6 891/12/6 1891/12/6 1889/10/6
f 894/13/5 892/11/5 1892/11/5 1894/13/5
f 891/12/6 893/14/6 1893/14/6 1891/12/6
f 896/15/5 894/13/5 1894/13/5 1896/15/5
f 893/14/6 895/16/6 1895/16/6 1893/14/6
f 898/17/5 896/15/5 1896/15/5 1898/17/5
f 895/16/6 897/18/6 1897/18/6 1895/16/6
f 900/19/5 898/17/5 1898/17/5 1900/19/5
f 899/20/1 900/19/1 1900/19/1 1899/20/1
f 897/18/6 899/20/6 1899/20/6 1897/18/6
f 902/1/3 901/4/3 1901/4/3 1902/1/3
f 904/2/5 902/1/5 1902/1/5 1904/2/5
f 901/4/6 903/3/6 1903/3/6 1901/4/6
f 906/5/5 904/2/5 1904/2/5 1906/5/5
f 903/3/6 905/6/6 1905/6/6 1903/3/6
f 908/7/5 906/5/5 1906/5/5 1908/7/5
f 905/6/6 907/8/6 1907/8/6 1905/6/6
f 910/9/5 908/7/5 1908/7/5 1910/9/5
f 907/8/6 909/10/6 1909/10/6 1907/8/6
f 912/11/5 910/9/5 1910/9/5 1912/11/5
f 909/10/6 911/12/6 1911/12/6 1909/10/6
f 914/13/5 912/11/5 1912/11/5 1914/13/5
f 911/12/6 913/14/6 1913/14/6 1911/12/6
f 916/15/5 914/13/5 1914/13/5 1916/15/5
f 913/14/6 915/16/6 1915/16/6 1913/14/6
f 918/17/5 916/15/5 1916/15/5 1918/17/5
f 915/16/6 917/18/6 1917/18/6 1915/16/6
f 920/19/5 918/17/5 1918/17/5 1920/19/5
f 919/20/1 920/19/1 1920/19/1 1919/20/1
f 917/18/6 919/20/6 1919/20/6 1917/18/6
f 922/1/3 921/4/3 1921/4/3 1922/1/3
f 924/2/5 922/1/5 1922/1/5 1924/2/5
f 921/4/6 923/3/6 1923/3/6 1921/4/6
f 926/5/5 924/2/5 1924/2/5 1926/5/5
f 923/3/6 925/6/6 1925/6/6 1923/3/6
f 928/7/5 926/5/5 1926/5/5 1928/7/5
f 925/6/6 927/8/6 1927/8/6 1925/6/6
f 930/9/5 928/7/5 1928/7/5 1930/9/5
f 927/8/6 929/10/6 1929/10/6 1927/8/6
f 932/11/5 930/9/5 1930/9/5 1932/11/5
f 929/10/6 931/12/6 1931/12/6 1929/10/6
f 934/13/5 932/11/5 1932/11/5 1934/13/5
f 931/12/6 933/14/6 1933/14/6 1931/12/6
f 936/15/5 934/13/5 1934/13/5 1936/15/5
f 933/14/6 935/16/6 1935/16/6 1933/14/6
f 938/17/5 936/15/5 1936/15/5 1938/17/5
f 935/16/6 937/18/6 1937/18/6 1935/16/6
f 940/19/5 938/17/5 1938/17/5 1940/19/5
f 939/20/1 940/19/1 1940/19/1 1939/20/1
f 937/18/6 939/20/6 1939/20/6 1937/18/6
f 942/1/3 941/4/3 1941/4/3 1942/1/3
f 944/2/5 942/1/5 1942/1/5 1944/2/5
f 941/4/6 943/3/6 1943/3/6 1941/4/6
f 946/5/5 944/2/5 1944/2/5 1946/5/5
f 943/3/6 945/6/6 1945/6/6 1943/3/6
f 948/7/5 946/5/5 1946/5/5 1948/7/5
f 945/6/6 947/8/6 1947/8/6 1945/6/6
f 950/9/5 948/7/5 1948/7/5 1950/9/5
f 947/8/6 949/10/6 1949/10/6 1947/8/6
f 952/11/5 950/9/5 1950/9/5 1952/11/5
f 949/10/6 951/12/6 1951/12/6 1949/10/6
f 954/13/5 952/11/5 1952/11/5 1954/13/5
f 951/12/6 953/14/6 1953/14/6 1951/12/6
f 956/15/5 954/13/5 1954/13/5 1956/15/5
f 953/14/6 955/16/6 1955/16/6 1953/14/6
f 958/17/5 956/15/5 1956/15/5 1958/17/5
f 955/16/6 957/18/6 1957/18/6 1955/16/6
f 960/19/5 958/17/5 1958/17/5 1960/19/5
f 959/20/1 960/19/1 1960/19/1 1959/20/1
f 957/18/6 959/20/6 1959/20/6 1957/18/6
f 962/1/3 961/4/3 1961/4/3 1962/1/3
f 964/2/5 962/1/5 1962/1/5 1964/2/5
f 961/4/6 963/3/6 1963/3/6 1961/4/6
f 966/5/5 964/2/5 1964/2/5 1966/5/5
f 963/3/6 965/6/6 1965/6/6 1963/3/6
f 968/7/5 966/5/5 1966/5/5 1968/7/5
f 965/6/6 967/8/6 1967/8/6 1965/6/6
f 970/9/5 968/7/5 1968/7/5 1970/9/5
f 967/8/6 969/10/6 1969/10/6 1967/8/6
f 972/11/5 970/9/5 1970/9/5 1972/11/5
f 969/10/6 971/12/6 1971/12/6 1969/10/6
f 974/13/5 972/11/5 1972/11/5 1974/13/5
f 971/12/6 973/14/6 1973/14/6 1971/12/6
f 976/15/5 974/13/5 1974/13/5 1976/15/5
f 973/14/6 975/16/6 1975/16/6 1973/14/6
f 978/17/5 976/15/5 1976/15/5 1978/17/5
f 975/16/6 977/18/6 1977/18/6 1975/16/6
f 980/19/5 978/17/5 1978/17/5 1980/19/5
f 979/20/1 980/19/1 1980/19/1 1979/20/1
f 977/18/6 979/20/6 1979/20/6 1977/18/6
f 982/1/3 981/4/3 1981/4/3 1982/1/3
f 984/2/5 982/1/5 1982/1/5 1984/2/5
f 981/4/6 983/3/6 1983/3/6 1981/4/6
f 986/5/5 984/2/5 1984/2/5 1986/5/5
f 983/3/6 985/6/6 1985/6/6 1983/3/6
f 988/7/5 986/5/5 1986/5/5 1988/7/5
f 985/6/6 987/8/6 1987/8/6 1985/6/6
f 990/9/5 988/7/5 1988/7/5 1990/9/5
f 987/8/6 989/10/6 1989/10/6 1987/8/6
f 992/11/5 990/9/5 1990/9/5 1992/11/5
f 989/10/6 991/12/6 1991/12/6 1989/10/6
f 994/13/5 992/11/5 1992/11/5 1994/13/5
f 991/12/6 993/14/6 1993/14/6 1991/12/6
f 996/15/5 994/13/5 1994/13/5 1996/15/5
f 993/14/6 995/16/6 1995/16/6 1993/14/6
f 998/17/5 996/15/5 1996/15/5 1998/17/5
f 995/16/6 997/18/6 1997/18/6 1995/16/6
f 1000/19/5 998/17/5 1998/17/5 2000/19/5
f 999/20/1 1000/19/1 2000/19/1 1999/20/1
f 997/18/6 999/20/6 1999/20/6 1997/18/6
