# Blender 4.2.3 LTS
# www.blender.org
mtllib llave.mtl
o Cylinder
v 0.681627 -0.116275 -0.094855
v 0.420330 -0.119950 0.086526
v 0.663877 -0.116275 -0.085367
v 0.648318 -0.116275 -0.072599
v 0.436521 -0.119950 0.077871
v 0.635550 -0.116275 -0.057041
v 0.626062 -0.116275 -0.039290
v 0.450713 -0.119950 0.066224
v 0.620220 -0.116275 -0.020030
v 0.618247 -0.116275 0.000000
v 0.462361 -0.119950 0.052032
v 0.620220 -0.116275 0.020030
v 0.626062 -0.116275 0.039290
v 0.471015 -0.119950 0.035840
v 0.635550 -0.116275 0.057041
v 0.648318 -0.116275 0.072599
v 0.476345 -0.119950 0.018271
v 0.663877 -0.116275 0.085367
v 0.681627 -0.116275 0.094855
v 0.478144 -0.119950 0.000000
v 0.700887 -0.116275 0.100698
v 0.720917 -0.116275 0.102670
v 0.476345 -0.119950 -0.018271
v 0.740947 -0.116275 0.100698
v 1.062433 -0.000000 -0.028064
v 0.957443 -0.000000 -0.133562
v 1.048367 -0.000000 -0.080813
v 1.009938 -0.000000 -0.119428
v 1.062433 -0.005475 -0.027525
v 0.957443 -0.026057 -0.130996
v 1.048367 -0.015766 -0.079260
v 1.009938 -0.023299 -0.117133
v 1.062433 -0.010740 -0.025928
v 0.957443 -0.051112 -0.123395
v 1.048367 -0.030926 -0.074662
v 1.009938 -0.045703 -0.110337
v 1.062433 -0.015592 -0.023334
v 0.957443 -0.074203 -0.111053
v 1.048367 -0.044897 -0.067194
v 1.009938 -0.066351 -0.099301
v 1.062433 -0.019844 -0.019844
v 0.957443 -0.094443 -0.094443
v 1.048367 -0.057144 -0.057144
v 1.009938 -0.084448 -0.084448
v 1.062433 -0.023335 -0.015592
v 0.957443 -0.111053 -0.074203
v 1.048367 -0.067194 -0.044897
v 1.009938 -0.099301 -0.066351
v 1.062433 -0.025928 -0.010740
v 0.957443 -0.123395 -0.051112
v 1.048367 -0.074662 -0.030926
v 1.009938 -0.110337 -0.045703
v 1.062433 -0.027525 -0.005475
v 0.957443 -0.130996 -0.026057
v 1.048367 -0.079260 -0.015766
v 1.009938 -0.117133 -0.023299
v 1.062433 -0.028064 0.000000
v 0.957443 -0.133562 -0.000000
v 1.048367 -0.080813 0.000000
v 1.009938 -0.119428 0.000000
v 1.062433 -0.027525 0.005475
v 0.957443 -0.130996 0.026057
v 1.048367 -0.079260 0.015766
v 1.009938 -0.117133 0.023299
v 1.062433 -0.025928 0.010740
v 0.957443 -0.123395 0.051112
v 1.048367 -0.074662 0.030926
v 1.009938 -0.110337 0.045703
v 1.062433 -0.023335 0.015592
v 0.957443 -0.111053 0.074203
v 1.048367 -0.067194 0.044897
v 1.009938 -0.099301 0.066351
v 1.062433 -0.019844 0.019844
v 0.957443 -0.094443 0.094443
v 1.048367 -0.057144 0.057144
v 1.009938 -0.084448 0.084448
v 1.062433 -0.015592 0.023334
v 0.957443 -0.074203 0.111053
v 1.048367 -0.044897 0.067194
v 1.009938 -0.066351 0.099301
v 1.062433 -0.010740 0.025928
v 0.957443 -0.051112 0.123395
v 1.048367 -0.030926 0.074662
v 1.009938 -0.045703 0.110337
v 1.062433 -0.005475 0.027525
v 0.957443 -0.026057 0.130996
v 1.048367 -0.015766 0.079260
v 1.009938 -0.023299 0.117133
v 1.062433 -0.000000 0.028064
v 0.957443 -0.000000 0.133562
v 1.048367 -0.000000 0.080813
v 1.009938 -0.000000 0.119428
v 1.062433 0.005475 0.027525
v 0.957443 0.026057 0.130996
v 1.048367 0.015766 0.079260
v 1.009938 0.023299 0.117133
v 1.062433 0.010740 0.025928
v 0.957443 0.051112 0.123395
v 1.048367 0.030926 0.074662
v 1.009938 0.045703 0.110337
v 1.062433 0.015592 0.023334
v 0.957443 0.074203 0.111053
v 1.048367 0.044897 0.067194
v 1.009938 0.066351 0.099301
v 1.062433 0.019844 0.019844
v 0.957443 0.094443 0.094443
v 1.048367 0.057143 0.057144
v 1.009938 0.084448 0.084448
v 1.062433 0.023334 0.015592
v 0.957443 0.111053 0.074203
v 1.048367 0.067194 0.044897
v 1.009938 0.099301 0.066351
v 1.062433 0.025928 0.010740
v 0.957443 0.123395 0.051112
v 1.048367 0.074662 0.030926
v 1.009938 0.110337 0.045703
v 1.062433 0.027525 0.005475
v 0.957443 0.130996 0.026057
v 1.048367 0.079260 0.015766
v 1.009938 0.117133 0.023299
v 1.062433 0.028064 0.000000
v 0.957443 0.133562 -0.000000
v 1.048367 0.080813 0.000000
v 1.009938 0.119428 0.000000
v 1.062433 0.027525 -0.005475
v 0.957443 0.130996 -0.026057
v 1.048367 0.079260 -0.015766
v 1.009938 0.117133 -0.023299
v 1.062433 0.025928 -0.010740
v 0.957443 0.123395 -0.051112
v 1.048367 0.074662 -0.030926
v 1.009938 0.110337 -0.045703
v 1.062433 0.023334 -0.015592
v 0.957443 0.111053 -0.074203
v 1.048367 0.067194 -0.044897
v 1.009938 0.099301 -0.066351
v 1.062433 0.019844 -0.019844
v 0.957443 0.094443 -0.094443
v 1.048367 0.057143 -0.057144
v 1.009938 0.084448 -0.084448
v 1.062433 0.015592 -0.023334
v 0.957443 0.074203 -0.111053
v 1.048367 0.044897 -0.067194
v 1.009938 0.066351 -0.099301
v 1.062433 0.010740 -0.025928
v 0.957443 0.051112 -0.123395
v 1.048367 0.030926 -0.074662
v 1.009938 0.045703 -0.110337
v 1.062433 0.005475 -0.027525
v 0.957443 0.026057 -0.130996
v 1.048367 0.015766 -0.079260
v 1.009938 0.023299 -0.117133
v -0.889472 -0.000000 -0.000000
v -0.907034 -0.000000 0.065542
v -0.955014 -0.000000 0.113523
v -1.020556 -0.000000 0.131085
v -1.086098 -0.000000 0.113523
v -1.134079 -0.000000 0.065542
v -1.151641 -0.000000 -0.000000
v -1.134079 -0.000000 -0.065542
v -1.086098 -0.000000 -0.113523
v -1.020556 -0.000000 -0.131085
v -0.955014 -0.000000 -0.113523
v -0.907034 -0.000000 -0.065542
v -0.895079 0.085550 -0.000000
v -0.912490 0.083258 0.065542
v -0.960060 0.076995 0.113523
v -1.025042 0.068440 0.131085
v -1.090023 0.059885 0.113523
v -1.137593 0.053622 0.065542
v -1.155005 0.051330 -0.000000
v -1.137593 0.053622 -0.065542
v -1.090023 0.059885 -0.113523
v -1.025042 0.068440 -0.131085
v -0.960060 0.076995 -0.113523
v -0.912490 0.083258 -0.065542
v -0.911805 0.169636 -0.000000
v -0.928768 0.165091 0.065542
v -0.975114 0.152672 0.113523
v -1.038422 0.135709 0.131085
v -1.101732 0.118745 0.113523
v -1.148077 0.106327 0.065542
v -1.165040 0.101782 -0.000000
v -1.148077 0.106327 -0.065542
v -1.101732 0.118745 -0.113523
v -1.038422 0.135709 -0.131085
v -0.975114 0.152672 -0.113523
v -0.928768 0.165091 -0.065542
v -0.939363 0.250819 -0.000000
v -0.955588 0.244099 0.065542
v -0.999916 0.225738 0.113523
v -1.060469 0.200656 0.131085
v -1.121022 0.175574 0.113523
v -1.165350 0.157212 0.065542
v -1.181575 0.150492 -0.000000
v -1.165350 0.157212 -0.065542
v -1.121022 0.175574 -0.113523
v -1.060469 0.200656 -0.131085
v -0.999916 0.225738 -0.113523
v -0.955588 0.244099 -0.065542
v -0.977282 0.327712 -0.000000
v -0.992491 0.318931 0.065542
v -1.034043 0.294941 0.113523
v -1.090804 0.262169 0.131085
v -1.147565 0.229398 0.113523
v -1.189118 0.205408 0.065542
v -1.204327 0.196627 -0.000000
v -1.189118 0.205408 -0.065542
v -1.147565 0.229398 -0.113523
v -1.090804 0.262169 -0.131085
v -1.034043 0.294941 -0.113523
v -0.992491 0.318931 -0.065542
v -1.024912 0.398996 -0.000000
v -1.038845 0.388305 0.065542
v -1.076911 0.359097 0.113523
v -1.128909 0.319197 0.131085
v -1.180907 0.279297 0.113523
v -1.218972 0.250089 0.065542
v -1.232905 0.239398 -0.000000
v -1.218972 0.250089 -0.065542
v -1.180907 0.279297 -0.113523
v -1.128909 0.319197 -0.131085
v -1.076911 0.359097 -0.113523
v -1.038845 0.388305 -0.065542
v -1.081441 0.463454 -0.000000
v -1.093859 0.451036 0.065542
v -1.127786 0.417109 0.113523
v -1.174131 0.370763 0.131085
v -1.220477 0.324418 0.113523
v -1.254404 0.290491 0.065542
v -1.266822 0.278072 -0.000000
v -1.254404 0.290491 -0.065542
v -1.220477 0.324418 -0.113523
v -1.174131 0.370763 -0.131085
v -1.127786 0.417109 -0.113523
v -1.093859 0.451036 -0.065542
v -1.145898 0.519982 -0.000000
v -1.156589 0.506049 0.065542
v -1.185798 0.467984 0.113523
v -1.225698 0.415986 0.131085
v -1.265597 0.363987 0.113523
v -1.294806 0.325922 0.065542
v -1.305497 0.311989 -0.000000
v -1.294806 0.325922 -0.065542
v -1.265597 0.363987 -0.113523
v -1.225698 0.415986 -0.131085
v -1.185798 0.467984 -0.113523
v -1.156589 0.506049 -0.065542
v -1.217183 0.567613 -0.000000
v -1.225964 0.552404 0.065542
v -1.249954 0.510852 0.113523
v -1.282725 0.454091 0.131085
v -1.315497 0.397329 0.113523
v -1.339487 0.355777 0.065542
v -1.348268 0.340568 -0.000000
v -1.339487 0.355777 -0.065542
v -1.315497 0.397329 -0.113523
v -1.282725 0.454091 -0.131085
v -1.249954 0.510852 -0.113523
v -1.225964 0.552404 -0.065542
v -1.294075 0.605532 -0.000000
v -1.300796 0.589307 0.065542
v -1.319157 0.544979 0.113523
v -1.344239 0.484426 0.131085
v -1.369321 0.423872 0.113523
v -1.387682 0.379544 0.065542
v -1.394403 0.363319 -0.000000
v -1.387682 0.379544 -0.065542
v -1.369321 0.423872 -0.113523
v -1.344239 0.484426 -0.131085
v -1.319157 0.544979 -0.113523
v -1.300796 0.589307 -0.065542
v -1.375259 0.633090 -0.000000
v -1.379804 0.616127 0.065542
v -1.392222 0.569781 0.113523
v -1.409186 0.506472 0.131085
v -1.426149 0.443163 0.113523
v -1.438568 0.396818 0.065542
v -1.443113 0.379854 -0.000000
v -1.438568 0.396818 -0.065542
v -1.426149 0.443163 -0.113523
v -1.409186 0.506472 -0.131085
v -1.392222 0.569781 -0.113523
v -1.379804 0.616127 -0.065542
v -1.459345 0.649816 -0.000000
v -1.461637 0.632404 0.065542
v -1.467900 0.584834 0.113523
v -1.476455 0.519853 0.131085
v -1.485010 0.454871 0.113523
v -1.491272 0.407301 0.065542
v -1.493565 0.389890 -0.000000
v -1.491272 0.407301 -0.065542
v -1.485010 0.454871 -0.113523
v -1.476455 0.519853 -0.131085
v -1.467900 0.584834 -0.113523
v -1.461637 0.632404 -0.065542
v -1.544894 0.655423 -0.000000
v -1.544894 0.637861 0.065542
v -1.544894 0.589881 0.113523
v -1.544894 0.524338 0.131085
v -1.544895 0.458796 0.113523
v -1.544895 0.410816 0.065542
v -1.544895 0.393254 -0.000000
v -1.544894 0.410816 -0.065542
v -1.544894 0.458796 -0.113523
v -1.544894 0.524338 -0.131085
v -1.544894 0.589881 -0.113523
v -1.544894 0.637861 -0.065542
v -1.630445 0.649816 -0.000000
v -1.628152 0.632404 0.065542
v -1.621890 0.584834 0.113523
v -1.613335 0.519853 0.131085
v -1.604780 0.454871 0.113523
v -1.598517 0.407301 0.065542
v -1.596225 0.389890 -0.000000
v -1.598517 0.407301 -0.065542
v -1.604780 0.454871 -0.113523
v -1.613335 0.519853 -0.131085
v -1.621890 0.584834 -0.113523
v -1.628152 0.632404 -0.065542
v -1.714531 0.633090 -0.000000
v -1.709985 0.616127 0.065542
v -1.697567 0.569781 0.113523
v -1.680603 0.506472 0.131085
v -1.663640 0.443163 0.113523
v -1.651222 0.396818 0.065542
v -1.646676 0.379854 -0.000000
v -1.651222 0.396818 -0.065542
v -1.663640 0.443163 -0.113523
v -1.680603 0.506472 -0.131085
v -1.697567 0.569781 -0.113523
v -1.709985 0.616127 -0.065542
v -1.795714 0.605532 -0.000000
v -1.788994 0.589307 0.065542
v -1.770633 0.544979 0.113523
v -1.745551 0.484426 0.131085
v -1.720469 0.423872 0.113523
v -1.702107 0.379544 0.065542
v -1.695386 0.363319 -0.000000
v -1.702107 0.379544 -0.065542
v -1.720469 0.423873 -0.113523
v -1.745551 0.484426 -0.131085
v -1.770633 0.544979 -0.113523
v -1.788994 0.589307 -0.065542
v -1.872606 0.567613 -0.000000
v -1.863825 0.552404 0.065542
v -1.839835 0.510852 0.113523
v -1.807064 0.454091 0.131085
v -1.774293 0.397329 0.113523
v -1.750303 0.355777 0.065542
v -1.741522 0.340568 -0.000000
v -1.750303 0.355777 -0.065542
v -1.774293 0.397329 -0.113523
v -1.807064 0.454091 -0.131085
v -1.839835 0.510852 -0.113523
v -1.863825 0.552404 -0.065542
v -1.943891 0.519982 -0.000000
v -1.933200 0.506049 0.065542
v -1.903991 0.467984 0.113523
v -1.864092 0.415986 0.131085
v -1.824192 0.363988 0.113523
v -1.794984 0.325922 0.065542
v -1.784293 0.311989 -0.000000
v -1.794984 0.325922 -0.065542
v -1.824192 0.363988 -0.113523
v -1.864092 0.415986 -0.131085
v -1.903991 0.467984 -0.113523
v -1.933200 0.506049 -0.065542
v -2.008349 0.463454 -0.000000
v -1.995931 0.451036 0.065542
v -1.962003 0.417109 0.113523
v -1.915658 0.370763 0.131085
v -1.869313 0.324418 0.113523
v -1.835386 0.290491 0.065542
v -1.822967 0.278072 -0.000000
v -1.835386 0.290491 -0.065542
v -1.869313 0.324418 -0.113523
v -1.915658 0.370763 -0.131085
v -1.962003 0.417109 -0.113523
v -1.995931 0.451036 -0.065542
v -2.064877 0.398996 -0.000000
v -2.050944 0.388305 0.065542
v -2.012879 0.359097 0.113523
v -1.960880 0.319197 0.131085
v -1.908882 0.279297 0.113523
v -1.870817 0.250089 0.065542
v -1.856884 0.239398 -0.000000
v -1.870817 0.250089 -0.065542
v -1.908882 0.279297 -0.113523
v -1.960880 0.319197 -0.131085
v -2.012879 0.359097 -0.113523
v -2.050944 0.388305 -0.065542
v -2.112508 0.327712 -0.000000
v -2.097299 0.318931 0.065542
v -2.055747 0.294941 0.113523
v -1.998985 0.262169 0.131085
v -1.942224 0.229398 0.113523
v -1.900672 0.205408 0.065542
v -1.885462 0.196627 -0.000000
v -1.900672 0.205408 -0.065542
v -1.942224 0.229398 -0.113523
v -1.998985 0.262169 -0.131085
v -2.055747 0.294941 -0.113523
v -2.097299 0.318931 -0.065542
v -2.150427 0.250820 -0.000000
v -2.134202 0.244099 0.065542
v -2.089874 0.225738 0.113523
v -2.029320 0.200656 0.131085
v -1.968767 0.175574 0.113523
v -1.924439 0.157212 0.065542
v -1.908214 0.150492 -0.000000
v -1.924439 0.157212 -0.065542
v -1.968767 0.175574 -0.113523
v -2.029320 0.200656 -0.131085
v -2.089874 0.225738 -0.113523
v -2.134202 0.244099 -0.065542
v -2.177985 0.169636 -0.000000
v -2.161021 0.165090 0.065542
v -2.114676 0.152672 0.113523
v -2.051367 0.135709 0.131085
v -1.988058 0.118745 0.113523
v -1.941712 0.106327 0.065542
v -1.924749 0.101782 -0.000000
v -1.941712 0.106327 -0.065542
v -1.988058 0.118745 -0.113523
v -2.051367 0.135709 -0.131085
v -2.114676 0.152672 -0.113523
v -2.161021 0.165090 -0.065542
v -2.194711 0.085550 -0.000000
v -2.177299 0.083258 0.065542
v -2.129729 0.076995 0.113523
v -2.064748 0.068440 0.131085
v -1.999766 0.059885 0.113523
v -1.952196 0.053622 0.065542
v -1.934784 0.051330 -0.000000
v -1.952196 0.053622 -0.065542
v -1.999766 0.059885 -0.113523
v -2.064748 0.068440 -0.131085
v -2.129729 0.076995 -0.113523
v -2.177299 0.083258 -0.065542
v -2.200318 -0.000000 -0.000000
v -2.182756 0.000000 0.065542
v -2.134775 0.000000 0.113523
v -2.069233 -0.000000 0.131085
v -2.003691 -0.000000 0.113523
v -1.955711 -0.000000 0.065542
v -1.938148 -0.000000 -0.000000
v -1.955711 -0.000000 -0.065542
v -2.003691 -0.000000 -0.113523
v -2.069233 -0.000000 -0.131085
v -2.134775 -0.000000 -0.113523
v -2.182756 -0.000000 -0.065542
v -2.194711 -0.085550 -0.000000
v -2.177299 -0.083258 0.065542
v -2.129729 -0.076995 0.113523
v -2.064748 -0.068440 0.131085
v -1.999766 -0.059885 0.113523
v -1.952196 -0.053622 0.065542
v -1.934784 -0.051330 -0.000000
v -1.952196 -0.053622 -0.065542
v -1.999766 -0.059885 -0.113523
v -2.064748 -0.068440 -0.131085
v -2.129729 -0.076995 -0.113523
v -2.177299 -0.083258 -0.065542
v -2.177985 -0.169636 -0.000000
v -2.161021 -0.165091 0.065542
v -2.114676 -0.152672 0.113523
v -2.051367 -0.135709 0.131085
v -1.988058 -0.118745 0.113523
v -1.941712 -0.106327 0.065542
v -1.924749 -0.101782 -0.000000
v -1.941712 -0.106327 -0.065542
v -1.988058 -0.118745 -0.113523
v -2.051367 -0.135709 -0.131085
v -2.114676 -0.152672 -0.113523
v -2.161021 -0.165091 -0.065542
v -2.150427 -0.250819 -0.000000
v -2.134202 -0.244099 0.065542
v -2.089874 -0.225737 0.113523
v -2.029320 -0.200656 0.131085
v -1.968767 -0.175574 0.113523
v -1.924439 -0.157212 0.065542
v -1.908214 -0.150492 -0.000000
v -1.924439 -0.157212 -0.065542
v -1.968767 -0.175574 -0.113523
v -2.029320 -0.200656 -0.131085
v -2.089874 -0.225738 -0.113523
v -2.134202 -0.244099 -0.065542
v -2.112508 -0.327712 -0.000000
v -2.097299 -0.318931 0.065542
v -2.055747 -0.294940 0.113523
v -1.998985 -0.262169 0.131085
v -1.942224 -0.229398 0.113523
v -1.900672 -0.205408 0.065542
v -1.885463 -0.196627 -0.000000
v -1.900672 -0.205408 -0.065542
v -1.942224 -0.229398 -0.113523
v -1.998985 -0.262169 -0.131085
v -2.055747 -0.294940 -0.113523
v -2.097299 -0.318931 -0.065542
v -2.064877 -0.398996 -0.000000
v -2.050944 -0.388305 0.065542
v -2.012879 -0.359097 0.113523
v -1.960880 -0.319197 0.131085
v -1.908882 -0.279298 0.113523
v -1.870817 -0.250089 0.065542
v -1.856884 -0.239398 -0.000000
v -1.870817 -0.250089 -0.065542
v -1.908882 -0.279298 -0.113523
v -1.960880 -0.319197 -0.131085
v -2.012879 -0.359097 -0.113523
v -2.050944 -0.388305 -0.065542
v -2.008349 -0.463454 -0.000000
v -1.995931 -0.451036 0.065542
v -1.962003 -0.417109 0.113523
v -1.915658 -0.370763 0.131085
v -1.869313 -0.324418 0.113523
v -1.835386 -0.290491 0.065542
v -1.822967 -0.278072 -0.000000
v -1.835386 -0.290491 -0.065542
v -1.869313 -0.324418 -0.113523
v -1.915658 -0.370763 -0.131085
v -1.962003 -0.417109 -0.113523
v -1.995931 -0.451036 -0.065542
v -1.943891 -0.519982 -0.000000
v -1.933200 -0.506049 0.065542
v -1.903992 -0.467984 0.113523
v -1.864092 -0.415986 0.131085
v -1.824192 -0.363987 0.113523
v -1.794984 -0.325922 0.065542
v -1.784293 -0.311989 -0.000000
v -1.794984 -0.325922 -0.065542
v -1.824192 -0.363987 -0.113523
v -1.864092 -0.415986 -0.131085
v -1.903992 -0.467984 -0.113523
v -1.933200 -0.506049 -0.065542
v -1.872606 -0.567613 -0.000000
v -1.863825 -0.552404 0.065542
v -1.839835 -0.510852 0.113523
v -1.807064 -0.454091 0.131085
v -1.774293 -0.397329 0.113523
v -1.750303 -0.355777 0.065542
v -1.741522 -0.340568 -0.000000
v -1.750303 -0.355777 -0.065542
v -1.774293 -0.397329 -0.113523
v -1.807064 -0.454091 -0.131085
v -1.839835 -0.510852 -0.113523
v -1.863825 -0.552404 -0.065542
v -1.795714 -0.605532 -0.000000
v -1.788994 -0.589307 0.065542
v -1.770633 -0.544979 0.113523
v -1.745551 -0.484426 0.131085
v -1.720469 -0.423872 0.113523
v -1.702107 -0.379544 0.065542
v -1.695386 -0.363319 -0.000000
v -1.702107 -0.379544 -0.065542
v -1.720469 -0.423872 -0.113523
v -1.745551 -0.484426 -0.131085
v -1.770633 -0.544979 -0.113523
v -1.788994 -0.589307 -0.065542
v -1.714531 -0.633090 -0.000000
v -1.709985 -0.616127 0.065542
v -1.697567 -0.569781 0.113523
v -1.680604 -0.506472 0.131085
v -1.663640 -0.443163 0.113523
v -1.651222 -0.396818 0.065542
v -1.646676 -0.379854 -0.000000
v -1.651222 -0.396818 -0.065542
v -1.663640 -0.443163 -0.113523
v -1.680604 -0.506472 -0.131085
v -1.697567 -0.569781 -0.113523
v -1.709985 -0.616127 -0.065542
v -1.630445 -0.649816 -0.000000
v -1.628153 -0.632404 0.065542
v -1.621890 -0.584834 0.113523
v -1.613335 -0.519853 0.131085
v -1.604780 -0.454871 0.113523
v -1.598517 -0.407301 0.065542
v -1.596225 -0.389890 -0.000000
v -1.598517 -0.407301 -0.065542
v -1.604780 -0.454871 -0.113523
v -1.613335 -0.519853 -0.131085
v -1.621890 -0.584834 -0.113523
v -1.628153 -0.632404 -0.065542
v -1.544894 -0.655423 -0.000000
v -1.544894 -0.637861 0.065542
v -1.544894 -0.589881 0.113523
v -1.544894 -0.524339 0.131085
v -1.544895 -0.458796 0.113523
v -1.544895 -0.410816 0.065542
v -1.544895 -0.393254 -0.000000
v -1.544894 -0.410816 -0.065542
v -1.544894 -0.458796 -0.113523
v -1.544894 -0.524339 -0.131085
v -1.544894 -0.589881 -0.113523
v -1.544894 -0.637861 -0.065542
v -1.459345 -0.649816 -0.000000
v -1.461637 -0.632404 0.065542
v -1.467900 -0.584834 0.113523
v -1.476455 -0.519853 0.131085
v -1.485010 -0.454871 0.113523
v -1.491272 -0.407301 0.065542
v -1.493565 -0.389890 -0.000000
v -1.491272 -0.407301 -0.065542
v -1.485010 -0.454871 -0.113523
v -1.476455 -0.519853 -0.131085
v -1.467900 -0.584834 -0.113523
v -1.461637 -0.632404 -0.065542
v -1.375259 -0.633090 -0.000000
v -1.379804 -0.616127 0.065542
v -1.392222 -0.569781 0.113523
v -1.409186 -0.506472 0.131085
v -1.426150 -0.443163 0.113523
v -1.438568 -0.396818 0.065542
v -1.443113 -0.379854 -0.000000
v -1.438568 -0.396818 -0.065542
v -1.426150 -0.443163 -0.113523
v -1.409186 -0.506472 -0.131085
v -1.392222 -0.569781 -0.113523
v -1.379804 -0.616127 -0.065542
v -1.294075 -0.605532 -0.000000
v -1.300796 -0.589307 0.065542
v -1.319157 -0.544979 0.113523
v -1.344239 -0.484426 0.131085
v -1.369321 -0.423872 0.113523
v -1.387682 -0.379544 0.065542
v -1.394403 -0.363319 -0.000000
v -1.387682 -0.379544 -0.065542
v -1.369321 -0.423872 -0.113523
v -1.344239 -0.484426 -0.131085
v -1.319157 -0.544979 -0.113523
v -1.300796 -0.589307 -0.065542
v -1.217183 -0.567613 -0.000000
v -1.225964 -0.552404 0.065542
v -1.249954 -0.510852 0.113523
v -1.282725 -0.454091 0.131085
v -1.315497 -0.397329 0.113523
v -1.339487 -0.355777 0.065542
v -1.348268 -0.340568 -0.000000
v -1.339487 -0.355777 -0.065542
v -1.315497 -0.397329 -0.113523
v -1.282725 -0.454091 -0.131085
v -1.249954 -0.510852 -0.113523
v -1.225964 -0.552404 -0.065542
v -1.145898 -0.519982 -0.000000
v -1.156590 -0.506049 0.065542
v -1.185798 -0.467984 0.113523
v -1.225698 -0.415986 0.131085
v -1.265597 -0.363988 0.113523
v -1.294806 -0.325922 0.065542
v -1.305497 -0.311989 -0.000000
v -1.294806 -0.325922 -0.065542
v -1.265597 -0.363988 -0.113523
v -1.225698 -0.415986 -0.131085
v -1.185798 -0.467984 -0.113523
v -1.156590 -0.506049 -0.065542
v -1.081441 -0.463454 -0.000000
v -1.093859 -0.451036 0.065542
v -1.127786 -0.417109 0.113523
v -1.174132 -0.370764 0.131085
v -1.220477 -0.324418 0.113523
v -1.254404 -0.290491 0.065542
v -1.266822 -0.278073 -0.000000
v -1.254404 -0.290491 -0.065542
v -1.220477 -0.324418 -0.113523
v -1.174132 -0.370764 -0.131085
v -1.127786 -0.417109 -0.113523
v -1.093859 -0.451036 -0.065542
v -1.024912 -0.398996 -0.000000
v -1.038845 -0.388305 0.065542
v -1.076910 -0.359097 0.113523
v -1.128909 -0.319197 0.131085
v -1.180907 -0.279297 0.113523
v -1.218972 -0.250089 0.065542
v -1.232905 -0.239398 -0.000000
v -1.218972 -0.250089 -0.065542
v -1.180907 -0.279297 -0.113523
v -1.128909 -0.319197 -0.131085
v -1.076911 -0.359097 -0.113523
v -1.038845 -0.388305 -0.065542
v -0.977282 -0.327712 -0.000000
v -0.992491 -0.318931 0.065542
v -1.034043 -0.294941 0.113523
v -1.090804 -0.262169 0.131085
v -1.147565 -0.229398 0.113523
v -1.189118 -0.205408 0.065542
v -1.204327 -0.196627 -0.000000
v -1.189118 -0.205408 -0.065542
v -1.147565 -0.229398 -0.113523
v -1.090804 -0.262169 -0.131085
v -1.034043 -0.294941 -0.113523
v -0.992491 -0.318931 -0.065542
v -0.939363 -0.250820 -0.000000
v -0.955588 -0.244099 0.065542
v -0.999916 -0.225738 0.113523
v -1.060469 -0.200656 0.131085
v -1.121022 -0.175574 0.113523
v -1.165350 -0.157213 0.065542
v -1.181576 -0.150492 -0.000000
v -1.165350 -0.157213 -0.065542
v -1.121022 -0.175574 -0.113523
v -1.060469 -0.200656 -0.131085
v -0.999916 -0.225738 -0.113523
v -0.955588 -0.244099 -0.065542
v -0.911804 -0.169636 -0.000000
v -0.928768 -0.165091 0.065542
v -0.975114 -0.152672 0.113523
v -1.038422 -0.135709 0.131085
v -1.101731 -0.118745 0.113523
v -1.148077 -0.106327 0.065542
v -1.165040 -0.101782 -0.000000
v -1.148077 -0.106327 -0.065542
v -1.101731 -0.118745 -0.113523
v -1.038422 -0.135709 -0.131085
v -0.975114 -0.152672 -0.113523
v -0.928768 -0.165091 -0.065542
v -0.895079 -0.085550 -0.000000
v -0.912490 -0.083258 0.065542
v -0.960060 -0.076995 0.113523
v -1.025042 -0.068440 0.131085
v -1.090023 -0.059885 0.113523
v -1.137593 -0.053622 0.065542
v -1.155005 -0.051330 -0.000000
v -1.137593 -0.053622 -0.065542
v -1.090023 -0.059885 -0.113523
v -1.025042 -0.068440 -0.131085
v -0.960060 -0.076995 -0.113523
v -0.912490 -0.083258 -0.065542
v -1.096744 0.000000 -0.016138
v -0.999305 -0.000000 -0.114048
v 0.760208 -0.116275 0.094855
v -0.999305 -0.022250 -0.111857
v -1.096744 -0.003148 -0.015827
v 0.471015 -0.119950 -0.035840
v -0.999305 -0.043644 -0.105367
v -1.096744 -0.006176 -0.014909
v 0.777958 -0.116275 0.085367
v -0.999305 -0.063362 -0.094828
v -1.096744 -0.008966 -0.013418
v -0.999305 -0.080644 -0.080644
v -1.096744 -0.011411 -0.011411
v 0.793516 -0.116275 0.072599
v -0.999305 -0.094828 -0.063362
v -1.096744 -0.013418 -0.008965
v 0.462361 -0.119950 -0.052032
v -0.999305 -0.105367 -0.043644
v -1.096744 -0.014909 -0.006176
v 0.806285 -0.116275 0.057041
v -0.999305 -0.111857 -0.022250
v -1.096744 -0.015827 -0.003148
v -0.999305 -0.114048 -0.000000
v -1.096744 -0.016138 -0.000000
v 0.815772 -0.116275 0.039290
v -0.999305 -0.111857 0.022250
v -1.096744 -0.015827 0.003148
v 0.450713 -0.119950 -0.066224
v -0.999305 -0.105367 0.043644
v -1.096744 -0.014909 0.006176
v 0.821615 -0.116275 0.020030
v -0.999305 -0.094828 0.063362
v -1.096744 -0.013418 0.008965
v -0.999305 -0.080644 0.080644
v -1.096744 -0.011411 0.011411
v 0.823588 -0.116275 0.000000
v -0.999305 -0.063362 0.094828
v -1.096744 -0.008966 0.013418
v 0.436521 -0.119950 -0.077871
v -0.999305 -0.043644 0.105367
v -1.096744 -0.006176 0.014909
v 0.821615 -0.116275 -0.020030
v -0.999305 -0.022250 0.111857
v -1.096744 -0.003148 0.015827
v -0.999305 -0.000000 0.114048
v -1.096744 0.000000 0.016138
v 0.815772 -0.116275 -0.039290
v -0.999305 0.022250 0.111857
v -1.096744 0.003148 0.015827
v 0.420330 -0.119950 -0.086526
v -0.999305 0.043644 0.105367
v -1.096744 0.006176 0.014909
v 0.806285 -0.116275 -0.057041
v -0.999305 0.063362 0.094828
v -1.096744 0.008966 0.013418
v -0.999305 0.080644 0.080644
v -1.096744 0.011411 0.011411
v 0.793516 -0.116275 -0.072599
v -0.999305 0.094828 0.063362
v -1.096744 0.013418 0.008965
v 0.402760 -0.119950 -0.091856
v -0.999305 0.105367 0.043644
v -1.096744 0.014909 0.006176
v 0.777958 -0.116275 -0.085367
v -0.999305 0.111857 0.022250
v -1.096744 0.015827 0.003148
v -0.999305 0.114048 -0.000000
v -1.096744 0.016137 -0.000000
v 0.760208 -0.116275 -0.094855
v -0.999305 0.111857 -0.022250
v -1.096744 0.015827 -0.003148
v 0.384489 -0.119950 -0.093655
v -0.999305 0.105367 -0.043644
v -1.096744 0.014909 -0.006176
v 0.740947 -0.116275 -0.100698
v -0.999305 0.094828 -0.063362
v -1.096744 0.013418 -0.008965
v -0.999305 0.080644 -0.080644
v -1.096744 0.011411 -0.011411
v 0.720917 -0.116275 -0.102670
v -0.999305 0.063362 -0.094828
v -1.096744 0.008966 -0.013418
v -0.999305 0.043644 -0.105367
v -1.096744 0.006176 -0.014909
v -0.999305 0.022250 -0.111857
v -1.096744 0.003148 -0.015827
v 0.700887 -0.116275 -0.100698
v 0.705440 -0.443122 -0.037365
v 0.681627 -0.381196 -0.094855
v 0.688602 -0.424984 -0.078017
v 0.663877 -0.381196 -0.085367
v 0.698448 -0.443122 -0.033628
v 0.674002 -0.424984 -0.070213
v 0.692319 -0.443122 -0.028598
v 0.648318 -0.381196 -0.072599
v 0.661206 -0.424984 -0.059711
v 0.635550 -0.381196 -0.057041
v 0.687289 -0.443122 -0.022469
v 0.650704 -0.424984 -0.046915
v 0.683552 -0.443122 -0.015477
v 0.626062 -0.381196 -0.039290
v 0.642901 -0.424984 -0.032316
v 0.620220 -0.381196 -0.020030
v 0.681250 -0.443122 -0.007890
v 0.638095 -0.424984 -0.016474
v 0.680473 -0.443122 0.000000
v 0.618247 -0.381196 0.000000
v 0.636473 -0.424984 0.000000
v 0.620220 -0.381196 0.020030
v 0.681250 -0.443122 0.007890
v 0.638095 -0.424984 0.016474
v 0.683552 -0.443122 0.015477
v 0.626062 -0.381196 0.039290
v 0.642901 -0.424984 0.032316
v 0.635550 -0.381196 0.057041
v 0.687289 -0.443122 0.022469
v 0.650704 -0.424984 0.046915
v 0.692319 -0.443122 0.028598
v 0.648318 -0.381196 0.072599
v 0.661206 -0.424984 0.059711
v 0.698448 -0.443122 0.033628
v 0.663877 -0.381196 0.085367
v 0.674002 -0.424984 0.070213
v 0.705440 -0.443122 0.037365
v 0.681627 -0.381196 0.094855
v 0.688602 -0.424984 0.078017
v 0.713027 -0.443122 0.039667
v 0.700887 -0.381196 0.100698
v 0.704443 -0.424984 0.082822
v 0.720917 -0.443122 0.040444
v 0.720917 -0.381196 0.102670
v 0.720917 -0.424984 0.084445
v 0.728808 -0.443122 0.039667
v 0.740947 -0.381196 0.100698
v 0.737392 -0.424984 0.082822
v 0.736395 -0.443122 0.037365
v 0.760208 -0.381196 0.094855
v 0.753233 -0.424984 0.078017
v 0.743387 -0.443122 0.033628
v 0.777958 -0.381196 0.085367
v 0.767832 -0.424984 0.070213
v 0.749516 -0.443122 0.028598
v 0.793516 -0.381196 0.072599
v 0.780629 -0.424984 0.059711
v 0.754545 -0.443122 0.022469
v 0.806285 -0.381196 0.057041
v 0.791131 -0.424984 0.046915
v 0.758283 -0.443122 0.015477
v 0.815772 -0.381196 0.039290
v 0.798934 -0.424984 0.032316
v 0.760584 -0.443122 0.007890
v 0.821615 -0.381196 0.020030
v 0.803740 -0.424984 0.016474
v 0.761361 -0.443122 0.000000
v 0.823588 -0.381196 0.000000
v 0.805362 -0.424984 0.000000
v 0.760584 -0.443122 -0.007890
v 0.821615 -0.381196 -0.020030
v 0.803740 -0.424984 -0.016474
v 0.758283 -0.443122 -0.015477
v 0.815772 -0.381196 -0.039290
v 0.798934 -0.424984 -0.032316
v 0.754545 -0.443122 -0.022470
v 0.806285 -0.381196 -0.057041
v 0.791131 -0.424984 -0.046915
v 0.749516 -0.443122 -0.028598
v 0.793516 -0.381196 -0.072599
v 0.780629 -0.424984 -0.059711
v 0.743387 -0.443122 -0.033628
v 0.777958 -0.381196 -0.085367
v 0.767832 -0.424984 -0.070213
v 0.736395 -0.443122 -0.037365
v 0.760208 -0.381196 -0.094855
v 0.753233 -0.424984 -0.078017
v 0.728808 -0.443122 -0.039667
v 0.740947 -0.381196 -0.100698
v 0.737392 -0.424984 -0.082822
v 0.720917 -0.443122 -0.040444
v 0.720917 -0.381196 -0.102670
v 0.720917 -0.424984 -0.084445
v 0.700887 -0.381196 -0.100698
v 0.713027 -0.443122 -0.039667
v 0.704443 -0.424984 -0.082822
v 0.402760 -0.119950 0.091856
v 0.384489 -0.119950 0.093655
v 0.366218 -0.119950 0.091856
v 0.348649 -0.119950 0.086526
v 0.332457 -0.119950 0.077871
v 0.318265 -0.119950 0.066224
v 0.306618 -0.119950 0.052032
v 0.297963 -0.119950 0.035840
v 0.292634 -0.119950 0.018271
v 0.290834 -0.119950 0.000000
v 0.292634 -0.119950 -0.018271
v 0.297963 -0.119950 -0.035840
v 0.306618 -0.119950 -0.052032
v 0.318265 -0.119950 -0.066224
v 0.332457 -0.119950 -0.077871
v 0.348649 -0.119950 -0.086526
v 0.366218 -0.119950 -0.091856
v 0.394377 -0.438352 0.023872
v 0.420330 -0.370862 0.086526
v 0.412728 -0.418585 0.068175
v 0.398845 -0.438352 0.021484
v 0.436521 -0.370862 0.077871
v 0.425486 -0.418585 0.061356
v 0.402760 -0.438352 0.018271
v 0.450713 -0.370862 0.066224
v 0.436668 -0.418585 0.052179
v 0.462361 -0.370862 0.052032
v 0.405974 -0.438352 0.014355
v 0.445845 -0.418585 0.040997
v 0.408361 -0.438352 0.009888
v 0.471015 -0.370862 0.035840
v 0.452664 -0.418585 0.028239
v 0.476345 -0.370862 0.018271
v 0.409832 -0.438352 0.005041
v 0.456864 -0.418585 0.014396
v 0.410328 -0.438352 0.000000
v 0.478144 -0.370862 0.000000
v 0.458281 -0.418585 0.000000
v 0.409832 -0.438352 -0.005041
v 0.476345 -0.370862 -0.018271
v 0.456864 -0.418585 -0.014396
v 0.408361 -0.438352 -0.009888
v 0.471015 -0.370862 -0.035840
v 0.452664 -0.418585 -0.028239
v 0.405974 -0.438352 -0.014355
v 0.462361 -0.370862 -0.052032
v 0.445845 -0.418585 -0.040997
v 0.402760 -0.438352 -0.018271
v 0.450713 -0.370862 -0.066224
v 0.436668 -0.418585 -0.052179
v 0.398845 -0.438352 -0.021484
v 0.436521 -0.370862 -0.077871
v 0.425486 -0.418585 -0.061356
v 0.394377 -0.438352 -0.023872
v 0.420330 -0.370862 -0.086526
v 0.412728 -0.418585 -0.068175
v 0.402760 -0.370862 -0.091856
v 0.389530 -0.438352 -0.025343
v 0.398885 -0.418585 -0.072374
v 0.384489 -0.438352 -0.025839
v 0.384489 -0.370862 -0.093655
v 0.384489 -0.418585 -0.073792
v 0.389530 -0.438352 0.025343
v 0.402760 -0.370862 0.091856
v 0.398885 -0.418585 0.072374
v 0.384489 -0.438352 0.025839
v 0.384489 -0.370862 0.093655
v 0.384489 -0.418585 0.073792
v 0.379448 -0.438352 0.025343
v 0.366218 -0.370862 0.091856
v 0.370093 -0.418585 0.072374
v 0.374601 -0.438352 0.023872
v 0.348649 -0.370862 0.086526
v 0.356250 -0.418585 0.068175
v 0.370134 -0.438352 0.021484
v 0.332457 -0.370862 0.077871
v 0.343492 -0.418585 0.061356
v 0.366218 -0.438352 0.018271
v 0.318265 -0.370862 0.066224
v 0.332310 -0.418585 0.052179
v 0.363005 -0.438352 0.014355
v 0.306618 -0.370862 0.052032
v 0.323133 -0.418585 0.040997
v 0.360617 -0.438352 0.009888
v 0.297963 -0.370862 0.035840
v 0.316314 -0.418585 0.028239
v 0.359147 -0.438352 0.005041
v 0.292634 -0.370862 0.018271
v 0.312115 -0.418585 0.014396
v 0.358650 -0.438352 0.000000
v 0.290834 -0.370862 0.000000
v 0.310697 -0.418585 0.000000
v 0.359147 -0.438352 -0.005041
v 0.292634 -0.370862 -0.018271
v 0.312115 -0.418585 -0.014396
v 0.360617 -0.438352 -0.009888
v 0.297963 -0.370862 -0.035840
v 0.316314 -0.418585 -0.028239
v 0.363005 -0.438352 -0.014355
v 0.306618 -0.370862 -0.052032
v 0.323133 -0.418585 -0.040997
v 0.366218 -0.438352 -0.018271
v 0.318265 -0.370862 -0.066224
v 0.332310 -0.418585 -0.052179
v 0.370134 -0.438352 -0.021484
v 0.332457 -0.370862 -0.077871
v 0.343492 -0.418585 -0.061356
v 0.374601 -0.438352 -0.023872
v 0.348649 -0.370862 -0.086526
v 0.356250 -0.418585 -0.068175
v 0.379448 -0.438352 -0.025343
v 0.366218 -0.370862 -0.091856
v 0.370093 -0.418585 -0.072374
vn -0.2785 0.6857 -0.6725
vn 0.2785 0.6857 0.6725
vn -0.4044 0.6857 -0.6052
vn -0.5147 0.6857 -0.5147
vn 0.4044 0.6857 0.6052
vn -0.6052 0.6857 -0.4044
vn -0.6725 0.6857 -0.2785
vn 0.5147 0.6857 0.5147
vn -0.7139 0.6857 -0.1420
vn -0.7279 0.6857 -0.0000
vn 0.6052 0.6857 0.4044
vn -0.7139 0.6857 0.1420
vn -0.6725 0.6857 0.2785
vn 0.6725 0.6857 0.2785
vn -0.6052 0.6857 0.4044
vn -0.5147 0.6857 0.5147
vn 0.7139 0.6857 0.1420
vn -0.4044 0.6857 0.6052
vn -0.2785 0.6857 0.6725
vn 0.7279 0.6857 -0.0000
vn -0.1420 0.6857 0.7139
vn -0.0000 0.6857 0.7279
vn 0.7139 0.6857 -0.1420
vn 0.1420 0.6857 0.7139
vn 0.9904 -0.0000 -0.1379
vn 0.1251 -0.0000 -0.9921
vn 0.8600 -0.0000 -0.5104
vn 0.4947 -0.0000 -0.8691
vn 0.9904 -0.0269 -0.1352
vn 0.1251 -0.1936 -0.9731
vn 0.8600 -0.0996 -0.5006
vn 0.4947 -0.1695 -0.8524
vn 0.9904 -0.0528 -0.1274
vn 0.1251 -0.3797 -0.9166
vn 0.8600 -0.1953 -0.4715
vn 0.4947 -0.3326 -0.8029
vn 0.9904 -0.0766 -0.1147
vn 0.1251 -0.5512 -0.8249
vn 0.8600 -0.2835 -0.4243
vn 0.4947 -0.4828 -0.7226
vn 0.9904 -0.0975 -0.0975
vn 0.1251 -0.7015 -0.7015
vn 0.8600 -0.3609 -0.3609
vn 0.4947 -0.6145 -0.6145
vn 0.9904 -0.1147 -0.0766
vn 0.1251 -0.8249 -0.5512
vn 0.8600 -0.4243 -0.2835
vn 0.4947 -0.7226 -0.4828
vn 0.9904 -0.1274 -0.0528
vn 0.1251 -0.9166 -0.3797
vn 0.8600 -0.4715 -0.1953
vn 0.4947 -0.8029 -0.3326
vn 0.9904 -0.1352 -0.0269
vn 0.1251 -0.9731 -0.1936
vn 0.8600 -0.5006 -0.0996
vn 0.4947 -0.8524 -0.1695
vn 0.9904 -0.1379 -0.0000
vn 0.1251 -0.9921 -0.0000
vn 0.8600 -0.5104 -0.0000
vn 0.4947 -0.8691 -0.0000
vn 0.9904 -0.1352 0.0269
vn 0.1251 -0.9731 0.1936
vn 0.8600 -0.5006 0.0996
vn 0.4947 -0.8524 0.1695
vn 0.9904 -0.1274 0.0528
vn 0.1251 -0.9166 0.3797
vn 0.8600 -0.4715 0.1953
vn 0.4947 -0.8029 0.3326
vn 0.9904 -0.1147 0.0766
vn 0.1251 -0.8249 0.5512
vn 0.8600 -0.4243 0.2835
vn 0.4947 -0.7226 0.4828
vn 0.9904 -0.0975 0.0975
vn 0.1251 -0.7015 0.7015
vn 0.8600 -0.3609 0.3609
vn 0.4947 -0.6145 0.6145
vn 0.9904 -0.0766 0.1147
vn 0.1251 -0.5512 0.8249
vn 0.8600 -0.2835 0.4243
vn 0.4947 -0.4828 0.7226
vn 0.9904 -0.0528 0.1274
vn 0.1251 -0.3797 0.9166
vn 0.8600 -0.1953 0.4715
vn 0.4947 -0.3326 0.8029
vn 0.9904 -0.0269 0.1352
vn 0.1251 -0.1936 0.9731
vn 0.8600 -0.0996 0.5006
vn 0.4947 -0.1695 0.8524
vn 0.9904 -0.0000 0.1379
vn 0.1251 -0.0000 0.9921
vn 0.8600 -0.0000 0.5104
vn 0.4947 -0.0000 0.8691
vn 0.9904 0.0269 0.1352
vn 0.1251 0.1936 0.9731
vn 0.8600 0.0996 0.5006
vn 0.4947 0.1695 0.8524
vn 0.9904 0.0528 0.1274
vn 0.1251 0.3797 0.9166
vn 0.8600 0.1953 0.4715
vn 0.4947 0.3326 0.8029
vn 0.9904 0.0766 0.1147
vn 0.1251 0.5512 0.8249
vn 0.8600 0.2835 0.4243
vn 0.4947 0.4828 0.7226
vn 0.9904 0.0975 0.0975
vn 0.1251 0.7015 0.7015
vn 0.8600 0.3609 0.3609
vn 0.4947 0.6145 0.6145
vn 0.9904 0.1147 0.0766
vn 0.1251 0.8249 0.5512
vn 0.8600 0.4244 0.2835
vn 0.4947 0.7226 0.4828
vn 0.9904 0.1274 0.0528
vn 0.1251 0.9166 0.3797
vn 0.8600 0.4715 0.1953
vn 0.4947 0.8029 0.3326
vn 0.9904 0.1352 0.0269
vn 0.1251 0.9731 0.1936
vn 0.8600 0.5006 0.0996
vn 0.4947 0.8524 0.1695
vn 0.9904 0.1379 -0.0000
vn 0.1251 0.9921 -0.0000
vn 0.8600 0.5104 -0.0000
vn 0.4947 0.8691 -0.0000
vn 0.9904 0.1352 -0.0269
vn 0.1251 0.9731 -0.1936
vn 0.8600 0.5006 -0.0996
vn 0.4947 0.8524 -0.1695
vn 0.9904 0.1274 -0.0528
vn 0.1251 0.9166 -0.3797
vn 0.8600 0.4715 -0.1953
vn 0.4947 0.8029 -0.3326
vn 0.9904 0.1147 -0.0766
vn 0.1251 0.8249 -0.5512
vn 0.8600 0.4243 -0.2835
vn 0.4947 0.7226 -0.4828
vn 0.9904 0.0975 -0.0975
vn 0.1251 0.7015 -0.7015
vn 0.8600 0.3609 -0.3609
vn 0.4947 0.6145 -0.6145
vn 0.9904 0.0766 -0.1147
vn 0.1251 0.5512 -0.8249
vn 0.8600 0.2835 -0.4243
vn 0.4947 0.4828 -0.7226
vn 0.9904 0.0528 -0.1274
vn 0.1251 0.3797 -0.9166
vn 0.8600 0.1953 -0.4715
vn 0.4947 0.3326 -0.8029
vn 0.9904 0.0269 -0.1352
vn 0.1251 0.1936 -0.9731
vn 0.8600 0.0996 -0.5006
vn 0.4947 0.1695 -0.8524
vn 1.0000 -0.0000 -0.0000
vn 0.8687 -0.0000 0.4954
vn 0.5080 -0.0000 0.8614
vn 0.0108 -0.0000 0.9999
vn -0.4918 -0.0000 0.8707
vn -0.8633 -0.0000 0.5047
vn -1.0000 -0.0000 -0.0000
vn -0.8633 -0.0000 -0.5047
vn -0.4918 -0.0000 -0.8707
vn 0.0108 -0.0000 -0.9999
vn 0.5080 -0.0000 -0.8614
vn 0.8687 -0.0000 -0.4954
vn 0.9914 0.1305 -0.0000
vn 0.8612 0.1134 0.4954
vn 0.5036 0.0663 0.8614
vn 0.0107 0.0014 0.9999
vn -0.4876 -0.0642 0.8707
vn -0.8559 -0.1127 0.5047
vn -0.9914 -0.1305 -0.0000
vn -0.8559 -0.1127 -0.5047
vn -0.4876 -0.0642 -0.8707
vn 0.0107 0.0014 -0.9999
vn 0.5036 0.0663 -0.8614
vn 0.8612 0.1134 -0.4954
vn 0.9659 0.2588 -0.0000
vn 0.8391 0.2248 0.4954
vn 0.4907 0.1315 0.8614
vn 0.0104 0.0028 0.9999
vn -0.4751 -0.1273 0.8707
vn -0.8339 -0.2234 0.5047
vn -0.9659 -0.2588 -0.0000
vn -0.8339 -0.2234 -0.5047
vn -0.4751 -0.1273 -0.8707
vn 0.0104 0.0028 -0.9999
vn 0.4907 0.1315 -0.8614
vn 0.8391 0.2248 -0.4954
vn 0.9239 0.3827 -0.0000
vn 0.8025 0.3324 0.4954
vn 0.4693 0.1944 0.8614
vn 0.0100 0.0041 0.9999
vn -0.4544 -0.1882 0.8707
vn -0.7976 -0.3304 0.5047
vn -0.9239 -0.3827 -0.0000
vn -0.7976 -0.3304 -0.5047
vn -0.4544 -0.1882 -0.8707
vn 0.0100 0.0041 -0.9999
vn 0.4693 0.1944 -0.8614
vn 0.8025 0.3324 -0.4954
vn 0.8660 0.5000 -0.0000
vn 0.7523 0.4343 0.4954
vn 0.4399 0.2540 0.8614
vn 0.0093 0.0054 0.9999
vn -0.4259 -0.2459 0.8707
vn -0.7476 -0.4316 0.5047
vn -0.8660 -0.5000 -0.0000
vn -0.7476 -0.4316 -0.5047
vn -0.4259 -0.2459 -0.8707
vn 0.0093 0.0054 -0.9999
vn 0.4399 0.2540 -0.8614
vn 0.7523 0.4343 -0.4954
vn 0.7934 0.6088 -0.0000
vn 0.6892 0.5288 0.4954
vn 0.4030 0.3092 0.8614
vn 0.0085 0.0066 0.9999
vn -0.3902 -0.2994 0.8707
vn -0.6849 -0.5255 0.5047
vn -0.7934 -0.6088 -0.0000
vn -0.6849 -0.5255 -0.5047
vn -0.3902 -0.2994 -0.8707
vn 0.0085 0.0066 -0.9999
vn 0.4030 0.3092 -0.8614
vn 0.6892 0.5288 -0.4954
vn 0.7071 0.7071 -0.0000
vn 0.6142 0.6142 0.4954
vn 0.3592 0.3592 0.8614
vn 0.0076 0.0076 0.9999
vn -0.3478 -0.3478 0.8707
vn -0.6104 -0.6104 0.5047
vn -0.7071 -0.7071 -0.0000
vn -0.6104 -0.6104 -0.5047
vn -0.3478 -0.3478 -0.8707
vn 0.0076 0.0076 -0.9999
vn 0.3592 0.3592 -0.8614
vn 0.6142 0.6142 -0.4954
vn 0.6088 0.7934 -0.0000
vn 0.5288 0.6892 0.4954
vn 0.3092 0.4030 0.8614
vn 0.0066 0.0085 0.9999
vn -0.2994 -0.3902 0.8707
vn -0.5255 -0.6849 0.5047
vn -0.6088 -0.7934 -0.0000
vn -0.5255 -0.6849 -0.5047
vn -0.2994 -0.3902 -0.8707
vn 0.0066 0.0085 -0.9999
vn 0.3092 0.4030 -0.8614
vn 0.5288 0.6892 -0.4954
vn 0.5000 0.8660 -0.0000
vn 0.4343 0.7523 0.4954
vn 0.2540 0.4399 0.8614
vn 0.0054 0.0093 0.9999
vn -0.2459 -0.4259 0.8707
vn -0.4316 -0.7476 0.5047
vn -0.5000 -0.8660 -0.0000
vn -0.4316 -0.7476 -0.5047
vn -0.2459 -0.4259 -0.8707
vn 0.0054 0.0093 -0.9999
vn 0.2540 0.4399 -0.8614
vn 0.4343 0.7523 -0.4954
vn 0.3827 0.9239 -0.0000
vn 0.3324 0.8025 0.4954
vn 0.1944 0.4693 0.8614
vn 0.0041 0.0100 0.9999
vn -0.1882 -0.4544 0.8707
vn -0.3304 -0.7976 0.5047
vn -0.3827 -0.9239 -0.0000
vn -0.3304 -0.7976 -0.5047
vn -0.1882 -0.4544 -0.8707
vn 0.0041 0.0100 -0.9999
vn 0.1944 0.4693 -0.8614
vn 0.3324 0.8025 -0.4954
vn 0.2588 0.9659 -0.0000
vn 0.2248 0.8391 0.4954
vn 0.1315 0.4907 0.8614
vn 0.0028 0.0104 0.9999
vn -0.1273 -0.4751 0.8707
vn -0.2234 -0.8339 0.5047
vn -0.2588 -0.9659 -0.0000
vn -0.2234 -0.8339 -0.5047
vn -0.1273 -0.4751 -0.8707
vn 0.0028 0.0104 -0.9999
vn 0.1315 0.4907 -0.8614
vn 0.2248 0.8391 -0.4954
vn 0.1305 0.9914 -0.0000
vn 0.1134 0.8612 0.4954
vn 0.0663 0.5036 0.8614
vn 0.0014 0.0107 0.9999
vn -0.0642 -0.4876 0.8707
vn -0.1127 -0.8559 0.5047
vn -0.1305 -0.9914 -0.0000
vn -0.1127 -0.8559 -0.5047
vn -0.0642 -0.4876 -0.8707
vn 0.0014 0.0107 -0.9999
vn 0.0663 0.5036 -0.8614
vn 0.1134 0.8612 -0.4954
vn -0.0000 1.0000 -0.0000
vn -0.0000 0.8687 0.4954
vn -0.0000 0.5080 0.8614
vn -0.0000 0.0108 0.9999
vn -0.0000 -0.4918 0.8707
vn -0.0000 -0.8633 0.5047
vn -0.0000 -1.0000 -0.0000
vn -0.0000 -0.8633 -0.5047
vn -0.0000 -0.4918 -0.8707
vn -0.0000 0.0108 -0.9999
vn -0.0000 0.5080 -0.8614
vn -0.0000 0.8687 -0.4954
vn -0.1305 0.9914 -0.0000
vn -0.1134 0.8612 0.4954
vn -0.0663 0.5036 0.8614
vn -0.0014 0.0107 0.9999
vn 0.0642 -0.4876 0.8707
vn 0.1127 -0.8559 0.5047
vn 0.1305 -0.9914 -0.0000
vn 0.1127 -0.8559 -0.5047
vn 0.0642 -0.4876 -0.8707
vn -0.0014 0.0107 -0.9999
vn -0.0663 0.5036 -0.8614
vn -0.1134 0.8612 -0.4954
vn -0.2588 0.9659 -0.0000
vn -0.2248 0.8391 0.4954
vn -0.1315 0.4907 0.8614
vn -0.0028 0.0104 0.9999
vn 0.1273 -0.4751 0.8707
vn 0.2234 -0.8339 0.5047
vn 0.2588 -0.9659 -0.0000
vn 0.2234 -0.8339 -0.5047
vn 0.1273 -0.4751 -0.8707
vn -0.0028 0.0104 -0.9999
vn -0.1315 0.4907 -0.8614
vn -0.2248 0.8391 -0.4954
vn -0.3827 0.9239 -0.0000
vn -0.3324 0.8025 0.4954
vn -0.1944 0.4693 0.8614
vn -0.0041 0.0100 0.9999
vn 0.1882 -0.4544 0.8707
vn 0.3304 -0.7976 0.5047
vn 0.3827 -0.9239 -0.0000
vn 0.3304 -0.7976 -0.5047
vn 0.1882 -0.4544 -0.8707
vn -0.0041 0.0100 -0.9999
vn -0.1944 0.4693 -0.8614
vn -0.3324 0.8025 -0.4954
vn -0.5000 0.8660 -0.0000
vn -0.4343 0.7523 0.4954
vn -0.2540 0.4399 0.8614
vn -0.0054 0.0093 0.9999
vn 0.2459 -0.4259 0.8707
vn 0.4316 -0.7476 0.5047
vn 0.5000 -0.8660 -0.0000
vn 0.4316 -0.7476 -0.5047
vn 0.2459 -0.4259 -0.8707
vn -0.0054 0.0093 -0.9999
vn -0.2540 0.4399 -0.8614
vn -0.4343 0.7523 -0.4954
vn -0.6088 0.7934 -0.0000
vn -0.5288 0.6892 0.4954
vn -0.3092 0.4030 0.8614
vn -0.0066 0.0085 0.9999
vn 0.2994 -0.3902 0.8707
vn 0.5255 -0.6849 0.5047
vn 0.6088 -0.7934 -0.0000
vn 0.5255 -0.6849 -0.5047
vn 0.2994 -0.3902 -0.8707
vn -0.0066 0.0085 -0.9999
vn -0.3092 0.4030 -0.8614
vn -0.5288 0.6892 -0.4954
vn -0.7071 0.7071 -0.0000
vn -0.6142 0.6142 0.4954
vn -0.3592 0.3592 0.8614
vn -0.0076 0.0076 0.9999
vn 0.3478 -0.3478 0.8707
vn 0.6104 -0.6104 0.5047
vn 0.7071 -0.7071 -0.0000
vn 0.6104 -0.6104 -0.5047
vn 0.3478 -0.3478 -0.8707
vn -0.0076 0.0076 -0.9999
vn -0.3592 0.3592 -0.8614
vn -0.6142 0.6142 -0.4954
vn -0.7934 0.6088 -0.0000
vn -0.6892 0.5288 0.4954
vn -0.4030 0.3092 0.8614
vn -0.0085 0.0066 0.9999
vn 0.3902 -0.2994 0.8707
vn 0.6849 -0.5255 0.5047
vn 0.7934 -0.6088 -0.0000
vn 0.6849 -0.5255 -0.5047
vn 0.3902 -0.2994 -0.8707
vn -0.0085 0.0066 -0.9999
vn -0.4030 0.3092 -0.8614
vn -0.6892 0.5288 -0.4954
vn -0.8660 0.5000 -0.0000
vn -0.7523 0.4343 0.4954
vn -0.4399 0.2540 0.8614
vn -0.0093 0.0054 0.9999
vn 0.4259 -0.2459 0.8707
vn 0.7476 -0.4316 0.5047
vn 0.8660 -0.5000 -0.0000
vn 0.7476 -0.4316 -0.5047
vn 0.4259 -0.2459 -0.8707
vn -0.0093 0.0054 -0.9999
vn -0.4399 0.2540 -0.8614
vn -0.7523 0.4343 -0.4954
vn -0.9239 0.3827 -0.0000
vn -0.8025 0.3324 0.4954
vn -0.4693 0.1944 0.8614
vn -0.0100 0.0041 0.9999
vn 0.4544 -0.1882 0.8707
vn 0.7976 -0.3304 0.5047
vn 0.9239 -0.3827 -0.0000
vn 0.7976 -0.3304 -0.5047
vn 0.4544 -0.1882 -0.8707
vn -0.0100 0.0041 -0.9999
vn -0.4693 0.1944 -0.8614
vn -0.8025 0.3324 -0.4954
vn -0.9659 0.2588 -0.0000
vn -0.8391 0.2248 0.4954
vn -0.4907 0.1315 0.8614
vn -0.0104 0.0028 0.9999
vn 0.4751 -0.1273 0.8707
vn 0.8339 -0.2234 0.5047
vn 0.9659 -0.2588 -0.0000
vn 0.8339 -0.2234 -0.5047
vn 0.4751 -0.1273 -0.8707
vn -0.0104 0.0028 -0.9999
vn -0.4907 0.1315 -0.8614
vn -0.8391 0.2248 -0.4954
vn -0.9914 0.1305 -0.0000
vn -0.8612 0.1134 0.4954
vn -0.5036 0.0663 0.8614
vn -0.0107 0.0014 0.9999
vn 0.4876 -0.0642 0.8707
vn 0.8559 -0.1127 0.5047
vn 0.9914 -0.1305 -0.0000
vn 0.8559 -0.1127 -0.5047
vn 0.4876 -0.0642 -0.8707
vn -0.0107 0.0014 -0.9999
vn -0.5036 0.0663 -0.8614
vn -0.8612 0.1134 -0.4954
vn -0.8687 -0.0000 0.4954
vn -0.5080 -0.0000 0.8614
vn -0.0108 -0.0000 0.9999
vn 0.4918 -0.0000 0.8707
vn 0.8633 -0.0000 0.5047
vn 0.8633 -0.0000 -0.5047
vn 0.4918 -0.0000 -0.8707
vn -0.0108 -0.0000 -0.9999
vn -0.5080 -0.0000 -0.8614
vn -0.8687 -0.0000 -0.4954
vn -0.8612 -0.1134 0.4954
vn -0.5036 -0.0663 0.8614
vn -0.0107 -0.0014 0.9999
vn 0.4876 0.0642 0.8707
vn 0.8559 0.1127 0.5047
vn 0.8559 0.1127 -0.5047
vn 0.4876 0.0642 -0.8707
vn -0.0107 -0.0014 -0.9999
vn -0.5036 -0.0663 -0.8614
vn -0.8612 -0.1134 -0.4954
vn -0.8391 -0.2248 0.4954
vn -0.4907 -0.1315 0.8614
vn -0.0104 -0.0028 0.9999
vn 0.4751 0.1273 0.8707
vn 0.8339 0.2234 0.5047
vn 0.8339 0.2234 -0.5047
vn 0.4751 0.1273 -0.8707
vn -0.0104 -0.0028 -0.9999
vn -0.4907 -0.1315 -0.8614
vn -0.8391 -0.2248 -0.4954
vn -0.8025 -0.3324 0.4954
vn -0.4693 -0.1944 0.8614
vn -0.0100 -0.0041 0.9999
vn 0.4544 0.1882 0.8707
vn 0.7976 0.3304 0.5047
vn 0.7976 0.3304 -0.5047
vn 0.4544 0.1882 -0.8707
vn -0.0100 -0.0041 -0.9999
vn -0.4693 -0.1944 -0.8614
vn -0.8025 -0.3324 -0.4954
vn -0.7523 -0.4343 0.4954
vn -0.4399 -0.2540 0.8614
vn -0.0093 -0.0054 0.9999
vn 0.4259 0.2459 0.8707
vn 0.7476 0.4316 0.5047
vn 0.7476 0.4316 -0.5047
vn 0.4259 0.2459 -0.8707
vn -0.0093 -0.0054 -0.9999
vn -0.4399 -0.2540 -0.8614
vn -0.7523 -0.4343 -0.4954
vn -0.6892 -0.5288 0.4954
vn -0.4030 -0.3092 0.8614
vn -0.0085 -0.0066 0.9999
vn 0.3902 0.2994 0.8707
vn 0.6849 0.5255 0.5047
vn 0.6849 0.5255 -0.5047
vn 0.3902 0.2994 -0.8707
vn -0.0085 -0.0066 -0.9999
vn -0.4030 -0.3092 -0.8614
vn -0.6892 -0.5288 -0.4954
vn -0.6142 -0.6142 0.4954
vn -0.3592 -0.3592 0.8614
vn -0.0076 -0.0076 0.9999
vn 0.3478 0.3478 0.8707
vn 0.6104 0.6104 0.5047
vn 0.6104 0.6104 -0.5047
vn 0.3478 0.3478 -0.8707
vn -0.0076 -0.0076 -0.9999
vn -0.3592 -0.3592 -0.8614
vn -0.6142 -0.6142 -0.4954
vn -0.5288 -0.6892 0.4954
vn -0.3092 -0.4030 0.8614
vn -0.0066 -0.0085 0.9999
vn 0.2994 0.3902 0.8707
vn 0.5255 0.6849 0.5047
vn 0.5255 0.6849 -0.5047
vn 0.2994 0.3902 -0.8707
vn -0.0066 -0.0085 -0.9999
vn -0.3092 -0.4030 -0.8614
vn -0.5288 -0.6892 -0.4954
vn -0.4343 -0.7523 0.4954
vn -0.2540 -0.4399 0.8614
vn -0.0054 -0.0093 0.9999
vn 0.2459 0.4259 0.8707
vn 0.4316 0.7476 0.5047
vn 0.4316 0.7476 -0.5047
vn 0.2459 0.4259 -0.8707
vn -0.0054 -0.0093 -0.9999
vn -0.2540 -0.4399 -0.8614
vn -0.4343 -0.7523 -0.4954
vn -0.3324 -0.8025 0.4954
vn -0.1944 -0.4693 0.8614
vn -0.0041 -0.0100 0.9999
vn 0.1882 0.4544 0.8707
vn 0.3304 0.7976 0.5047
vn 0.3304 0.7976 -0.5047
vn 0.1882 0.4544 -0.8707
vn -0.0041 -0.0100 -0.9999
vn -0.1944 -0.4693 -0.8614
vn -0.3324 -0.8025 -0.4954
vn -0.2248 -0.8391 0.4954
vn -0.1315 -0.4907 0.8614
vn -0.0028 -0.0104 0.9999
vn 0.1273 0.4751 0.8707
vn 0.2234 0.8339 0.5047
vn 0.2234 0.8339 -0.5047
vn 0.1273 0.4751 -0.8707
vn -0.0028 -0.0104 -0.9999
vn -0.1315 -0.4907 -0.8614
vn -0.2248 -0.8391 -0.4954
vn -0.1134 -0.8612 0.4954
vn -0.0663 -0.5036 0.8614
vn -0.0014 -0.0107 0.9999
vn 0.0642 0.4876 0.8707
vn 0.1127 0.8559 0.5047
vn 0.1127 0.8559 -0.5047
vn 0.0642 0.4876 -0.8707
vn -0.0014 -0.0107 -0.9999
vn -0.0663 -0.5036 -0.8614
vn -0.1134 -0.8612 -0.4954
vn -0.0000 -0.8687 0.4954
vn -0.0000 -0.5080 0.8614
vn -0.0000 -0.0108 0.9999
vn -0.0000 0.4918 0.8707
vn -0.0000 0.8633 0.5047
vn -0.0000 0.8633 -0.5047
vn -0.0000 0.4918 -0.8707
vn -0.0000 -0.0108 -0.9999
vn -0.0000 -0.5080 -0.8614
vn -0.0000 -0.8687 -0.4954
vn 0.1134 -0.8612 0.4954
vn 0.0663 -0.5036 0.8614
vn 0.0014 -0.0107 0.9999
vn -0.0642 0.4876 0.8707
vn -0.1127 0.8559 0.5047
vn -0.1127 0.8559 -0.5047
vn -0.0642 0.4876 -0.8707
vn 0.0014 -0.0107 -0.9999
vn 0.0663 -0.5036 -0.8614
vn 0.1134 -0.8612 -0.4954
vn 0.2248 -0.8391 0.4954
vn 0.1315 -0.4907 0.8614
vn 0.0028 -0.0104 0.9999
vn -0.1273 0.4751 0.8707
vn -0.2234 0.8339 0.5047
vn -0.2234 0.8339 -0.5047
vn -0.1273 0.4751 -0.8707
vn 0.0028 -0.0104 -0.9999
vn 0.1315 -0.4907 -0.8614
vn 0.2248 -0.8391 -0.4954
vn 0.3324 -0.8025 0.4954
vn 0.1944 -0.4693 0.8614
vn 0.0041 -0.0100 0.9999
vn -0.1882 0.4544 0.8707
vn -0.3304 0.7976 0.5047
vn -0.3304 0.7976 -0.5047
vn -0.1882 0.4544 -0.8707
vn 0.0041 -0.0100 -0.9999
vn 0.1944 -0.4693 -0.8614
vn 0.3324 -0.8025 -0.4954
vn 0.4343 -0.7523 0.4954
vn 0.2540 -0.4399 0.8614
vn 0.0054 -0.0093 0.9999
vn -0.2459 0.4259 0.8707
vn -0.4316 0.7476 0.5047
vn -0.4316 0.7476 -0.5047
vn -0.2459 0.4259 -0.8707
vn 0.0054 -0.0093 -0.9999
vn 0.2540 -0.4399 -0.8614
vn 0.4343 -0.7523 -0.4954
vn 0.5288 -0.6892 0.4954
vn 0.3092 -0.4030 0.8614
vn 0.0066 -0.0085 0.9999
vn -0.2994 0.3902 0.8707
vn -0.5255 0.6849 0.5047
vn -0.5255 0.6849 -0.5047
vn -0.2994 0.3902 -0.8707
vn 0.0066 -0.0085 -0.9999
vn 0.3092 -0.4030 -0.8614
vn 0.5288 -0.6892 -0.4954
vn 0.6142 -0.6142 0.4954
vn 0.3592 -0.3592 0.8614
vn 0.0076 -0.0076 0.9999
vn -0.3478 0.3478 0.8707
vn -0.6104 0.6104 0.5047
vn -0.6104 0.6104 -0.5047
vn -0.3478 0.3478 -0.8707
vn 0.0076 -0.0076 -0.9999
vn 0.3592 -0.3592 -0.8614
vn 0.6142 -0.6142 -0.4954
vn 0.6892 -0.5288 0.4954
vn 0.4030 -0.3092 0.8614
vn 0.0085 -0.0066 0.9999
vn -0.3902 0.2994 0.8707
vn -0.6849 0.5255 0.5047
vn -0.6849 0.5255 -0.5047
vn -0.3902 0.2994 -0.8707
vn 0.0085 -0.0066 -0.9999
vn 0.4030 -0.3092 -0.8614
vn 0.6892 -0.5288 -0.4954
vn 0.7523 -0.4343 0.4954
vn 0.4399 -0.2540 0.8614
vn 0.0093 -0.0054 0.9999
vn -0.4259 0.2459 0.8707
vn -0.7476 0.4316 0.5047
vn -0.7476 0.4316 -0.5047
vn -0.4259 0.2459 -0.8707
vn 0.0093 -0.0054 -0.9999
vn 0.4399 -0.2540 -0.8614
vn 0.7523 -0.4343 -0.4954
vn 0.8025 -0.3324 0.4954
vn 0.4693 -0.1944 0.8614
vn 0.0100 -0.0041 0.9999
vn -0.4544 0.1882 0.8707
vn -0.7976 0.3304 0.5047
vn -0.7976 0.3304 -0.5047
vn -0.4544 0.1882 -0.8707
vn 0.0100 -0.0041 -0.9999
vn 0.4693 -0.1944 -0.8614
vn 0.8025 -0.3324 -0.4954
vn 0.8391 -0.2248 0.4954
vn 0.4907 -0.1315 0.8614
vn 0.0104 -0.0028 0.9999
vn -0.4751 0.1273 0.8707
vn -0.8339 0.2234 0.5047
vn -0.8339 0.2234 -0.5047
vn -0.4751 0.1273 -0.8707
vn 0.0104 -0.0028 -0.9999
vn 0.4907 -0.1315 -0.8614
vn 0.8391 -0.2248 -0.4954
vn 0.8612 -0.1134 0.4954
vn 0.5036 -0.0663 0.8614
vn 0.0107 -0.0014 0.9999
vn -0.4876 0.0642 0.8707
vn -0.8559 0.1127 0.5047
vn -0.8559 0.1127 -0.5047
vn -0.4876 0.0642 -0.8707
vn 0.0107 -0.0014 -0.9999
vn 0.5036 -0.0663 -0.8614
vn 0.8612 -0.1134 -0.4954
vn -0.0100 -0.0000 -1.0000
vn -0.0100 -0.1951 -0.9807
vn 0.6725 0.6857 -0.2785
vn -0.0100 -0.3827 -0.9238
vn -0.0100 -0.5555 -0.8314
vn -0.0100 -0.7071 -0.7071
vn -0.0100 -0.8314 -0.5555
vn 0.6052 0.6857 -0.4044
vn -0.0100 -0.9238 -0.3827
vn -0.0100 -0.9807 -0.1951
vn -0.0100 -1.0000 -0.0000
vn -0.0100 -0.9807 0.1951
vn 0.5147 0.6857 -0.5147
vn -0.0100 -0.9238 0.3827
vn -0.0100 -0.8314 0.5555
vn -0.0100 -0.7071 0.7071
vn -0.0100 -0.5555 0.8314
vn 0.4044 0.6857 -0.6052
vn -0.0100 -0.3827 0.9238
vn -0.0100 -0.1951 0.9807
vn -0.0100 -0.0000 1.0000
vn -0.0100 0.1951 0.9807
vn 0.2785 0.6857 -0.6725
vn -0.0100 0.3827 0.9238
vn -0.0100 0.5555 0.8314
vn -0.0100 0.7071 0.7071
vn -0.0100 0.8314 0.5555
vn 0.1420 0.6857 -0.7139
vn -0.0100 0.9238 0.3827
vn -0.0100 0.9807 0.1951
vn -0.0100 1.0000 -0.0000
vn -0.0100 0.9807 -0.1951
vn -0.0000 0.6857 -0.7279
vn -0.0100 0.9238 -0.3827
vn -0.0100 0.8314 -0.5555
vn -0.0100 0.7071 -0.7071
vn -0.0100 0.5555 -0.8314
vn -0.0100 0.3827 -0.9238
vn -0.0100 0.1951 -0.9807
vn -0.1420 0.6857 -0.7139
vn -0.0788 -0.9786 -0.1902
vn -0.3754 -0.1936 -0.9064
vn -0.2746 -0.6966 -0.6629
vn -0.5451 -0.1936 -0.8157
vn -0.1144 -0.9786 -0.1712
vn -0.3986 -0.6966 -0.5966
vn -0.1456 -0.9786 -0.1456
vn -0.6937 -0.1936 -0.6937
vn -0.5073 -0.6966 -0.5073
vn -0.8157 -0.1936 -0.5451
vn -0.1712 -0.9786 -0.1144
vn -0.5966 -0.6966 -0.3986
vn -0.1902 -0.9786 -0.0788
vn -0.9064 -0.1936 -0.3754
vn -0.6629 -0.6966 -0.2746
vn -0.9622 -0.1936 -0.1914
vn -0.2019 -0.9786 -0.0402
vn -0.7037 -0.6966 -0.1400
vn -0.2059 -0.9786 -0.0000
vn -0.9811 -0.1936 -0.0000
vn -0.7175 -0.6966 -0.0000
vn -0.9622 -0.1936 0.1914
vn -0.2019 -0.9786 0.0402
vn -0.7037 -0.6966 0.1400
vn -0.1902 -0.9786 0.0788
vn -0.9064 -0.1936 0.3754
vn -0.6629 -0.6966 0.2746
vn -0.8157 -0.1936 0.5451
vn -0.1712 -0.9786 0.1144
vn -0.5966 -0.6966 0.3986
vn -0.1456 -0.9786 0.1456
vn -0.6937 -0.1936 0.6937
vn -0.5073 -0.6966 0.5073
vn -0.1144 -0.9786 0.1712
vn -0.5451 -0.1936 0.8157
vn -0.3986 -0.6966 0.5966
vn -0.0788 -0.9786 0.1902
vn -0.3754 -0.1936 0.9064
vn -0.2746 -0.6966 0.6629
vn -0.0402 -0.9786 0.2019
vn -0.1914 -0.1936 0.9622
vn -0.1400 -0.6966 0.7037
vn -0.0000 -0.9786 0.2059
vn -0.0000 -0.1936 0.9811
vn -0.0000 -0.6966 0.7175
vn 0.0402 -0.9786 0.2019
vn 0.1914 -0.1936 0.9622
vn 0.1400 -0.6966 0.7037
vn 0.0788 -0.9786 0.1902
vn 0.3754 -0.1936 0.9064
vn 0.2746 -0.6966 0.6629
vn 0.1144 -0.9786 0.1712
vn 0.5451 -0.1936 0.8157
vn 0.3986 -0.6966 0.5966
vn 0.1456 -0.9786 0.1456
vn 0.6937 -0.1936 0.6937
vn 0.5073 -0.6966 0.5073
vn 0.1712 -0.9786 0.1144
vn 0.8157 -0.1936 0.5451
vn 0.5966 -0.6966 0.3986
vn 0.1902 -0.9786 0.0788
vn 0.9064 -0.1936 0.3754
vn 0.6629 -0.6966 0.2746
vn 0.2019 -0.9786 0.0402
vn 0.9622 -0.1936 0.1914
vn 0.7037 -0.6966 0.1400
vn 0.2059 -0.9786 -0.0000
vn 0.9811 -0.1936 -0.0000
vn 0.7175 -0.6966 -0.0000
vn 0.2019 -0.9786 -0.0402
vn 0.9622 -0.1936 -0.1914
vn 0.7037 -0.6966 -0.1400
vn 0.1902 -0.9786 -0.0788
vn 0.9064 -0.1936 -0.3754
vn 0.6629 -0.6966 -0.2746
vn 0.1712 -0.9786 -0.1144
vn 0.8157 -0.1936 -0.5451
vn 0.5966 -0.6966 -0.3986
vn 0.1456 -0.9786 -0.1456
vn 0.6937 -0.1936 -0.6937
vn 0.5073 -0.6966 -0.5073
vn 0.1144 -0.9786 -0.1712
vn 0.5451 -0.1936 -0.8157
vn 0.3986 -0.6966 -0.5966
vn 0.0788 -0.9786 -0.1902
vn 0.3754 -0.1936 -0.9064
vn 0.2746 -0.6966 -0.6629
vn 0.0402 -0.9786 -0.2019
vn 0.1914 -0.1936 -0.9622
vn 0.1400 -0.6966 -0.7037
vn -0.0000 -0.9786 -0.2059
vn -0.0000 -0.1936 -0.9811
vn -0.0000 -0.6966 -0.7175
vn -0.1914 -0.1936 -0.9622
vn -0.0402 -0.9786 -0.2019
vn -0.1400 -0.6966 -0.7037
vt 1.000000 0.526851
vt 1.000000 0.975295
vt 0.968750 0.975295
vt 0.968750 0.526851
vt 0.906250 0.526851
vt 0.906250 0.975295
vt 0.875000 0.975295
vt 0.875000 0.526851
vt 0.875000 0.526851
vt 0.875000 0.975295
vt 0.843750 0.975295
vt 0.843750 0.526851
vt 0.843750 0.526851
vt 0.812500 0.975295
vt 0.812500 0.526851
vt 0.812500 0.526851
vt 0.781250 0.975295
vt 0.781250 0.526851
vt 0.781250 0.526851
vt 0.750000 0.975295
vt 0.750000 0.526851
vt 0.750000 0.526851
vt 0.718750 0.975295
vt 0.718750 0.526851
vt 0.718750 0.526851
vt 0.687500 0.975295
vt 0.687500 0.526851
vt 0.687500 0.526851
vt 0.687500 0.975295
vt 0.656250 0.975295
vt 0.656250 0.526851
vt 0.656250 0.526851
vt 0.625000 0.975295
vt 0.625000 0.526851
vt 0.625000 0.526851
vt 0.593750 0.975295
vt 0.593750 0.526851
vt 0.593750 0.526851
vt 0.562500 0.975295
vt 0.562500 0.526851
vt 0.562500 0.526851
vt 0.531250 0.975295
vt 0.531250 0.526851
vt 0.531250 0.526851
vt 0.500000 0.975295
vt 0.500000 0.526851
vt 0.500000 0.526851
vt 0.468750 0.975295
vt 0.468750 0.526851
vt 0.468750 0.526851
vt 0.437500 0.975295
vt 0.437500 0.526851
vt 0.437500 0.526851
vt 0.437500 0.975295
vt 0.406250 0.975295
vt 0.406250 0.526851
vt 0.406250 0.526851
vt 0.375000 0.975295
vt 0.375000 0.526851
vt 0.375000 0.526851
vt 0.343750 0.975295
vt 0.343750 0.526851
vt 0.343750 0.526851
vt 0.343750 0.975295
vt 0.312500 0.975295
vt 0.312500 0.526851
vt 0.312500 0.526851
vt 0.281250 0.975295
vt 0.281250 0.526851
vt 0.281250 0.526851
vt 0.250000 0.975295
vt 0.250000 0.526851
vt 0.250000 0.526851
vt 0.218750 0.975295
vt 0.218750 0.526851
vt 0.218750 0.526851
vt 0.218750 0.975295
vt 0.187500 0.975295
vt 0.187500 0.526851
vt 0.187500 0.526851
vt 0.156250 0.975295
vt 0.156250 0.526851
vt 0.156250 0.526851
vt 0.125000 0.975295
vt 0.125000 0.526851
vt 0.125000 0.526851
vt 0.093750 0.975295
vt 0.093750 0.526851
vt 0.093750 0.526851
vt 0.062500 0.975295
vt 0.062500 0.526851
vt 0.062500 0.526851
vt 0.031250 0.975295
vt 0.031250 0.526851
vt 0.968750 0.526851
vt 0.937500 0.975295
vt 0.937500 0.526851
vt 0.937500 0.526851
vt 0.906250 0.526851
vt 0.031250 0.526851
vt 0.000000 0.975295
vt 0.000000 0.526851
vt 0.998347 1.000000
vt 0.970403 1.000000
vt 0.294344 0.485632
vt 0.252477 0.489756
vt 0.250000 0.395214
vt 0.278330 0.392424
vt 0.250000 0.300429
vt 0.259838 0.299460
vt 0.967097 1.000000
vt 0.939153 1.000000
vt 0.339462 0.472454
vt 0.299204 0.484666
vt 0.305571 0.384161
vt 0.269298 0.296590
vt 0.935847 1.000000
vt 0.907903 1.000000
vt 0.381141 0.450726
vt 0.344039 0.470558
vt 0.330677 0.370741
vt 0.278017 0.291930
vt 0.904597 1.000000
vt 0.876653 1.000000
vt 0.417781 0.421285
vt 0.385261 0.447973
vt 0.352682 0.352682
vt 0.285659 0.285659
vt 0.873347 1.000000
vt 0.845403 1.000000
vt 0.447973 0.385261
vt 0.421285 0.417781
vt 0.370741 0.330677
vt 0.291930 0.278017
vt 0.842097 1.000000
vt 0.814154 1.000000
vt 0.470558 0.344040
vt 0.450726 0.381141
vt 0.384161 0.305571
vt 0.296590 0.269298
vt 0.810847 1.000000
vt 0.782903 1.000000
vt 0.484666 0.299204
vt 0.472454 0.339462
vt 0.392424 0.278330
vt 0.299460 0.259838
vt 0.779597 1.000000
vt 0.751654 1.000000
vt 0.489756 0.252477
vt 0.485632 0.294344
vt 0.395214 0.250000
vt 0.300429 0.250000
vt 0.748346 1.000000
vt 0.720403 1.000000
vt 0.485632 0.205656
vt 0.489756 0.247523
vt 0.392424 0.221670
vt 0.299460 0.240162
vt 0.717096 1.000000
vt 0.689153 1.000000
vt 0.472454 0.160538
vt 0.484666 0.200796
vt 0.384161 0.194429
vt 0.296590 0.230702
vt 0.685846 1.000000
vt 0.657903 1.000000
vt 0.450726 0.118859
vt 0.470558 0.155960
vt 0.370741 0.169323
vt 0.291930 0.221983
vt 0.654597 1.000000
vt 0.626653 1.000000
vt 0.421285 0.082219
vt 0.447973 0.114739
vt 0.352682 0.147318
vt 0.285659 0.214341
vt 0.623347 1.000000
vt 0.595403 1.000000
vt 0.385261 0.052027
vt 0.417781 0.078715
vt 0.330677 0.129259
vt 0.278017 0.208070
vt 0.592097 1.000000
vt 0.564153 1.000000
vt 0.344039 0.029442
vt 0.381141 0.049274
vt 0.305571 0.115839
vt 0.269298 0.203410
vt 0.560847 1.000000
vt 0.532904 1.000000
vt 0.299204 0.015334
vt 0.339462 0.027546
vt 0.278330 0.107576
vt 0.259838 0.200540
vt 0.529597 1.000000
vt 0.501653 1.000000
vt 0.252477 0.010244
vt 0.294344 0.014368
vt 0.250000 0.104786
vt 0.250000 0.199571
vt 0.498347 1.000000
vt 0.470404 1.000000
vt 0.205656 0.014368
vt 0.247523 0.010244
vt 0.221670 0.107576
vt 0.240162 0.200540
vt 0.467097 1.000000
vt 0.439153 1.000000
vt 0.160538 0.027546
vt 0.200796 0.015334
vt 0.194429 0.115839
vt 0.230702 0.203410
vt 0.435847 1.000000
vt 0.407903 1.000000
vt 0.118859 0.049274
vt 0.155961 0.029442
vt 0.169323 0.129259
vt 0.221983 0.208070
vt 0.404597 1.000000
vt 0.376653 1.000000
vt 0.082219 0.078715
vt 0.114739 0.052027
vt 0.147318 0.147318
vt 0.214341 0.214341
vt 0.373347 1.000000
vt 0.345403 1.000000
vt 0.052027 0.114739
vt 0.078715 0.082219
vt 0.129259 0.169323
vt 0.208070 0.221983
vt 0.342096 1.000000
vt 0.314154 1.000000
vt 0.029442 0.155961
vt 0.049274 0.118859
vt 0.115839 0.194429
vt 0.203410 0.230702
vt 0.310847 1.000000
vt 0.282903 1.000000
vt 0.015334 0.200796
vt 0.027546 0.160538
vt 0.107576 0.221670
vt 0.200540 0.240162
vt 0.279597 1.000000
vt 0.251654 1.000000
vt 0.010244 0.247523
vt 0.014368 0.205656
vt 0.104786 0.250000
vt 0.199571 0.250000
vt 0.248346 1.000000
vt 0.220403 1.000000
vt 0.014368 0.294344
vt 0.010244 0.252477
vt 0.107576 0.278330
vt 0.200540 0.259838
vt 0.217097 1.000000
vt 0.189153 1.000000
vt 0.027546 0.339462
vt 0.015334 0.299204
vt 0.115839 0.305571
vt 0.203410 0.269298
vt 0.185846 1.000000
vt 0.157904 1.000000
vt 0.049274 0.381141
vt 0.029442 0.344039
vt 0.129259 0.330677
vt 0.208070 0.278017
vt 0.154596 1.000000
vt 0.126653 1.000000
vt 0.078715 0.417781
vt 0.052027 0.385261
vt 0.147318 0.352682
vt 0.214341 0.285659
vt 0.123347 1.000000
vt 0.095403 1.000000
vt 0.114739 0.447973
vt 0.082219 0.421285
vt 0.169323 0.370741
vt 0.221983 0.291930
vt 0.092097 1.000000
vt 0.064153 1.000000
vt 0.155961 0.470558
vt 0.118859 0.450726
vt 0.194429 0.384161
vt 0.230702 0.296590
vt 0.060847 1.000000
vt 0.032904 1.000000
vt 0.200796 0.484666
vt 0.160538 0.472454
vt 0.221670 0.392424
vt 0.240162 0.299460
vt 0.029596 1.000000
vt 0.001653 1.000000
vt 0.247523 0.489756
vt 0.205656 0.485632
vt 0.500000 0.500000
vt 0.520833 0.500000
vt 0.520833 0.583333
vt 0.500000 0.583333
vt 0.520833 0.666667
vt 0.500000 0.666667
vt 0.520833 0.750000
vt 0.500000 0.750000
vt 0.520833 0.833333
vt 0.500000 0.833333
vt 0.520833 0.916667
vt 0.500000 0.916667
vt 0.520833 1.000000
vt 0.500000 1.000000
vt 0.500000 0.000000
vt 0.520833 0.000000
vt 0.520833 0.083333
vt 0.500000 0.083333
vt 0.520833 0.166667
vt 0.500000 0.166667
vt 0.520833 0.250000
vt 0.500000 0.250000
vt 0.520833 0.333333
vt 0.500000 0.333333
vt 0.520833 0.416667
vt 0.500000 0.416667
vt 0.541667 0.500000
vt 0.541667 0.583333
vt 0.541667 0.666667
vt 0.541667 0.750000
vt 0.541667 0.833333
vt 0.541667 0.916667
vt 0.541667 1.000000
vt 0.541667 0.000000
vt 0.541667 0.083333
vt 0.541667 0.166667
vt 0.541667 0.250000
vt 0.541667 0.333333
vt 0.541667 0.416667
vt 0.562500 0.500000
vt 0.562500 0.583333
vt 0.562500 0.666667
vt 0.562500 0.750000
vt 0.562500 0.833333
vt 0.562500 0.916667
vt 0.562500 1.000000
vt 0.562500 0.000000
vt 0.562500 0.083333
vt 0.562500 0.166667
vt 0.562500 0.250000
vt 0.562500 0.333333
vt 0.562500 0.416667
vt 0.583333 0.500000
vt 0.583333 0.583333
vt 0.583333 0.666667
vt 0.583333 0.750000
vt 0.583333 0.833333
vt 0.583333 0.916667
vt 0.583333 1.000000
vt 0.583333 0.000000
vt 0.583333 0.083333
vt 0.583333 0.166667
vt 0.583333 0.250000
vt 0.583333 0.333333
vt 0.583333 0.416667
vt 0.604167 0.500000
vt 0.604167 0.583333
vt 0.604167 0.666667
vt 0.604167 0.750000
vt 0.604167 0.833333
vt 0.604167 0.916667
vt 0.604167 1.000000
vt 0.604167 0.000000
vt 0.604167 0.083333
vt 0.604167 0.166667
vt 0.604167 0.250000
vt 0.604167 0.333333
vt 0.604167 0.416667
vt 0.625000 0.500000
vt 0.625000 0.583333
vt 0.625000 0.666667
vt 0.625000 0.750000
vt 0.625000 0.833333
vt 0.625000 0.916667
vt 0.625000 1.000000
vt 0.625000 0.000000
vt 0.625000 0.083333
vt 0.625000 0.166667
vt 0.625000 0.250000
vt 0.625000 0.333333
vt 0.625000 0.416667
vt 0.645833 0.500000
vt 0.645833 0.583333
vt 0.645833 0.666667
vt 0.645833 0.750000
vt 0.645833 0.833333
vt 0.645833 0.916667
vt 0.645833 1.000000
vt 0.645833 0.000000
vt 0.645833 0.083333
vt 0.645833 0.166667
vt 0.645833 0.250000
vt 0.645833 0.333333
vt 0.645833 0.416667
vt 0.666667 0.500000
vt 0.666667 0.583333
vt 0.666667 0.666667
vt 0.666667 0.750000
vt 0.666667 0.833333
vt 0.666667 0.916667
vt 0.666667 1.000000
vt 0.666667 0.000000
vt 0.666667 0.083333
vt 0.666667 0.166667
vt 0.666667 0.250000
vt 0.666667 0.333333
vt 0.666667 0.416667
vt 0.687500 0.500000
vt 0.687500 0.583333
vt 0.687500 0.666667
vt 0.687500 0.750000
vt 0.687500 0.833333
vt 0.687500 0.916667
vt 0.687500 1.000000
vt 0.687500 0.000000
vt 0.687500 0.083333
vt 0.687500 0.166667
vt 0.687500 0.250000
vt 0.687500 0.333333
vt 0.687500 0.416667
vt 0.708333 0.500000
vt 0.708333 0.583333
vt 0.708333 0.666667
vt 0.708333 0.750000
vt 0.708333 0.833333
vt 0.708333 0.916667
vt 0.708333 1.000000
vt 0.708333 0.000000
vt 0.708333 0.083333
vt 0.708333 0.166667
vt 0.708333 0.250000
vt 0.708333 0.333333
vt 0.708333 0.416667
vt 0.729167 0.500000
vt 0.729167 0.583333
vt 0.729167 0.666667
vt 0.729167 0.750000
vt 0.729167 0.833333
vt 0.729167 0.916667
vt 0.729167 1.000000
vt 0.729167 0.000000
vt 0.729167 0.083333
vt 0.729167 0.166667
vt 0.729167 0.250000
vt 0.729167 0.333333
vt 0.729167 0.416667
vt 0.750000 0.500000
vt 0.750000 0.583333
vt 0.750000 0.666667
vt 0.750000 0.750000
vt 0.750000 0.833333
vt 0.750000 0.916667
vt 0.750000 1.000000
vt 0.750000 0.000000
vt 0.750000 0.083333
vt 0.750000 0.166667
vt 0.750000 0.250000
vt 0.750000 0.333333
vt 0.750000 0.416667
vt 0.770833 0.500000
vt 0.770833 0.583333
vt 0.770833 0.666667
vt 0.770833 0.750000
vt 0.770833 0.833333
vt 0.770833 0.916667
vt 0.770833 1.000000
vt 0.770833 0.000000
vt 0.770833 0.083333
vt 0.770833 0.166667
vt 0.770833 0.250000
vt 0.770833 0.333333
vt 0.770833 0.416667
vt 0.791667 0.500000
vt 0.791667 0.583333
vt 0.791667 0.666667
vt 0.791667 0.750000
vt 0.791667 0.833333
vt 0.791667 0.916667
vt 0.791667 1.000000
vt 0.791667 0.000000
vt 0.791667 0.083333
vt 0.791667 0.166667
vt 0.791667 0.250000
vt 0.791667 0.333333
vt 0.791667 0.416667
vt 0.812500 0.500000
vt 0.812500 0.583333
vt 0.812500 0.666667
vt 0.812500 0.750000
vt 0.812500 0.833333
vt 0.812500 0.916667
vt 0.812500 1.000000
vt 0.812500 0.000000
vt 0.812500 0.083333
vt 0.812500 0.166667
vt 0.812500 0.250000
vt 0.812500 0.333333
vt 0.812500 0.416667
vt 0.833333 0.500000
vt 0.833333 0.583333
vt 0.833333 0.666667
vt 0.833333 0.750000
vt 0.833333 0.833333
vt 0.833333 0.916667
vt 0.833333 1.000000
vt 0.833333 0.000000
vt 0.833333 0.083333
vt 0.833333 0.166667
vt 0.833333 0.250000
vt 0.833333 0.333333
vt 0.833333 0.416667
vt 0.854167 0.500000
vt 0.854167 0.583333
vt 0.854167 0.666667
vt 0.854167 0.750000
vt 0.854167 0.833333
vt 0.854167 0.916667
vt 0.854167 1.000000
vt 0.854167 0.000000
vt 0.854167 0.083333
vt 0.854167 0.166667
vt 0.854167 0.250000
vt 0.854167 0.333333
vt 0.854167 0.416667
vt 0.875000 0.500000
vt 0.875000 0.583333
vt 0.875000 0.666667
vt 0.875000 0.750000
vt 0.875000 0.833333
vt 0.875000 0.916667
vt 0.875000 1.000000
vt 0.875000 0.000000
vt 0.875000 0.083333
vt 0.875000 0.166667
vt 0.875000 0.250000
vt 0.875000 0.333333
vt 0.875000 0.416667
vt 0.895833 0.500000
vt 0.895833 0.583333
vt 0.895833 0.666667
vt 0.895833 0.750000
vt 0.895833 0.833333
vt 0.895833 0.916667
vt 0.895833 1.000000
vt 0.895833 0.000000
vt 0.895833 0.083333
vt 0.895833 0.166667
vt 0.895833 0.250000
vt 0.895833 0.333333
vt 0.895833 0.416667
vt 0.916667 0.500000
vt 0.916667 0.583333
vt 0.916667 0.666667
vt 0.916667 0.750000
vt 0.916667 0.833333
vt 0.916667 0.916667
vt 0.916667 1.000000
vt 0.916667 0.000000
vt 0.916667 0.083333
vt 0.916667 0.166667
vt 0.916667 0.250000
vt 0.916667 0.333333
vt 0.916667 0.416667
vt 0.937500 0.500000
vt 0.937500 0.583333
vt 0.937500 0.666667
vt 0.937500 0.750000
vt 0.937500 0.833333
vt 0.937500 0.916667
vt 0.937500 1.000000
vt 0.937500 0.000000
vt 0.937500 0.083333
vt 0.937500 0.166667
vt 0.937500 0.250000
vt 0.937500 0.333333
vt 0.937500 0.416667
vt 0.958333 0.500000
vt 0.958333 0.583333
vt 0.958333 0.666667
vt 0.958333 0.750000
vt 0.958333 0.833333
vt 0.958333 0.916667
vt 0.958333 1.000000
vt 0.958333 0.000000
vt 0.958333 0.083333
vt 0.958333 0.166667
vt 0.958333 0.250000
vt 0.958333 0.333333
vt 0.958333 0.416667
vt 0.979167 0.500000
vt 0.979167 0.583333
vt 0.979167 0.666667
vt 0.979167 0.750000
vt 0.979167 0.833333
vt 0.979167 0.916667
vt 0.979167 1.000000
vt 0.979167 0.000000
vt 0.979167 0.083333
vt 0.979167 0.166667
vt 0.979167 0.250000
vt 0.979167 0.333333
vt 0.979167 0.416667
vt 1.000000 0.500000
vt 1.000000 0.583333
vt 1.000000 0.666667
vt 1.000000 0.750000
vt 1.000000 0.833333
vt 1.000000 0.916667
vt 1.000000 1.000000
vt 1.000000 0.000000
vt 1.000000 0.083333
vt 1.000000 0.166667
vt 1.000000 0.250000
vt 1.000000 0.333333
vt 1.000000 0.416667
vt 0.000000 0.500000
vt 0.020833 0.500000
vt 0.020833 0.583333
vt 0.000000 0.583333
vt 0.020833 0.666667
vt 0.000000 0.666667
vt 0.020833 0.750000
vt 0.000000 0.750000
vt 0.020833 0.833333
vt 0.000000 0.833333
vt 0.020833 0.916667
vt 0.000000 0.916667
vt 0.020833 1.000000
vt 0.000000 1.000000
vt 0.000000 0.000000
vt 0.020833 0.000000
vt 0.020833 0.083333
vt 0.000000 0.083333
vt 0.020833 0.166667
vt 0.000000 0.166667
vt 0.020833 0.250000
vt 0.000000 0.250000
vt 0.020833 0.333333
vt 0.000000 0.333333
vt 0.020833 0.416667
vt 0.000000 0.416667
vt 0.041667 0.500000
vt 0.041667 0.583333
vt 0.041667 0.666667
vt 0.041667 0.750000
vt 0.041667 0.833333
vt 0.041667 0.916667
vt 0.041667 1.000000
vt 0.041667 0.000000
vt 0.041667 0.083333
vt 0.041667 0.166667
vt 0.041667 0.250000
vt 0.041667 0.333333
vt 0.041667 0.416667
vt 0.062500 0.500000
vt 0.062500 0.583333
vt 0.062500 0.666667
vt 0.062500 0.750000
vt 0.062500 0.833333
vt 0.062500 0.916667
vt 0.062500 1.000000
vt 0.062500 0.000000
vt 0.062500 0.083333
vt 0.062500 0.166667
vt 0.062500 0.250000
vt 0.062500 0.333333
vt 0.062500 0.416667
vt 0.083333 0.500000
vt 0.083333 0.583333
vt 0.083333 0.666667
vt 0.083333 0.750000
vt 0.083333 0.833333
vt 0.083333 0.916667
vt 0.083333 1.000000
vt 0.083333 0.000000
vt 0.083333 0.083333
vt 0.083333 0.166667
vt 0.083333 0.250000
vt 0.083333 0.333333
vt 0.083333 0.416667
vt 0.104167 0.500000
vt 0.104167 0.583333
vt 0.104167 0.666667
vt 0.104167 0.750000
vt 0.104167 0.833333
vt 0.104167 0.916667
vt 0.104167 1.000000
vt 0.104167 0.000000
vt 0.104167 0.083333
vt 0.104167 0.166667
vt 0.104167 0.250000
vt 0.104167 0.333333
vt 0.104167 0.416667
vt 0.125000 0.500000
vt 0.125000 0.583333
vt 0.125000 0.666667
vt 0.125000 0.750000
vt 0.125000 0.833333
vt 0.125000 0.916667
vt 0.125000 1.000000
vt 0.125000 0.000000
vt 0.125000 0.083333
vt 0.125000 0.166667
vt 0.125000 0.250000
vt 0.125000 0.333333
vt 0.125000 0.416667
vt 0.145833 0.500000
vt 0.145833 0.583333
vt 0.145833 0.666667
vt 0.145833 0.750000
vt 0.145833 0.833333
vt 0.145833 0.916667
vt 0.145833 1.000000
vt 0.145833 0.000000
vt 0.145833 0.083333
vt 0.145833 0.166667
vt 0.145833 0.250000
vt 0.145833 0.333333
vt 0.145833 0.416667
vt 0.166667 0.500000
vt 0.166667 0.583333
vt 0.166667 0.666667
vt 0.166667 0.750000
vt 0.166667 0.833333
vt 0.166667 0.916667
vt 0.166667 1.000000
vt 0.166667 0.000000
vt 0.166667 0.083333
vt 0.166667 0.166667
vt 0.166667 0.250000
vt 0.166667 0.333333
vt 0.166667 0.416667
vt 0.187500 0.500000
vt 0.187500 0.583333
vt 0.187500 0.666667
vt 0.187500 0.750000
vt 0.187500 0.833333
vt 0.187500 0.916667
vt 0.187500 1.000000
vt 0.187500 0.000000
vt 0.187500 0.083333
vt 0.187500 0.166667
vt 0.187500 0.250000
vt 0.187500 0.333333
vt 0.187500 0.416667
vt 0.208333 0.500000
vt 0.208333 0.583333
vt 0.208333 0.666667
vt 0.208333 0.750000
vt 0.208333 0.833333
vt 0.208333 0.916667
vt 0.208333 1.000000
vt 0.208333 0.000000
vt 0.208333 0.083333
vt 0.208333 0.166667
vt 0.208333 0.250000
vt 0.208333 0.333333
vt 0.208333 0.416667
vt 0.229167 0.500000
vt 0.229167 0.583333
vt 0.229167 0.666667
vt 0.229167 0.750000
vt 0.229167 0.833333
vt 0.229167 0.916667
vt 0.229167 1.000000
vt 0.229167 0.000000
vt 0.229167 0.083333
vt 0.229167 0.166667
vt 0.229167 0.250000
vt 0.229167 0.333333
vt 0.229167 0.416667
vt 0.250000 0.500000
vt 0.250000 0.583333
vt 0.250000 0.666667
vt 0.250000 0.750000
vt 0.250000 0.833333
vt 0.250000 0.916667
vt 0.250000 1.000000
vt 0.250000 0.000000
vt 0.250000 0.083333
vt 0.250000 0.166667
vt 0.250000 0.250000
vt 0.250000 0.333333
vt 0.250000 0.416667
vt 0.270833 0.500000
vt 0.270833 0.583333
vt 0.270833 0.666667
vt 0.270833 0.750000
vt 0.270833 0.833333
vt 0.270833 0.916667
vt 0.270833 1.000000
vt 0.270833 0.000000
vt 0.270833 0.083333
vt 0.270833 0.166667
vt 0.270833 0.250000
vt 0.270833 0.333333
vt 0.270833 0.416667
vt 0.291667 0.500000
vt 0.291667 0.583333
vt 0.291667 0.666667
vt 0.291667 0.750000
vt 0.291667 0.833333
vt 0.291667 0.916667
vt 0.291667 1.000000
vt 0.291667 0.000000
vt 0.291667 0.083333
vt 0.291667 0.166667
vt 0.291667 0.250000
vt 0.291667 0.333333
vt 0.291667 0.416667
vt 0.312500 0.500000
vt 0.312500 0.583333
vt 0.312500 0.666667
vt 0.312500 0.750000
vt 0.312500 0.833333
vt 0.312500 0.916667
vt 0.312500 1.000000
vt 0.312500 0.000000
vt 0.312500 0.083333
vt 0.312500 0.166667
vt 0.312500 0.250000
vt 0.312500 0.333333
vt 0.312500 0.416667
vt 0.333333 0.500000
vt 0.333333 0.583333
vt 0.333333 0.666667
vt 0.333333 0.750000
vt 0.333333 0.833333
vt 0.333333 0.916667
vt 0.333333 1.000000
vt 0.333333 0.000000
vt 0.333333 0.083333
vt 0.333333 0.166667
vt 0.333333 0.250000
vt 0.333333 0.333333
vt 0.333333 0.416667
vt 0.354167 0.500000
vt 0.354167 0.583333
vt 0.354167 0.666667
vt 0.354167 0.750000
vt 0.354167 0.833333
vt 0.354167 0.916667
vt 0.354167 1.000000
vt 0.354167 0.000000
vt 0.354167 0.083333
vt 0.354167 0.166667
vt 0.354167 0.250000
vt 0.354167 0.333333
vt 0.354167 0.416667
vt 0.375000 0.500000
vt 0.375000 0.583333
vt 0.375000 0.666667
vt 0.375000 0.750000
vt 0.375000 0.833333
vt 0.375000 0.916667
vt 0.375000 1.000000
vt 0.375000 0.000000
vt 0.375000 0.083333
vt 0.375000 0.166667
vt 0.375000 0.250000
vt 0.375000 0.333333
vt 0.375000 0.416667
vt 0.395833 0.500000
vt 0.395833 0.583333
vt 0.395833 0.666667
vt 0.395833 0.750000
vt 0.395833 0.833333
vt 0.395833 0.916667
vt 0.395833 1.000000
vt 0.395833 0.000000
vt 0.395833 0.083333
vt 0.395833 0.166667
vt 0.395833 0.250000
vt 0.395833 0.333333
vt 0.395833 0.416667
vt 0.416667 0.500000
vt 0.416667 0.583333
vt 0.416667 0.666667
vt 0.416667 0.750000
vt 0.416667 0.833333
vt 0.416667 0.916667
vt 0.416667 1.000000
vt 0.416667 0.000000
vt 0.416667 0.083333
vt 0.416667 0.166667
vt 0.416667 0.250000
vt 0.416667 0.333333
vt 0.416667 0.416667
vt 0.437500 0.500000
vt 0.437500 0.583333
vt 0.437500 0.666667
vt 0.437500 0.750000
vt 0.437500 0.833333
vt 0.437500 0.916667
vt 0.437500 1.000000
vt 0.437500 0.000000
vt 0.437500 0.083333
vt 0.437500 0.166667
vt 0.437500 0.250000
vt 0.437500 0.333333
vt 0.437500 0.416667
vt 0.458333 0.500000
vt 0.458333 0.583333
vt 0.458333 0.666667
vt 0.458333 0.750000
vt 0.458333 0.833333
vt 0.458333 0.916667
vt 0.458333 1.000000
vt 0.458333 0.000000
vt 0.458333 0.083333
vt 0.458333 0.166667
vt 0.458333 0.250000
vt 0.458333 0.333333
vt 0.458333 0.416667
vt 0.479167 0.500000
vt 0.479167 0.583333
vt 0.479167 0.666667
vt 0.479167 0.750000
vt 0.479167 0.833333
vt 0.479167 0.916667
vt 0.479167 1.000000
vt 0.479167 0.000000
vt 0.479167 0.083333
vt 0.479167 0.166667
vt 0.479167 0.250000
vt 0.479167 0.333333
vt 0.479167 0.416667
vt 0.968750 0.594733
vt 0.968750 1.000000
vt 0.937500 0.594733
vt 0.937500 0.594733
vt 0.906250 1.000000
vt 0.906250 0.594733
vt 0.906250 0.594733
vt 0.875000 0.594733
vt 0.875000 0.594733
vt 0.843750 1.000000
vt 0.843750 0.594733
vt 0.812500 0.594733
vt 0.781250 1.000000
vt 0.781250 0.594733
vt 0.750000 0.594733
vt 0.718750 1.000000
vt 0.718750 0.594733
vt 0.687500 0.594733
vt 0.656250 1.000000
vt 0.656250 0.594733
vt 0.656250 0.594733
vt 0.625000 0.594733
vt 0.625000 0.594733
vt 0.593750 1.000000
vt 0.593750 0.594733
vt 0.562500 0.594733
vt 0.531250 1.000000
vt 0.531250 0.594733
vt 0.500000 0.594733
vt 0.468750 1.000000
vt 0.468750 0.594733
vt 0.468750 0.594733
vt 0.437500 0.594733
vt 0.437500 0.594733
vt 0.406250 1.000000
vt 0.406250 0.594733
vt 0.375000 0.594733
vt 0.343750 1.000000
vt 0.343750 0.594733
vt 0.031250 0.594733
vt 0.031250 1.000000
vt 0.000000 1.000000
vt 0.000000 0.594733
vt 0.750000 0.283959
vt 0.756625 0.283307
vt 0.762996 0.281374
vt 0.768867 0.278236
vt 0.774013 0.274013
vt 0.778236 0.268867
vt 0.781374 0.262996
vt 0.783307 0.256625
vt 0.783959 0.250000
vt 0.783307 0.243375
vt 0.781374 0.237004
vt 0.778236 0.231133
vt 0.774013 0.225987
vt 0.768867 0.221764
vt 0.762996 0.218626
vt 0.756625 0.216693
vt 0.750000 0.216041
vt 0.743375 0.216693
vt 0.737004 0.218626
vt 0.731133 0.221764
vt 0.725987 0.225987
vt 0.721764 0.231133
vt 0.718626 0.237004
vt 0.716693 0.243375
vt 0.716041 0.250000
vt 0.716693 0.256625
vt 0.718626 0.262996
vt 0.721764 0.268867
vt 0.725987 0.274013
vt 0.731133 0.278236
vt 0.737004 0.281374
vt 0.743375 0.283307
vt 1.000000 0.594733
vt 0.312500 0.594733
vt 0.281250 1.000000
vt 0.281250 0.594733
vt 0.250000 0.594733
vt 0.218750 1.000000
vt 0.218750 0.594733
vt 0.187500 0.594733
vt 0.156250 1.000000
vt 0.156250 0.594733
vt 0.125000 0.594733
vt 0.671392 0.197476
vt 0.662655 0.213821
vt 0.657275 0.231556
vt 0.655459 0.250000
vt 0.657276 0.268444
vt 0.662656 0.286179
vt 0.671392 0.302524
vt 0.683150 0.316851
vt 0.697476 0.328608
vt 0.713821 0.337345
vt 0.731556 0.342725
vt 0.750000 0.344541
vt 0.768444 0.342725
vt 0.786179 0.337345
vt 0.802525 0.328608
vt 0.816851 0.316851
vt 0.828608 0.302524
vt 0.837345 0.286179
vt 0.842724 0.268444
vt 0.844541 0.250000
vt 0.842725 0.231556
vt 0.837344 0.213821
vt 0.828608 0.197476
vt 0.816850 0.183149
vt 0.802524 0.171392
vt 0.786179 0.162655
vt 0.768444 0.157275
vt 0.750000 0.155459
vt 0.731556 0.157275
vt 0.713821 0.162656
vt 0.697476 0.171392
vt 0.683150 0.183149
vt 0.093750 1.000000
vt 0.093750 0.594733
vt 0.062500 0.594733
vt 0.028269 0.158156
vt 0.050447 0.116663
vt 0.080294 0.080294
vt 0.116663 0.050447
vt 0.158156 0.028269
vt 0.203178 0.014612
vt 0.250000 0.010000
vt 0.296822 0.014612
vt 0.341844 0.028269
vt 0.383337 0.050447
vt 0.419706 0.080294
vt 0.449553 0.116663
vt 0.471731 0.158156
vt 0.485388 0.203178
vt 0.490000 0.250000
vt 0.485388 0.296822
vt 0.471731 0.341844
vt 0.449553 0.383337
vt 0.419706 0.419706
vt 0.383337 0.449553
vt 0.341844 0.471731
vt 0.296822 0.485388
vt 0.250000 0.490000
vt 0.203178 0.485388
vt 0.158156 0.471731
vt 0.116663 0.449553
vt 0.080294 0.419706
vt 0.050447 0.383337
vt 0.028269 0.341844
vt 0.014612 0.296822
vt 0.010000 0.250000
vt 0.014612 0.203178
vt 0.034024 0.500000
vt 0.059726 0.500000
vt 0.662152 0.472943
vt 0.699182 0.484176
vt 0.096524 0.500000
vt 0.122226 0.500000
vt 0.583522 0.422355
vt 0.613435 0.446904
vt 0.159024 0.500000
vt 0.184726 0.500000
vt 0.530237 0.345527
vt 0.548479 0.379654
vt 0.221524 0.500000
vt 0.247226 0.500000
vt 0.510409 0.254156
vt 0.514202 0.292666
vt 0.284024 0.500000
vt 0.309726 0.500000
vt 0.527057 0.162152
vt 0.515824 0.199182
vt 0.971524 0.500000
vt 0.997226 0.500000
vt 0.577645 0.083522
vt 0.553096 0.113435
vt 0.002774 0.500000
vt 0.028476 0.500000
vt 0.707334 0.485798
vt 0.745844 0.489591
vt 0.065274 0.500000
vt 0.090976 0.500000
vt 0.620346 0.451521
vt 0.654473 0.469763
vt 0.127774 0.500000
vt 0.153476 0.500000
vt 0.553096 0.386565
vt 0.577645 0.416478
vt 0.190274 0.500000
vt 0.215976 0.500000
vt 0.515824 0.300818
vt 0.527057 0.337848
vt 0.252774 0.500000
vt 0.278476 0.500000
vt 0.514202 0.207334
vt 0.510409 0.245844
vt 0.315274 0.500000
vt 0.340976 0.500000
vt 0.548479 0.120346
vt 0.530237 0.154473
vt 0.940274 0.500000
vt 0.965976 0.500000
vt 0.613435 0.053096
vt 0.583522 0.077645
vt 0.909024 0.500000
vt 0.934726 0.500000
vt 0.654473 0.030237
vt 0.620346 0.048479
vt 0.877774 0.500000
vt 0.903476 0.500000
vt 0.699182 0.015824
vt 0.662152 0.027057
vt 0.846524 0.500000
vt 0.872226 0.500000
vt 0.745844 0.010409
vt 0.707334 0.014202
vt 0.815274 0.500000
vt 0.840976 0.500000
vt 0.792666 0.014202
vt 0.754156 0.010409
vt 0.784024 0.500000
vt 0.809726 0.500000
vt 0.837848 0.027057
vt 0.800818 0.015824
vt 0.752774 0.500000
vt 0.778476 0.500000
vt 0.879654 0.048479
vt 0.845527 0.030237
vt 0.721524 0.500000
vt 0.747226 0.500000
vt 0.916478 0.077645
vt 0.886565 0.053096
vt 0.690274 0.500000
vt 0.715976 0.500000
vt 0.946904 0.113435
vt 0.922355 0.083522
vt 0.659024 0.500000
vt 0.684726 0.500000
vt 0.969763 0.154473
vt 0.951521 0.120346
vt 0.627774 0.500000
vt 0.653476 0.500000
vt 0.984176 0.199182
vt 0.972943 0.162152
vt 0.596524 0.500000
vt 0.622226 0.500000
vt 0.989591 0.245844
vt 0.985798 0.207334
vt 0.565274 0.500000
vt 0.590976 0.500000
vt 0.985798 0.292666
vt 0.989591 0.254156
vt 0.534024 0.500000
vt 0.559726 0.500000
vt 0.972943 0.337848
vt 0.984176 0.300818
vt 0.502774 0.500000
vt 0.528476 0.500000
vt 0.951521 0.379654
vt 0.969763 0.345527
vt 0.471524 0.500000
vt 0.497226 0.500000
vt 0.922355 0.416478
vt 0.946903 0.386565
vt 0.440274 0.500000
vt 0.465976 0.500000
vt 0.886565 0.446904
vt 0.916478 0.422355
vt 0.409024 0.500000
vt 0.434726 0.500000
vt 0.845527 0.469763
vt 0.879654 0.451521
vt 0.377774 0.500000
vt 0.403476 0.500000
vt 0.800818 0.484176
vt 0.837848 0.472943
vt 0.346524 0.500000
vt 0.372226 0.500000
vt 0.754156 0.489591
vt 0.792666 0.485798
vt 0.031250 0.611875
vt 0.000000 0.611875
vt 1.000000 0.611875
vt 0.968750 0.611875
vt 0.937500 0.611875
vt 0.906250 0.611875
vt 0.875000 0.611875
vt 0.843750 0.611875
vt 0.812500 0.611875
vt 0.812500 0.611875
vt 0.781250 0.611875
vt 0.750000 0.611875
vt 0.718750 0.611875
vt 0.687500 0.611875
vt 0.656250 0.611875
vt 0.656250 0.611875
vt 0.625000 0.611875
vt 0.562500 0.611875
vt 0.531250 0.611875
vt 0.593750 0.611875
vt 0.500000 0.611875
vt 0.468750 0.611875
vt 0.437500 0.611875
vt 0.406250 0.611875
vt 0.406250 0.611875
vt 0.375000 0.611875
vt 0.343750 0.611875
vt 0.312500 0.611875
vt 0.281250 0.611875
vt 0.250000 0.611875
vt 0.218750 0.611875
vt 0.187500 0.611875
vt 0.156250 0.611875
vt 0.125000 0.611875
vt 0.093750 0.611875
vt 0.062500 0.611875
vt 0.659564 0.500000
vt 0.684186 0.500000
vt 0.969379 0.153756
vt 0.951905 0.121063
vt 0.805056 0.213213
vt 0.811175 0.224661
vt 0.722064 0.500000
vt 0.746686 0.500000
vt 0.989511 0.245035
vt 0.985877 0.208143
vt 0.814943 0.237082
vt 0.816215 0.250000
vt 0.972064 0.500000
vt 0.996686 0.500000
vt 0.754965 0.489511
vt 0.791857 0.485877
vt 0.762918 0.314943
vt 0.750000 0.316215
vt 0.628314 0.500000
vt 0.652936 0.500000
vt 0.946388 0.112806
vt 0.922871 0.084151
vt 0.796821 0.203179
vt 0.690814 0.500000
vt 0.715436 0.500000
vt 0.983940 0.198404
vt 0.973179 0.162930
vt 0.753314 0.500000
vt 0.777936 0.500000
vt 0.985877 0.291857
vt 0.989511 0.254965
vt 0.814943 0.262918
vt 0.784564 0.500000
vt 0.809186 0.500000
vt 0.973179 0.337070
vt 0.983940 0.301596
vt 0.811175 0.275339
vt 0.815814 0.500000
vt 0.840436 0.500000
vt 0.951905 0.378937
vt 0.969379 0.346244
vt 0.805056 0.286787
vt 0.847064 0.500000
vt 0.871686 0.500000
vt 0.922871 0.415849
vt 0.946388 0.387193
vt 0.796821 0.296821
vt 0.878314 0.500000
vt 0.902936 0.500000
vt 0.887193 0.446388
vt 0.915849 0.422871
vt 0.786787 0.305056
vt 0.909564 0.500000
vt 0.934186 0.500000
vt 0.846244 0.469379
vt 0.878937 0.451905
vt 0.775339 0.311175
vt 0.940814 0.500000
vt 0.965436 0.500000
vt 0.801596 0.483940
vt 0.837070 0.473179
vt 0.597064 0.500000
vt 0.621686 0.500000
vt 0.915849 0.077129
vt 0.887193 0.053612
vt 0.786787 0.194944
vt 0.565814 0.500000
vt 0.590436 0.500000
vt 0.878937 0.048095
vt 0.846244 0.030621
vt 0.775339 0.188825
vt 0.534564 0.500000
vt 0.559186 0.500000
vt 0.837070 0.026821
vt 0.801596 0.016060
vt 0.762918 0.185057
vt 0.503314 0.500000
vt 0.527936 0.500000
vt 0.791857 0.014123
vt 0.754965 0.010489
vt 0.750000 0.183785
vt 0.472064 0.500000
vt 0.496686 0.500000
vt 0.745035 0.010489
vt 0.708143 0.014123
vt 0.737082 0.185057
vt 0.440814 0.500000
vt 0.465436 0.500000
vt 0.698404 0.016060
vt 0.662930 0.026821
vt 0.724661 0.188825
vt 0.409564 0.500000
vt 0.434186 0.500000
vt 0.653756 0.030621
vt 0.621063 0.048095
vt 0.713213 0.194944
vt 0.378314 0.500000
vt 0.402936 0.500000
vt 0.612806 0.053612
vt 0.584151 0.077129
vt 0.703179 0.203179
vt 0.347064 0.500000
vt 0.371686 0.500000
vt 0.577129 0.084151
vt 0.553612 0.112807
vt 0.694945 0.213213
vt 0.315814 0.500000
vt 0.340436 0.500000
vt 0.548095 0.121063
vt 0.530621 0.153756
vt 0.688825 0.224661
vt 0.284564 0.500000
vt 0.309186 0.500000
vt 0.526821 0.162930
vt 0.516060 0.198404
vt 0.685057 0.237082
vt 0.253314 0.500000
vt 0.277936 0.500000
vt 0.514122 0.208143
vt 0.510489 0.245035
vt 0.683785 0.250000
vt 0.222064 0.500000
vt 0.246686 0.500000
vt 0.510489 0.254965
vt 0.514123 0.291857
vt 0.685057 0.262918
vt 0.190814 0.500000
vt 0.215436 0.500000
vt 0.516060 0.301596
vt 0.526821 0.337070
vt 0.688825 0.275339
vt 0.159564 0.500000
vt 0.184186 0.500000
vt 0.530621 0.346244
vt 0.548095 0.378937
vt 0.694944 0.286787
vt 0.128314 0.500000
vt 0.152936 0.500000
vt 0.553612 0.387193
vt 0.577129 0.415849
vt 0.703179 0.296821
vt 0.097064 0.500000
vt 0.121686 0.500000
vt 0.584151 0.422871
vt 0.612807 0.446388
vt 0.713213 0.305056
vt 0.065814 0.500000
vt 0.090436 0.500000
vt 0.621063 0.451905
vt 0.653756 0.469379
vt 0.724661 0.311175
vt 0.034564 0.500000
vt 0.059186 0.500000
vt 0.662930 0.473179
vt 0.698404 0.483940
vt 0.737082 0.314943
vt 0.003314 0.500000
vt 0.027936 0.500000
vt 0.708143 0.485877
vt 0.745035 0.489511
s 1
f 730/1/681 26/2/26 30/3/30 732/4/682
f 738/5/685 38/6/38 42/7/42 740/8/686
f 740/9/686 42/10/42 46/11/46 743/12/687
f 743/13/687 46/11/46 50/14/50 746/15/689
f 746/16/689 50/14/50 54/17/54 749/18/690
f 749/19/690 54/17/54 58/20/58 751/21/691
f 751/22/691 58/20/58 62/23/62 754/24/692
f 754/25/692 62/23/62 66/26/66 757/27/694
f 757/28/694 66/29/66 70/30/70 760/31/695
f 760/32/695 70/30/70 74/33/74 762/34/696
f 762/35/696 74/33/74 78/36/78 765/37/697
f 765/38/697 78/36/78 82/39/82 768/40/699
f 768/41/699 82/39/82 86/42/86 771/43/700
f 771/44/700 86/42/86 90/45/90 773/46/701
f 773/47/701 90/45/90 94/48/94 776/49/702
f 776/50/702 94/48/94 98/51/98 779/52/704
f 779/53/704 98/54/98 102/55/102 782/56/705
f 782/57/705 102/55/102 106/58/106 784/59/706
f 784/60/706 106/58/106 110/61/110 787/62/707
f 787/63/707 110/64/110 114/65/114 790/66/709
f 790/67/709 114/65/114 118/68/118 793/69/710
f 793/70/710 118/68/118 122/71/122 795/72/711
f 795/73/711 122/71/122 126/74/126 798/75/712
f 798/76/712 126/77/126 130/78/130 801/79/714
f 801/80/714 130/78/130 134/81/134 804/82/715
f 804/83/715 134/81/134 138/84/138 806/85/716
f 806/86/716 138/84/138 142/87/142 809/88/717
f 809/89/717 142/87/142 146/90/146 811/91/718
f 811/92/718 146/90/146 150/93/150 813/94/719
f 732/95/682 30/3/30 34/96/34 735/97/684
f 735/98/684 34/96/34 38/6/38 738/99/685
f 813/100/719 150/93/150 26/101/26 730/102/681
f 30/3/30 26/2/26 28/103/28 32/104/32
f 32/105/32 28/106/28 27/107/27 31/108/31
f 31/108/31 27/107/27 25/109/25 29/110/29
f 34/96/34 30/3/30 32/111/32 36/112/36
f 36/113/36 32/114/32 31/108/31 35/115/35
f 35/115/35 31/108/31 29/110/29 33/116/33
f 38/6/38 34/96/34 36/117/36 40/118/40
f 40/119/40 36/120/36 35/115/35 39/121/39
f 39/121/39 35/115/35 33/116/33 37/122/37
f 42/7/42 38/6/38 40/123/40 44/124/44
f 44/125/44 40/126/40 39/121/39 43/127/43
f 43/127/43 39/121/39 37/122/37 41/128/41
f 46/11/46 42/10/42 44/129/44 48/130/48
f 48/131/48 44/132/44 43/127/43 47/133/47
f 47/133/47 43/127/43 41/128/41 45/134/45
f 50/14/50 46/11/46 48/135/48 52/136/52
f 52/137/52 48/138/48 47/133/47 51/139/51
f 51/139/51 47/133/47 45/134/45 49/140/49
f 54/17/54 50/14/50 52/141/52 56/142/56
f 56/143/56 52/144/52 51/139/51 55/145/55
f 55/145/55 51/139/51 49/140/49 53/146/53
f 58/20/58 54/17/54 56/147/56 60/148/60
f 60/149/60 56/150/56 55/145/55 59/151/59
f 59/151/59 55/145/55 53/146/53 57/152/57
f 62/23/62 58/20/58 60/153/60 64/154/64
f 64/155/64 60/156/60 59/151/59 63/157/63
f 63/157/63 59/151/59 57/152/57 61/158/61
f 66/26/66 62/23/62 64/159/64 68/160/68
f 68/161/68 64/162/64 63/157/63 67/163/67
f 67/163/67 63/157/63 61/158/61 65/164/65
f 70/30/70 66/29/66 68/165/68 72/166/72
f 72/167/72 68/168/68 67/163/67 71/169/71
f 71/169/71 67/163/67 65/164/65 69/170/69
f 74/33/74 70/30/70 72/171/72 76/172/76
f 76/173/76 72/174/72 71/169/71 75/175/75
f 75/175/75 71/169/71 69/170/69 73/176/73
f 78/36/78 74/33/74 76/177/76 80/178/80
f 80/179/80 76/180/76 75/175/75 79/181/79
f 79/181/79 75/175/75 73/176/73 77/182/77
f 82/39/82 78/36/78 80/183/80 84/184/84
f 84/185/84 80/186/80 79/181/79 83/187/83
f 83/187/83 79/181/79 77/182/77 81/188/81
f 86/42/86 82/39/82 84/189/84 88/190/88
f 88/191/88 84/192/84 83/187/83 87/193/87
f 87/193/87 83/187/83 81/188/81 85/194/85
f 90/45/90 86/42/86 88/195/88 92/196/92
f 92/197/92 88/198/88 87/193/87 91/199/91
f 91/199/91 87/193/87 85/194/85 89/200/89
f 94/48/94 90/45/90 92/201/92 96/202/96
f 96/203/96 92/204/92 91/199/91 95/205/95
f 95/205/95 91/199/91 89/200/89 93/206/93
f 98/51/98 94/48/94 96/207/96 100/208/100
f 100/209/100 96/210/96 95/205/95 99/211/99
f 99/211/99 95/205/95 93/206/93 97/212/97
f 102/55/102 98/54/98 100/213/100 104/214/104
f 104/215/104 100/216/100 99/211/99 103/217/103
f 103/217/103 99/211/99 97/212/97 101/218/101
f 106/58/106 102/55/102 104/219/104 108/220/108
f 108/221/108 104/222/104 103/217/103 107/223/107
f 107/223/107 103/217/103 101/218/101 105/224/105
f 110/61/110 106/58/106 108/225/108 112/226/112
f 112/227/112 108/228/108 107/223/107 111/229/111
f 111/229/111 107/223/107 105/224/105 109/230/109
f 114/65/114 110/64/110 112/231/112 116/232/116
f 116/233/116 112/234/112 111/229/111 115/235/115
f 115/235/115 111/229/111 109/230/109 113/236/113
f 118/68/118 114/65/114 116/237/116 120/238/120
f 120/239/120 116/240/116 115/235/115 119/241/119
f 119/241/119 115/235/115 113/236/113 117/242/117
f 122/71/122 118/68/118 120/243/120 124/244/124
f 124/245/124 120/246/120 119/241/119 123/247/123
f 123/247/123 119/241/119 117/242/117 121/248/121
f 126/74/126 122/71/122 124/249/124 128/250/128
f 128/251/128 124/252/124 123/247/123 127/253/127
f 127/253/127 123/247/123 121/248/121 125/254/125
f 130/78/130 126/77/126 128/255/128 132/256/132
f 132/257/132 128/258/128 127/253/127 131/259/131
f 131/259/131 127/253/127 125/254/125 129/260/129
f 134/81/134 130/78/130 132/261/132 136/262/136
f 136/263/136 132/264/132 131/259/131 135/265/135
f 135/265/135 131/259/131 129/260/129 133/266/133
f 138/84/138 134/81/134 136/267/136 140/268/140
f 140/269/140 136/270/136 135/265/135 139/271/139
f 139/271/139 135/265/135 133/266/133 137/272/137
f 142/87/142 138/84/138 140/273/140 144/274/144
f 144/275/144 140/276/140 139/271/139 143/277/143
f 143/277/143 139/271/139 137/272/137 141/278/141
f 146/90/146 142/87/142 144/279/144 148/280/148
f 148/281/148 144/282/144 143/277/143 147/283/147
f 147/283/147 143/277/143 141/278/141 145/284/145
f 150/93/150 146/90/146 148/285/148 152/286/152
f 152/287/152 148/288/148 147/283/147 151/289/151
f 151/289/151 147/283/147 145/284/145 149/290/149
f 26/101/26 150/93/150 152/291/152 28/292/28
f 28/293/28 152/294/152 151/289/151 27/107/27
f 27/107/27 151/289/151 149/290/149 25/109/25
f 29/110/29 25/109/25 149/290/149 145/284/145 141/278/141 137/272/137 133/266/133 129/260/129 125/254/125 121/248/121 117/242/117 113/236/113 109/230/109 105/224/105 101/218/101 97/212/97 93/206/93 89/200/89 85/194/85 81/188/81 77/182/77 73/176/73 69/170/69 65/164/65 61/158/61 57/152/57 53/146/53 49/140/49 45/134/45 41/128/41 37/122/37 33/116/33
f 153/295/153 165/296/165 166/297/166 154/298/154
f 154/298/154 166/297/166 167/299/167 155/300/155
f 155/300/155 167/299/167 168/301/168 156/302/156
f 156/302/156 168/301/168 169/303/169 157/304/157
f 157/304/157 169/303/169 170/305/170 158/306/158
f 158/306/158 170/305/170 171/307/171 159/308/159
f 159/309/159 171/310/171 172/311/172 160/312/160
f 160/312/160 172/311/172 173/313/173 161/314/161
f 161/314/161 173/313/173 174/315/174 162/316/162
f 162/316/162 174/315/174 175/317/175 163/318/163
f 163/318/163 175/317/175 176/319/176 164/320/164
f 164/320/164 176/319/176 165/296/165 153/295/153
f 165/296/165 177/321/177 178/322/178 166/297/166
f 166/297/166 178/322/178 179/323/179 167/299/167
f 167/299/167 179/323/179 180/324/180 168/301/168
f 168/301/168 180/324/180 181/325/181 169/303/169
f 169/303/169 181/325/181 182/326/182 170/305/170
f 170/305/170 182/326/182 183/327/183 171/307/171
f 171/310/171 183/328/183 184/329/184 172/311/172
f 172/311/172 184/329/184 185/330/185 173/313/173
f 173/313/173 185/330/185 186/331/186 174/315/174
f 174/315/174 186/331/186 187/332/187 175/317/175
f 175/317/175 187/332/187 188/333/188 176/319/176
f 176/319/176 188/333/188 177/321/177 165/296/165
f 177/321/177 189/334/189 190/335/190 178/322/178
f 178/322/178 190/335/190 191/336/191 179/323/179
f 179/323/179 191/336/191 192/337/192 180/324/180
f 180/324/180 192/337/192 193/338/193 181/325/181
f 181/325/181 193/338/193 194/339/194 182/326/182
f 182/326/182 194/339/194 195/340/195 183/327/183
f 183/328/183 195/341/195 196/342/196 184/329/184
f 184/329/184 196/342/196 197/343/197 185/330/185
f 185/330/185 197/343/197 198/344/198 186/331/186
f 186/331/186 198/344/198 199/345/199 187/332/187
f 187/332/187 199/345/199 200/346/200 188/333/188
f 188/333/188 200/346/200 189/334/189 177/321/177
f 189/334/189 201/347/201 202/348/202 190/335/190
f 190/335/190 202/348/202 203/349/203 191/336/191
f 191/336/191 203/349/203 204/350/204 192/337/192
f 192/337/192 204/350/204 205/351/205 193/338/193
f 193/338/193 205/351/205 206/352/206 194/339/194
f 194/339/194 206/352/206 207/353/207 195/340/195
f 195/341/195 207/354/207 208/355/208 196/342/196
f 196/342/196 208/355/208 209/356/209 197/343/197
f 197/343/197 209/356/209 210/357/210 198/344/198
f 198/344/198 210/357/210 211/358/211 199/345/199
f 199/345/199 211/358/211 212/359/212 200/346/200
f 200/346/200 212/359/212 201/347/201 189/334/189
f 201/347/201 213/360/213 214/361/214 202/348/202
f 202/348/202 214/361/214 215/362/215 203/349/203
f 203/349/203 215/362/215 216/363/216 204/350/204
f 204/350/204 216/363/216 217/364/217 205/351/205
f 205/351/205 217/364/217 218/365/218 206/352/206
f 206/352/206 218/365/218 219/366/219 207/353/207
f 207/354/207 219/367/219 220/368/220 208/355/208
f 208/355/208 220/368/220 221/369/221 209/356/209
f 209/356/209 221/369/221 222/370/222 210/357/210
f 210/357/210 222/370/222 223/371/223 211/358/211
f 211/358/211 223/371/223 224/372/224 212/359/212
f 212/359/212 224/372/224 213/360/213 201/347/201
f 213/360/213 225/373/225 226/374/226 214/361/214
f 214/361/214 226/374/226 227/375/227 215/362/215
f 215/362/215 227/375/227 228/376/228 216/363/216
f 216/363/216 228/376/228 229/377/229 217/364/217
f 217/364/217 229/377/229 230/378/230 218/365/218
f 218/365/218 230/378/230 231/379/231 219/366/219
f 219/367/219 231/380/231 232/381/232 220/368/220
f 220/368/220 232/381/232 233/382/233 221/369/221
f 221/369/221 233/382/233 234/383/234 222/370/222
f 222/370/222 234/383/234 235/384/235 223/371/223
f 223/371/223 235/384/235 236/385/236 224/372/224
f 224/372/224 236/385/236 225/373/225 213/360/213
f 225/373/225 237/386/237 238/387/238 226/374/226
f 226/374/226 238/387/238 239/388/239 227/375/227
f 227/375/227 239/388/239 240/389/240 228/376/228
f 228/376/228 240/389/240 241/390/241 229/377/229
f 229/377/229 241/390/241 242/391/242 230/378/230
f 230/378/230 242/391/242 243/392/243 231/379/231
f 231/380/231 243/393/243 244/394/244 232/381/232
f 232/381/232 244/394/244 245/395/245 233/382/233
f 233/382/233 245/395/245 246/396/246 234/383/234
f 234/383/234 246/396/246 247/397/247 235/384/235
f 235/384/235 247/397/247 248/398/248 236/385/236
f 236/385/236 248/398/248 237/386/237 225/373/225
f 237/386/237 249/399/249 250/400/250 238/387/238
f 238/387/238 250/400/250 251/401/251 239/388/239
f 239/388/239 251/401/251 252/402/252 240/389/240
f 240/389/240 252/402/252 253/403/253 241/390/241
f 241/390/241 253/403/253 254/404/254 242/391/242
f 242/391/242 254/404/254 255/405/255 243/392/243
f 243/393/243 255/406/255 256/407/256 244/394/244
f 244/394/244 256/407/256 257/408/257 245/395/245
f 245/395/245 257/408/257 258/409/258 246/396/246
f 246/396/246 258/409/258 259/410/259 247/397/247
f 247/397/247 259/410/259 260/411/260 248/398/248
f 248/398/248 260/411/260 249/399/249 237/386/237
f 249/399/249 261/412/261 262/413/262 250/400/250
f 250/400/250 262/413/262 263/414/263 251/401/251
f 251/401/251 263/414/263 264/415/264 252/402/252
f 252/402/252 264/415/264 265/416/265 253/403/253
f 253/403/253 265/416/265 266/417/266 254/404/254
f 254/404/254 266/417/266 267/418/267 255/405/255
f 255/406/255 267/419/267 268/420/268 256/407/256
f 256/407/256 268/420/268 269/421/269 257/408/257
f 257/408/257 269/421/269 270/422/270 258/409/258
f 258/409/258 270/422/270 271/423/271 259/410/259
f 259/410/259 271/423/271 272/424/272 260/411/260
f 260/411/260 272/424/272 261/412/261 249/399/249
f 261/412/261 273/425/273 274/426/274 262/413/262
f 262/413/262 274/426/274 275/427/275 263/414/263
f 263/414/263 275/427/275 276/428/276 264/415/264
f 264/415/264 276/428/276 277/429/277 265/416/265
f 265/416/265 277/429/277 278/430/278 266/417/266
f 266/417/266 278/430/278 279/431/279 267/418/267
f 267/419/267 279/432/279 280/433/280 268/420/268
f 268/420/268 280/433/280 281/434/281 269/421/269
f 269/421/269 281/434/281 282/435/282 270/422/270
f 270/422/270 282/435/282 283/436/283 271/423/271
f 271/423/271 283/436/283 284/437/284 272/424/272
f 272/424/272 284/437/284 273/425/273 261/412/261
f 273/425/273 285/438/285 286/439/286 274/426/274
f 274/426/274 286/439/286 287/440/287 275/427/275
f 275/427/275 287/440/287 288/441/288 276/428/276
f 276/428/276 288/441/288 289/442/289 277/429/277
f 277/429/277 289/442/289 290/443/290 278/430/278
f 278/430/278 290/443/290 291/444/291 279/431/279
f 279/432/279 291/445/291 292/446/292 280/433/280
f 280/433/280 292/446/292 293/447/293 281/434/281
f 281/434/281 293/447/293 294/448/294 282/435/282
f 282/435/282 294/448/294 295/449/295 283/436/283
f 283/436/283 295/449/295 296/450/296 284/437/284
f 284/437/284 296/450/296 285/438/285 273/425/273
f 285/438/285 297/451/297 298/452/298 286/439/286
f 286/439/286 298/452/298 299/453/299 287/440/287
f 287/440/287 299/453/299 300/454/300 288/441/288
f 288/441/288 300/454/300 301/455/301 289/442/289
f 289/442/289 301/455/301 302/456/302 290/443/290
f 290/443/290 302/456/302 303/457/303 291/444/291
f 291/445/291 303/458/303 304/459/304 292/446/292
f 292/446/292 304/459/304 305/460/305 293/447/293
f 293/447/293 305/460/305 306/461/306 294/448/294
f 294/448/294 306/461/306 307/462/307 295/449/295
f 295/449/295 307/462/307 308/463/308 296/450/296
f 296/450/296 308/463/308 297/451/297 285/438/285
f 297/451/297 309/464/309 310/465/310 298/452/298
f 298/452/298 310/465/310 311/466/311 299/453/299
f 299/453/299 311/466/311 312/467/312 300/454/300
f 300/454/300 312/467/312 313/468/313 301/455/301
f 301/455/301 313/468/313 314/469/314 302/456/302
f 302/456/302 314/469/314 315/470/315 303/457/303
f 303/458/303 315/471/315 316/472/316 304/459/304
f 304/459/304 316/472/316 317/473/317 305/460/305
f 305/460/305 317/473/317 318/474/318 306/461/306
f 306/461/306 318/474/318 319/475/319 307/462/307
f 307/462/307 319/475/319 320/476/320 308/463/308
f 308/463/308 320/476/320 309/464/309 297/451/297
f 309/464/309 321/477/321 322/478/322 310/465/310
f 310/465/310 322/478/322 323/479/323 311/466/311
f 311/466/311 323/479/323 324/480/324 312/467/312
f 312/467/312 324/480/324 325/481/325 313/468/313
f 313/468/313 325/481/325 326/482/326 314/469/314
f 314/469/314 326/482/326 327/483/327 315/470/315
f 315/471/315 327/484/327 328/485/328 316/472/316
f 316/472/316 328/485/328 329/486/329 317/473/317
f 317/473/317 329/486/329 330/487/330 318/474/318
f 318/474/318 330/487/330 331/488/331 319/475/319
f 319/475/319 331/488/331 332/489/332 320/476/320
f 320/476/320 332/489/332 321/477/321 309/464/309
f 321/477/321 333/490/333 334/491/334 322/478/322
f 322/478/322 334/491/334 335/492/335 323/479/323
f 323/479/323 335/492/335 336/493/336 324/480/324
f 324/480/324 336/493/336 337/494/337 325/481/325
f 325/481/325 337/494/337 338/495/338 326/482/326
f 326/482/326 338/495/338 339/496/339 327/483/327
f 327/484/327 339/497/339 340/498/340 328/485/328
f 328/485/328 340/498/340 341/499/341 329/486/329
f 329/486/329 341/499/341 342/500/342 330/487/330
f 330/487/330 342/500/342 343/501/343 331/488/331
f 331/488/331 343/501/343 344/502/344 332/489/332
f 332/489/332 344/502/344 333/490/333 321/477/321
f 333/490/333 345/503/345 346/504/346 334/491/334
f 334/491/334 346/504/346 347/505/347 335/492/335
f 335/492/335 347/505/347 348/506/348 336/493/336
f 336/493/336 348/506/348 349/507/349 337/494/337
f 337/494/337 349/507/349 350/508/350 338/495/338
f 338/495/338 350/508/350 351/509/351 339/496/339
f 339/497/339 351/510/351 352/511/352 340/498/340
f 340/498/340 352/511/352 353/512/353 341/499/341
f 341/499/341 353/512/353 354/513/354 342/500/342
f 342/500/342 354/513/354 355/514/355 343/501/343
f 343/501/343 355/514/355 356/515/356 344/502/344
f 344/502/344 356/515/356 345/503/345 333/490/333
f 345/503/345 357/516/357 358/517/358 346/504/346
f 346/504/346 358/517/358 359/518/359 347/505/347
f 347/505/347 359/518/359 360/519/360 348/506/348
f 348/506/348 360/519/360 361/520/361 349/507/349
f 349/507/349 361/520/361 362/521/362 350/508/350
f 350/508/350 362/521/362 363/522/363 351/509/351
f 351/510/351 363/523/363 364/524/364 352/511/352
f 352/511/352 364/524/364 365/525/365 353/512/353
f 353/512/353 365/525/365 366/526/366 354/513/354
f 354/513/354 366/526/366 367/527/367 355/514/355
f 355/514/355 367/527/367 368/528/368 356/515/356
f 356/515/356 368/528/368 357/516/357 345/503/345
f 357/516/357 369/529/369 370/530/370 358/517/358
f 358/517/358 370/530/370 371/531/371 359/518/359
f 359/518/359 371/531/371 372/532/372 360/519/360
f 360/519/360 372/532/372 373/533/373 361/520/361
f 361/520/361 373/533/373 374/534/374 362/521/362
f 362/521/362 374/534/374 375/535/375 363/522/363
f 363/523/363 375/536/375 376/537/376 364/524/364
f 364/524/364 376/537/376 377/538/377 365/525/365
f 365/525/365 377/538/377 378/539/378 366/526/366
f 366/526/366 378/539/378 379/540/379 367/527/367
f 367/527/367 379/540/379 380/541/380 368/528/368
f 368/528/368 380/541/380 369/529/369 357/516/357
f 369/529/369 381/542/381 382/543/382 370/530/370
f 370/530/370 382/543/382 383/544/383 371/531/371
f 371/531/371 383/544/383 384/545/384 372/532/372
f 372/532/372 384/545/384 385/546/385 373/533/373
f 373/533/373 385/546/385 386/547/386 374/534/374
f 374/534/374 386/547/386 387/548/387 375/535/375
f 375/536/375 387/549/387 388/550/388 376/537/376
f 376/537/376 388/550/388 389/551/389 377/538/377
f 377/538/377 389/551/389 390/552/390 378/539/378
f 378/539/378 390/552/390 391/553/391 379/540/379
f 379/540/379 391/553/391 392/554/392 380/541/380
f 380/541/380 392/554/392 381/542/381 369/529/369
f 381/542/381 393/555/393 394/556/394 382/543/382
f 382/543/382 394/556/394 395/557/395 383/544/383
f 383/544/383 395/557/395 396/558/396 384/545/384
f 384/545/384 396/558/396 397/559/397 385/546/385
f 385/546/385 397/559/397 398/560/398 386/547/386
f 386/547/386 398/560/398 399/561/399 387/548/387
f 387/549/387 399/562/399 400/563/400 388/550/388
f 388/550/388 400/563/400 401/564/401 389/551/389
f 389/551/389 401/564/401 402/565/402 390/552/390
f 390/552/390 402/565/402 403/566/403 391/553/391
f 391/553/391 403/566/403 404/567/404 392/554/392
f 392/554/392 404/567/404 393/555/393 381/542/381
f 393/555/393 405/568/405 406/569/406 394/556/394
f 394/556/394 406/569/406 407/570/407 395/557/395
f 395/557/395 407/570/407 408/571/408 396/558/396
f 396/558/396 408/571/408 409/572/409 397/559/397
f 397/559/397 409/572/409 410/573/410 398/560/398
f 398/560/398 410/573/410 411/574/411 399/561/399
f 399/562/399 411/575/411 412/576/412 400/563/400
f 400/563/400 412/576/412 413/577/413 401/564/401
f 401/564/401 413/577/413 414/578/414 402/565/402
f 402/565/402 414/578/414 415/579/415 403/566/403
f 403/566/403 415/579/415 416/580/416 404/567/404
f 404/567/404 416/580/416 405/568/405 393/555/393
f 405/568/405 417/581/417 418/582/418 406/569/406
f 406/569/406 418/582/418 419/583/419 407/570/407
f 407/570/407 419/583/419 420/584/420 408/571/408
f 408/571/408 420/584/420 421/585/421 409/572/409
f 409/572/409 421/585/421 422/586/422 410/573/410
f 410/573/410 422/586/422 423/587/423 411/574/411
f 411/575/411 423/588/423 424/589/424 412/576/412
f 412/576/412 424/589/424 425/590/425 413/577/413
f 413/577/413 425/590/425 426/591/426 414/578/414
f 414/578/414 426/591/426 427/592/427 415/579/415
f 415/579/415 427/592/427 428/593/428 416/580/416
f 416/580/416 428/593/428 417/581/417 405/568/405
f 417/581/417 429/594/429 430/595/430 418/582/418
f 418/582/418 430/595/430 431/596/431 419/583/419
f 419/583/419 431/596/431 432/597/432 420/584/420
f 420/584/420 432/597/432 433/598/433 421/585/421
f 421/585/421 433/598/433 434/599/434 422/586/422
f 422/586/422 434/599/434 435/600/435 423/587/423
f 423/588/423 435/601/435 436/602/436 424/589/424
f 424/589/424 436/602/436 437/603/437 425/590/425
f 425/590/425 437/603/437 438/604/438 426/591/426
f 426/591/426 438/604/438 439/605/439 427/592/427
f 427/592/427 439/605/439 440/606/440 428/593/428
f 428/593/428 440/606/440 429/594/429 417/581/417
f 429/594/429 441/607/159 442/608/441 430/595/430
f 430/595/430 442/608/441 443/609/442 431/596/431
f 431/596/431 443/609/442 444/610/443 432/597/432
f 432/597/432 444/610/443 445/611/444 433/598/433
f 433/598/433 445/611/444 446/612/445 434/599/434
f 434/599/434 446/612/445 447/613/153 435/600/435
f 435/601/435 447/614/153 448/615/446 436/602/436
f 436/602/436 448/615/446 449/616/447 437/603/437
f 437/603/437 449/616/447 450/617/448 438/604/438
f 438/604/438 450/617/448 451/618/449 439/605/439
f 439/605/439 451/618/449 452/619/450 440/606/440
f 440/606/440 452/619/450 441/607/159 429/594/429
f 441/620/159 453/621/171 454/622/451 442/623/441
f 442/623/441 454/622/451 455/624/452 443/625/442
f 443/625/442 455/624/452 456/626/453 444/627/443
f 444/627/443 456/626/453 457/628/454 445/629/444
f 445/629/444 457/628/454 458/630/455 446/631/445
f 446/631/445 458/630/455 459/632/165 447/633/153
f 447/634/153 459/635/165 460/636/456 448/637/446
f 448/637/446 460/636/456 461/638/457 449/639/447
f 449/639/447 461/638/457 462/640/458 450/641/448
f 450/641/448 462/640/458 463/642/459 451/643/449
f 451/643/449 463/642/459 464/644/460 452/645/450
f 452/645/450 464/644/460 453/621/171 441/620/159
f 453/621/171 465/646/183 466/647/461 454/622/451
f 454/622/451 466/647/461 467/648/462 455/624/452
f 455/624/452 467/648/462 468/649/463 456/626/453
f 456/626/453 468/649/463 469/650/464 457/628/454
f 457/628/454 469/650/464 470/651/465 458/630/455
f 458/630/455 470/651/465 471/652/177 459/632/165
f 459/635/165 471/653/177 472/654/466 460/636/456
f 460/636/456 472/654/466 473/655/467 461/638/457
f 461/638/457 473/655/467 474/656/468 462/640/458
f 462/640/458 474/656/468 475/657/469 463/642/459
f 463/642/459 475/657/469 476/658/470 464/644/460
f 464/644/460 476/658/470 465/646/183 453/621/171
f 465/646/183 477/659/195 478/660/471 466/647/461
f 466/647/461 478/660/471 479/661/472 467/648/462
f 467/648/462 479/661/472 480/662/473 468/649/463
f 468/649/463 480/662/473 481/663/474 469/650/464
f 469/650/464 481/663/474 482/664/475 470/651/465
f 470/651/465 482/664/475 483/665/189 471/652/177
f 471/653/177 483/666/189 484/667/476 472/654/466
f 472/654/466 484/667/476 485/668/477 473/655/467
f 473/655/467 485/668/477 486/669/478 474/656/468
f 474/656/468 486/669/478 487/670/479 475/657/469
f 475/657/469 487/670/479 488/671/480 476/658/470
f 476/658/470 488/671/480 477/659/195 465/646/183
f 477/659/195 489/672/207 490/673/481 478/660/471
f 478/660/471 490/673/481 491/674/482 479/661/472
f 479/661/472 491/674/482 492/675/483 480/662/473
f 480/662/473 492/675/483 493/676/484 481/663/474
f 481/663/474 493/676/484 494/677/485 482/664/475
f 482/664/475 494/677/485 495/678/201 483/665/189
f 483/666/189 495/679/201 496/680/486 484/667/476
f 484/667/476 496/680/486 497/681/487 485/668/477
f 485/668/477 497/681/487 498/682/488 486/669/478
f 486/669/478 498/682/488 499/683/489 487/670/479
f 487/670/479 499/683/489 500/684/490 488/671/480
f 488/671/480 500/684/490 489/672/207 477/659/195
f 489/672/207 501/685/219 502/686/491 490/673/481
f 490/673/481 502/686/491 503/687/492 491/674/482
f 491/674/482 503/687/492 504/688/493 492/675/483
f 492/675/483 504/688/493 505/689/494 493/676/484
f 493/676/484 505/689/494 506/690/495 494/677/485
f 494/677/485 506/690/495 507/691/213 495/678/201
f 495/679/201 507/692/213 508/693/496 496/680/486
f 496/680/486 508/693/496 509/694/497 497/681/487
f 497/681/487 509/694/497 510/695/498 498/682/488
f 498/682/488 510/695/498 511/696/499 499/683/489
f 499/683/489 511/696/499 512/697/500 500/684/490
f 500/684/490 512/697/500 501/685/219 489/672/207
f 501/685/219 513/698/231 514/699/501 502/686/491
f 502/686/491 514/699/501 515/700/502 503/687/492
f 503/687/492 515/700/502 516/701/503 504/688/493
f 504/688/493 516/701/503 517/702/504 505/689/494
f 505/689/494 517/702/504 518/703/505 506/690/495
f 506/690/495 518/703/505 519/704/225 507/691/213
f 507/692/213 519/705/225 520/706/506 508/693/496
f 508/693/496 520/706/506 521/707/507 509/694/497
f 509/694/497 521/707/507 522/708/508 510/695/498
f 510/695/498 522/708/508 523/709/509 511/696/499
f 511/696/499 523/709/509 524/710/510 512/697/500
f 512/697/500 524/710/510 513/698/231 501/685/219
f 513/698/231 525/711/243 526/712/511 514/699/501
f 514/699/501 526/712/511 527/713/512 515/700/502
f 515/700/502 527/713/512 528/714/513 516/701/503
f 516/701/503 528/714/513 529/715/514 517/702/504
f 517/702/504 529/715/514 530/716/515 518/703/505
f 518/703/505 530/716/515 531/717/237 519/704/225
f 519/705/225 531/718/237 532/719/516 520/706/506
f 520/706/506 532/719/516 533/720/517 521/707/507
f 521/707/507 533/720/517 534/721/518 522/708/508
f 522/708/508 534/721/518 535/722/519 523/709/509
f 523/709/509 535/722/519 536/723/520 524/710/510
f 524/710/510 536/723/520 525/711/243 513/698/231
f 525/711/243 537/724/255 538/725/521 526/712/511
f 526/712/511 538/725/521 539/726/522 527/713/512
f 527/713/512 539/726/522 540/727/523 528/714/513
f 528/714/513 540/727/523 541/728/524 529/715/514
f 529/715/514 541/728/524 542/729/525 530/716/515
f 530/716/515 542/729/525 543/730/249 531/717/237
f 531/718/237 543/731/249 544/732/526 532/719/516
f 532/719/516 544/732/526 545/733/527 533/720/517
f 533/720/517 545/733/527 546/734/528 534/721/518
f 534/721/518 546/734/528 547/735/529 535/722/519
f 535/722/519 547/735/529 548/736/530 536/723/520
f 536/723/520 548/736/530 537/724/255 525/711/243
f 537/724/255 549/737/267 550/738/531 538/725/521
f 538/725/521 550/738/531 551/739/532 539/726/522
f 539/726/522 551/739/532 552/740/533 540/727/523
f 540/727/523 552/740/533 553/741/534 541/728/524
f 541/728/524 553/741/534 554/742/535 542/729/525
f 542/729/525 554/742/535 555/743/261 543/730/249
f 543/731/249 555/744/261 556/745/536 544/732/526
f 544/732/526 556/745/536 557/746/537 545/733/527
f 545/733/527 557/746/537 558/747/538 546/734/528
f 546/734/528 558/747/538 559/748/539 547/735/529
f 547/735/529 559/748/539 560/749/540 548/736/530
f 548/736/530 560/749/540 549/737/267 537/724/255
f 549/737/267 561/750/279 562/751/541 550/738/531
f 550/738/531 562/751/541 563/752/542 551/739/532
f 551/739/532 563/752/542 564/753/543 552/740/533
f 552/740/533 564/753/543 565/754/544 553/741/534
f 553/741/534 565/754/544 566/755/545 554/742/535
f 554/742/535 566/755/545 567/756/273 555/743/261
f 555/744/261 567/757/273 568/758/546 556/745/536
f 556/745/536 568/758/546 569/759/547 557/746/537
f 557/746/537 569/759/547 570/760/548 558/747/538
f 558/747/538 570/760/548 571/761/549 559/748/539
f 559/748/539 571/761/549 572/762/550 560/749/540
f 560/749/540 572/762/550 561/750/279 549/737/267
f 561/750/279 573/763/291 574/764/551 562/751/541
f 562/751/541 574/764/551 575/765/552 563/752/542
f 563/752/542 575/765/552 576/766/553 564/753/543
f 564/753/543 576/766/553 577/767/554 565/754/544
f 565/754/544 577/767/554 578/768/555 566/755/545
f 566/755/545 578/768/555 579/769/285 567/756/273
f 567/757/273 579/770/285 580/771/556 568/758/546
f 568/758/546 580/771/556 581/772/557 569/759/547
f 569/759/547 581/772/557 582/773/558 570/760/548
f 570/760/548 582/773/558 583/774/559 571/761/549
f 571/761/549 583/774/559 584/775/560 572/762/550
f 572/762/550 584/775/560 573/763/291 561/750/279
f 573/763/291 585/776/303 586/777/561 574/764/551
f 574/764/551 586/777/561 587/778/562 575/765/552
f 575/765/552 587/778/562 588/779/563 576/766/553
f 576/766/553 588/779/563 589/780/564 577/767/554
f 577/767/554 589/780/564 590/781/565 578/768/555
f 578/768/555 590/781/565 591/782/297 579/769/285
f 579/770/285 591/783/297 592/784/566 580/771/556
f 580/771/556 592/784/566 593/785/567 581/772/557
f 581/772/557 593/785/567 594/786/568 582/773/558
f 582/773/558 594/786/568 595/787/569 583/774/559
f 583/774/559 595/787/569 596/788/570 584/775/560
f 584/775/560 596/788/570 585/776/303 573/763/291
f 585/776/303 597/789/315 598/790/571 586/777/561
f 586/777/561 598/790/571 599/791/572 587/778/562
f 587/778/562 599/791/572 600/792/573 588/779/563
f 588/779/563 600/792/573 601/793/574 589/780/564
f 589/780/564 601/793/574 602/794/575 590/781/565
f 590/781/565 602/794/575 603/795/309 591/782/297
f 591/783/297 603/796/309 604/797/576 592/784/566
f 592/784/566 604/797/576 605/798/577 593/785/567
f 593/785/567 605/798/577 606/799/578 594/786/568
f 594/786/568 606/799/578 607/800/579 595/787/569
f 595/787/569 607/800/579 608/801/580 596/788/570
f 596/788/570 608/801/580 597/789/315 585/776/303
f 597/789/315 609/802/327 610/803/581 598/790/571
f 598/790/571 610/803/581 611/804/582 599/791/572
f 599/791/572 611/804/582 612/805/583 600/792/573
f 600/792/573 612/805/583 613/806/584 601/793/574
f 601/793/574 613/806/584 614/807/585 602/794/575
f 602/794/575 614/807/585 615/808/321 603/795/309
f 603/796/309 615/809/321 616/810/586 604/797/576
f 604/797/576 616/810/586 617/811/587 605/798/577
f 605/798/577 617/811/587 618/812/588 606/799/578
f 606/799/578 618/812/588 619/813/589 607/800/579
f 607/800/579 619/813/589 620/814/590 608/801/580
f 608/801/580 620/814/590 609/802/327 597/789/315
f 609/802/327 621/815/339 622/816/591 610/803/581
f 610/803/581 622/816/591 623/817/592 611/804/582
f 611/804/582 623/817/592 624/818/593 612/805/583
f 612/805/583 624/818/593 625/819/594 613/806/584
f 613/806/584 625/819/594 626/820/595 614/807/585
f 614/807/585 626/820/595 627/821/333 615/808/321
f 615/809/321 627/822/333 628/823/596 616/810/586
f 616/810/586 628/823/596 629/824/597 617/811/587
f 617/811/587 629/824/597 630/825/598 618/812/588
f 618/812/588 630/825/598 631/826/599 619/813/589
f 619/813/589 631/826/599 632/827/600 620/814/590
f 620/814/590 632/827/600 621/815/339 609/802/327
f 621/815/339 633/828/351 634/829/601 622/816/591
f 622/816/591 634/829/601 635/830/602 623/817/592
f 623/817/592 635/830/602 636/831/603 624/818/593
f 624/818/593 636/831/603 637/832/604 625/819/594
f 625/819/594 637/832/604 638/833/605 626/820/595
f 626/820/595 638/833/605 639/834/345 627/821/333
f 627/822/333 639/835/345 640/836/606 628/823/596
f 628/823/596 640/836/606 641/837/607 629/824/597
f 629/824/597 641/837/607 642/838/608 630/825/598
f 630/825/598 642/838/608 643/839/609 631/826/599
f 631/826/599 643/839/609 644/840/610 632/827/600
f 632/827/600 644/840/610 633/828/351 621/815/339
f 633/828/351 645/841/363 646/842/611 634/829/601
f 634/829/601 646/842/611 647/843/612 635/830/602
f 635/830/602 647/843/612 648/844/613 636/831/603
f 636/831/603 648/844/613 649/845/614 637/832/604
f 637/832/604 649/845/614 650/846/615 638/833/605
f 638/833/605 650/846/615 651/847/357 639/834/345
f 639/835/345 651/848/357 652/849/616 640/836/606
f 640/836/606 652/849/616 653/850/617 641/837/607
f 641/837/607 653/850/617 654/851/618 642/838/608
f 642/838/608 654/851/618 655/852/619 643/839/609
f 643/839/609 655/852/619 656/853/620 644/840/610
f 644/840/610 656/853/620 645/841/363 633/828/351
f 645/841/363 657/854/375 658/855/621 646/842/611
f 646/842/611 658/855/621 659/856/622 647/843/612
f 647/843/612 659/856/622 660/857/623 648/844/613
f 648/844/613 660/857/623 661/858/624 649/845/614
f 649/845/614 661/858/624 662/859/625 650/846/615
f 650/846/615 662/859/625 663/860/369 651/847/357
f 651/848/357 663/861/369 664/862/626 652/849/616
f 652/849/616 664/862/626 665/863/627 653/850/617
f 653/850/617 665/863/627 666/864/628 654/851/618
f 654/851/618 666/864/628 667/865/629 655/852/619
f 655/852/619 667/865/629 668/866/630 656/853/620
f 656/853/620 668/866/630 657/854/375 645/841/363
f 657/854/375 669/867/387 670/868/631 658/855/621
f 658/855/621 670/868/631 671/869/632 659/856/622
f 659/856/622 671/869/632 672/870/633 660/857/623
f 660/857/623 672/870/633 673/871/634 661/858/624
f 661/858/624 673/871/634 674/872/635 662/859/625
f 662/859/625 674/872/635 675/873/381 663/860/369
f 663/861/369 675/874/381 676/875/636 664/862/626
f 664/862/626 676/875/636 677/876/637 665/863/627
f 665/863/627 677/876/637 678/877/638 666/864/628
f 666/864/628 678/877/638 679/878/639 667/865/629
f 667/865/629 679/878/639 680/879/640 668/866/630
f 668/866/630 680/879/640 669/867/387 657/854/375
f 669/867/387 681/880/399 682/881/641 670/868/631
f 670/868/631 682/881/641 683/882/642 671/869/632
f 671/869/632 683/882/642 684/883/643 672/870/633
f 672/870/633 684/883/643 685/884/644 673/871/634
f 673/871/634 685/884/644 686/885/645 674/872/635
f 674/872/635 686/885/645 687/886/393 675/873/381
f 675/874/381 687/887/393 688/888/646 676/875/636
f 676/875/636 688/888/646 689/889/647 677/876/637
f 677/876/637 689/889/647 690/890/648 678/877/638
f 678/877/638 690/890/648 691/891/649 679/878/639
f 679/878/639 691/891/649 692/892/650 680/879/640
f 680/879/640 692/892/650 681/880/399 669/867/387
f 681/880/399 693/893/411 694/894/651 682/881/641
f 682/881/641 694/894/651 695/895/652 683/882/642
f 683/882/642 695/895/652 696/896/653 684/883/643
f 684/883/643 696/896/653 697/897/654 685/884/644
f 685/884/644 697/897/654 698/898/655 686/885/645
f 686/885/645 698/898/655 699/899/405 687/886/393
f 687/887/393 699/900/405 700/901/656 688/888/646
f 688/888/646 700/901/656 701/902/657 689/889/647
f 689/889/647 701/902/657 702/903/658 690/890/648
f 690/890/648 702/903/658 703/904/659 691/891/649
f 691/891/649 703/904/659 704/905/660 692/892/650
f 692/892/650 704/905/660 693/893/411 681/880/399
f 693/893/411 705/906/423 706/907/661 694/894/651
f 694/894/651 706/907/661 707/908/662 695/895/652
f 695/895/652 707/908/662 708/909/663 696/896/653
f 696/896/653 708/909/663 709/910/664 697/897/654
f 697/897/654 709/910/664 710/911/665 698/898/655
f 698/898/655 710/911/665 711/912/417 699/899/405
f 699/900/405 711/913/417 712/914/666 700/901/656
f 700/901/656 712/914/666 713/915/667 701/902/657
f 701/902/657 713/915/667 714/916/668 702/903/658
f 702/903/658 714/916/668 715/917/669 703/904/659
f 703/904/659 715/917/669 716/918/670 704/905/660
f 704/905/660 716/918/670 705/906/423 693/893/411
f 705/906/423 717/919/435 718/920/671 706/907/661
f 706/907/661 718/920/671 719/921/672 707/908/662
f 707/908/662 719/921/672 720/922/673 708/909/663
f 708/909/663 720/922/673 721/923/674 709/910/664
f 709/910/664 721/923/674 722/924/675 710/911/665
f 710/911/665 722/924/675 723/925/429 711/912/417
f 711/913/417 723/926/429 724/927/676 712/914/666
f 712/914/666 724/927/676 725/928/677 713/915/667
f 713/915/667 725/928/677 726/929/678 714/916/668
f 714/916/668 726/929/678 727/930/679 715/917/669
f 715/917/669 727/930/679 728/931/680 716/918/670
f 716/918/670 728/931/680 717/919/435 705/906/423
f 717/919/435 153/295/153 154/298/154 718/920/671
f 718/920/671 154/298/154 155/300/155 719/921/672
f 719/921/672 155/300/155 156/302/156 720/922/673
f 720/922/673 156/302/156 157/304/157 721/923/674
f 721/923/674 157/304/157 158/306/158 722/924/675
f 722/924/675 158/306/158 159/308/159 723/925/429
f 723/926/429 159/309/159 160/312/160 724/927/676
f 724/927/676 160/312/160 161/314/161 725/928/677
f 725/928/677 161/314/161 162/316/162 726/929/678
f 726/929/678 162/316/162 163/318/163 727/930/679
f 727/930/679 163/318/163 164/320/164 728/931/680
f 728/931/680 164/320/164 153/295/153 717/919/435
f 850/932/755 18/933/18 16/574/16 847/934/752
f 853/935/758 19/574/19 18/936/18 850/937/755
f 856/938/761 21/936/21 19/535/19 853/939/758
f 859/940/764 22/535/22 21/941/21 856/942/761
f 862/942/767 24/941/24 22/496/22 859/943/764
f 865/943/770 731/496/2 24/944/24 862/945/767
f 868/945/773 737/944/5 731/457/2 865/946/770
f 871/946/776 742/457/8 737/947/5 868/948/773
f 874/948/779 748/947/11 742/418/8 871/949/776
f 877/949/782 753/418/14 748/950/11 874/951/779
f 880/952/785 759/950/17 753/379/14 877/953/782
f 883/954/788 764/379/20 759/955/17 880/956/785
f 886/956/791 770/955/23 764/340/20 883/957/788
f 889/957/794 775/340/683 770/958/23 886/959/791
f 892/959/797 781/958/688 775/308/683 889/960/794
f 895/960/800 786/308/693 781/961/688 892/962/797
f 898/963/803 792/961/698 786/899/693 895/964/800
f 901/965/806 797/899/703 792/966/698 898/967/803
f 904/967/809 803/966/708 797/860/703 901/968/806
f 907/968/812 808/860/713 803/969/708 904/970/809
f 909/971/814 815/972/720 808/973/713 907/974/812
f 729/975/159 733/976/159 736/977/159 739/978/159 741/979/159 744/980/159 747/981/159 750/982/159 752/983/159 755/984/159 758/985/159 761/986/159 763/987/159 766/988/159 769/989/159 772/990/159 774/991/159 777/992/159 780/993/159 783/994/159 785/995/159 788/996/159 791/997/159 794/998/159 796/999/159 799/1000/159 802/1001/159 805/1002/159 807/1003/159 810/1004/159 812/1005/159 814/1006/159
f 847/1007/752 16/613/16 15/933/15 843/932/748
f 843/970/748 15/969/15 13/821/13 841/1008/746
f 841/1008/746 13/821/13 12/1009/12 837/1010/742
f 837/1010/742 12/1009/12 10/782/10 835/1011/740
f 835/1011/740 10/782/10 9/1012/9 831/1013/736
f 831/1013/736 9/1012/9 7/743/7 829/1014/734
f 829/1014/734 7/743/7 6/1015/6 825/1016/730
f 825/1016/730 6/1015/6 4/704/4 823/1017/728
f 844/1018/749 840/1019/745 838/1020/743 834/1021/739 832/1022/737 828/1023/733 826/1024/731 822/1025/727 820/1026/725 816/1027/721 910/1028/815 906/1029/811 903/1030/808 900/1031/805 897/1032/802 894/1033/799 891/1034/796 888/1035/793 885/1036/790 882/1037/787 879/1038/784 876/1039/781 873/1040/778 870/1041/775 867/1042/772 864/1043/769 861/1044/766 858/1045/763 855/1046/760 852/1047/757 849/1048/754 846/1049/751
f 823/1017/728 4/704/4 3/1050/3 819/1051/724
f 819/1051/724 3/1050/3 1/665/1 817/1052/722
f 13/1053/13 15/1054/15 16/1055/16 18/1056/18 19/1057/19 21/1058/21 22/1059/22 24/1060/24 731/1061/2 737/1062/5 742/1063/8 748/1064/11 753/1065/14 759/1066/17 764/1067/20 770/1068/23 775/1069/683 781/1070/688 786/1071/693 792/1072/698 797/1073/703 803/1074/708 808/1075/713 815/1076/720 1/1077/1 3/1078/3 4/1079/4 6/1080/6 7/1081/7 9/1082/9 10/1083/10 12/1084/12
f 817/1052/722 909/971/814 911/1085/816 818/1086/723
f 818/1087/723 911/1088/816 910/1028/815 816/1027/721
f 823/1017/728 819/1051/724 821/1089/726 824/1090/729
f 824/1091/729 821/1092/726 820/1026/725 822/1025/727
f 829/1014/734 825/1016/730 827/1093/732 830/1094/735
f 830/1095/735 827/1096/732 826/1024/731 828/1023/733
f 835/1011/740 831/1013/736 833/1097/738 836/1098/741
f 836/1099/741 833/1100/738 832/1022/737 834/1021/739
f 841/1008/746 837/1010/742 839/1101/744 842/1102/747
f 842/1103/747 839/1104/744 838/1020/743 840/1019/745
f 847/1007/752 843/932/748 845/1105/750 848/1106/753
f 848/1107/753 845/1108/750 844/1018/749 846/1049/751
f 909/971/814 907/974/812 908/1109/813 911/1110/816
f 911/1111/816 908/1112/813 906/1029/811 910/1028/815
f 819/1051/724 817/1052/722 818/1113/723 821/1114/726
f 821/1115/726 818/1116/723 816/1027/721 820/1026/725
f 825/1016/730 823/1017/728 824/1117/729 827/1118/732
f 827/1119/732 824/1120/729 822/1025/727 826/1024/731
f 831/1013/736 829/1014/734 830/1121/735 833/1122/738
f 833/1123/738 830/1124/735 828/1023/733 832/1022/737
f 837/1010/742 835/1011/740 836/1125/741 839/1126/744
f 839/1127/744 836/1128/741 834/1021/739 838/1020/743
f 843/970/748 841/1008/746 842/1129/747 845/1130/750
f 845/1131/750 842/1132/747 840/1019/745 844/1018/749
f 850/932/755 847/934/752 848/1133/753 851/1134/756
f 851/1135/756 848/1136/753 846/1049/751 849/1048/754
f 853/935/758 850/937/755 851/1137/756 854/1138/759
f 854/1139/759 851/1140/756 849/1048/754 852/1047/757
f 856/938/761 853/939/758 854/1141/759 857/1142/762
f 857/1143/762 854/1144/759 852/1047/757 855/1046/760
f 859/940/764 856/942/761 857/1145/762 860/1146/765
f 860/1147/765 857/1148/762 855/1046/760 858/1045/763
f 862/942/767 859/943/764 860/1149/765 863/1150/768
f 863/1151/768 860/1152/765 858/1045/763 861/1044/766
f 865/943/770 862/945/767 863/1153/768 866/1154/771
f 866/1155/771 863/1156/768 861/1044/766 864/1043/769
f 868/945/773 865/946/770 866/1157/771 869/1158/774
f 869/1159/774 866/1160/771 864/1043/769 867/1042/772
f 871/946/776 868/948/773 869/1161/774 872/1162/777
f 872/1163/777 869/1164/774 867/1042/772 870/1041/775
f 874/948/779 871/949/776 872/1165/777 875/1166/780
f 875/1167/780 872/1168/777 870/1041/775 873/1040/778
f 877/949/782 874/951/779 875/1169/780 878/1170/783
f 878/1171/783 875/1172/780 873/1040/778 876/1039/781
f 880/952/785 877/953/782 878/1173/783 881/1174/786
f 881/1175/786 878/1176/783 876/1039/781 879/1038/784
f 883/954/788 880/956/785 881/1177/786 884/1178/789
f 884/1179/789 881/1180/786 879/1038/784 882/1037/787
f 886/956/791 883/957/788 884/1181/789 887/1182/792
f 887/1183/792 884/1184/789 882/1037/787 885/1036/790
f 889/957/794 886/959/791 887/1185/792 890/1186/795
f 890/1187/795 887/1188/792 885/1036/790 888/1035/793
f 892/959/797 889/960/794 890/1189/795 893/1190/798
f 893/1191/798 890/1192/795 888/1035/793 891/1034/796
f 895/960/800 892/962/797 893/1193/798 896/1194/801
f 896/1195/801 893/1196/798 891/1034/796 894/1033/799
f 898/963/803 895/964/800 896/1197/801 899/1198/804
f 899/1199/804 896/1200/801 894/1033/799 897/1032/802
f 901/965/806 898/967/803 899/1201/804 902/1202/807
f 902/1203/807 899/1204/804 897/1032/802 900/1031/805
f 904/967/809 901/968/806 902/1205/807 905/1206/810
f 905/1207/810 902/1208/807 900/1031/805 903/1030/808
f 907/968/812 904/970/809 905/1209/810 908/1210/813
f 908/1211/813 905/1212/810 903/1030/808 906/1029/811
f 817/1052/722 1/665/1 815/972/720 909/971/814
f 1023/1213/814 928/972/720 800/973/713 972/1214/812
f 972/1215/812 800/613/713 789/933/708 968/1216/809
f 968/1216/809 789/933/708 778/574/703 966/1217/806
f 966/1217/806 778/574/703 767/936/698 963/1218/803
f 963/1218/803 767/936/698 756/535/693 960/1219/800
f 960/1219/800 756/535/693 745/941/688 957/1220/797
f 957/1220/797 745/941/688 734/496/683 954/1221/794
f 954/1222/794 734/496/683 23/944/23 951/1223/791
f 951/1223/791 23/944/23 20/457/20 948/1224/788
f 948/1224/788 20/457/20 17/947/17 944/1225/785
f 944/1225/785 17/947/17 14/418/14 942/1226/782
f 942/1226/782 14/418/14 11/950/11 938/1227/779
f 938/1228/779 11/950/11 8/379/8 936/1229/776
f 930/1230/770 2/340/2 912/958/24 975/1231/767
f 936/1229/776 8/379/8 5/955/5 933/1232/773
f 978/1233/764 913/308/22 914/961/21 981/1234/761
f 981/1234/761 914/961/21 915/899/19 984/1235/758
f 984/1235/758 915/899/19 916/966/18 987/1236/755
f 987/1237/755 916/966/18 917/860/16 990/1238/752
f 990/1238/752 917/860/16 918/969/15 993/1239/748
f 993/1239/748 918/969/15 919/821/13 996/1240/746
f 996/1240/746 919/821/13 920/1009/12 999/1241/742
f 999/1241/742 920/1009/12 921/782/10 1002/1242/740
f 1002/1242/740 921/782/10 922/1012/9 1005/1243/736
f 1005/1243/736 922/1012/9 923/743/7 1008/1244/734
f 1008/1244/734 923/743/7 924/1015/6 1011/1245/730
f 1011/1245/730 924/1015/6 925/704/4 1014/1246/728
f 1014/1246/728 925/704/4 926/1050/3 1017/1247/724
f 1017/1247/724 926/1050/3 927/665/1 1020/1248/722
f 1020/1248/722 927/665/1 928/972/720 1023/1213/814
f 789/1074/708 800/1075/713 928/1076/720 927/1077/1 926/1078/3 925/1079/4 924/1080/6 923/1081/7 922/1082/9 921/1083/10 920/1084/12 919/1053/13 918/1054/15 917/1055/16 916/1056/18 915/1057/19 914/1058/21 913/1059/22 912/1060/24 2/1061/2 5/1062/5 8/1063/8 11/1064/11 14/1065/14 17/1066/17 20/1067/20 23/1068/23 734/1069/683 745/1070/688 756/1071/693 767/1072/698 778/1073/703
f 975/1231/767 912/958/24 913/308/22 978/1233/764
f 933/1232/773 5/955/5 2/340/2 930/1230/770
f 942/1226/782 938/1227/779 940/1249/780 943/1250/783
f 943/1251/783 940/1252/780 939/1253/778 941/1254/781
f 948/1224/788 944/1225/785 946/1255/786 949/1256/789
f 949/1257/789 946/1258/786 945/1259/784 947/1260/787
f 972/1215/812 968/1216/809 970/1261/810 973/1262/813
f 973/1263/813 970/1264/810 969/1265/808 971/1266/811
f 938/1228/779 936/1229/776 937/1267/777 940/1268/780
f 940/1269/780 937/1270/777 935/1271/775 939/1253/778
f 944/1225/785 942/1226/782 943/1272/783 946/1273/786
f 946/1274/786 943/1275/783 941/1254/781 945/1259/784
f 951/1223/791 948/1224/788 949/1276/789 952/1277/792
f 952/1278/792 949/1279/789 947/1260/787 950/1280/790
f 954/1222/794 951/1223/791 952/1281/792 955/1282/795
f 955/1283/795 952/1284/792 950/1280/790 953/1285/793
f 957/1220/797 954/1221/794 955/1286/795 958/1287/798
f 958/1288/798 955/1289/795 953/1285/793 956/1290/796
f 960/1219/800 957/1220/797 958/1291/798 961/1292/801
f 961/1293/801 958/1294/798 956/1290/796 959/1295/799
f 963/1218/803 960/1219/800 961/1296/801 964/1297/804
f 964/1298/804 961/1299/801 959/1295/799 962/1300/802
f 966/1217/806 963/1218/803 964/1301/804 967/1302/807
f 967/1303/807 964/1304/804 962/1300/802 965/1305/805
f 968/1216/809 966/1217/806 967/1306/807 970/1307/810
f 970/1308/810 967/1309/807 965/1305/805 969/1265/808
f 936/1229/776 933/1232/773 934/1310/774 937/1311/777
f 937/1312/777 934/1313/774 932/1314/772 935/1271/775
f 933/1232/773 930/1230/770 931/1315/771 934/1316/774
f 934/1317/774 931/1318/771 929/1319/769 932/1314/772
f 930/1230/770 975/1231/767 976/1320/768 931/1321/771
f 931/1322/771 976/1323/768 974/1324/766 929/1319/769
f 975/1231/767 978/1233/764 979/1325/765 976/1326/768
f 976/1327/768 979/1328/765 977/1329/763 974/1324/766
f 978/1233/764 981/1234/761 982/1330/762 979/1331/765
f 979/1332/765 982/1333/762 980/1334/760 977/1329/763
f 981/1234/761 984/1235/758 985/1335/759 982/1336/762
f 982/1337/762 985/1338/759 983/1339/757 980/1334/760
f 984/1235/758 987/1236/755 988/1340/756 985/1341/759
f 985/1342/759 988/1343/756 986/1344/754 983/1339/757
f 987/1237/755 990/1238/752 991/1345/753 988/1346/756
f 988/1347/756 991/1348/753 989/1349/751 986/1344/754
f 990/1238/752 993/1239/748 994/1350/750 991/1351/753
f 991/1352/753 994/1353/750 992/1354/749 989/1349/751
f 993/1239/748 996/1240/746 997/1355/747 994/1356/750
f 994/1357/750 997/1358/747 995/1359/745 992/1354/749
f 996/1240/746 999/1241/742 1000/1360/744 997/1361/747
f 997/1362/747 1000/1363/744 998/1364/743 995/1359/745
f 999/1241/742 1002/1242/740 1003/1365/741 1000/1366/744
f 1000/1367/744 1003/1368/741 1001/1369/739 998/1364/743
f 1002/1242/740 1005/1243/736 1006/1370/738 1003/1371/741
f 1003/1372/741 1006/1373/738 1004/1374/737 1001/1369/739
f 1005/1243/736 1008/1244/734 1009/1375/735 1006/1376/738
f 1006/1377/738 1009/1378/735 1007/1379/733 1004/1374/737
f 1008/1244/734 1011/1245/730 1012/1380/732 1009/1381/735
f 1009/1382/735 1012/1383/732 1010/1384/731 1007/1379/733
f 1011/1245/730 1014/1246/728 1015/1385/729 1012/1386/732
f 1012/1387/732 1015/1388/729 1013/1389/727 1010/1384/731
f 1014/1246/728 1017/1247/724 1018/1390/726 1015/1391/729
f 1015/1392/729 1018/1393/726 1016/1394/725 1013/1389/727
f 1017/1247/724 1020/1248/722 1021/1395/723 1018/1396/726
f 1018/1397/726 1021/1398/723 1019/1399/721 1016/1394/725
f 1020/1248/722 1023/1213/814 1024/1400/816 1021/1401/723
f 1021/1402/723 1024/1403/816 1022/1404/815 1019/1399/721
f 1023/1213/814 972/1214/812 973/1405/813 1024/1406/816
f 1024/1407/816 973/1408/813 971/1266/811 1022/1404/815
f 971/1266/811 969/1265/808 965/1305/805 962/1300/802 959/1295/799 956/1290/796 953/1285/793 950/1280/790 947/1260/787 945/1259/784 941/1254/781 939/1253/778 935/1271/775 932/1314/772 929/1319/769 974/1324/766 977/1329/763 980/1334/760 983/1339/757 986/1344/754 989/1349/751 992/1354/749 995/1359/745 998/1364/743 1001/1369/739 1004/1374/737 1007/1379/733 1010/1384/731 1013/1389/727 1016/1394/725 1019/1399/721 1022/1404/815
